1.0000000e+00 1.0970640e+00 -2.0733350e+00 1.2699337e+00 9.8437490e-01 1.5684663e+00 3.2835147e+00 2.6528740e+00 2.5324752e+00 2.2175150e+00 2.2557469e+00 2.4897339e+00 -5.6526506e-01 2.8330309e+00 2.4875776e+00 -2.1400165e-01 1.3168616e+00 7.2402616e-01 6.6081994e-01 1.1487567e+00 9.0708308e-01 1.8866896e+00 -1.3592935e+00 2.3036006e+00 2.0012375e+00 1.3076863e+00 2.6166650e+00 2.1095263e+00 2.2960761e+00 2.7506222e+00 1.9370146e+00
1.0000000e+00 1.8298206e+00 -3.5363241e-01 1.6859547e+00 1.9087083e+00 -8.2696245e-01 -4.8707167e-01 -2.3845855e-02 5.4814416e-01 1.3923633e-03 -8.6865246e-01 4.9925460e-01 -8.7624360e-01 2.6332697e-01 7.4240195e-01 -6.0535085e-01 -6.9292627e-01 -4.4078006e-01 2.6016207e-01 -8.0545038e-01 -9.9443740e-02 1.8059274e+00 -3.6920322e-01 1.5351260e+00 1.8904890e+00 -3.7561196e-01 -4.3044422e-01 -1.4674897e-01 1.0870843e+00 -2.4388967e-01 2.8118999e-01
1.0000000e+00 1.5798881e+00 4.5618695e-01 1.5665031e+00 1.5588836e+00 9.4221044e-01 1.0529255e+00 1.3634785e+00 2.0372308e+00 9.3968482e-01 -3.9800791e-01 1.2286759e+00 -7.8008338e-01 8.5092830e-01 1.1813361e+00 -2.9700501e-01 8.1497350e-01 2.1307643e-01 1.4248275e+00 2.3703554e-01 2.9355940e-01 1.5118702e+00 -2.3974384e-02 1.3474752e+00 1.4562845e+00 5.2740741e-01 1.0829322e+00 8.5497394e-01 1.9550003e+00 1.1522550e+00 2.0139121e-01
1.0000000e+00 -7.6890929e-01 2.5373211e-01 -5.9268717e-01 -7.6446379e-01 3.2835535e+00 3.4029090e+00 1.9158972e+00 1.4517074e+00 2.8673829e+00 4.9109193e+00 3.2637344e-01 -1.1040904e-01 2.8659340e-01 -2.8837815e-01 6.8970166e-01 2.7442804e+00 8.1951838e-01 1.1150070e+00 4.7326804e+00 2.0475109e+00 -2.8146446e-01 1.3398409e-01 -2.4993930e-01 -5.5002123e-01 3.3942747e+00 3.8933974e+00 1.9895883e+00 2.1757860e+00 6.0460413e+00 4.9350103e+00
1.0000000e+00 1.7502966e+00 -1.1518164e+00 1.7765732e+00 1.8262293e+00 2.8037183e-01 5.3934045e-01 1.3710114e+00 1.4284928e+00 -9.5604669e-03 -5.6244998e-01 1.2705428e+00 -7.9024370e-01 1.2731894e+00 1.1903568e+00 1.4830672e+00 -4.8519880e-02 8.2847078e-01 1.1442047e+00 -3.6109227e-01 4.9932813e-01 1.2985752e+00 -1.4667704e+00 1.3385395e+00 1.2207242e+00 2.2055617e-01 -3.1339451e-01 6.1317876e-01 7.2925926e-01 -8.6835298e-01 -3.9709962e-01
1.0000000e+00 -4.7637467e-01 -8.3533530e-01 -3.8714807e-01 -5.0565045e-01 2.2374215e+00 1.2443355e+00 8.6630160e-01 8.2465565e-01 1.0054018e+00 1.8900050e+00 -2.5507029e-01 -5.9266165e-01 -3.2130419e-01 -2.8925822e-01 1.5634670e-01 4.4554365e-01 1.6002520e-01 -6.9123554e-02 1.3411881e-01 4.8684584e-01 -1.6549825e-01 -3.1383633e-01 -1.1500946e-01 -2.4432021e-01 2.0485128e+00 1.7216164e+00 1.2632432e+00 9.0588779e-01 1.7540694e+00 2.2418016e+00
1.0000000e+00 1.1709077e+00 1.6064943e-01 1.1381250e+00 1.0952949e+00 -1.2313623e-01 8.8295242e-02 3.0007240e-01 6.4693511e-01 -6.4324618e-02 -7.6233215e-01 1.4988307e-01 -8.0493989e-01 1.5541029e-01 2.9862746e-01 -9.0902983e-01 -6.5156801e-01 -3.1014139e-01 -2.2808903e-01 -8.2966608e-01 -6.1121781e-01 1.3689833e+00 3.2288289e-01 1.3683253e+00 1.2752195e+00 5.1864023e-01 2.1214980e-02 5.0955225e-01 1.1967158e+00 2.6247566e-01 -1.4730479e-02
1.0000000e+00 -1.1851678e-01 3.5845013e-01 -7.2866840e-02 -2.1896491e-01 1.6040491e+00 1.1401023e+00 6.1025749e-02 2.8195026e-01 1.4033546e+00 1.6603532e+00 6.4362300e-01 2.9056096e-01 4.9005099e-01 2.3372242e-01 5.8803087e-01 2.6893270e-01 -2.3255395e-01 4.3534851e-01 -6.8800423e-01 6.1166878e-01 1.6376298e-01 4.0104791e-01 9.9448580e-02 2.8859427e-02 1.4479611e+00 7.2478551e-01 -2.1053852e-02 6.2419573e-01 4.7764049e-01 1.7264345e+00
1.0000000e+00 -3.2016686e-01 5.8882978e-01 -1.8408038e-01 -3.8420727e-01 2.2018388e+00 1.6840098e+00 1.2190963e+00 1.1506916e+00 1.9655999e+00 1.5724617e+00 -3.5685002e-01 -3.8981800e-01 -2.2774340e-01 -3.5240312e-01 -4.3667734e-01 5.3329023e-01 1.2056834e-01 7.5243049e-02 1.0748154e-01 -1.7363199e-02 -1.6135660e-01 8.2281333e-01 -3.1609109e-02 -2.4836341e-01 1.6627570e+00 1.8183097e+00 1.2800345e+00 1.3916162e+00 2.3898572e+00 1.2886495e+00
1.0000000e+00 -4.7353452e-01 1.1054387e+00 -3.2948179e-01 -5.0906338e-01 1.5826994e+00 2.5633585e+00 1.7388721e+00 9.4176033e-01 7.9729802e-01 2.7830956e+00 -3.8825014e-01 6.9334530e-01 -4.0941963e-01 -3.6076377e-01 3.6008490e-02 2.6095866e+00 1.5098476e+00 4.0939496e-01 -3.2113637e-01 2.3773460e+00 -2.4418961e-01 2.4431091e+00 -2.8627803e-01 -2.9740917e-01 2.3202954e+00 5.1128773e+00 3.9954328e+00 1.6200152e+00 2.3704438e+00 6.8468560e+00
1.0000000e+00 5.3755602e-01 9.1927331e-01 4.4201066e-01 4.0645325e-01 -1.0176858e+00 -7.1354185e-01 -7.0068435e-01 -4.0468555e-01 -1.0354756e+00 -8.2612434e-01 -9.2655843e-02 -5.4164383e-02 -1.9804156e-01 3.8045557e-03 -1.0040337e+00 -9.0592130e-01 -6.9244186e-01 -6.8211388e-01 -7.1948464e-01 -2.8478690e-01 6.0484876e-01 1.3357713e+00 4.9262165e-01 4.7361134e-01 -6.2547654e-01 -6.3082823e-01 -6.0587197e-01 -2.2620973e-01 7.6430893e-02 3.1818808e-02
1.0000000e+00 4.6939261e-01 -3.2570760e-01 4.7908184e-01 3.5867233e-01 5.2642416e-02 4.7111513e-01 1.3484898e-01 4.4213089e-01 1.1092067e-01 -2.8034677e-01 3.6318738e-01 -4.2084328e-01 3.4550205e-01 3.0412789e-01 -4.2334347e-01 8.4571275e-01 -1.3208817e-01 1.6608046e-01 -5.5974443e-02 1.3204608e-01 8.5956028e-01 2.6100225e-01 8.7090180e-01 7.3554034e-01 3.1699513e-01 1.9506267e+00 5.9638743e-01 1.0109513e+00 1.4418377e+00 1.1556516e+00
1.0000000e+00 1.4322007e+00 1.2822958e+00 1.6653596e+00 1.3313554e+00 7.3992048e-02 2.6808576e+00 1.4777287e+00 1.6219476e+00 2.1371943e+00 2.1550970e+00 1.9862491e+00 4.2657884e+00 4.0612018e+00 1.6691140e+00 -1.3007124e+00 3.2131936e+00 1.8901587e+00 4.7209279e+00 2.9419293e+00 3.4213198e+00 9.7138484e-01 6.9416674e-01 1.3236465e+00 7.9355146e-01 -1.2567134e+00 8.6537238e-01 4.3998816e-01 9.4547694e-01 4.4528487e-01 1.0171120e+00
1.0000000e+00 4.8927360e-01 1.0844951e+00 4.8320086e-01 3.6350730e-01 -8.7891322e-01 -7.8477776e-02 1.3284018e-01 1.2176963e-01 1.2917538e-01 -1.3350442e+00 -6.7566441e-03 -2.5192787e-01 1.8286814e-02 -8.2662163e-02 9.0937723e-01 3.2314556e-01 6.1726054e-01 1.3177691e+00 1.1221194e+00 -2.9991695e-01 1.1820482e-01 3.2288289e-01 1.4114875e-01 -7.1777831e-03 -8.4465599e-01 -3.9354812e-01 -1.9184569e-01 -4.1206571e-02 -1.4844061e-01 -1.1679336e+00
1.0000000e+00 -1.1283649e-01 7.7266808e-01 6.7179841e-02 -2.1782727e-01 1.1912895e+00 2.3681582e+00 1.5568250e+00 8.0814750e-01 9.3968482e-01 1.9878197e+00 -6.9683760e-01 -8.6822573e-02 -3.9852896e-01 -4.6483186e-01 -2.0400124e-01 1.8936416e+00 7.6646715e-01 7.2732590e-01 -1.1288134e-01 1.6257606e+00 -2.5661456e-01 1.0312534e+00 4.5834071e-02 -3.2149258e-01 1.4348104e+00 3.2966984e+00 2.0250899e+00 1.6169699e+00 1.1247527e+00 3.2780774e+00
1.0000000e+00 1.1721500e-01 1.9199122e+00 1.9610517e-01 1.1122990e-02 1.2482218e+00 1.0453450e+00 9.4288692e-01 6.3764927e-01 1.7940056e+00 1.1301693e+00 -1.2694334e-01 -3.3357334e-01 6.4060789e-03 -1.7132905e-01 -4.7801235e-01 9.4575503e-01 5.1447377e-01 -1.4536210e-01 -2.3880298e-01 6.3209436e-01 2.4659599e-01 1.8650136e+00 5.0155740e-01 1.1007499e-01 1.5531673e+00 2.5664100e+00 2.0649094e+00 8.6173065e-01 2.1310123e+00 2.7793350e+00
1.0000000e+00 1.5697699e-01 1.9555543e-01 1.1413667e-01 8.4216428e-02 1.6437216e-01 -6.1290950e-01 -1.8643273e-01 9.4685947e-02 -8.2372084e-01 -5.0716342e-01 2.4372253e-01 4.1995843e-02 1.6283575e-01 1.1139292e-01 -4.4101085e-01 -7.7452500e-01 -3.9502337e-01 -1.1454226e-01 -7.8002389e-01 -6.4677343e-01 5.7999886e-01 8.4723990e-01 4.8070731e-01 4.5251639e-01 6.1507919e-01 -4.2726352e-01 9.2167703e-02 7.0489670e-01 2.0747112e-01 -9.8962521e-02
1.0000000e+00 5.6879758e-01 3.2354413e-01 6.6443774e-01 4.0929736e-01 1.4688347e+00 1.8545731e+00 1.0470932e+00 1.3898018e+00 1.2865244e+00 1.5256808e+00 5.9201130e-01 -2.6099959e-01 4.8906092e-01 3.0456793e-01 -4.9931726e-03 -2.6164064e-02 -4.5479315e-04 1.9041191e-01 -4.4221487e-01 1.3128958e-01 9.7138484e-01 9.4494618e-01 8.7983755e-01 7.6366694e-01 2.0397457e+00 1.0752985e+00 9.8930460e-01 1.4114108e+00 1.3027086e+00 1.6765603e+00
1.0000000e+00 1.6139698e+00 6.6562299e-01 1.5665031e+00 1.7209975e+00 1.3875260e-01 -3.1099078e-02 7.4200738e-01 1.1880929e+00 -8.3832462e-01 -1.2542408e+00 1.2741520e+00 -3.6260285e-01 1.4845675e+00 1.5855075e+00 -1.8233370e-01 -3.6597246e-01 6.6853963e-02 5.5376156e-01 -8.4540629e-01 -6.8005955e-01 2.2884297e+00 8.4723990e-01 2.3691295e+00 2.6674864e+00 8.2549147e-01 3.8635918e-01 1.2713990e+00 1.8910486e+00 -2.1476962e-01 -4.3201158e-01
2.0000000e+00 -1.6679919e-01 -1.1471623e+00 -1.8572799e-01 -2.5195650e-01 1.0174657e-01 -4.3685025e-01 -2.7820957e-01 -2.8609289e-02 2.6791123e-01 -7.2830966e-01 -4.8822526e-01 -7.7699899e-01 -4.0001405e-01 -3.6912442e-01 4.7369290e-01 -6.0797417e-01 -2.6604255e-01 2.1960965e-01 -8.9876424e-02 -5.6544939e-01 -2.4004796e-01 -1.0450050e+00 -2.2521706e-01 -2.9776075e-01 5.0987305e-01 -4.8960521e-01 -1.5922253e-01 2.1612292e-01 1.2334653e-01 -6.2929189e-01
2.0000000e+00 -2.9744572e-01 -8.3300824e-01 -2.6110605e-01 -3.8363845e-01 7.9276301e-01 4.2942187e-01 -5.4136176e-01 -4.5962673e-01 5.6728859e-01 7.5308658e-01 -7.9392535e-01 -8.5120566e-01 -7.3415971e-01 -5.6471962e-01 -9.8136609e-01 -3.6317799e-01 -4.9449443e-01 -8.6070672e-01 -4.5553350e-01 -5.1816798e-01 -3.6636830e-01 -8.4470709e-01 -3.3274394e-01 -4.3962431e-01 -5.1226361e-02 1.4844292e-01 -3.9909871e-01 -6.3610973e-01 4.5822712e-01 -1.1724974e-01
2.0000000e+00 -1.3130805e+00 -1.5939592e+00 -1.3028062e+00 -1.0835721e+00 4.2981926e-01 -7.4708597e-01 -7.4374790e-01 -7.2633651e-01 1.2345193e-02 8.8634137e-01 -4.6151711e-01 -4.3553947e-01 -4.7377361e-01 -5.4205786e-01 8.5504170e-01 -6.2362324e-01 -3.9933378e-01 3.9155190e-01 -3.2969528e-02 -3.1277750e-01 -1.2506107e+00 -1.6312426e+00 -1.2549135e+00 -9.9442156e-01 1.3767089e-03 -8.8719254e-01 -8.8043424e-01 -7.9690260e-01 -7.2922385e-01 -3.4445459e-01
1.0000000e+00 3.4442636e-01 -1.1704330e+00 4.3377262e-01 1.4081407e-01 7.7852992e-01 2.0687248e+00 1.4927947e+00 1.2546413e+00 2.5899112e+00 1.0663771e+00 1.2137031e-01 -9.2033216e-01 2.5639654e-01 1.0061208e-01 -8.3996376e-02 1.5538332e+00 1.0798010e+00 1.7395142e+00 1.9587719e+00 2.2660892e-01 3.7291633e-01 -1.0743168e+00 5.3134324e-01 1.7634830e-01 2.9069359e-01 2.1700949e+00 1.7190079e+00 1.8986619e+00 2.8573958e+00 8.5973112e-01
1.0000000e+00 1.9973890e+00 8.7273197e-01 1.8630726e+00 2.1305483e+00 -1.4804413e-01 -4.0574818e-02 2.6240749e-01 9.6471697e-01 -1.5559820e-01 -1.4201004e+00 1.0341395e+00 -1.6302502e-01 7.1132967e-01 1.1804560e+00 -7.7102423e-01 -7.2031214e-01 -4.8885774e-01 -2.2971112e-01 -1.1759506e+00 -6.8384206e-01 2.6715324e+00 1.6142342e+00 2.4048725e+00 3.0489535e+00 3.3891307e-01 3.6482333e-02 2.0778802e-01 1.3139606e+00 -1.2740946e-01 -4.8133166e-01
1.0000000e+00 7.1648496e-01 4.8643882e-01 7.4269913e-01 7.1020341e-01 1.1201240e+00 7.8381454e-01 7.9976025e-01 1.1034886e+00 6.6951501e-01 7.1219033e-02 1.4495596e+00 -5.7179670e-01 1.2816049e+00 1.3698907e+00 -3.3100639e-01 -3.7212031e-01 -1.4866669e-01 -8.0478230e-02 -7.0979836e-01 -3.7594547e-01 2.1103388e+00 9.5797368e-01 2.0772283e+00 2.3457884e+00 2.1098831e+00 6.5862698e-01 9.4660664e-01 1.4449093e+00 1.1522550e+00 6.4804270e-01
1.0000000e+00 8.5565191e-01 -6.7244060e-01 9.8984033e-01 7.3324064e-01 1.5826994e+00 2.3359407e+00 1.6836302e+00 2.3519173e+00 4.4847509e+00 1.6064842e+00 2.3128826e+00 -4.3699095e-01 2.1830557e+00 1.5635058e+00 3.2935372e-01 6.9928216e-01 1.7991941e-01 1.9747182e+00 3.0726107e-01 1.3802755e+00 1.2385213e+00 -6.9651924e-01 1.3444966e+00 1.0203222e+00 9.7014991e-01 8.9463481e-01 5.4265516e-01 2.1377195e+00 1.8851096e+00 1.2166090e+00
1.0000000e+00 1.2857557e-01 5.2134483e-01 2.2411450e-01 -2.8694446e-02 6.4331558e-01 1.5627203e+00 6.7421054e-01 1.0036659e+00 1.6078075e+00 9.1327584e-01 -5.4380710e-01 -4.2392767e-01 -3.7427246e-01 -4.2434871e-01 -8.6302796e-01 2.8346398e-01 -1.6856090e-01 2.7962723e-01 -7.2674935e-01 -3.1736750e-02 2.7972919e-01 1.2266659e+00 4.5092147e-01 2.8683636e-02 8.8247813e-01 2.6083952e+00 1.3515176e+00 2.3676411e+00 2.2054302e+00 2.4135906e+00
1.0000000e+00 1.2731528e+00 2.2348024e-01 1.2411005e+00 1.2488764e+00 -1.3950428e-01 4.2811692e-02 7.5581785e-01 7.3231319e-01 -4.1846613e-01 -8.2328913e-01 1.6159442e+00 1.1469313e+00 1.3692254e+00 1.1705552e+00 1.2363905e+00 9.7351818e-02 6.2720765e-01 1.1863793e+00 2.8909929e-01 1.5965843e-01 1.0438637e+00 2.5774538e-01 9.7217365e-01 9.1836326e-01 6.2746957e-02 -2.7077315e-01 3.4739595e-01 5.2370019e-01 -9.0556194e-01 -5.3951827e-01
1.0000000e+00 3.3306579e-01 1.3916679e+00 4.2965360e-01 2.2044894e-01 8.4257882e-01 1.2386500e+00 9.9812879e-01 9.9541181e-01 4.1759991e-01 3.6891588e-01 1.2209215e-01 -3.7167457e-01 3.1283003e-01 6.9589668e-02 -6.0268407e-01 2.8458178e-01 1.2819446e-01 -1.5671677e-01 -3.4656285e-01 -3.1315575e-01 8.2849790e-01 1.7966192e+00 1.2521605e+00 6.8280296e-01 1.3909745e+00 2.2693327e+00 1.7334005e+00 1.3368005e+00 1.8220162e+00 8.2094005e-01
1.0000000e+00 9.7777802e-01 -9.8659467e-01 9.4865013e-01 8.5383059e-01 1.5013907e-01 2.1527015e-01 1.2493055e-01 7.8957583e-01 -2.6512650e-01 -1.8536730e-01 7.0425773e-01 -7.1549273e-01 8.8558044e-01 4.5681976e-01 -4.7134541e-01 2.7116829e-01 7.2159087e-02 2.8287142e-01 -1.5646960e-01 -2.0010958e-02 7.7465644e-01 -1.0026656e+00 8.2324445e-01 6.0897062e-01 -3.0109094e-01 1.7134395e-01 -1.1172705e-01 4.7192976e-01 -2.3418298e-01 -2.6354750e-01
1.0000000e+00 1.2788331e+00 1.3544349e+00 1.3523141e+00 1.2318118e+00 7.1448103e-01 1.5987282e+00 1.7966250e+00 1.9469518e+00 1.3558924e+00 -1.1732231e-01 1.5358197e+00 4.5203756e-01 1.3405136e+00 1.4226948e+00 -2.6433702e-01 4.6175162e-01 6.6533823e-01 -3.5059524e-02 -5.7185228e-02 2.8939864e-01 1.4248956e+00 1.3569410e+00 1.5857619e+00 1.3877260e+00 7.3343609e-01 1.0905658e+00 1.6364905e+00 1.0688124e+00 8.7885008e-01 7.6884918e-01
1.0000000e+00 -6.4962332e-01 -1.3721517e-01 -5.7827060e-01 -6.0946020e-01 1.0347255e+00 8.9562827e-01 4.1432264e-01 7.4824580e-02 1.7867037e+00 2.1536794e+00 2.7909279e-01 -3.3901638e-01 3.0144432e-01 1.4585393e-02 -4.9667977e-01 4.8410743e-01 3.3675213e-01 -2.1997854e-01 2.6488359e-01 7.0812288e-01 1.1406317e-01 3.9779104e-01 3.6156396e-01 1.4268752e-02 1.3734401e+00 2.0562259e+00 2.0313267e+00 6.0896914e-01 3.0094671e+00 3.1173715e+00
1.0000000e+00 8.2157021e-01 1.0914763e+00 8.5803169e-01 6.9512967e-01 1.6609814e+00 8.5772531e-01 1.9196637e+00 1.8411965e+00 1.5932037e+00 1.4493444e-01 7.0642326e-01 3.2866218e-01 5.6084036e-01 6.0379118e-01 4.0902361e-01 2.9855416e-01 6.1427641e-01 -1.0967597e-01 5.7839350e-02 2.2353192e-02 9.5481824e-01 1.0442809e+00 8.5898746e-01 8.1464641e-01 1.3602893e+00 6.4654032e-01 1.3750255e+00 1.0672897e+00 1.0179792e+00 4.8443553e-02
1.0000000e+00 1.4606022e+00 1.6709160e+00 1.4800037e+00 1.4422754e+00 -1.6725880e-01 1.2803433e+00 9.6548587e-01 6.9671749e-01 1.5108104e-01 -2.6595647e-02 5.4364788e-01 -1.1079353e+00 3.2768095e-01 6.1237184e-01 -6.7535369e-01 4.3045347e-01 1.0200041e-01 -3.4925965e-01 -6.1898948e-01 3.8239748e-02 1.6319781e+00 8.5049678e-01 1.6125692e+00 1.6391075e+00 8.1234070e-01 2.5746798e+00 1.6163409e+00 9.7288481e-01 1.2477041e+00 1.5712702e+00
1.0000000e+00 5.6879758e-01 -3.2803467e-01 6.1912852e-01 4.3318782e-01 5.4368397e-01 9.7711963e-01 5.8507024e-01 7.3772993e-01 6.8046784e-01 3.3347578e-01 -2.5687490e-01 -9.6369498e-01 -3.3813523e-01 -1.1676481e-01 -9.5203157e-01 1.7895055e-01 -1.7419759e-01 -4.4269241e-01 -4.2526388e-01 8.3578922e-03 8.1607295e-01 2.5774538e-01 7.5771561e-01 6.6873965e-01 5.3617458e-01 2.0746740e+00 1.2243833e+00 1.0931749e+00 2.2151369e+00 2.1808442e+00
1.0000000e+00 7.4204624e-01 5.3530723e-01 7.4681815e-01 6.1037541e-01 -1.8523026e-02 5.5450164e-01 5.7753726e-01 2.9046227e-01 3.0807161e-01 -8.8424610e-01 2.0329938e-01 -5.3913851e-01 7.0265028e-02 1.0677256e-01 -4.2167673e-01 -2.7281855e-02 1.6765131e-01 2.4958052e-02 8.8964867e-01 -4.2738765e-01 7.7465644e-01 5.4435045e-01 7.8154428e-01 6.1248645e-01 1.0490545e+00 8.2211488e-01 1.2891498e+00 1.0155193e+00 3.1744808e+00 1.3212144e-01
1.0000000e+00 3.4850888e-02 5.6555911e-01 6.8415547e-02 -6.2254857e-02 1.3305937e-01 1.0345643e-01 5.4112784e-01 1.8212755e-01 2.6791123e-01 -2.1938980e-01 -4.3011698e-01 -3.5897416e-01 -1.0349072e-01 -3.3942211e-01 -3.8767535e-01 2.4993026e-01 5.3900997e-01 -3.0193234e-02 -3.1758743e-02 8.5899417e-02 -7.8523585e-02 7.6256113e-01 2.6624928e-01 -1.4236127e-01 5.3617458e-01 1.0784792e+00 1.1821650e+00 4.5822582e-01 1.1166638e+00 9.6723781e-01
2.0000000e+00 -3.1164643e-01 -2.0237305e-01 -3.8550046e-01 -3.7283086e-01 -4.6473035e-01 -1.2637033e+00 -7.9321448e-01 -5.0786148e-01 -1.2581831e+00 -5.9080206e-01 -7.9861732e-01 2.0414028e+00 -8.3960123e-01 -5.7594049e-01 -8.9636265e-01 -1.1501586e+00 -6.1220187e-01 -2.5326944e-02 7.4677604e-01 -7.6327485e-01 -6.1486734e-01 -4.6690950e-01 -6.7915324e-01 -5.8834373e-01 -1.5499755e+00 -1.3236480e+00 -1.0739663e+00 -9.8175349e-01 -1.4782563e+00 -1.2333243e+00
1.0000000e+00 2.4502139e-01 1.3753785e+00 1.4708883e-01 1.2488709e-01 -1.7722196e-01 -1.0050156e+00 -8.1380464e-01 -5.1405204e-01 -9.0039066e-01 -1.0997219e+00 2.9192299e+00 1.7619939e+00 2.5795752e+00 1.4446965e+00 -5.2661772e-02 -8.1252988e-01 -4.5470601e-01 1.1961118e+00 -1.5328900e+00 -7.7197463e-01 -2.6489786e-01 -7.7712835e-02 -3.4912615e-01 -3.1955887e-01 -1.6876202e+00 -1.2910776e+00 -1.1907860e+00 -1.3036438e+00 -2.1609597e+00 -1.6018395e+00
1.0000000e+00 -1.8384004e-01 3.5612307e-01 -1.4700920e-01 -2.7214963e-01 3.7288690e-01 4.0099465e-01 2.1972058e-01 1.4111511e-01 -3.3449443e-01 1.9738579e-01 -6.9358931e-01 -1.1347876e+00 -6.5396476e-01 -4.8001304e-01 -5.5801559e-01 -1.7259466e-01 -4.6543055e-02 1.3363853e-01 -8.1997980e-01 -2.2994045e-01 -1.5307330e-01 5.5819074e-02 1.1553136e-03 -2.4642970e-01 1.2550832e+00 1.0702094e+00 1.1073237e+00 1.6931029e+00 -1.5167617e-01 1.2831080e+00
1.0000000e+00 -1.9520061e-01 5.3298017e-01 -2.3845144e-01 -2.6134204e-01 -1.0489986e+00 -8.3445229e-01 -7.2441324e-01 -7.3794380e-01 -1.0083405e-01 -9.8206078e-01 -6.0155446e-01 -7.0823536e-01 -6.4059893e-01 -4.3578960e-01 -1.2537105e+00 -8.0805872e-01 -5.9661807e-01 -7.9728274e-01 -8.1634745e-01 -9.4899625e-01 -7.0240283e-02 7.4464831e-01 -1.4181671e-01 -1.6292885e-01 -1.0068488e+00 -3.1784749e-01 -3.0554700e-01 -5.1865189e-02 1.5084880e-01 -6.9191177e-01
1.0000000e+00 -9.0239596e-01 4.7945762e-01 -8.2664750e-01 -8.0712533e-01 1.8744777e+00 3.3087418e-01 1.9586614e-01 2.0044127e-01 3.0442067e-01 8.3672522e-01 -6.0841195e-01 3.8309250e-01 -5.1684128e-01 -5.1411569e-01 3.4102086e-01 -4.3806997e-01 -1.9707594e-01 -2.3133322e-01 -8.4419550e-01 -2.8554340e-01 -7.1012530e-01 1.5735232e+00 -5.9694432e-01 -6.4442114e-01 2.5657764e+00 9.8824025e-02 6.2421306e-01 4.2320465e-01 1.0231538e-01 6.7131734e-01
1.0000000e+00 1.4037993e+00 1.2846228e+00 1.4964798e+00 1.2773175e+00 -3.9498821e-01 2.1729580e+00 1.5304596e+00 1.3075190e+00 1.8195622e+00 8.9647885e-02 2.0786449e+00 8.1490634e-01 2.9523332e+00 1.4204946e+00 -1.6433297e-01 4.1985262e+00 2.1663567e+00 2.3656435e+00 3.9698858e+00 1.4566823e+00 1.6195532e+00 1.2201522e+00 2.0891426e+00 1.3543256e+00 -3.3615965e-01 3.1179431e+00 2.1685359e+00 2.0509279e+00 2.8622491e+00 1.1002358e+00
1.0000000e+00 -2.4064288e-01 2.3046144e-01 -1.9149462e-01 -3.1196707e-01 5.5080051e-01 7.4401643e-01 1.2141516e-01 3.2657385e-01 5.9284519e-01 7.1197607e-01 -1.2549965e-01 -7.1113831e-01 -2.1734776e-01 -1.9817114e-01 -6.5635291e-01 -2.2401303e-01 -3.3301973e-01 -3.6272305e-01 -4.0589132e-01 -1.8076778e-01 2.3002939e-01 3.7824978e-01 1.7391318e-01 4.6790137e-02 9.0439607e-01 7.5150337e-01 4.5198197e-01 5.2674551e-01 1.3560954e+00 1.0392784e+00
1.0000000e+00 -2.7188444e-01 5.8650271e-01 -2.6975600e-01 -3.5093127e-01 5.5489033e-02 6.8038809e-03 -7.7957781e-02 9.2880368e-02 -2.3956990e-01 -1.4567439e-01 -7.6288614e-01 -1.0968678e+00 -7.5841621e-01 -5.6867993e-01 -1.2303762e+00 -6.5045022e-01 -5.7606071e-01 -8.0182461e-01 -1.1396271e+00 -7.8483517e-01 -8.1155243e-03 6.8602455e-01 -5.2459196e-02 -2.4590233e-01 7.8603916e-01 8.6600852e-01 4.8268612e-01 7.0185138e-01 1.2816774e+00 6.7796724e-01
1.0000000e+00 1.2845134e+00 -3.9319255e-01 1.3070049e+00 1.1976826e+00 9.6356007e-01 1.2178034e+00 1.3634785e+00 1.3407932e+00 3.4823199e-01 -3.2712771e-01 8.0748114e-01 -1.0043363e+00 7.0637936e-01 6.8695764e-01 -2.4900307e-01 8.0826676e-01 7.8404037e-01 8.3600638e-01 4.5255527e-01 -9.8308986e-02 1.3565583e+00 -7.0954675e-01 1.2908821e+00 1.2066609e+00 1.5575509e+00 1.6204702e+00 2.2179504e+00 1.8758220e+00 1.4531622e+00 4.3801675e-01
2.0000000e+00 -1.6845711e+00 -5.7004965e-01 -1.6582776e+00 -1.2883475e+00 -7.3729399e-01 -8.5112959e-01 -9.1549990e-01 -1.1091966e+00 -1.5559820e-01 3.1646453e-01 -8.9823152e-01 -4.7200778e-01 -8.7722356e-01 -7.0696067e-01 6.4236641e-01 -5.0401963e-01 -5.3096716e-01 -9.5365286e-01 6.2932989e-01 -4.5878252e-01 -1.5127772e+00 -6.0532672e-01 -1.4893280e+00 -1.1222218e+00 -1.1698020e-01 -7.5423933e-01 -9.7576103e-01 -1.3546529e+00 3.3042245e-01 -5.4616817e-01
1.0000000e+00 -2.7188444e-01 -1.4652343e-01 -2.4668948e-01 -3.4211455e-01 1.3834362e+00 3.5551110e-01 4.2436661e-01 6.3145872e-01 1.1550905e+00 7.0488805e-01 -4.2614685e-01 -5.8631145e-01 -4.7971398e-01 -3.5394324e-01 -1.6966652e-01 -1.1838180e-01 -9.4289168e-02 5.7399985e-02 -3.7683248e-01 -5.7457841e-02 -1.2408174e-01 3.7010759e-01 -1.3288096e-01 -2.1302936e-01 2.0265949e+00 1.0326771e+00 1.0958096e+00 1.4342507e+00 1.6165580e+00 1.8815988e+00
2.0000000e+00 -5.8998034e-01 -1.0843315e+00 -5.7373967e-01 -5.8471651e-01 4.7963507e-01 -2.5434751e-01 -2.8724915e-01 -5.5274301e-01 -4.9878688e-01 -3.3563333e-01 -5.1096328e-01 -8.8440815e-01 -5.0397048e-01 -4.5031073e-01 -5.1768063e-01 -6.2641772e-01 -2.8759461e-01 -9.9534074e-01 -7.5822976e-01 -5.1930273e-01 -5.1960937e-01 -8.1050990e-01 -5.1771399e-01 -5.2382833e-01 7.4658686e-01 -2.4596370e-01 1.5741402e-01 -7.4802522e-01 -2.4874301e-01 -5.1859076e-02
2.0000000e+00 -1.8099990e-01 7.0052900e-01 -2.0838260e-01 -2.6703025e-01 -6.2912252e-01 -5.1853113e-01 -5.1838617e-01 -3.8895122e-01 -9.5604669e-03 -7.9635465e-01 -6.1851774e-01 2.4701670e-01 -5.5990894e-01 -4.4305017e-01 -8.6202792e-01 -6.5156801e-01 -3.6286105e-01 7.1149892e-03 -5.0033255e-01 -6.9556786e-01 -2.3176466e-01 1.0003131e+00 -2.4606715e-01 -3.1955887e-01 -7.0876473e-01 -5.2904587e-01 -2.1103578e-01 2.0698697e-01 -4.8138214e-02 -8.1881399e-01
2.0000000e+00 -6.7234446e-01 5.3763430e-01 -7.1049114e-01 -6.4558030e-01 -7.1096278e-01 -1.0362855e+00 -9.0683697e-01 -9.7421668e-01 -1.1559567e+00 -5.5536196e-01 3.7100649e-03 -1.2434474e-02 -1.1438139e-01 -2.6109603e-01 -3.9467564e-01 -8.7859132e-01 -6.7022666e-01 -7.0579649e-01 4.2591800e-01 -7.6630086e-01 -6.8113375e-01 6.9659365e-03 -7.2323628e-01 -6.4002636e-01 -1.0463011e+00 -1.0694466e+00 -1.0408634e+00 -1.1793947e+00 -7.5672612e-01 -1.0149860e+00
2.0000000e+00 -1.3839777e-01 -6.8640301e-01 -1.9602554e-01 -2.3631394e-01 -1.3884578e+00 -8.2914588e-01 -8.8172703e-01 -8.1738927e-01 -1.6743907e+00 -4.6321770e-01 -7.8670693e-01 -5.3242543e-01 -7.0148769e-01 -5.6735983e-01 -8.5469429e-01 -7.6614157e-01 -6.9973641e-01 -6.2290735e-01 -8.8294062e-01 -4.7050831e-01 -3.3116427e-01 -4.0502886e-01 -3.3304179e-01 -3.9356700e-01 -1.0287667e+00 -6.1110790e-01 -8.0209068e-01 -4.3770717e-01 -8.9747303e-01 -2.0480673e-01
2.0000000e+00 -6.2122191e-01 -2.4426025e-01 -6.6971284e-01 -6.1799251e-01 -9.7854484e-01 -1.0770312e+00 -8.6728881e-01 -9.1385876e-01 2.0584519e-01 -2.4065386e-01 -6.4197761e-01 -1.0594923e+00 -6.6634052e-01 -5.0311483e-01 5.6342648e-02 -9.5560710e-01 -6.2281211e-01 -6.1577013e-01 -7.0503864e-02 -4.3873519e-01 -6.5628384e-01 -7.0791831e-01 -7.0268405e-01 -6.2121669e-01 -7.8766934e-01 -1.0509349e+00 -8.6431456e-01 -7.8639625e-01 -1.8726735e-01 -5.4672233e-01
1.0000000e+00 1.1623872e+00 -1.3721517e-01 1.1669582e+00 1.0753862e+00 1.3122707e+00 8.3687868e-01 1.1098680e+00 1.4723425e+00 1.0236565e+00 4.2866952e-02 1.5466473e+00 6.8245924e-01 9.9547724e-01 1.2865042e+00 -1.0473688e+00 2.3092782e-01 -1.2346735e-01 -4.1754992e-01 7.5040839e-01 5.0348890e-01 8.9683513e-01 -2.5195569e-01 8.2920162e-01 7.7421442e-01 -1.9150121e-01 -1.5626800e-01 -4.7440231e-02 2.7246134e-01 1.9452888e-01 -2.2586474e-01
1.0000000e+00 2.7626295e-01 6.3537112e-01 2.1793597e-01 1.6470453e-01 -4.1277957e-01 -6.3546176e-01 -4.5536021e-01 -4.0184821e-01 -7.1419254e-01 -8.4455319e-01 -3.4169133e-01 -6.9480921e-01 -3.8070786e-01 -2.2941357e-01 -7.8869161e-01 -8.4829919e-01 -5.2599361e-01 -4.1754992e-01 -1.1614212e+00 -8.1925604e-01 3.7912881e-01 9.7914337e-01 3.1092803e-01 2.6266182e-01 2.8631000e-01 -3.0894153e-01 -4.7422719e-03 5.8460658e-01 -3.6522321e-01 -2.8903878e-01
2.0000000e+00 -7.4050787e-01 -1.2557983e-01 -7.6733362e-01 -6.9933384e-01 -7.9725306e-02 -9.4020155e-01 -7.3370392e-01 -6.7423267e-01 3.9569425e-01 -5.2842748e-01 -2.8971871e-01 -4.6765336e-01 -3.3813523e-01 -3.7110458e-01 4.2902442e-01 -9.3649288e-01 -6.1021245e-01 -5.0708965e-01 1.4090754e+00 -5.3291978e-01 -7.1012530e-01 -5.2227639e-01 -7.5808571e-01 -6.5813286e-01 -3.2739248e-01 -1.0627671e+00 -8.7040742e-01 -7.8335093e-01 6.5559635e-01 -7.5286917e-01
1.0000000e+00 1.4435613e+00 -1.6746704e-01 1.3811472e+00 1.4138344e+00 6.3619904e-01 4.2373643e-01 5.4614983e-01 1.0580912e+00 3.8474142e-01 -4.5187686e-01 1.1633492e+00 -4.3278320e-02 9.7567601e-01 1.3676905e+00 -1.9433418e-01 -1.3514867e-01 -8.1026359e-02 5.8133721e-01 -2.4485691e-01 -4.4894798e-01 2.0440723e+00 4.0104791e-01 1.8717060e+00 2.2227345e+00 1.3164534e+00 6.1600562e-01 5.5512872e-01 1.4388187e+00 1.0293037e+00 -5.5738184e-02
1.0000000e+00 1.6549742e-01 5.3530723e-01 1.4750073e-01 5.7191954e-03 1.2339888e+00 6.0946093e-01 5.0848492e-01 8.3342560e-01 7.8634519e-01 6.7795357e-01 6.2901109e-02 -1.2129511e-01 -6.4878329e-02 -5.4361623e-03 -1.1273720e+00 1.7168491e-01 -2.0470205e-01 1.4985949e-01 -2.8723439e-01 1.1842903e-01 3.3149982e-01 8.1792802e-01 2.5135636e-01 1.8443470e-01 1.9425463e-01 1.1115585e+00 4.1504104e-01 1.0474951e+00 1.2897664e+00 1.4105643e+00
2.0000000e+00 -3.0596615e-01 4.7359292e-03 -3.8550046e-01 -3.6316091e-01 -1.1215874e+00 -1.2593445e+00 -1.1061848e+00 -1.1543361e+00 2.6948967e-02 -1.1039747e+00 -4.2301971e-03 -5.1770980e-03 -1.3418261e-01 -1.6230835e-01 1.5001311e-01 -9.4370263e-01 -1.0345560e+00 -1.2375198e+00 1.6438843e-01 -3.0445597e-01 -4.2228058e-01 -5.5810202e-01 -5.0699109e-01 -4.5087495e-01 -1.3268508e+00 -1.2236468e+00 -1.2969792e+00 -1.5758953e+00 -7.4701944e-01 -1.1668253e+00
2.0000000e+00 -1.5647171e+00 -1.7452185e+00 -1.5499474e+00 -1.2240708e+00 8.2531901e-02 -9.7829402e-01 -8.5611489e-01 -1.0606523e+00 -4.6957934e-01 1.2861057e+00 -8.9967520e-01 -1.1561969e+00 -9.0098503e-01 -7.0438647e-01 1.0230485e+00 -8.3432680e-01 -4.0066006e-01 -9.8203955e-01 4.3309930e-02 -3.8086274e-01 -1.4003314e+00 -1.6735820e+00 -1.4106934e+00 -1.0647381e+00 1.7942647e+00 -8.2930382e-01 -7.4547990e-01 -1.0721995e+00 5.1646722e-01 3.4990560e-01
2.0000000e+00 -1.1239270e+00 -1.0261548e+00 -1.1293955e+00 -9.7549621e-01 1.2126391e+00 -4.4973726e-01 -9.7877696e-01 -9.2907721e-01 3.4004207e+00 9.6430959e-01 3.9927948e-01 4.0667897e-01 2.2075433e-01 -1.2578551e-01 1.5768009e-01 -8.0973541e-01 -8.0335210e-01 -5.8446366e-01 2.5774830e+00 8.1630276e-01 -1.0870155e+00 -1.3397522e+00 -1.1140265e+00 -9.0002165e-01 -2.1341916e-01 -9.8986549e-01 -1.2018203e+00 -1.3523689e+00 1.0616593e+00 -2.0757752e-01
2.0000000e+00 -1.5703973e+00 3.9335614e-01 -1.5367666e+00 -1.2317499e+00 1.9883424e+00 -2.7879491e-01 -7.3822371e-01 -1.0229931e+00 5.9807458e-02 6.7653597e-01 -1.6953202e-01 1.5424582e+00 -1.8467574e-01 -4.8287326e-01 1.6297398e+00 3.4326579e-01 -6.2789996e-02 -4.1154816e-01 1.5773746e+00 -2.8251739e-01 -1.3883206e+00 2.2191974e-01 -1.3463560e+00 -1.0664960e+00 1.3822073e+00 -5.3731569e-01 -8.7400556e-01 -1.3220679e+00 1.1525763e-01 -3.7825824e-01
1.0000000e+00 3.4850888e-02 6.6562299e-01 1.8333621e-01 -2.6134754e-02 6.0773286e-01 1.8280411e+00 1.5656135e+00 9.7013371e-01 5.0157161e-01 1.4349541e+00 1.0770891e+00 9.2797472e-02 1.2410124e+00 4.4977921e-01 7.8870567e-01 2.5196045e+00 1.2300023e+00 1.0841872e+00 -4.2889623e-01 8.7682297e-01 2.9008332e-01 6.2414391e-01 3.5262821e-01 1.3872897e-01 1.3865909e+00 2.3564839e+00 2.0150151e+00 9.7288481e-01 -9.1818290e-02 1.6211445e+00
2.0000000e+00 -1.4070892e+00 -1.2635157e+00 -1.3497630e+00 -1.1205454e+00 -1.3628382e+00 -3.1897205e-01 -3.6308117e-01 -6.9951077e-01 1.9327414e+00 9.6856240e-01 1.6703221e-02 1.9016983e+00 -1.2774722e-01 -3.7000449e-01 5.6569663e-01 7.7696862e-01 3.7223014e-01 6.1702333e-01 2.5883801e+00 7.6675183e-01 -1.2961689e+00 -1.0498903e+00 -1.2412120e+00 -1.0028595e+00 -1.4907970e+00 -5.5003849e-01 -6.3561662e-01 -9.7048581e-01 6.1676962e-01 5.2876819e-02
1.0000000e+00 -4.1105140e-01 1.0588973e+00 -3.8220524e-01 -4.4336461e-01 1.1272406e+00 4.1426069e-01 3.0132790e-01 5.1100082e-01 3.4093010e-01 4.3979609e-01 7.3367818e-02 -7.0493478e-02 3.0167548e-02 -8.5302368e-02 2.4668370e-01 5.5993559e-02 -7.1742392e-02 1.7905723e-01 -5.0759726e-01 -7.3344398e-02 1.6997545e-01 1.2690053e+00 1.3519159e-01 1.3565587e-02 2.3115282e+00 9.6588246e-01 6.2469281e-01 8.6782129e-01 7.8016546e-01 1.0614447e+00
1.0000000e+00 1.8537841e-01 1.0821680e+00 2.2370260e-01 3.8141965e-02 1.4830678e+00 8.2550779e-01 4.7584199e-01 1.0671191e+00 5.1617538e-01 5.3052275e-01 -1.7133662e-01 1.1638394e-01 -2.0596205e-01 -1.1214445e-01 -1.1266420e-01 -1.3291308e-01 -2.8991560e-01 7.1149892e-03 -1.8673923e-01 -2.1594515e-01 2.1553361e-01 1.2559778e+00 2.1859193e-01 7.8256775e-02 1.4216596e+00 5.5557234e-01 1.4494046e-01 7.1251000e-01 6.7986306e-01 2.8617741e-01
2.0000000e+00 -1.3241570e+00 4.0033734e-01 -1.3122800e+00 -1.0963706e+00 5.7215014e-01 -5.0431752e-01 -8.4217887e-01 -8.7387809e-01 -3.4544726e-01 8.7783574e-01 -6.1382577e-01 1.4408550e+00 -5.9703624e-01 -5.7506042e-01 1.1597207e+00 -4.4310003e-01 -4.8918931e-01 -3.9954464e-01 2.7214830e-01 1.6722346e-01 -1.2133358e+00 9.5797368e-01 -1.1983204e+00 -9.6664654e-01 9.8330068e-01 -5.5894444e-01 -8.5428774e-01 -7.5274547e-01 -3.6813749e-02 4.5242486e-01
2.0000000e+00 -8.0015085e-01 -5.8094883e-02 -8.3076652e-01 -7.4171097e-01 -1.0653667e+00 -1.0865070e+00 -6.4920897e-01 -6.8661378e-01 -1.0792869e+00 -8.6865246e-01 -4.7811947e-01 -4.9704573e-01 -5.1238600e-01 -4.8815367e-01 7.4703732e-01 -9.0888345e-01 -3.7347130e-01 -4.5923780e-01 1.5591294e-01 -6.2370010e-01 -8.1573739e-01 -2.9918039e-01 -8.7156975e-01 -7.2757041e-01 -1.4766532e-01 -1.0355403e+00 -6.1306826e-01 -6.8513937e-01 -8.1011288e-01 -9.7176165e-01
2.0000000e+00 -1.4479872e+00 -4.5602336e-01 -1.3666510e+00 -1.1501241e+00 7.2871411e-01 7.0042803e-01 2.8148331e+00 -1.3333286e-01 1.0930244e+00 2.5038276e+00 -2.8069568e-01 -4.1463976e-02 -4.8565435e-01 -4.9871449e-01 8.3604093e-01 3.3858923e+00 9.0156029e+00 3.4751576e+00 2.5944340e+00 2.1802771e+00 -1.2340441e+00 -4.9296450e-01 -1.2438927e+00 -9.7719402e-01 6.9398379e-01 1.1592689e+00 4.7006688e+00 9.1959172e-01 2.1471901e+00 1.8594325e+00
2.0000000e+00 -3.8264998e-01 -6.5149700e-01 -4.3657631e-01 -4.3341025e-01 1.3875260e-01 -9.8549558e-01 -6.5623975e-01 -5.2307993e-01 -8.0911707e-01 -8.8849891e-01 -6.0769011e-01 -6.2350550e-01 -6.9059702e-01 -4.8419336e-01 3.0701948e-01 -1.1103094e+00 -5.3196187e-01 -5.0838733e-01 2.4187868e-01 -7.1448042e-01 -5.8173413e-01 -9.6358306e-01 -6.4311237e-01 -5.7252251e-01 -1.2136379e-01 -1.1683027e+00 -8.0736796e-01 -8.4943436e-01 -8.3761515e-01 -1.0997722e+00
1.0000000e+00 1.3668775e+00 4.7014935e-01 1.3028858e+00 1.3512641e+00 -4.4622733e-01 -2.7308782e-02 2.4106404e-01 7.8905995e-01 -8.3832462e-01 -1.1606789e+00 1.3845938e+00 -7.6085133e-01 1.2969509e+00 1.2257795e+00 -8.6569474e-01 -5.0066625e-01 -3.0516783e-01 3.0882497e-01 -8.0908274e-01 -7.9315670e-01 1.7790067e+00 1.4701160e-01 1.7466054e+00 1.7322768e+00 -5.7287347e-01 -1.3145855e-01 -1.6736081e-02 9.7897545e-01 -5.6582801e-01 -1.0005779e+00
2.0000000e+00 -1.4880332e+00 -1.0820044e+00 -1.3666510e+00 -1.1686108e+00 1.0459319e-01 9.2405548e-01 -3.4392031e-02 -5.2101641e-01 3.2997727e-01 3.8278698e+00 4.3681527e-01 -6.6160672e-01 1.4946993e-01 -3.2776121e-01 3.3898111e+00 3.8117706e+00 8.2283409e-01 9.5117524e-01 5.8937398e-01 6.8596245e+00 -1.3535307e+00 -1.6296142e+00 -1.3314631e+00 -1.0480379e+00 -5.1150322e-01 -6.7844580e-02 -6.1786578e-01 -1.0163179e+00 -1.0463089e+00 1.3551485e+00
1.0000000e+00 8.7269277e-01 1.2171379e+00 9.1569797e-01 7.8073716e-01 7.6429684e-01 1.4907047e+00 1.0094283e+00 7.8725437e-01 4.2125085e-01 2.9378287e-01 6.6960931e-01 -3.1905859e-01 4.1530136e-01 6.4097407e-01 -4.0700947e-01 1.7147951e+00 3.5233593e-01 -8.5344520e-02 -6.3836205e-01 9.4717772e-01 1.4600996e+00 1.3260006e+00 1.3206680e+00 1.4070630e+00 1.1454935e+00 3.0861361e+00 1.8442233e+00 1.1464680e+00 6.6692082e-01 2.7682519e+00
1.0000000e+00 -9.2955500e-02 -8.1439170e-01 -6.3393094e-02 -2.0133147e-01 3.0883801e-01 4.4837335e-01 -1.3696614e-01 4.5677380e-02 -5.4624915e-01 4.0577359e-01 -4.5646421e-01 -1.0819902e+00 -4.5001214e-01 -3.7374478e-01 -7.7469105e-01 -2.6984246e-01 -4.7426865e-01 -4.2014527e-01 -1.0100731e+00 -2.5150078e-01 6.2292536e-02 -7.8445489e-01 9.0512829e-02 -1.1985999e-01 3.8274896e-01 6.3572595e-01 2.7401136e-02 3.6077560e-01 -5.0435235e-01 1.0559031e+00
2.0000000e+00 -5.1613665e-01 -6.4451580e-01 -5.2637094e-01 -5.2328389e-01 -3.3022766e-01 -6.8321948e-01 -6.9151922e-01 -6.7578031e-01 -3.3449443e-01 -5.1850426e-01 -5.5824394e-01 -3.4808809e-01 -5.5743379e-01 -4.5449106e-01 -7.2902253e-01 -4.0733072e-01 -4.5205345e-01 -6.2144746e-01 -8.0908274e-01 -5.6393639e-01 -4.4713049e-01 -4.0177198e-01 -5.2277758e-01 -4.7372782e-01 -6.4739448e-01 -4.4507543e-01 -4.8881240e-01 -4.2643948e-01 -4.5743671e-01 -4.3533653e-01
1.0000000e+00 5.5175672e-01 8.3856212e-02 4.9967694e-01 4.6305090e-01 -3.3307428e-01 -3.8094339e-01 1.1162228e-01 4.5038496e-01 -4.9720844e-02 -1.2599112e+00 1.2351725e+00 -3.6441719e-01 1.0707219e+00 8.5615079e-01 1.2597248e+00 -1.9271489e-01 1.0299512e-01 1.0209254e+00 -6.1051399e-01 -6.9859387e-01 7.2495663e-01 -1.8193286e-01 6.4155084e-01 6.0193897e-01 7.7288840e-01 -3.1657521e-01 5.1388753e-02 5.6937998e-01 -4.0566773e-01 -1.1125178e+00
2.0000000e+00 -1.6963933e-01 -1.9430193e+00 -1.6719240e-01 -2.7214963e-01 2.3299366e+00 6.8038809e-03 -2.5146748e-01 4.2923390e-01 2.1590999e+00 5.1209389e-01 1.7785984e-02 -3.6804588e-01 -1.0596587e-01 -1.6912888e-01 2.1197596e+00 1.6274258e-01 -6.7221608e-01 -5.7700202e-01 6.2690832e-01 8.9611379e-01 -4.5334296e-01 -2.1474574e+00 -4.7363095e-01 -4.8357213e-01 5.5809253e-01 -7.4024426e-01 -8.9617012e-01 -6.1722875e-01 -3.0860089e-01 -6.6697465e-01
1.0000000e+00 1.1141048e+00 -7.3061728e-01 1.1628392e+00 9.9859542e-01 7.2159757e-01 2.0895715e+00 9.9938429e-01 1.5239305e+00 1.2427131e+00 5.5745722e-01 2.0768403e+00 -1.2089943e+00 1.7053511e+00 2.0783458e+00 2.9968585e-01 1.8394288e+00 4.8695344e-01 1.4442926e+00 6.4991323e-01 1.2327575e+00 1.2675129e+00 -1.1020003e+00 1.2759892e+00 1.2822512e+00 6.7644944e-01 1.9665302e+00 5.1051175e-01 1.4555680e+00 1.3755087e+00 1.4881465e+00
1.0000000e+00 1.7190551e+00 1.0891492e+00 2.1308089e+00 1.6783359e+00 2.2943538e+00 4.5684250e+00 3.5982633e+00 2.8755352e+00 3.9955244e+00 2.6399176e+00 1.9003499e+00 1.2122477e+00 2.8627327e+00 1.6735143e+00 1.1130522e+00 2.3960886e+00 2.5599305e+00 2.2926492e+00 7.0719171e+00 8.2916330e-01 1.4704537e+00 9.8402869e-01 1.8776631e+00 1.3051041e+00 1.3822073e+00 2.3036843e+00 2.3791472e+00 2.0737678e+00 4.1079402e+00 8.6970597e-01
2.0000000e+00 -3.5992884e-01 -3.0010986e-01 -3.6161014e-01 -4.2260266e-01 2.1205301e-01 -1.6830779e-01 -6.2661002e-01 -6.6468889e-01 -3.4179632e-01 -4.0084312e-01 -5.0410578e-01 -2.2108402e-01 -5.3862262e-01 -4.3974991e-01 -5.8268326e-01 -4.9563620e-01 -3.7081874e-01 -5.8673460e-01 -3.7077855e-01 -3.5816766e-01 -4.2020976e-01 -1.3959348e-01 -4.5814231e-01 -4.5439078e-01 -1.5204891e-01 -2.5550580e-01 -4.7537933e-01 -5.3820271e-01 -1.9697403e-01 -2.6410166e-01
2.0000000e+00 -7.6038886e-01 3.9102907e-01 -7.4797422e-01 -7.2066461e-01 9.8490971e-01 -2.0317851e-01 -5.3847412e-01 -6.8583996e-01 1.1092067e-01 1.0281018e+00 -2.8899687e-01 1.7365930e+00 -3.9060847e-01 -3.4580261e-01 1.1097187e+00 -4.7048590e-01 -2.0006007e-01 -6.9590170e-01 -2.8844517e-01 6.8499856e-02 -6.5421302e-01 1.0556800e+00 -6.7706823e-01 -6.2490831e-01 1.0227530e+00 -5.5131076e-01 -4.6386527e-01 -8.1212920e-01 -2.2447630e-01 2.5292792e-01
2.0000000e+00 -2.2360203e-01 -7.9810223e-01 -2.2568248e-01 -3.8363845e-01 8.1411264e-01 9.3163608e-01 3.5280328e-01 5.4040596e-01 4.7601501e-01 8.8208855e-01 -4.3011698e-01 -3.6441719e-01 -6.5891506e-01 -6.0234254e-01 -8.2329641e-02 5.7408959e-01 2.6214883e-01 3.2991222e-01 9.6584471e-02 3.0566345e-01 -1.5307330e-01 -4.0502886e-01 -3.1576601e-01 -4.6704775e-01 9.3069761e-01 1.4302645e+00 1.0248063e+00 8.5564001e-01 1.0131259e+00 9.7832097e-01
1.0000000e+00 3.1504866e+00 1.3078935e+00 3.2758964e+00 3.4786529e+00 7.0736448e-01 3.0731532e+00 3.0772320e+00 3.4971702e+00 6.3458401e-02 7.1197607e-01 1.7761931e+00 4.6655232e-01 2.2355289e+00 1.7527205e+00 3.7502223e-01 1.7578300e+00 8.4239673e-01 1.3794088e+00 -1.1977447e+00 7.9360768e-01 2.8434109e+00 1.2934319e+00 3.1107968e+00 2.9557841e+00 1.0928904e+00 2.2477040e+00 1.8010456e+00 2.6204027e+00 -8.8291301e-01 1.1722763e+00
1.0000000e+00 1.4123197e+00 1.6290288e+00 1.5294319e+00 1.3569523e+00 1.7890792e+00 1.4167939e+00 1.3170251e+00 2.5273164e+00 -6.4847556e-01 1.3385571e+00 4.1082896e-01 3.0719502e+00 1.4528855e+00 5.8883002e-01 1.6801384e-01 1.9573557e+00 -3.4992981e-01 1.0760767e+00 1.2129283e+00 2.4946040e+00 8.4092285e-01 1.1468725e+00 1.0138738e+00 7.3378242e-01 2.9946077e-01 1.7452465e-01 -1.3907293e-01 1.0581538e+00 -9.5409536e-01 4.4799160e-01
2.0000000e+00 -6.0418105e-01 -8.4697064e-01 -6.1863699e-01 -6.0178112e-01 6.1893923e-02 -6.1954251e-01 -5.9371599e-01 -7.8127769e-01 9.7619425e-01 -4.4195364e-01 -6.4269945e-01 6.9211002e-02 -7.0544794e-01 -5.3193707e-01 -3.5734079e-01 -4.1124299e-01 -3.9203923e-01 -7.7360013e-01 -9.9562705e-02 -4.4932623e-01 -5.3824680e-01 -1.2656597e-01 -5.8026425e-01 -5.4966965e-01 2.3370693e-01 -3.4329308e-01 -2.1823207e-01 -5.8296891e-01 7.7369434e-01 -2.6077671e-01
1.0000000e+00 1.2305507e+00 -1.7910237e-01 1.1999103e+00 1.1948385e+00 1.6935374e-01 1.8174769e-02 5.6121580e-01 1.0067612e+00 1.1696943e+00 -3.6540302e-01 1.0630132e+00 4.6836666e-01 9.4844933e-01 8.8585310e-01 -1.9000067e-01 -5.0234294e-01 -1.2711462e-01 3.8992980e-01 3.8232974e-01 -1.5093691e-02 1.3793374e+00 3.2613977e-01 1.3385395e+00 1.2699458e+00 3.2576230e-01 -2.8858506e-01 2.0874753e-01 7.5514447e-01 1.2849130e+00 1.0219690e-01
1.0000000e+00 1.0017415e-01 5.0505536e-01 9.3953471e-02 -1.9024497e-02 -1.3665766e-01 -9.2312356e-02 3.9674568e-01 1.1887263e-02 9.6159048e-01 -9.1259818e-01 5.4960847e-02 1.8200529e+00 2.1530900e-01 -3.2278248e-02 7.7603849e-01 2.4322352e-01 7.2336302e-01 9.4306476e-01 4.4044742e-01 -2.0648887e-01 -1.2257175e-02 5.8180452e-01 3.3919736e-02 -1.2601268e-01 -7.7527895e-02 -3.6046885e-01 3.0085998e-01 1.2019536e-01 1.9291110e-01 -8.5815922e-01
1.0000000e+00 1.3895986e+00 1.2334274e+00 1.2369815e+00 1.1976826e+00 -4.3199424e-01 3.0813240e-01 7.2819691e-01 8.7160069e-01 5.1617538e-01 -9.2252141e-01 5.2090986e-01 -1.0037920e+00 9.3531466e-02 3.8091386e-01 -1.0563691e+00 -3.9447613e-01 1.7262487e-01 3.3068536e-02 -1.0924898e-01 -1.7320275e-01 1.7168820e+00 7.7070332e-01 1.3593895e+00 1.3051041e+00 -3.2739248e-01 4.2198300e-01 1.4551441e+00 1.2332596e+00 1.7071537e+00 4.9509504e-01
2.0000000e+00 -5.0193594e-01 5.8417564e-01 -5.0206873e-01 -5.3693558e-01 -6.1488943e-01 -1.8744878e-01 -3.5969133e-01 -2.9583495e-01 4.3220368e-01 1.7612173e-01 -3.8752830e-01 5.1735394e-01 -3.2823461e-01 -4.2654888e-01 2.3674656e-02 -3.0635227e-02 -1.6126635e-01 1.8392352e-01 -1.1651370e-01 2.5270826e-01 -5.0511360e-01 7.8535926e-01 -4.7065237e-01 -5.3771584e-01 -8.6295074e-02 -5.0668808e-02 -1.3811343e-01 8.9742166e-02 1.1525763e-01 4.8013277e-01
2.0000000e+00 1.4561642e-01 -9.4238039e-01 1.5656258e-01 -8.5013176e-03 1.1984060e+00 5.6018708e-01 1.3635558e-01 5.6026733e-01 1.1112792e+00 9.3900698e-02 3.8375988e-01 -8.7025627e-01 4.6925970e-01 5.3308402e-02 -5.1101369e-01 1.0418850e+00 4.1334485e-01 7.1921542e-01 4.5134449e-01 3.9568727e-01 1.4663554e-02 -1.2111056e+00 6.3705574e-02 -1.3532962e-01 -2.0465198e-01 3.4755465e-01 -5.6555526e-02 3.8209284e-01 4.0484036e-01 4.3456130e-02
2.0000000e+00 1.3993614e-01 1.1007845e+00 1.0713434e-01 2.2214991e-02 -4.7113524e-01 -3.4645170e-01 -7.2541764e-01 -4.9909153e-01 -4.6227745e-01 -5.8654925e-01 -1.1936400e-01 -1.9205452e-01 -2.9061229e-01 -1.4470698e-01 -7.2435567e-01 -4.0788962e-01 -6.8581046e-01 -5.1747107e-01 3.7256004e-02 -3.4114635e-01 -3.2965428e-02 5.5900639e-01 -1.2990238e-01 -1.3515383e-01 -9.1479342e-01 -4.9405819e-01 -8.6498622e-01 -6.8742336e-01 -6.1274365e-01 -6.3649595e-01
1.0000000e+00 3.5294679e-01 8.0757409e-01 3.3903516e-01 2.0850371e-01 -3.1030134e-01 -1.4042746e-02 2.9379491e-01 6.6834411e-01 -3.4544726e-01 -2.5908271e-01 -3.3302923e-01 -6.8138307e-01 -3.9159853e-01 -2.3975437e-01 9.4704543e-01 -5.8021102e-02 4.4484402e-01 9.4630895e-01 5.0461903e-01 -6.2521311e-01 3.3300982e-02 2.6507192e-02 7.1124813e-03 -8.7338603e-02 -2.9232376e-01 -3.4710992e-01 5.9544543e-02 5.0238296e-01 -5.5773911e-01 -8.6813407e-01
2.0000000e+00 -2.4348302e-01 -1.0540796e+00 -2.9776533e-01 -2.9348040e-01 -1.6233037e+00 -1.0194187e+00 -7.0545524e-01 -5.7879493e-01 -1.5539095e+00 -1.3633963e+00 1.9054599e-03 -1.1585208e-01 -8.1709370e-02 -8.7722556e-02 -8.5336090e-01 -8.4382803e-01 -6.0722831e-01 -1.5833887e-01 -1.1929016e+00 -8.9263680e-01 1.8805205e-02 -5.4181764e-01 -8.2245034e-02 -8.7865977e-02 -1.3926046e+00 -8.2993996e-01 -6.5816498e-01 -2.2088042e-01 -1.4135450e+00 -1.2128205e+00
2.0000000e+00 -1.9236047e-01 -2.3029785e-01 -2.2115156e-01 -2.8381045e-01 4.1558617e-01 -4.3002772e-01 -6.1593829e-01 -5.4474688e-01 -6.3387179e-01 -8.0769548e-01 -3.9763409e-01 2.8330358e-01 -3.7971780e-01 -3.3260158e-01 -3.8567527e-01 -5.9064841e-01 -4.3680122e-01 -3.9419172e-01 -2.0611179e-01 -7.4814479e-01 -2.4211878e-01 4.2791571e-02 -2.8806518e-01 -3.1850412e-01 6.7130546e-02 -5.0360029e-01 -6.4329265e-01 -5.4048670e-01 -3.6036987e-01 -9.9281966e-01
1.0000000e+00 2.6490239e-01 1.2574342e-01 3.4315418e-01 1.4422699e-01 5.3656742e-01 9.6574874e-01 1.0194722e+00 1.0119200e+00 1.5838293e-01 6.0092460e-03 2.5852029e-01 -4.5803733e-01 4.1579639e-01 1.4967589e-01 7.3637022e-01 6.5233494e-01 5.5625162e-01 1.0890535e+00 -6.7347481e-01 -1.0398276e-01 4.0604954e-01 -2.3567131e-01 4.8368590e-01 2.5387225e-01 9.9645144e-01 1.0562143e+00 1.1903208e+00 1.4753625e+00 -1.0799610e-01 -8.8987674e-02
1.0000000e+00 1.7417762e+00 8.7040490e-01 1.6653596e+00 1.7323739e+00 -3.9712318e-01 5.1091323e-01 7.2443042e-01 9.7787190e-01 1.0346093e+00 -8.9416933e-01 1.2719865e+00 5.3005435e-01 8.3558235e-01 1.0458055e+00 -3.4167349e-01 5.2211232e-01 3.4570453e-01 1.4499320e-01 7.2982504e-01 2.3303919e-01 1.6464739e+00 9.6285899e-01 1.4547042e+00 1.5283590e+00 -5.8602424e-01 6.3381753e-01 6.6019449e-01 6.5008095e-01 1.2752063e+00 -1.4730479e-02
2.0000000e+00 -5.5305850e-01 -3.3734294e-01 -5.8403722e-01 -5.7959712e-01 5.7926669e-01 -6.4001011e-01 -8.0225406e-01 -5.0321856e-01 3.2267538e-01 5.0358827e-01 -1.4101926e-01 5.3368304e-01 -2.2576328e-01 -3.4976292e-01 -5.3601470e-01 -7.6502378e-01 -6.8249476e-01 5.5051737e-01 2.0071198e-01 -1.4634691e-01 -7.1219613e-01 -7.7468426e-01 -7.4825638e-01 -6.7746990e-01 -8.0520369e-01 -1.0221814e+00 -1.0669140e+00 -8.4943436e-01 -1.0899889e+00 -5.6445539e-01
2.0000000e+00 -1.2327045e+00 1.5134116e-01 -1.2298996e+00 -1.0249836e+00 4.2981926e-01 -9.7279809e-01 -1.0291349e+00 -1.0570927e+00 -1.6853435e+00 8.6507730e-01 -2.5326569e-01 1.4989140e+00 -3.6338179e-01 -4.4635042e-01 1.3630623e+00 -6.0629748e-01 -8.8150321e-01 -1.0618467e+00 -3.0660695e-01 7.0812288e-01 -1.1077238e+00 9.9786898e-02 -1.1453016e+00 -9.0441643e-01 -3.3692004e-02 -1.0148658e+00 -1.2075294e+00 -1.3825175e+00 -1.5639986e+00 3.2884759e-01
2.0000000e+00 -7.1778673e-01 -1.5008765e+00 -7.2614342e-01 -6.8909507e-01 -4.6473035e-01 -5.5131719e-01 -5.8806626e-01 -3.9772118e-01 -6.9958877e-01 4.2845526e-01 -6.2681893e-01 -1.2296778e+00 -6.8861690e-01 -5.4095777e-01 -2.9600497e-01 -6.8063057e-01 -4.9615229e-01 -7.9679611e-01 -4.8822470e-01 -4.7050831e-01 -6.6456714e-01 -1.3869769e+00 -7.2383199e-01 -6.4705801e-01 4.7042075e-01 -4.3998631e-01 -3.8374663e-01 -4.5856761e-01 -2.0829849e-01 2.0028289e-01
1.0000000e+00 8.3133301e-02 1.1178102e-01 1.0342722e-01 -3.5235882e-02 8.2531901e-02 1.8494779e-01 6.3787843e-02 2.4429104e-01 2.4600557e-01 1.5627528e-01 -4.1748474e-01 1.1505600e+00 -2.4259432e-01 -2.9673880e-01 3.2135339e-01 1.9404072e-01 4.3644047e-02 3.9641819e-01 -7.1706307e-01 2.4854749e-01 1.2592729e-02 8.4398302e-01 6.6684158e-02 -9.5249210e-02 4.7042075e-01 3.0747785e-01 2.2649836e-01 6.3789967e-01 -2.9565865e-01 5.3111532e-01
1.0000000e+00 -1.4691820e-01 1.3241830e+00 -1.6142577e-01 -2.0531322e-01 -1.0534487e-01 -3.6445560e-01 -3.2006586e-02 -1.0392772e-01 -7.3974915e-01 -5.7946123e-01 1.8525333e-01 1.3271304e-01 -2.5044721e-03 6.1669052e-02 -3.8967544e-01 -5.9232510e-01 -1.7983429e-01 -3.0416536e-01 -7.1343072e-01 -5.4464557e-01 1.4926720e-01 1.5621241e+00 3.9876904e-02 4.5559598e-02 -2.5725505e-01 -3.8146146e-01 2.1450455e-01 5.7766312e-02 -4.0404995e-01 -5.5281807e-01
2.0000000e+00 -2.0296483e+00 -1.3635795e+00 -1.9845040e+00 -1.4544431e+00 1.4688347e+00 -5.4316805e-01 -1.1148728e+00 -1.2618196e+00 4.3220368e-01 2.1806139e+00 -6.5352708e-01 5.2824001e-01 -6.5000451e-01 -6.7114189e-01 1.0497163e+00 -8.1811884e-01 -1.0575007e+00 -1.9134475e+00 7.3224661e-01 1.1540302e-01 -1.7269005e+00 -9.9940869e-01 -1.6933610e+00 -1.2224228e+00 1.1411099e+00 -8.5284099e-01 -1.3058307e+00 -1.7450628e+00 5.0546404e-02 5.4718591e-01
2.0000000e+00 -5.5305850e-01 2.8631105e-01 -6.0751564e-01 -5.5798194e-01 -1.1550351e+00 -1.2121553e+00 -8.1568788e-01 -8.0526610e-01 -2.6512650e-01 -8.5447642e-01 -7.6793904e-01 6.4254367e-01 -8.3316584e-01 -5.6449960e-01 -6.5368614e-01 -1.0831470e+00 -7.0305211e-01 -8.1090835e-01 -7.3522485e-01 -8.5594642e-01 -6.0658404e-01 1.1664137e+00 -6.7557894e-01 -5.8500369e-01 -8.7972471e-01 -1.0537339e+00 -7.5651421e-01 -6.1357437e-01 -3.3448538e-01 -8.4042616e-01
2.0000000e+00 -1.2074272e+00 2.5679533e-02 -1.1541096e+00 -1.0141760e+00 2.9460492e-01 -1.3969105e-01 -3.4223992e-01 -4.8051986e-01 4.8696784e-01 5.9878200e-02 -8.1161048e-01 9.3376532e-03 -6.6238028e-01 -6.2852458e-01 6.7236762e-01 -1.9662716e-01 -5.3174460e-02 -1.0967597e-01 -5.3907767e-01 -8.5070189e-02 -1.1408570e+00 1.8772255e-01 -1.0437319e+00 -9.1303020e-01 1.0315202e+00 -1.5308730e-01 -3.7365432e-02 -2.6062184e-01 -4.5096559e-01 5.2876819e-02
2.0000000e+00 -1.0330425e+00 8.1794978e-05 -1.0115915e+00 -9.0666892e-01 2.5119400e-01 -3.5175811e-01 -7.3885146e-01 -9.5203386e-01 1.4800244e+00 2.8527725e-01 -1.8108149e-01 5.7541295e-01 -2.7922658e-01 -3.7858516e-01 1.8468118e-01 -1.8377257e-01 -1.0257842e-01 -5.1617339e-01 7.9399665e-01 -1.3008210e-01 -9.7933259e-01 -3.8548760e-01 -9.8416022e-01 -8.3990103e-01 -4.5890015e-01 -6.7217731e-01 -9.2265245e-01 -1.2573549e+00 -1.2093834e-01 -4.6692355e-01
1.0000000e+00 -2.8892530e-01 -8.6791424e-01 -1.9602554e-01 -3.5462861e-01 3.0914068e+00 1.3675201e+00 1.4852617e+00 1.2146607e+00 4.1394897e-01 2.0019958e+00 -5.1871769e-02 -5.3169970e-01 -2.2576328e-01 -1.2490545e-01 4.0341999e-02 2.0354194e-01 7.5718318e-01 3.3802271e-01 -6.1414634e-01 1.2494005e+00 8.4510781e-03 -5.3367545e-01 -2.5651941e-02 -9.3842880e-02 2.3597477e+00 9.9005577e-01 1.7530703e+00 1.2789394e+00 3.9836924e-01 3.1339963e+00
2.0000000e+00 -7.0642616e-01 -2.2331665e-01 -6.9195555e-01 -6.8937948e-01 1.2695715e+00 -5.0050557e-02 -2.2723639e-01 -3.6289930e-01 -3.8768014e-02 3.4056380e-01 -3.5793278e-01 7.9857725e-01 -3.5199608e-01 -4.3380945e-01 4.9969396e-01 -1.3291308e-01 -8.1026359e-02 3.5424367e-01 -5.9235221e-01 1.7057673e-02 -6.4800054e-01 5.8343296e-01 -6.4787811e-01 -6.3088521e-01 1.5970032e+00 7.4650716e-02 7.2497857e-02 1.0953674e-01 -1.5329395e-01 3.8925083e-01
2.0000000e+00 -5.0193594e-01 -1.7444824e-01 -5.3378518e-01 -5.3522912e-01 -8.2482748e-01 -6.8587269e-01 -7.8304496e-01 -7.6631718e-01 -7.6530575e-01 -3.0302844e-01 -1.0296068e+00 -5.8504141e-01 -9.9880308e-01 -6.8447493e-01 -1.1947081e+00 -8.3879797e-01 -6.7055823e-01 -1.0118861e+00 -9.7253872e-01 -9.2251866e-01 -6.1693816e-01 2.9519945e-01 -6.4638881e-01 -5.9150797e-01 -6.1232577e-01 -3.6873867e-01 -3.7655035e-01 -4.5963347e-01 1.3305321e-01 -6.7029960e-01
1.0000000e+00 2.3126447e+00 8.8510346e-02 2.5056397e+00 2.4291790e+00 2.5790156e+00 3.2683535e+00 4.2385668e+00 3.4404234e+00 2.7176943e+00 1.0763003e+00 2.9228391e+00 5.9537073e-01 3.5562706e+00 2.8528059e+00 -1.7533341e-01 3.4205438e+00 2.3908297e+00 2.1093523e+00 1.2807322e+00 4.6982453e-01 2.5120789e+00 3.7987822e-01 2.9648462e+00 2.6006857e+00 1.6539898e+00 2.8335887e+00 3.3036300e+00 2.6858770e+00 1.8673140e+00 7.7272829e-01
2.0000000e+00 -7.9163042e-01 4.5851402e-01 -8.0275719e-01 -7.3488513e-01 -6.2414094e-01 -7.3135624e-01 -4.7042618e-01 -7.7199186e-01 -1.1851642e+00 3.5332224e-01 -6.1635222e-01 -4.1866607e-01 -6.2822316e-01 -5.2643665e-01 6.9070170e-01 -5.5376132e-01 -2.4747461e-01 -8.6962825e-01 -5.8871986e-01 -4.9849891e-01 -6.7492127e-01 5.6552014e-01 -6.9315258e-01 -6.3721370e-01 1.6452226e+00 -2.2051811e-01 1.9099669e-01 -4.8460509e-01 -1.1608500e-01 2.4239891e-01
2.0000000e+00 -1.2355446e+00 -5.3514364e-01 -1.2138354e+00 -1.0372132e+00 5.2233433e-01 -3.8473368e-01 -5.7074040e-01 -8.0320258e-01 -8.3102273e-01 1.1131580e+00 -7.8394071e-03 3.7583512e-01 -5.8937962e-02 -3.8430560e-01 2.2697657e+00 2.1471985e-01 -1.5496652e-01 -2.5404257e-01 1.4853549e+00 3.1890224e-01 -1.0808030e+00 -6.8512018e-01 -1.0598163e+00 -9.0283431e-01 6.2822996e-01 -4.9469433e-01 -6.8215259e-01 -9.3287611e-01 -5.9494806e-01 4.0685339e-02
2.0000000e+00 -4.2525211e-01 3.4216066e-01 -4.0444795e-01 -4.9626492e-01 2.1134135e-01 3.1381785e-01 2.2223158e-01 2.9123609e-01 -2.7973028e-01 1.1202460e+00 -2.2655753e-01 1.0634715e+00 -7.6759064e-02 -4.3688969e-01 1.9564197e+00 8.3509374e-01 6.3383906e-01 1.8092644e+00 1.0869232e-01 7.9285118e-01 -6.0865486e-01 -3.3745011e-02 -5.4392553e-01 -6.2086511e-01 -1.6081609e-01 -1.8616657e-01 -2.4269944e-01 -6.2523807e-02 -1.0916067e+00 5.0660186e-02
2.0000000e+00 3.7691030e-02 8.3856212e-02 2.4141439e-01 -7.1071575e-02 -1.2802863e+00 2.2544493e+00 2.6553850e+00 7.4959516e-01 -3.9290952e-01 2.1111513e+00 -1.5292965e-01 4.9558182e-01 2.6382200e-01 -2.4393469e-01 -5.8101653e-01 2.7375737e+00 3.7005321e+00 1.8043981e+00 6.1964361e-01 3.4742749e+00 -2.0070228e-01 -3.1709321e-01 -7.7804379e-03 -3.0162816e-01 -1.8796214e+00 1.0498529e+00 1.9483296e+00 5.4654009e-01 -8.1334844e-01 1.3440654e+00
2.0000000e+00 -1.0273622e+00 2.0951784e-01 -9.6092756e-01 -9.1207272e-01 1.1272406e+00 4.9196175e-01 -3.0181292e-01 -4.7046021e-01 4.0299614e-01 2.1295801e+00 -2.5831858e-01 1.1668891e+00 -4.0842957e-01 -4.4943066e-01 1.6130724e+00 6.7021960e-01 4.6473824e-01 5.9106979e-01 2.8183458e-01 1.1336556e+00 -1.0580240e+00 -4.7668012e-01 -1.0318176e+00 -8.8982576e-01 -1.0382943e-01 -3.1403065e-01 -6.8455136e-01 -8.1075880e-01 -8.3761515e-01 3.4990560e-01
2.0000000e+00 -1.5340435e+00 -8.0508343e-01 -1.4881621e+00 -1.2058685e+00 1.3265038e+00 -4.2320519e-01 -5.9610144e-01 -7.6554336e-01 -5.9371141e-01 1.9183571e+00 -8.6141758e-01 -1.1438593e+00 -7.4851560e-01 -6.9021737e-01 4.0669019e-01 -1.8712594e-01 2.3086693e-02 -2.2646693e-01 -4.1920995e-01 4.1971274e-03 -1.3752744e+00 -9.8638119e-01 -1.2742743e+00 -1.0480379e+00 1.7548124e+00 -1.1364664e-01 -1.2755887e-01 -1.4627009e-01 4.0839720e-02 9.8386255e-01
2.0000000e+00 -6.2406205e-01 5.2134483e-01 -6.3593688e-01 -6.1514841e-01 9.3918372e-02 -4.8991439e-01 -6.9704341e-01 -7.4387642e-01 -4.5132462e-01 -1.2157512e-01 -3.3699936e-01 -5.3369548e-01 -4.2872583e-01 -3.4206232e-01 2.5401733e-01 -2.2810692e-02 -4.4906931e-01 -6.6264872e-01 -9.3984752e-01 2.3109695e-02 -5.3824680e-01 7.6988767e-02 -5.8741285e-01 -5.2312516e-01 7.7288840e-01 -9.1381750e-02 -5.8476287e-01 -6.4159131e-01 -7.4863722e-01 8.1138885e-02
2.0000000e+00 -1.4704244e+00 -8.2137290e-01 -1.3687105e+00 -1.1651979e+00 -1.2384788e-01 3.7825288e-01 4.8094129e-02 -6.6649447e-01 -1.8496359e+00 1.2520832e+00 -3.3194647e-01 -4.3172935e-01 2.0491335e-01 -5.1477574e-01 3.7698265e+00 2.3541714e+00 2.0138344e+00 1.8303516e+00 3.9928073e-01 6.8315829e-01 -1.4195900e+00 -1.4016329e+00 -1.3082301e+00 -1.0733518e+00 -6.3424372e-01 -4.2217440e-01 -5.6509302e-01 -1.1594479e+00 -2.0202128e+00 -3.7271666e-01
1.0000000e+00 2.1093969e-01 -6.0960979e-01 2.7477845e-01 7.8528222e-02 1.4119024e+00 1.1476829e+00 1.0069173e+00 1.0397775e+00 1.2609678e+00 6.9212961e-01 7.7337949e-02 -4.8615967e-01 6.0859446e-02 1.8545701e-02 -1.8660393e-02 8.4874503e-03 -5.9142724e-02 1.4823740e-01 -5.4755317e-01 3.3700732e-02 5.2615740e-01 2.7565819e-01 5.9091491e-01 3.7692614e-01 2.4298851e+00 1.2324250e+00 9.5092441e-01 1.3413685e+00 1.1069571e+00 1.2498585e+00
1.0000000e+00 4.6939261e-01 8.4248009e-01 5.6558126e-01 3.6322289e-01 1.3620865e+00 1.3428832e+00 1.5631025e+00 1.1831920e+00 1.0382603e+00 1.4902407e+00 5.2993289e-01 -2.6281393e-01 3.6233309e-01 4.0247553e-01 5.5269611e-01 7.9820664e-01 9.1534218e-01 3.4126690e-01 -6.7710717e-01 8.2802855e-01 8.1193129e-01 7.8535926e-01 6.8622960e-01 6.8807669e-01 2.3290625e+00 1.5155072e+00 2.2232277e+00 1.3520271e+00 6.0382737e-01 2.2861343e+00
1.0000000e+00 1.0857034e+00 1.6763063e-01 9.1569797e-01 9.3033696e-01 -8.7820157e-01 -7.0349757e-01 -1.9923880e-01 1.8161167e-01 1.1587414e+00 -1.7787543e+00 5.2487999e-01 -5.1770980e-03 2.4303071e-01 3.0148769e-01 -1.0057004e+00 -9.5325974e-01 -2.9787329e-01 -3.1357352e-01 3.5836454e+00 -7.1599343e-01 8.9269348e-01 3.5056634e-01 6.5346518e-01 6.6873965e-01 -1.1032878e+00 -8.5284099e-01 -2.2686761e-01 5.9288972e-02 3.2052186e+00 -1.2654655e+00
2.0000000e+00 -7.7174943e-01 -1.9709441e+00 -7.6733362e-01 -7.1554523e-01 -1.8718512e-01 -7.1050961e-01 -6.7394226e-01 -5.8524343e-01 -5.2799443e-01 -2.3640105e-01 -9.5417427e-01 -1.3719224e+00 -8.7276829e-01 -6.5646675e-01 -3.3367317e-01 -5.6941039e-01 -5.5550336e-01 -8.6557301e-01 -8.5993571e-01 -6.0100502e-01 -7.1426695e-01 -1.5807610e+00 -7.0059904e-01 -6.5057384e-01 9.8330068e-01 -9.7107007e-02 -2.9739121e-01 -3.8106422e-01 1.8643998e-01 7.1164038e-02
1.0000000e+00 1.2873535e+00 -5.0489177e-01 1.2122674e+00 1.2005267e+00 6.4331558e-01 1.0724672e-01 7.1438645e-01 9.7322898e-01 5.6363765e-01 -9.4640642e-02 1.1102939e+00 6.6068711e-01 1.0043878e+00 1.1030100e+00 3.5368804e-01 -2.4972222e-01 5.0607022e-02 6.8352929e-01 -1.1175397e-02 2.9318115e-01 1.2385213e+00 -1.2656597e-01 1.1359958e+00 1.1750185e+00 7.8603916e-01 -1.6008484e-01 2.6391905e-01 8.0386958e-01 -1.0929260e-02 3.4035441e-02
1.0000000e+00 2.8749928e+00 2.1184490e-01 3.0575884e+00 3.1458929e+00 3.4401175e+00 3.4559731e+00 4.2435888e+00 3.9279297e+00 3.0791376e+00 8.4664845e-01 3.9839469e+00 3.4529624e+00 3.4359781e+00 4.2389136e+00 5.4298938e+00 4.0565668e+00 3.1799668e+00 1.0420127e+00 3.0182088e+00 2.2998045e+00 2.0192224e+00 -2.7475382e-01 2.1933930e+00 2.0961648e+00 1.6320719e+00 1.0822960e+00 1.4781723e+00 1.6778763e+00 5.1970278e-01 -2.1367326e-01
2.0000000e+00 1.0585444e-01 -1.9546546e+00 9.5189177e-02 -4.0355267e-02 9.7779316e-01 1.0535157e-01 -4.7622991e-03 2.2855671e-01 1.6203387e-01 1.7328652e-01 -4.0521343e-01 -6.5289787e-01 -4.6436803e-01 -3.5526335e-01 -1.0743699e+00 -7.1081092e-01 -1.0191528e-01 3.3068536e-02 -1.7463138e-01 -3.7329771e-01 -1.1786927e-01 -1.5791326e+00 -1.3288096e-01 -2.3746435e-01 -4.6842772e-02 -4.8006312e-01 -7.7664630e-02 1.1410472e-01 -1.9018163e-02 -2.1533574e-01
2.0000000e+00 -2.1508160e-01 -6.7476767e-01 -2.4174666e-01 -2.8836101e-01 -1.7941008e+00 -5.8922015e-01 -9.8924582e-02 -5.3958808e-01 -1.4224756e+00 -6.4750622e-01 -8.7080152e-01 -1.3943855e-01 -8.1336461e-01 -5.6493964e-01 -3.7400813e-01 4.0362649e-01 5.8609294e-01 -2.2971112e-01 -1.0246025e+00 1.0632499e-01 -4.1606811e-01 -4.7668012e-01 -4.5486587e-01 -4.3681165e-01 -1.3093164e+00 -7.4113072e-03 2.8119013e-01 -3.7801891e-01 -1.3795717e+00 -4.2480753e-01
2.0000000e+00 -7.8754791e-02 -4.8394817e-01 -1.4536159e-01 -1.8824860e-01 -6.0563792e-01 -8.1455324e-01 -9.3659225e-01 -9.6751025e-01 -7.2149443e-01 -5.5252675e-01 -6.7373866e-01 -6.5453078e-01 -6.7871629e-01 -4.9343408e-01 -8.1402597e-01 -9.1151026e-01 -7.5487654e-01 -1.1325701e+00 -9.7738186e-01 -7.8937419e-01 -1.6135660e-01 -3.4151978e-01 -2.0734556e-01 -2.7191944e-01 -7.3068268e-01 -7.5869231e-01 -9.1651162e-01 -9.6789729e-01 -8.6835298e-01 -6.7196207e-01
1.0000000e+00 -1.4691820e-01 1.2566980e+00 -1.7337093e-01 -2.3403865e-01 -2.6902538e-01 -4.8745070e-01 -4.5134262e-01 -4.6607523e-01 -1.8480575e-01 -2.1230178e-01 -6.2862353e-01 -3.8437497e-01 -5.5149342e-01 -4.5119080e-01 -9.8436621e-01 -7.6781825e-01 -4.6200055e-01 -7.9744495e-01 -8.8536219e-01 -8.8128926e-01 1.2855895e-01 1.6223763e+00 1.7689176e-01 -5.6047757e-02 6.4576431e-01 2.1714601e-01 5.1530928e-01 2.7855197e-01 9.2091237e-01 -2.7407650e-01
1.0000000e+00 1.3839183e+00 -8.8346756e-02 1.2946478e+00 1.3740170e+00 -1.0098576e+00 -4.5599125e-01 4.9098527e-02 1.8960780e-01 4.9061878e-01 -1.7518198e+00 1.0265602e+00 2.2705892e-01 1.1632926e+00 8.9971417e-01 -8.7102829e-01 1.0238188e-01 2.8204304e-01 2.9422610e-01 -2.9337172e-02 -4.1944438e-01 1.2530171e+00 8.5943744e-03 1.2193961e+00 1.1556815e+00 -1.3268508e+00 -1.7726061e-01 2.3273514e-01 1.0953674e-01 -9.6671632e-02 -1.0271775e+00
2.0000000e+00 2.7626295e-01 -6.7476767e-01 3.1349724e-01 5.5775401e-02 1.3265038e+00 1.4471163e+00 3.1388287e-01 9.3943887e-01 6.9142067e-01 2.6543079e-01 9.2857552e-02 -2.7007131e-01 -3.4681462e-02 -1.0936590e-02 6.5503359e-01 9.1501578e-01 4.8503305e-03 1.7492468e+00 3.6174639e-01 4.4977721e-01 -3.2965428e-02 -1.1964497e+00 -4.0544860e-02 -2.0740404e-01 2.7315924e-01 2.1650987e-01 -3.6551604e-01 4.2168199e-01 -5.0273457e-01 -3.4112964e-01
1.0000000e+00 1.6082895e+00 1.3567619e+00 1.5829792e+00 1.5275985e+00 3.6577036e-01 1.0339741e+00 2.0803673e+00 1.7019090e+00 1.4252603e+00 -2.3640105e-01 3.2529068e-01 -3.2392256e-02 -5.0027411e-02 5.0588357e-01 -6.6935344e-01 3.5276701e-01 5.1911576e-01 -2.2160064e-01 -5.7661201e-01 -2.1594515e-01 1.3172127e+00 1.2869181e+00 1.2342890e+00 1.2453350e+00 -2.1341916e-01 8.3865452e-01 1.4158044e+00 8.9218385e-01 6.5397857e-01 3.9022864e-02
2.0000000e+00 -5.5021836e-01 -1.3961585e+00 -5.3090187e-01 -5.6622984e-01 7.2871411e-01 -1.7531984e-01 -7.5642842e-01 -5.1843701e-01 2.4965651e-01 2.7110120e-01 -7.3870444e-01 -7.2674167e-01 -4.4209165e-01 -5.5217865e-01 -8.9329925e-02 -5.1314357e-02 -7.1996219e-01 -6.0052242e-01 7.3587897e-01 1.3166783e-01 -6.0658404e-01 -1.2811285e+00 -4.7303523e-01 -5.8957426e-01 4.5288639e-01 2.6940237e-02 -8.3015619e-01 -4.9846129e-01 9.1929459e-01 4.6904961e-01
1.0000000e+00 3.7850807e-01 4.4296070e-02 4.0082046e-01 2.6737664e-01 9.1374426e-01 3.4034992e-01 7.2568592e-01 8.2413977e-01 4.3585463e-01 -6.8578153e-01 2.4949727e-01 -7.8189772e-01 1.1283766e-01 1.7541789e-01 -2.6700380e-01 -5.9456068e-01 -1.2479363e-01 -1.4049581e-01 -7.9576410e-01 -5.0455093e-01 6.1934454e-01 5.2562198e-02 5.2538607e-01 4.8415882e-01 9.7453350e-01 -9.4562448e-02 5.1291052e-01 5.6024403e-01 -1.0314275e-01 -2.0813168e-01
1.0000000e+00 5.7731800e-01 5.2367190e-01 5.8617636e-01 4.4058249e-01 3.1595455e-01 4.5595394e-01 1.9461064e-01 1.8599664e-01 1.2719207e+00 -5.5110915e-01 1.0115874e-01 8.7354441e-02 -1.0919992e-02 7.3549975e-02 -7.2135555e-01 -3.3299764e-01 -3.2174635e-01 -4.1609003e-01 -6.2867577e-01 -5.3783705e-01 6.6283187e-01 9.7751493e-01 6.6835809e-01 5.1755916e-01 3.1261154e-01 3.2592590e-01 1.2958839e-01 2.5266676e-01 9.3709018e-01 -4.2979495e-01
2.0000000e+00 4.4951161e-01 -1.2472262e+00 4.1317752e-01 3.0378115e-01 -1.2384788e-01 -1.8422703e-01 -2.1907566e-01 2.6853739e-01 1.5996137e-02 -7.8926663e-01 -3.3736028e-01 -7.2819314e-01 -4.4258668e-01 -2.7275693e-01 -6.0801762e-01 -5.7723492e-01 -5.0112584e-01 1.4337111e-01 -4.6643057e-01 -5.5410185e-01 2.5487929e-01 -1.0466334e+00 2.0965618e-01 7.4213575e-02 -4.4136579e-01 -3.7764462e-01 -4.8593388e-01 3.4707166e-01 -2.8756974e-01 -7.3347363e-01
1.0000000e+00 1.2277105e+00 6.0977338e-01 1.1628392e+00 1.1948385e+00 -1.4662082e-01 -1.3741688e-01 3.3271532e-01 5.0429439e-01 -4.3672084e-01 -7.8359621e-01 6.8837721e-01 -2.6949225e-02 4.4549823e-01 6.1633215e-01 -3.4667369e-01 -6.2921219e-01 -1.1086768e-01 -4.2955343e-01 -6.8073952e-01 -6.0138327e-01 1.2944336e+00 9.3029023e-01 1.1419529e+00 1.2470929e+00 6.1946278e-01 -1.7026307e-01 5.9638743e-01 3.5468496e-01 3.3689357e-01 -4.3478238e-01
1.0000000e+00 -3.8549012e-01 7.4008914e-01 -4.2215974e-01 -4.2260266e-01 -4.1349123e-01 -8.8562128e-01 -5.2340816e-01 -5.6435030e-01 -8.2737179e-01 -3.0444604e-01 -6.0805103e-01 2.9600399e-01 -6.9752745e-01 -4.5031073e-01 1.5267989e-01 -7.5216918e-01 -2.8427891e-01 -4.6653723e-01 -4.9306784e-01 -4.4100470e-01 -3.6843913e-01 1.2527209e+00 -4.5337658e-01 -3.9901653e-01 4.1781768e-01 -6.4864014e-01 -2.6140978e-01 -3.2426902e-01 -1.1608500e-01 -1.8153209e-01
2.0000000e+00 -6.8654517e-01 -6.0960979e-01 -7.1049114e-01 -6.5780994e-01 6.2196595e-01 -8.2232334e-01 -6.6389828e-01 -5.9117604e-01 -1.7255039e+00 -4.7455853e-01 1.5782333e-01 2.3425839e+00 1.9402268e-01 -1.3128594e-01 -1.5433256e-01 -6.5268580e-01 -1.7486073e-01 2.0663288e-01 -8.4177393e-01 -3.3249755e-02 -6.0865486e-01 -3.2116573e-02 -6.2851731e-01 -5.8693740e-01 -2.3095352e-01 -9.6352930e-01 -8.0400969e-01 -6.8407351e-01 -1.9231459e+00 -5.8274261e-01
2.0000000e+00 -7.6606915e-01 -9.0747438e-01 -7.7886687e-01 -7.2549959e-01 2.1149519e-03 -6.7184860e-01 -6.7507221e-01 -5.2024259e-01 -2.8338122e-01 -5.8796685e-01 -8.2749100e-01 -4.0469562e-01 -8.5296706e-01 -6.0872304e-01 -6.3601876e-01 -5.7388155e-01 -5.8202898e-01 -5.1811991e-01 -6.6984246e-01 -8.3476435e-01 -8.1780822e-01 -5.9555609e-01 -8.1408308e-01 -7.3583260e-01 -5.8602424e-01 -5.6912268e-01 -6.3465711e-01 -4.5445642e-01 -3.6360543e-01 -9.0304603e-01
1.0000000e+00 2.3366083e-01 -4.0017375e-01 2.0104799e-01 6.6014171e-02 1.4474851e+00 4.9575205e-01 8.1733721e-01 9.6265345e-01 5.3077916e-01 -9.0387830e-02 3.2151851e+00 4.2663675e-01 2.7488757e+00 1.3544895e+00 9.8638036e-01 5.2099453e-01 1.1232367e+00 2.6300453e+00 3.7701063e+00 -3.4341586e-01 4.7231595e-01 -6.9163393e-01 4.2113564e-01 1.5964813e-01 3.8274896e-01 -2.4087458e-01 3.0373849e-01 7.9321097e-01 8.3031666e-01 -6.9135761e-01
2.0000000e+00 -8.0867127e-01 -1.3728878e+00 -7.8133828e-01 -7.6816113e-01 1.4261354e+00 1.7547205e-01 -5.3294993e-01 -2.4740192e-02 -1.4829632e-01 -2.9452281e-01 -2.4099437e-01 2.2887326e-01 -5.0248539e-01 -3.0817969e-01 1.4097309e+00 5.3105464e-01 -3.3235659e-01 1.2739725e+00 -5.7419044e-01 -1.3348636e-01 -9.0064123e-01 -1.6133298e+00 -9.1535493e-01 -7.8505416e-01 1.8987104e-01 -4.5843437e-01 -8.8993334e-01 -4.3390052e-01 -1.2922115e+00 -8.9251703e-01
2.0000000e+00 -1.2466212e+00 -1.7033313e+00 -1.2657350e+00 -1.0420482e+00 -2.7471862e-01 -1.2000263e+00 -1.1148728e+00 -1.2618196e+00 3.3362821e-01 2.0163861e-01 -7.4484009e-01 -1.3078760e+00 -8.1583977e-01 -6.1774374e-01 -3.3367317e-01 -1.1078502e+00 -1.0575007e+00 -1.9134475e+00 2.6972673e-01 -2.1745816e-01 -1.1698485e+00 -1.8852789e+00 -1.2132133e+00 -9.4520001e-01 -3.9314631e-01 -1.1592059e+00 -1.3058307e+00 -1.7450628e+00 3.3042245e-01 -1.3498280e-01
1.0000000e+00 5.6311729e-01 -2.8847453e-01 5.4086714e-01 4.4968361e-01 6.0470614e-02 1.7736720e-01 7.1195276e-02 2.7111679e-01 1.8028859e-01 -4.5024500e-02 1.0817811e+00 2.0891548e-01 8.2518671e-01 7.4240195e-01 -9.0329966e-02 -3.4082217e-01 -4.0574791e-02 -2.0460654e-02 -2.1700885e-01 -1.3651237e-01 7.5601901e-01 -6.6313770e-02 6.4750801e-01 6.1951810e-01 -4.2459182e-02 -1.9507252e-01 3.8435440e-02 1.0649142e-01 -1.7594288e-01 -1.3110370e-01
2.0000000e+00 -7.6606915e-01 -4.6067750e-01 -7.5415275e-01 -7.3061897e-01 9.1374426e-01 -1.7967868e-01 -8.5988138e-01 -7.8179357e-01 -6.0831518e-01 4.0010317e-01 -4.3625264e-01 1.2539776e+00 -4.5991276e-01 -4.1708815e-01 -1.2566473e-01 -4.5427794e-01 -6.7354236e-01 -3.6921143e-01 2.7578066e-01 -1.0171325e-01 -7.2255025e-01 1.7632348e-01 -7.3276775e-01 -6.6375818e-01 3.9151614e-01 -4.7751856e-01 -9.3603754e-01 -7.7025605e-01 -5.1244125e-01 -1.6546150e-01
2.0000000e+00 -3.4856828e-01 -7.8413983e-01 -3.3895553e-01 -4.0582245e-01 -6.8249660e-01 -1.7531984e-01 -5.0043256e-01 -4.6530141e-01 -1.2273971e-01 -6.3453353e-02 -6.8889734e-01 -8.0856858e-01 -5.8268035e-01 -5.2137625e-01 -5.7234951e-01 -5.5040794e-01 -5.5682964e-01 -6.8324935e-01 6.0260920e-02 -7.2166720e-01 -3.7050995e-01 -6.2812485e-01 -3.0057523e-01 -4.1624407e-01 -5.1226361e-02 3.4030680e-03 -3.0314824e-01 -2.0413116e-01 1.0487170e+00 -1.5327002e-01
2.0000000e+00 -9.5919880e-01 -1.0052112e+00 -9.7657983e-01 -8.5206215e-01 -1.3115991e+00 -1.0034995e+00 -8.3226044e-01 -1.0586920e+00 -1.5064473e+00 -8.3888277e-01 -5.5102552e-01 4.0181499e-02 -5.2476177e-01 -4.9717437e-01 -1.6466631e-01 -4.2856875e-01 -3.8839196e-01 -1.0031268e+00 -4.6400900e-01 -5.4275431e-01 -8.9442875e-01 -8.0725302e-01 -8.7782478e-01 -7.7239719e-01 -1.0857534e+00 -8.3948206e-01 -8.3783223e-01 -1.2253790e+00 -9.7189094e-01 -9.0082940e-01
2.0000000e+00 -6.3258247e-01 -1.0796774e+00 -5.7085636e-01 -6.3164420e-01 1.3407369e+00 4.7869572e-01 -6.4908342e-01 -4.8722629e-01 6.6951501e-01 2.2103836e+00 -3.2382035e-02 -1.0215725e+00 7.6700426e-02 -3.3678191e-01 1.0430493e+00 1.2257616e+00 -1.3275131e-01 -1.1292016e-01 1.2988940e+00 2.1288349e+00 -6.4592972e-01 -1.4928254e+00 -6.2553873e-01 -6.5215596e-01 4.3973562e-01 -1.6317263e-02 -8.5390394e-01 -8.2507180e-01 -2.8109862e-01 1.0891526e+00
1.0000000e+00 -6.6098389e-01 -6.3055340e-01 -5.3460898e-01 -6.3391948e-01 9.0662772e-01 1.2443355e+00 9.6799686e-01 6.5080421e-01 3.1631093e+00 1.5469449e+00 -3.0848660e-01 3.7946381e-01 -2.8962223e-01 -3.4360244e-01 -5.3801478e-01 6.0650552e-01 4.8396931e-01 1.0760767e+00 4.3270674e+00 3.1776749e-01 -5.2375102e-01 1.1444284e-01 -4.5665302e-01 -5.0783132e-01 2.6877565e-01 9.8560279e-01 8.5497394e-01 1.0946976e+00 4.6482789e+00 1.0559031e+00
2.0000000e+00 2.3366083e-01 -1.2092570e-01 2.4182629e-01 9.8436941e-02 -1.0660783e+00 2.3422163e-01 2.1352041e-02 -3.4303793e-01 -2.4687179e-01 3.0228849e-01 6.0735583e-02 1.2557919e+00 2.0045808e-01 -1.9957291e-02 -4.1700988e-01 1.3017714e+00 7.0081624e-01 5.6349414e-01 1.5761638e+00 2.1080311e+00 -3.9738737e-03 -3.3745011e-02 -4.8018541e-03 -1.2460635e-01 -1.4320569e+00 -1.3772704e-02 -1.0644977e-01 -4.6526731e-01 -7.8876045e-02 4.5630397e-01
2.0000000e+00 8.8813585e-02 -9.5634279e-01 8.2420215e-02 -4.2061728e-02 2.3767256e-01 -4.2469966e-02 -4.9332447e-02 1.6510352e-01 -3.1989066e-01 -2.8176438e-01 -5.9397511e-01 -8.6626471e-01 -3.6932215e-01 -4.2104846e-01 -4.4501101e-01 -1.4017872e-01 -2.4990990e-02 5.0834286e-01 -7.2674935e-01 -4.7920809e-01 -8.6806886e-02 -9.4892712e-01 3.9876904e-02 -1.9984502e-01 -3.3692004e-02 1.2236119e-01 1.8284090e-01 6.8967010e-01 -3.3933872e-01 -3.9432883e-01
2.0000000e+00 -1.0999635e-01 -3.2105347e-01 -1.5854246e-01 -1.9877178e-01 -1.2041393e+00 -7.6906969e-01 -7.5316413e-01 -9.1901756e-01 -1.2362774e+00 -9.9198401e-01 -5.6004854e-01 -8.3360652e-01 -6.4010390e-01 -4.1510800e-01 -1.4010498e+00 -5.3419998e-01 -4.6730568e-01 -9.6808952e-01 -8.7809748e-01 -6.8800283e-01 -1.9241898e-01 -5.2390482e-01 -2.9997951e-01 -2.7191944e-01 -1.5455919e+00 -4.5716209e-01 -5.5549797e-01 -8.2857392e-01 -8.9100191e-01 -7.6506065e-01
2.0000000e+00 -3.2016686e-01 3.4681480e-01 -3.4842928e-01 -3.8534491e-01 1.2197557e+00 -5.3918824e-01 -7.2114895e-01 -5.7956875e-01 2.6592792e+00 -2.7325875e-01 5.4239005e-02 1.9077204e-01 3.4358952e-03 -1.2226524e-01 -7.9932942e-03 -7.8570291e-01 -4.1127031e-01 -4.3170007e-02 1.0857958e+00 -8.5556817e-01 -4.3677636e-01 -2.5521257e-01 -4.8971530e-01 -4.6388351e-01 -1.1698020e-01 -9.1454654e-01 -9.1665554e-01 -7.8639625e-01 4.7764049e-01 -1.0859182e+00
2.0000000e+00 -1.6780387e+00 3.2819826e-01 -1.5940209e+00 -1.2826593e+00 -1.6441218e-01 4.9575205e-01 5.4363884e-01 -7.0260605e-01 1.4982792e+00 2.8086125e+00 -7.6396891e-01 1.3519521e+00 -8.0346400e-01 -6.6284725e-01 1.7964132e+00 1.6030160e+00 1.5131633e+00 -2.5566467e-01 3.0847185e-01 3.0203733e+00 -1.4862706e+00 6.5834110e-01 -1.4649037e+00 -1.1088617e+00 1.3427550e+00 1.1242812e+00 1.2757168e+00 -5.4535921e-01 6.8148084e-01 3.5828644e+00
2.0000000e+00 -1.2486093e+00 -9.1910972e-01 -1.1611119e+00 -1.0087722e+00 7.7141338e-01 1.0529255e+00 4.0427093e+00 7.6481361e-01 2.6884867e+00 4.2758327e+00 1.5134426e+00 2.6256216e+00 5.9747263e-01 2.0930052e-01 1.3097268e+00 3.9336098e+00 1.2072680e+01 6.6496008e+00 1.8062129e+00 9.8515926e+00 -1.0870155e+00 -1.0075509e+00 -1.0788792e+00 -8.7910249e-01 -1.3889814e-01 1.4589836e-01 2.6358147e+00 6.4703563e-01 3.3527579e-01 2.3249253e+00
2.0000000e+00 -8.4559312e-01 -1.4450269e+00 -8.6907341e-01 -7.7640902e-01 8.3955210e-02 -1.0084269e+00 -8.6603332e-01 -8.0113906e-01 6.7109344e-02 -2.4774188e-01 -6.4991787e-01 -7.8988083e-01 -7.1138831e-01 -5.4689824e-01 6.5936710e-01 -9.2179393e-01 -6.6094269e-01 -5.7813748e-01 4.0412387e-01 -8.2303856e-01 -8.8614545e-01 -1.5270226e+00 -9.2369497e-01 -7.7310035e-01 7.5897724e-02 -1.0468000e+00 -9.6443888e-01 -9.0668637e-01 -6.7551581e-02 -8.9916693e-01
2.0000000e+00 -2.7756473e-01 -9.1910972e-01 -2.7428692e-01 -3.2988491e-01 -1.7935693e-01 -3.6691929e-01 5.1860621e-02 -3.6341518e-01 3.7901797e-02 -1.0314627e-01 -4.8425513e-01 -7.6956018e-01 -5.1832637e-01 -3.8606574e-01 5.1436122e-01 -2.9666944e-01 -4.7206195e-02 -3.6661608e-01 8.6543297e-01 -1.1949106e-01 -3.1045602e-01 -8.4307865e-01 -2.8568231e-01 -3.5735400e-01 6.7644944e-01 -1.8234973e-01 1.3774418e-01 -2.6473302e-01 1.5340512e+00 1.3212144e-01
2.0000000e+00 -5.3317750e-01 -3.1407227e-01 -5.6426593e-01 -5.5343138e-01 -6.9886465e-01 -7.1164670e-01 -6.2711222e-01 -6.6056186e-01 5.7824142e-01 -7.3376581e-02 -6.6832484e-01 -4.2556058e-01 -6.8416162e-01 -5.2423648e-01 -5.0768022e-01 -5.5096684e-01 -3.9634965e-01 -6.2809806e-01 -3.0902852e-01 -4.9585115e-01 -5.5481340e-01 -7.4455959e-02 -6.1541154e-01 -5.5617392e-01 -4.6766733e-01 -4.8006312e-01 -3.7367183e-01 -4.9480691e-01 3.4336469e-01 -1.4551181e-01
1.0000000e+00 1.0090196e+00 3.3750653e-01 1.0475066e+00 8.7828988e-01 1.0774248e+00 1.1780053e+00 1.2140743e+00 1.4568662e+00 5.8189236e-01 -1.6126803e-01 1.4658010e+00 3.3229087e-01 1.3236825e+00 1.1786959e+00 6.6536734e-01 1.3448063e+00 6.6865393e-01 1.0728325e+00 -3.3445500e-01 4.4372519e-01 8.6991440e-01 -9.2368776e-02 7.6367278e-01 7.4081408e-01 4.1343409e-01 6.0773580e-01 4.1312203e-01 5.6176669e-01 -7.0819270e-01 -3.6385013e-01
2.0000000e+00 7.7044766e-01 3.9641936e-02 6.7679480e-01 6.4080731e-01 -1.5592548e+00 -6.0855066e-01 -4.6829183e-01 -5.4706833e-01 1.1822255e-01 -1.4342765e+00 2.6609963e-01 1.5297578e+00 3.0342445e-01 1.3801498e-01 -1.1993749e+00 6.3259199e-02 -4.4222063e-02 -1.1292016e-01 -6.4683754e-01 -8.6086369e-01 4.0397871e-01 3.8964885e-01 3.8837121e-01 2.6617764e-01 -1.9563342e+00 -5.2968201e-01 -4.0293672e-01 -4.6054706e-01 -6.0465474e-01 -1.3424935e+00
2.0000000e+00 -5.8714020e-01 -1.5241472e+00 -6.2316791e-01 -5.8670738e-01 -2.3130770e-01 -9.8416898e-01 -8.6728881e-01 -7.5548371e-01 -8.0911707e-01 -5.2842748e-01 -8.0475298e-01 -8.8604106e-01 -8.3910620e-01 -5.9596205e-01 -5.0434675e-01 -8.7685874e-01 -7.8090480e-01 -8.9590622e-01 -7.1343072e-01 -4.7845159e-01 -6.4800054e-01 -1.1834222e+00 -6.9047185e-01 -6.1137238e-01 -2.1341916e-01 -8.3375680e-01 -8.9151652e-01 -6.7539435e-01 -6.2568589e-01 -2.7518482e-01
2.0000000e+00 -9.1659667e-01 -1.4729517e+00 -9.5886805e-01 -8.1935497e-01 -1.5094390e+00 -1.2728000e+00 -1.0760780e+00 -1.0918888e+00 -1.3494567e+00 -7.6091455e-01 -4.4527566e-01 -8.2634915e-01 -5.2377171e-01 -4.7957301e-01 -2.9967179e-01 -1.0811350e+00 -9.9665755e-01 -1.3333857e+00 -5.0517569e-01 -4.2738765e-01 -8.0952492e-01 -1.2176194e+00 -8.6948474e-01 -7.2176930e-01 -6.6931243e-01 -1.0898666e+00 -1.2168846e+00 -1.1431554e+00 -2.6330303e-01 -3.9322051e-01
2.0000000e+00 -6.7518460e-01 2.0719077e-01 -6.5364866e-01 -6.6861753e-01 8.9239463e-01 1.8494779e-01 -2.5573617e-01 -2.9764052e-01 6.6221312e-01 2.4558433e-01 3.4875054e-01 8.6389363e-01 5.2470313e-01 -4.3939154e-02 7.9737269e-01 -7.9818022e-02 3.2415246e-01 -4.4792104e-02 1.6258060e+00 4.7890256e-01 -6.1072569e-01 8.6759394e-02 -5.4660625e-01 -5.9185955e-01 1.5041874e-01 -4.1390459e-01 -3.6743505e-01 -5.4079123e-01 4.3234263e-01 -2.2586474e-01
1.0000000e+00 1.4378810e+00 -7.7948569e-01 1.4140994e+00 1.4280549e+00 -6.7039847e-01 2.6833430e-01 3.8293521e-01 1.2316847e+00 -2.5782462e-01 -1.5646960e+00 2.1468590e+00 -1.0582223e+00 2.0320713e+00 1.7373193e+00 7.8837233e-01 2.8346398e-01 3.8284039e-01 2.6186906e+00 1.3340068e+00 -1.6374647e-01 1.1929631e+00 -1.2811285e+00 1.1717388e+00 1.0800912e+00 -8.7534112e-01 -3.3502326e-01 -2.1967133e-01 9.6070354e-01 -7.4054832e-01 -1.1878833e+00
1.0000000e+00 1.5514867e+00 -2.6520386e-01 1.5953363e+00 1.5901688e+00 1.1130075e+00 1.1799005e+00 2.0339139e+00 2.0552865e+00 7.8634519e-01 -2.8034677e-01 1.1954712e+00 -3.0635818e-01 9.5339964e-01 1.2482213e+00 -9.9469997e-01 -1.5135663e-01 2.7839577e-01 2.0014449e-01 -4.4584722e-01 -1.8038953e-01 2.1662510e+00 1.1607128e-01 2.0146780e+00 2.3756729e+00 5.0110587e-01 8.2911242e-01 1.9612829e+00 1.6763536e+00 1.2007884e+00 4.5907476e-01
2.0000000e+00 -5.0761623e-01 6.8191246e-01 -4.9918541e-01 -5.4148615e-01 3.4442073e-01 -5.3840853e-02 -4.4067090e-01 -5.3391340e-01 -9.5150386e-01 6.8220638e-01 -3.9799501e-01 7.9676290e-01 -4.5100221e-01 -4.1334786e-01 1.4330651e+00 3.5053143e-01 -2.1343718e-02 -7.2367747e-02 -2.1216571e-01 5.8746070e-01 -5.5688423e-01 4.8898356e-01 -5.9277430e-01 -5.7586255e-01 5.6247612e-01 -1.3018627e-01 -4.9600868e-01 -4.9739543e-01 -1.0236599e+00 3.8093846e-01
1.0000000e+00 2.5966589e+00 6.4002525e-01 2.4768066e+00 2.9325852e+00 -8.5187035e-01 1.9252838e-01 5.4740533e-01 1.2407126e+00 -3.8768014e-02 -1.0302593e+00 9.3488625e-01 -6.5453078e-01 8.5983885e-01 1.2653826e+00 -7.1035510e-01 -2.1315622e-03 -1.2180950e-01 7.1921542e-01 -1.1893527e-01 -2.0767461e-02 2.4313167e+00 4.1407542e-01 2.2916863e+00 2.6762760e+00 -4.1944785e-01 6.6180767e-01 5.8823164e-01 1.8270969e+00 1.1134283e+00 4.3912507e-01
2.0000000e+00 2.3934111e-01 1.0945395e-01 1.4544122e-01 1.0042781e-01 -8.6468013e-01 -9.6313284e-01 -8.7042756e-01 -7.6167427e-01 -1.0829378e+00 -1.4371117e+00 -7.9825640e-01 -2.7551434e-01 -7.8217768e-01 -5.2137625e-01 -1.1357057e+00 -9.7779525e-01 -7.8335842e-01 -8.7011488e-01 -1.5768039e-01 -8.6048544e-01 -5.9886157e-02 2.3250316e-02 -1.4777388e-01 -1.7312474e-01 -1.2216447e+00 -9.8165928e-01 -9.3402258e-01 -8.6892440e-01 -4.1213885e-01 -1.2798736e+00
2.0000000e+00 -9.4499809e-01 -2.2292485e+00 -9.5557283e-01 -8.4552072e-01 -2.9909497e-02 -8.9035915e-01 -7.9710653e-01 -8.2383776e-01 -1.5721642e+00 1.7045132e-01 -8.3867955e-01 -1.4704412e+00 -8.6138258e-01 -6.3490508e-01 2.5601741e-01 -8.7534973e-01 -6.9310500e-01 -1.0465990e+00 -9.6890636e-01 -6.3353464e-01 -9.6690764e-01 -2.2239940e+00 -1.0008403e+00 -8.2021241e-01 4.9233869e-01 -8.1785331e-01 -8.0352994e-01 -1.0441825e+00 -1.3116249e+00 -3.8546230e-01
1.0000000e+00 7.5340680e-01 -1.1394449e-01 7.1386598e-01 6.5815634e-01 -5.4870557e-01 -2.3729117e-01 -5.7493178e-02 4.3439269e-01 2.9711878e-01 -1.0571938e+00 6.9956576e-01 3.1596177e-01 6.2519434e-01 5.9411043e-01 -3.0600538e-01 -4.3489821e-02 -1.8679726e-01 6.8839558e-01 4.4520715e-02 -1.1419554e-01 7.8293974e-01 1.0141534e-01 6.9814393e-01 6.6698174e-01 -6.8246320e-01 -2.6950087e-01 -1.9376470e-01 4.9933764e-01 -1.4682283e-01 -6.4647080e-01
1.0000000e+00 9.4937660e-01 1.2543710e+00 9.9395935e-01 9.3773162e-01 6.0773286e-01 1.0605061e+00 1.5957454e+00 1.4284928e+00 -9.9896613e-01 1.2083517e-01 2.4644695e+00 3.5043431e-01 2.2132525e+00 1.8033244e+00 -2.8900469e-01 6.0706442e-01 4.8231146e-01 6.3162220e-01 -1.1008819e+00 5.0121939e-01 1.4228248e+00 1.0833634e+00 1.4308756e+00 1.3701468e+00 2.2932334e-01 8.1893418e-01 1.0401584e+00 8.7543459e-01 -1.1983802e+00 5.0174494e-01
2.0000000e+00 2.3934111e-01 -5.4445191e-01 1.7509817e-01 8.8198171e-02 1.5583231e-01 -4.8309186e-01 -7.8819250e-01 -2.8654911e-01 -1.1543783e-01 -8.9275173e-01 -4.8317237e-01 2.6593371e-04 -4.8169410e-01 -3.5328319e-01 -6.5368614e-01 -6.5827476e-01 -8.1625019e-01 -4.4171916e-01 -8.5267100e-01 -7.9013069e-01 -3.2965428e-02 -4.3596918e-01 -7.9266450e-02 -1.5273296e-01 -4.7205092e-01 -5.7612021e-01 -9.8689129e-01 -4.5308603e-01 -8.0364176e-01 -1.0897973e+00
2.0000000e+00 -5.1329651e-01 -1.6055945e+00 -5.4037561e-01 -5.4262379e-01 4.5828543e-01 -6.5441324e-01 -6.1430615e-01 -3.0744224e-01 5.3808104e-01 -4.6038249e-01 -6.1057748e-01 -1.0001633e+00 -5.9208593e-01 -5.0399490e-01 3.3468727e-01 -7.6446488e-01 -4.9946799e-01 9.9574499e-02 -1.5768039e-01 -5.8511846e-01 -5.7345083e-01 -1.6344995e+00 -6.0439078e-01 -5.8271840e-01 2.6877565e-01 -8.1212805e-01 -7.0997823e-01 -3.1513306e-01 -1.1932056e-01 -8.9972108e-01
1.0000000e+00 -1.9804075e-01 7.9202077e-02 -2.5245611e-01 -2.5451619e-01 -4.1847281e-01 -7.8574699e-01 -3.7940264e-01 -3.7502247e-01 -7.7990952e-01 -8.6298204e-01 2.3289490e-01 -1.2673814e-01 1.3659913e-01 6.7389497e-02 -3.4600700e-01 -8.2985564e-01 -3.4429312e-01 -3.8170158e-01 -6.4683754e-01 -7.2885397e-01 3.5427890e-01 6.8276767e-01 2.7816361e-01 1.9867380e-01 3.3891307e-01 -6.3400893e-01 -3.7365432e-02 2.1222478e-02 -2.7107066e-02 -5.6722618e-01
1.0000000e+00 3.7850807e-01 -1.7219479e+00 4.3377262e-01 2.3324740e-01 2.0879741e+00 9.6953903e-01 1.4362973e+00 1.5677803e+00 5.6363765e-01 1.1188284e+00 5.6765452e-02 -1.0134080e+00 -3.0226186e-02 9.4671617e-02 -5.4934858e-01 -1.2676524e-01 3.6924601e-01 2.2772013e-01 -3.1750401e-01 1.4112411e-01 5.2201575e-01 -1.4065182e+00 5.2836465e-01 3.8923153e-01 9.0877966e-01 6.6180767e-01 1.4911256e+00 1.0368365e+00 5.0999610e-01 9.4507148e-01
2.0000000e+00 -8.6547411e-01 -1.0657149e+00 -8.9625894e-01 -8.0257477e-01 3.0172146e-01 -8.8903255e-01 -8.1819888e-01 -5.9556102e-01 -8.9673971e-01 5.5178681e-01 -7.1416181e-01 1.0671001e+00 -7.3712990e-01 -4.6769208e-01 2.6397807e+00 -2.3854431e-01 -5.7572914e-01 6.5433155e-01 1.2444087e+00 3.7450519e-01 -1.0186783e+00 -1.4423438e+00 -1.0499869e+00 -8.5097588e-01 -4.7205092e-01 -1.0933018e+00 -1.1169042e+00 -1.0894055e+00 -1.6157676e+00 -5.9936735e-01
2.0000000e+00 -9.8476008e-01 -9.6332400e-01 -1.0082963e+00 -8.6827354e-01 -6.0065634e-01 -1.1621234e+00 -1.1148728e+00 -1.2618196e+00 4.2490180e-01 -4.3203041e-01 -2.6806345e-01 1.2848214e+00 -3.5199608e-01 -4.0388712e-01 5.5736296e-01 -8.5556483e-01 -1.0575007e+00 -1.9134475e+00 1.4659823e+00 -1.0564196e+00 -9.7933259e-01 -1.0547756e+00 -1.0145418e+00 -8.3023251e-01 -1.0857534e+00 -1.1854784e+00 -1.3058307e+00 -1.7450628e+00 -3.0860089e-01 -1.2360951e+00
2.0000000e+00 -1.5496643e+00 -1.1262187e+00 -1.5466522e+00 -1.2163917e+00 -3.5442391e-01 -1.1670508e+00 -1.1148728e+00 -1.2618196e+00 -3.2719254e-01 6.2975503e-01 -6.6688116e-01 -7.7935764e-01 -7.0841812e-01 -6.3754528e-01 7.1036916e-01 -9.7645390e-01 -1.0575007e+00 -1.9134475e+00 7.9520744e-01 -1.4975117e-01 -1.4510666e+00 -1.4065182e+00 -1.4565636e+00 -1.0923373e+00 -7.0876473e-01 -1.1685571e+00 -1.3058307e+00 -1.7450628e+00 -4.9949900e-01 -3.0289273e-01
2.0000000e+00 -1.1994748e+00 -2.8614746e-01 -1.1273360e+00 -1.0025152e+00 4.4814217e-02 4.7490542e-01 5.2606188e-01 -3.0331520e-01 -5.2069254e-01 2.6030599e+00 9.3579394e-02 1.8944410e+00 1.3164882e-01 -2.8287772e-01 1.9397523e+00 3.4987892e+00 2.9113950e+00 2.0769103e+00 2.2106151e+00 5.3428366e+00 -1.0373157e+00 -2.0961631e-01 -1.0184139e+00 -8.6205073e-01 -9.9445841e-02 2.5913123e-01 3.6658605e-01 -2.3610702e-01 -4.6390783e-01 1.7873919e+00
1.0000000e+00 6.6252226e-01 1.9090130e-01 7.1386598e-01 5.0628126e-01 1.3875260e-01 9.7143418e-01 1.1362335e+00 1.0250749e+00 -6.4324618e-02 6.1295804e-02 -3.6623396e-01 1.2182697e-01 -1.9012107e-01 -1.9245069e-01 -1.3799857e-01 8.6415630e-01 7.2336302e-01 1.0274138e+00 -4.5069036e-01 2.9847667e-01 3.1493322e-01 4.5152949e-01 4.8368590e-01 1.7687568e-01 4.0028332e-01 1.3513831e+00 1.5064776e+00 1.3535497e+00 2.4791564e-01 6.2310558e-01
2.0000000e+00 -3.1732672e-01 6.8191246e-01 -4.1021458e-01 -3.6543620e-01 -2.4089702e+00 -1.6101363e+00 -1.0948477e+00 -1.2140491e+00 -1.5210510e+00 -1.4824750e+00 -8.3759679e-01 -1.3580986e-01 -8.7375835e-01 -5.7198019e-01 -1.2077086e+00 -1.2980982e+00 -1.0046152e+00 -1.6130352e+00 -5.3423453e-01 -1.0691667e+00 -4.6990957e-01 5.4435045e-01 -5.6834992e-01 -4.7777102e-01 -2.2408291e+00 -1.3991578e+00 -1.2675608e+00 -1.6040798e+00 -9.7997985e-01 -1.4139799e+00
2.0000000e+00 -3.7412955e-01 -1.4496810e+00 -4.3987152e-01 -4.1549240e-01 -6.3837403e-01 -1.2621872e+00 -9.9945499e-01 -9.1875962e-01 -1.2618341e+00 -2.0804897e-01 -4.1965027e-01 -4.1177157e-01 -5.3862262e-01 -4.0806745e-01 4.9769388e-01 -1.0682804e+00 -8.5259028e-01 -7.1179825e-01 -1.1977447e+00 -1.6790723e-01 -5.4653010e-01 -1.5514491e+00 -6.1243296e-01 -5.4474749e-01 -7.0876473e-01 -1.2711029e+00 -1.1735150e+00 -1.1375216e+00 -1.8082835e+00 -5.9604240e-01
1.0000000e+00 3.7185150e+00 6.0046511e-01 3.7125126e+00 4.5366591e+00 9.2797735e-01 1.6498971e+00 2.4896594e+00 3.5822903e+00 -4.2418957e-02 -7.2263924e-01 1.5553095e+00 4.7925272e-01 1.4622911e+00 1.9441353e+00 -8.0335888e-01 -6.0438300e-03 -2.6648841e-02 9.9574499e-02 -5.8024436e-01 -3.9637104e-01 3.4895084e+00 1.1680422e+00 3.3818480e+00 4.1054590e+00 6.5014790e-01 9.4870669e-01 1.2560469e+00 2.3478466e+00 -7.2404923e-02 -1.7321972e-01
1.0000000e+00 1.9775080e+00 1.6941867e+00 2.0896187e+00 1.8660467e+00 1.2624549e+00 3.3896430e+00 2.0075485e+00 2.5969602e+00 2.1298924e+00 1.5852202e+00 8.1072943e-01 -8.2362763e-01 7.6627807e-01 9.0477457e-01 -9.2936398e-01 1.2358217e+00 2.2633924e-01 6.2837801e-01 -3.1023930e-01 5.6741338e-01 2.1558969e+00 1.2706338e+00 2.0623353e+00 2.1242914e+00 7.3343609e-01 3.2070027e+00 1.9468903e+00 2.6752184e+00 1.9368786e+00 2.4634649e+00
1.0000000e+00 4.4667147e-01 2.3744264e-01 3.8022536e-01 3.1771725e-01 -2.7774534e-02 -3.0987534e-01 -2.8712360e-01 7.6630159e-02 -7.0689066e-01 -1.0359297e+00 -1.2730426e-01 -1.2129511e-01 -2.2774340e-01 1.4145359e-02 -8.0502561e-01 -1.5918117e-01 -4.0961246e-01 -3.2914565e-01 -6.1414634e-01 -5.1627672e-01 7.9536469e-01 1.1631569e+00 6.5644376e-01 6.8280296e-01 3.9589973e-01 6.3890664e-01 8.6410675e-02 6.0135584e-01 8.6752561e-01 1.3101312e-01
2.0000000e+00 -7.7174943e-01 -1.0168465e+00 -7.5950748e-01 -7.1924256e-01 -4.1064461e-01 -4.3192287e-01 -3.3885008e-01 -6.5282366e-01 -2.3534661e+00 -8.8970226e-02 -2.5543121e-01 -1.9749755e-01 -4.7723883e-01 -3.8650577e-01 1.0501129e-01 6.5960058e-01 9.0373722e-01 8.6358202e-01 1.3411881e-01 3.7412694e-01 -8.0745409e-01 -1.2990413e+00 -8.3820961e-01 -7.2669146e-01 -8.8849189e-01 -5.9329599e-01 -5.1519878e-01 -7.8639625e-01 -1.7629857e+00 -5.3619332e-01
1.0000000e+00 3.2738551e-01 7.2612674e-01 2.8631171e-01 1.5844751e-01 -4.1206792e-01 1.6279621e-02 -4.4004315e-01 -4.2016194e-01 -3.0893783e-01 5.2790180e-02 -7.2101931e-01 -1.3086018e+00 -7.5346591e-01 -4.5779131e-01 -1.2503770e+00 -6.4430237e-01 -4.6929510e-01 -9.3872957e-01 -1.0681907e+00 -4.6143027e-01 3.1700405e-01 3.8313509e-01 1.9476326e-01 1.6263658e-01 -9.9445841e-02 4.8114400e-01 4.3567039e-01 1.2171802e-01 4.4366709e-01 7.6330760e-01
2.0000000e+00 -1.1494883e+00 -9.7263226e-01 -1.1619357e+00 -9.5956923e-01 -2.6262049e-01 -1.0876441e+00 -1.0948226e+00 -1.1998109e+00 -3.9656047e-01 -3.2854531e-01 6.9758608e-02 9.2797472e-02 -9.2105013e-02 -3.0597952e-01 2.4497730e+00 -7.5328697e-01 -1.0045489e+00 -1.5234954e+00 5.8574163e-01 -1.2289532e-01 -9.1099536e-01 -7.3234488e-01 -9.4931079e-01 -7.7978042e-01 8.6494377e-01 -9.6925456e-01 -1.2726318e+00 -1.5864017e+00 5.2164184e-02 -3.8657061e-01
1.0000000e+00 1.1879485e+00 -1.6513997e-01 1.0969348e+00 1.0981390e+00 -7.4583384e-01 -3.7260474e-01 -8.9257255e-02 2.3784255e-01 -6.9593783e-01 -1.2117126e+00 -5.3225762e-01 -1.3447072e+00 -5.1931643e-01 -2.5119526e-01 -1.3917161e+00 -9.1083958e-01 -5.8932352e-01 -8.2356071e-01 -1.1929016e+00 -1.0242683e+00 1.0438637e+00 1.1118596e-01 9.5132356e-01 9.3066865e-01 -3.9314631e-01 -6.2119323e-02 3.9153317e-01 6.4703563e-01 4.9381829e-01 -8.0717667e-01
2.0000000e+00 -6.8654517e-01 -4.8860230e-01 -7.1213875e-01 -6.6719548e-01 9.8188299e-02 -8.1360566e-01 -6.3665399e-01 -4.2635250e-01 -1.0792869e+00 -2.6191792e-01 -5.7773367e-01 -8.1891034e-01 -5.5644373e-01 -4.9453417e-01 -4.5328141e-02 -9.3749889e-01 -4.0165477e-01 8.7370858e-03 -1.9037158e-01 -8.0336949e-01 -6.7492127e-01 -6.9814768e-01 -6.8034467e-01 -6.3123680e-01 -3.0068802e-03 -9.5589562e-01 -5.7612732e-01 -7.1659766e-02 -5.3185462e-01 -7.1906552e-01
2.0000000e+00 -6.5814375e-01 -4.4206096e-01 -6.8783653e-01 -6.4273620e-01 3.0883801e-01 -9.2333473e-01 -8.1945437e-01 -8.6123904e-01 -3.4179632e-01 -7.0846320e-01 -7.9139890e-01 1.2866358e+00 -9.1831110e-01 -5.6911996e-01 2.6335104e-01 -9.3347485e-01 -5.4157741e-01 -9.0125914e-01 1.3134234e+00 -6.8346381e-01 -7.6603758e-01 1.3072722e-01 -8.2480599e-01 -6.8749000e-01 1.4165156e-01 -9.8134121e-01 -8.8350466e-01 -1.0894055e+00 4.8411161e-01 -1.0077819e+00
2.0000000e+00 -5.1897679e-01 -7.8879396e-01 -5.4119942e-01 -5.4376143e-01 -1.1073543e+00 -6.0286521e-01 -6.3225975e-01 -8.3518712e-01 -5.2799443e-01 -1.1422500e+00 -6.0263722e-01 -6.9190626e-01 -5.8367041e-01 -4.8441338e-01 -3.4834043e-01 -1.8768483e-01 -3.5556651e-01 -8.6995267e-01 -3.5391098e-02 -7.8294392e-01 -6.0451321e-01 -9.9126651e-01 -6.1392225e-01 -5.8693740e-01 -9.9808161e-01 -5.6785040e-01 -6.2314305e-01 -1.0119022e+00 -6.7745487e-01 -1.1574046e+00
1.0000000e+00 2.6330462e-02 8.9134850e-01 9.8896295e-02 -1.2795363e-01 7.9276301e-01 2.5955760e+00 1.3722669e+00 4.4522617e-01 2.0897320e+00 1.7893552e+00 -4.3011698e-01 1.6204750e+00 -3.7328240e-01 -1.8959047e-01 3.0968625e-01 6.1434822e+00 2.8086082e+00 7.8896558e-01 3.7035131e+00 2.9976782e+00 -1.0958596e-01 1.8731558e+00 -2.5651941e-02 -2.0775562e-01 9.1754684e-01 4.3157942e+00 2.7663073e+00 9.5309024e-01 3.6646683e+00 3.3612011e+00
2.0000000e+00 -3.8549012e-01 4.9342003e-01 -4.0980268e-01 -4.1947415e-01 -6.3125748e-01 -7.2642886e-01 -7.2416214e-01 -5.2307993e-01 -4.2941896e-01 1.0262058e-02 1.1763424e+00 9.6368254e-01 1.1147796e+00 2.9290702e-01 -8.2335969e-01 -4.2353869e-01 -3.3600387e-01 9.3657637e-01 1.5967471e+00 7.8679915e-01 -5.2168020e-01 -3.5454728e-01 -5.4273410e-01 -5.2927786e-01 -1.6871818e+00 -1.0463547e+00 -1.0570311e+00 -1.0182973e+00 -1.1676424e+00 -8.4430527e-01
2.0000000e+00 -1.2517334e+00 -2.4891439e-01 -1.2867420e+00 -1.0431858e+00 -1.9115238e+00 -1.5331933e+00 -1.1148728e+00 -1.2618196e+00 -5.7910764e-01 2.3707871e-01 -1.8505162e-01 6.6552793e+00 -3.1486879e-01 -4.1026762e-01 -1.7760650e+00 -1.0474895e+00 -1.0575007e+00 -1.9134475e+00 2.1125416e+00 -7.9693922e-01 -1.3048663e+00 -7.8934020e-01 -1.3406967e+00 -1.0139344e+00 -2.6826949e+00 -1.4438784e+00 -1.3058307e+00 -1.7450628e+00 -1.6044432e+00 -1.0172026e+00
1.0000000e+00 -5.0761623e-01 1.7616716e+00 -4.4563815e-01 -5.0479722e-01 5.0098470e-01 5.8671915e-01 2.4734152e-01 -8.5098110e-02 4.7966595e-01 9.3170470e-01 4.6177590e-04 1.0743575e+00 -1.1091618e-01 -1.2974582e-01 6.8570150e-01 7.2499135e-01 1.9019809e-01 2.2934223e-01 -2.1337650e-01 7.1001413e-01 -1.2822339e-01 2.2248984e+00 -1.6564538e-01 -1.9632919e-01 2.0222113e+00 1.3761926e+00 8.1707351e-01 4.7649774e-01 5.0837832e-01 2.0256799e+00
1.0000000e+00 2.0809955e-01 9.1229211e-01 3.4727320e-01 4.6958683e-02 5.7215014e-01 1.7749769e+00 1.0157058e+00 1.0281702e+00 -2.7242839e-01 5.5603962e-01 -4.5321592e-01 -4.6202889e-01 3.5886787e-01 -3.3304162e-01 3.4668775e-01 1.4387008e+00 7.8304566e-01 1.1409606e+00 5.9421712e-01 1.9559231e-01 -3.9177904e-02 3.4242415e-01 3.3773529e-01 -1.6855417e-01 -3.3692004e-02 1.3392965e+00 8.9575289e-01 8.8457055e-01 1.6055549e-01 1.6980419e-01
2.0000000e+00 -3.4572813e-01 -6.8873007e-01 -3.8879568e-01 -3.9387722e-01 -1.2062743e+00 -9.6047963e-01 -6.2861881e-01 -6.4869662e-01 6.3458401e-02 -8.6865246e-01 -7.6144246e-01 -5.5927772e-01 -6.7970635e-01 -5.4095777e-01 -5.8101653e-01 -5.3699445e-01 -2.8792618e-01 -5.4764207e-01 -2.4364612e-01 -6.2143059e-01 -4.9475947e-01 -5.9881297e-01 -4.9001316e-01 -4.9218590e-01 -9.9369802e-01 -6.5945452e-01 -4.5954750e-01 -4.9115252e-01 1.9938222e-01 -8.0108093e-01
1.0000000e+00 -1.0147593e-01 6.9820193e-01 -5.5155054e-02 -1.8767978e-01 1.6823310e+00 4.2373643e-01 6.2399065e-01 4.2149570e-01 8.1713118e-02 8.4664845e-01 7.7211088e-01 1.6241037e+00 1.0098331e+00 2.0600027e-01 2.2530984e+00 4.4722033e-01 4.8927444e-01 1.4280717e+00 7.6857017e-01 1.9332280e-01 2.5017680e-02 1.3569410e+00 1.2923442e-01 -1.2952851e-01 1.8117990e+00 3.6854727e-01 5.2154606e-01 8.0234692e-01 2.8997793e-01 5.2003216e-01
1.0000000e+00 1.1226253e+00 5.9348391e-01 1.0475066e+00 1.0497893e+00 -1.6119173e+00 -3.3962916e-01 2.6994047e-01 2.2855671e-01 -1.5194726e-01 -1.3322090e+00 8.3382837e-01 1.5992820e-01 7.1578494e-01 7.9256585e-01 -5.0368006e-01 1.5359486e+00 9.6839342e-01 4.2886012e-01 1.0384918e-01 4.6944628e-01 7.2288581e-01 -1.5913473e-01 6.5048659e-01 6.1072853e-01 -1.9352930e+00 -3.6873867e-01 -8.9658438e-02 -3.4710891e-01 -8.6026408e-01 -1.0177568e+00
1.0000000e+00 1.4350409e+00 7.4474328e-01 1.4635276e+00 1.4024580e+00 -7.9209138e-01 7.2885525e-01 2.8375094e-01 4.8494890e-01 -1.6290009e-01 -1.0642818e+00 1.1018176e-01 -2.6099959e-01 4.7866528e-01 3.0544799e-01 -5.0568014e-01 6.4283372e-01 -1.6027164e-01 6.7132565e-02 -7.7396997e-01 -1.5050767e-01 1.4683829e+00 1.0393956e+00 1.7614984e+00 1.4193684e+00 -7.3904693e-03 1.9455376e+00 5.4841219e-01 8.5564001e-01 4.7278714e-01 4.5796644e-01
1.0000000e+00 9.1653727e-02 2.1649904e-01 1.0383912e-01 -3.4667062e-02 1.6793043e-01 3.0813240e-01 3.6661375e-01 2.8066056e-01 5.0522255e-01 2.6401318e-01 -7.0730431e-01 -1.0268341e+00 -7.0297279e-01 -4.6021150e-01 -9.9903348e-01 -5.3140550e-01 -3.9436023e-01 -7.2883026e-01 -6.4441597e-01 -6.8800283e-01 4.2675779e-01 7.2347862e-01 3.1688520e-01 2.8727260e-01 1.0008350e+00 9.6270176e-01 1.0770993e+00 1.0535858e+00 2.9965249e+00 9.6169623e-01
2.0000000e+00 -5.3885779e-01 6.2912607e-02 -5.5314457e-01 -5.5144051e-01 -3.5602732e-02 -4.4480987e-01 -5.8919620e-01 -2.0246073e-01 6.1109991e-01 -3.7816145e-01 -1.8685622e-01 1.9802942e-01 -2.7625640e-01 -2.8815813e-01 1.5768009e-01 -4.2968654e-01 -5.9297079e-01 -6.4257264e-02 -6.6742089e-01 -1.7282450e-01 -3.7879325e-01 4.3687355e-01 -4.5010014e-01 -4.2573680e-01 4.6165357e-01 -3.1848363e-01 -6.4521166e-01 -1.0059030e-01 -3.7654768e-01 -1.2223716e-01
1.0000000e+00 9.6925759e-01 7.0629964e-03 9.5276915e-01 8.4387624e-01 -4.7540516e-01 2.9297122e-01 1.8582216e-01 6.6963381e-01 -1.1157963e+00 -1.1181508e+00 -2.9133746e-02 -7.0515097e-01 1.0986748e-01 8.6449319e-03 -3.1700582e-01 1.1840823e-02 -1.5795065e-01 2.6827255e-01 -5.5723945e-01 -4.3003541e-01 8.5956028e-01 2.6507192e-02 9.6025931e-01 6.3006557e-01 2.5124129e-01 5.5811690e-01 3.7714060e-01 1.2073744e+00 4.4075281e-02 -2.9236372e-01
1.0000000e+00 2.6023392e+00 1.7174573e+00 2.7568999e+00 2.9297411e+00 1.2624549e+00 1.9720723e+00 3.3082435e+00 2.9168056e+00 1.4179584e+00 -7.1958977e-02 5.3679038e-01 6.2258589e-01 8.9152081e-01 9.4217747e-01 7.6203793e-01 1.4381419e+00 1.9127054e+00 2.0850208e+00 1.4622666e-01 5.2958824e-01 1.8328482e+00 1.1403587e+00 2.0772283e+00 1.9432264e+00 9.3069761e-01 1.0333133e+00 2.4803749e+00 2.4163662e+00 4.8087605e-01 2.0360784e-01
1.0000000e+00 -9.0115358e-02 1.0379537e+00 -1.6848167e-02 -1.6236727e-01 2.5576660e+00 1.3732055e+00 8.4119165e-01 1.1050362e+00 1.6041565e+00 1.6178251e+00 5.7613077e-01 1.2938931e+00 5.1628761e-01 2.7244543e-01 5.9436446e-01 3.1308544e-01 -2.5654131e-02 1.8067933e-01 -6.8082294e-02 2.6897307e-01 6.0691959e-01 2.6336363e+00 6.3261509e-01 4.7888508e-01 3.9553741e+00 1.6961709e+00 9.2309878e-01 1.3200512e+00 2.4772173e+00 1.3662317e+00
2.0000000e+00 -4.7069438e-01 -1.6048584e-01 -4.4810956e-01 -4.9199876e-01 2.3411429e-01 2.7650508e-02 -1.0984741e-01 -2.7623152e-01 4.1394897e-01 1.3217601e-01 -3.2742956e-02 -3.1361556e-01 -1.8269561e-01 -2.2105292e-01 -2.9327493e-02 -3.5591235e-01 -1.6192949e-01 -2.3133322e-01 -3.2961186e-01 -7.9018168e-02 -2.6903951e-01 -1.6890536e-01 -3.3393537e-01 -3.5629925e-01 4.4850280e-01 -1.0474068e-01 -2.4412118e-02 -1.9956318e-01 1.8320441e-01 1.9695794e-01
1.0000000e+00 2.8194324e-01 -6.0728273e-01 2.8054508e-01 1.7551212e-01 -5.4087737e-01 -1.6034817e-01 -1.6697253e-01 -2.0968304e-01 -7.9451330e-01 -4.1643676e-01 -4.8389421e-01 -1.5508167e+00 -4.4159662e-01 -3.0575950e-01 -5.2301418e-01 -3.5144118e-01 -3.8142899e-01 -5.7359561e-01 -6.4320519e-01 -3.4568536e-01 3.1079157e-01 -8.8541804e-01 3.1092803e-01 1.9146635e-01 7.3343609e-01 5.0150047e-01 2.9030543e-01 1.6130717e-01 8.3193444e-01 7.4557454e-01
2.0000000e+00 -1.2074272e+00 -4.6998576e-01 -1.1965355e+00 -1.0224239e+00 8.9239463e-01 -6.0684502e-01 -8.9440755e-01 -7.5832105e-01 4.4680746e-01 7.4268501e-03 -6.9106286e-01 2.2705892e-01 -6.6782561e-01 -6.1620362e-01 8.9270989e-01 -7.2590110e-01 -7.9307343e-01 -6.9249530e-01 1.8860413e-01 -5.0039016e-01 -1.2112650e+00 -4.0014354e-01 -1.1968311e+00 -9.6506442e-01 4.0028332e-01 -8.2421470e-01 -1.0077605e+00 -8.9420056e-01 1.4275990e-01 -5.6223876e-01
1.0000000e+00 8.1873007e-01 2.2580731e-01 7.3034207e-01 7.0935018e-01 -6.1488943e-01 -5.9319996e-01 -2.4230235e-01 1.2847606e-01 7.8269425e-01 -1.4980687e+00 6.5192418e-01 -6.5580082e-01 6.1380864e-01 6.1875234e-01 -6.6768671e-01 -5.8394167e-01 -4.1226502e-01 -9.1832907e-02 2.9031008e-01 -4.5916077e-01 7.3116911e-01 -1.0213940e-01 6.7729385e-01 5.7908611e-01 -9.3232778e-01 -6.7217731e-01 -3.7894911e-01 -7.6227745e-02 6.0544515e-01 -1.0670769e+00
2.0000000e+00 -2.8892530e-01 7.5637861e-01 -2.0385168e-01 -3.5690389e-01 2.7325529e-01 8.3308838e-01 -2.1962610e-02 5.4189394e-02 1.4012821e-01 1.4604710e+00 -7.6541259e-01 -5.3442121e-01 -6.8069641e-01 -5.5547890e-01 -5.9668383e-01 2.7563945e-01 -2.1995429e-01 -5.6645839e-01 5.5668278e-01 1.5247165e-01 -3.5601417e-01 5.6714858e-01 -2.3176994e-01 -4.2415468e-01 1.1096644e-01 1.1828061e+00 2.1114629e-01 -3.0547953e-02 1.9854120e+00 1.3108159e+00
2.0000000e+00 3.2454537e-01 -1.4845870e+00 2.5541906e-01 2.0082463e-01 -1.0347655e+00 -7.9673885e-01 -3.7513395e-01 -4.4750356e-01 -1.6524850e+00 -1.0685346e+00 -6.9214563e-01 -1.5495466e+00 -6.6386537e-01 -4.4745051e-01 -9.1669680e-01 -7.3316674e-01 -4.4707989e-01 -7.1747559e-01 -1.3322629e+00 -8.0904326e-01 2.3002939e-01 -1.5889032e+00 1.9178468e-01 9.1616911e-02 -4.4574938e-01 -2.2687951e-01 1.1519582e-01 -1.6910999e-01 -9.3953533e-01 -5.1014789e-01
1.0000000e+00 1.8326607e+00 6.6329593e-01 1.7600971e+00 1.8063206e+00 -3.8858332e-01 5.7724341e-01 9.4414242e-01 1.2043431e+00 -1.7020198e-01 -1.7801719e+00 1.6419305e+00 4.7743838e-01 2.0607831e+00 1.5701063e+00 3.6102167e-01 5.9420982e-01 7.6248830e-01 2.5716498e+00 1.3582225e+00 -5.4086306e-01 1.4435330e+00 3.5219477e-01 1.5202331e+00 1.3631152e+00 -6.3862730e-01 2.4004704e-01 5.4649318e-01 1.1784439e+00 1.3337450e-02 -1.4017884e+00
2.0000000e+00 -6.4962332e-01 -8.1365554e-02 -6.7795088e-01 -6.4529589e-01 -5.4443564e-01 -6.6976393e-01 -7.7978067e-01 -9.0250941e-01 -1.0172208e+00 -3.1578688e-01 -6.6038458e-01 -6.3802025e-01 -7.0396285e-01 -5.1081543e-01 -5.0801357e-01 -4.5874910e-01 -3.7943957e-01 -8.1901884e-01 -5.3060218e-01 -3.3017706e-01 -6.1486734e-01 -1.1191003e-01 -6.5651600e-01 -5.8764056e-01 -1.9150121e-01 -4.2153826e-01 -6.0011494e-01 -6.9244814e-01 -5.9171250e-01 -2.2253979e-01
1.0000000e+00 3.9712876e+00 -1.9073771e-01 3.9761298e+00 5.2448406e+00 1.2695715e+00 8.9562827e-01 2.9039734e+00 2.8523206e+00 -5.9736235e-01 -1.0699522e+00 8.9069093e+00 4.7018100e-01 9.4619858e+00 1.0676614e+01 2.1364270e+00 1.2529659e-01 1.0609015e+00 3.6884254e-01 3.3039540e+00 2.5762553e-01 2.4520249e+00 -1.1736516e+00 2.4197654e+00 2.8450356e+00 -7.9643651e-01 -6.5309312e-01 2.2985663e-01 6.8357946e-01 -2.0266839e+00 -1.5902022e+00
1.0000000e+00 9.3517589e-01 1.4591529e+00 9.2805503e-01 8.3363747e-01 3.0172146e-01 1.9442353e-01 9.9687330e-01 4.3980943e-01 -1.8386831e+00 -5.8654925e-01 4.4908658e-01 8.1672069e-01 4.4599326e-01 4.0027536e-01 8.0299993e+00 3.3573887e+00 3.7104792e+00 4.4565261e+00 1.4622666e-01 3.3154094e+00 3.7291633e-01 3.8964885e-01 3.9134980e-01 2.4684060e-01 -3.5369401e-01 -4.7688242e-01 3.8915192e-02 -7.1659766e-02 -2.0994840e+00 -8.7367565e-01
1.0000000e+00 1.7810036e-02 1.0519161e+00 3.7110995e-02 -1.2567835e-01 -1.2313623e-01 4.9764720e-01 2.8500643e-01 4.0498755e-01 1.5457414e+00 2.1723225e-01 5.6043610e-02 1.1396739e+00 3.3065113e-01 -2.0543170e-01 1.2797256e+00 6.4954047e-01 1.6533032e-01 7.2570381e-01 2.9600911e+00 3.6807492e-01 1.2234647e-01 1.4937298e+00 2.3050627e-01 -1.2179369e-01 1.0315202e+00 9.6461018e-01 4.9036216e-01 9.5309024e-01 2.9496093e+00 1.0337368e+00
1.0000000e+00 -7.5914649e-02 -5.4910605e-01 -4.1562287e-02 -2.1612081e-01 4.4405235e-01 8.9752341e-01 1.2819484e-01 1.8315931e-01 1.0747697e+00 9.0193501e-01 -5.3731052e-01 -4.1463976e-02 -4.6189288e-01 -3.8826591e-01 -3.6034091e-01 4.9752092e-01 2.3860734e-01 4.1426125e-01 -1.3951861e-01 2.8939864e-01 -1.0751514e-01 2.0400692e-01 -8.5223618e-02 -2.2937795e-01 5.9754483e-01 1.1624496e+00 9.1830125e-01 7.7341639e-01 1.1797573e+00 1.2166090e+00
2.0000000e+00 -6.3542262e-01 -2.1866251e-01 -6.0339662e-01 -6.3335066e-01 -1.9430167e-01 2.0958471e-01 -2.8172496e-01 -4.5137266e-01 5.6728859e-01 4.8537368e-02 -3.9294212e-01 6.2802892e-01 -3.8565816e-01 -4.1532801e-01 6.1036511e-01 9.1892805e-01 9.1401590e-01 9.8199508e-01 8.9449181e-01 3.7072268e-01 -6.2522146e-01 2.3169037e-01 -6.2732588e-01 -6.1418504e-01 3.5644743e-01 3.2020065e-01 4.0354449e-02 -1.2276036e-02 8.0281439e-01 -1.6392953e-02
2.0000000e+00 -1.1154066e+00 -4.2111735e-01 -1.1088004e+00 -9.4904605e-01 -1.1258573e+00 -8.5795212e-01 -3.8994881e-01 -9.8556603e-01 5.5633576e-01 4.9954972e-02 -1.7494583e-01 1.2793784e+00 -5.8937962e-02 -3.8606574e-01 -7.8702488e-01 3.1979218e-01 8.5698582e-01 -1.7618193e-01 6.1237890e-01 3.0944596e-01 -9.9175754e-01 -1.9658880e-01 -9.4901293e-01 -8.3831891e-01 -1.6262499e+00 -7.2879375e-01 -3.8230737e-01 -1.2013210e+00 -5.2991555e-02 -3.2450490e-01
1.0000000e+00 1.6111297e+00 5.2832603e-01 1.5541461e+00 1.6356744e+00 -1.8006858e-01 4.9764720e-01 4.8211948e-01 9.7993542e-01 1.0309584e+00 -9.9056641e-01 1.9855273e+00 -5.5978727e-02 1.7924765e+00 1.8495280e+00 -7.8996173e-02 3.4717806e-01 8.5090326e-02 8.6358202e-01 -1.9037158e-01 9.4599198e-02 1.9591685e+00 4.8246981e-01 1.8776631e+00 1.9836584e+00 1.2850079e-01 4.4043105e-01 4.2943361e-01 1.0261779e+00 2.7380013e-01 -7.7350352e-02
1.0000000e+00 1.5344458e+00 3.0671563e+00 1.4841227e+00 1.6157657e+00 -8.6539179e-01 1.6410116e-01 3.2267135e-01 4.5012702e-01 -1.4005699e+00 -1.3704843e+00 1.2055770e+00 1.8895770e-01 9.1874749e-01 1.5305032e+00 -5.0067994e-01 5.3757977e-02 -1.7419759e-01 -1.6482726e-01 -8.7446513e-01 -5.8209245e-01 2.4085376e+00 3.2133602e+00 2.1725429e+00 2.8063615e+00 3.6959820e-01 9.8878349e-01 6.1078000e-01 7.2925926e-01 -3.0374755e-01 -4.5805702e-01
2.0000000e+00 -1.3555763e-01 -1.4264104e+00 -1.6842810e-01 -2.4456183e-01 7.0965328e-03 -3.2655264e-01 -6.2673557e-01 -6.0071982e-01 -1.6488341e+00 9.1065489e-02 -7.0369510e-01 -1.4210911e+00 -7.3019947e-01 -5.0465495e-01 -9.6936561e-01 -4.7663375e-01 -5.0974667e-01 -8.3329329e-01 -8.2724451e-01 -4.0091006e-01 -1.9241898e-01 -1.5188804e+00 -2.2491920e-01 -3.0655032e-01 -5.5609950e-02 -4.3671271e-02 -4.6194626e-01 -5.1840813e-01 -8.4246849e-01 1.7922488e-01
2.0000000e+00 -1.6111891e-01 -1.2542074e+00 -1.3918306e-01 -2.6617701e-01 6.2196595e-01 2.8160033e-01 -1.2805212e-01 -1.1372943e-01 5.4903387e-01 3.2943723e-02 -5.3514499e-01 -1.3040659e+00 -4.2328049e-01 -4.2478875e-01 -3.9667572e-01 -1.3067750e-01 -2.1398602e-01 -5.5737465e-01 -2.5696476e-01 -3.3169006e-01 -2.6696869e-01 -1.3918622e+00 -1.8351688e-01 -3.4100541e-01 2.2932334e-01 9.8824025e-02 -6.9508840e-02 -3.6096512e-01 2.6571123e-01 -1.2057469e-01
2.0000000e+00 -1.1210869e+00 -4.0948202e-01 -1.1059171e+00 -9.7208328e-01 6.9313139e-01 -3.6616123e-01 -8.9290095e-01 -7.6786482e-01 3.5918482e-01 8.9059418e-01 -5.7195893e-01 2.6593371e-04 -6.0644182e-01 -5.5635897e-01 2.8601863e-01 -6.4150789e-01 -7.7453865e-01 -6.7676096e-01 7.0560934e-01 -1.2824183e-02 -1.0559531e+00 -4.6202418e-01 -1.0520719e+00 -8.8771626e-01 3.6083102e-01 -7.0143974e-01 -9.9053741e-01 -8.9618001e-01 2.4953342e-01 2.2300338e-01
1.0000000e+00 4.6087218e-01 2.2348024e-01 4.3789164e-01 3.0264351e-01 4.3693580e-01 3.0434211e-01 3.2518234e-01 4.0498755e-01 4.5045840e-01 3.2943723e-02 -2.0887241e-01 -5.3696129e-01 -3.0793836e-01 -1.7924967e-01 -7.5835705e-01 -9.7143779e-02 -2.6703726e-01 -5.1244257e-01 -3.4171971e-01 -2.5112253e-01 6.8146930e-01 7.5116206e-01 5.5517191e-01 3.6462076e-01 1.0008350e+00 1.2324250e+00 6.0166470e-01 5.0695093e-01 1.7670116e+00 1.2443169e+00
2.0000000e+00 -2.4348302e-01 -5.2816244e-01 -3.0559147e-01 -3.0855414e-01 -8.4760043e-01 -1.0309791e+00 -6.6866917e-01 -6.2831938e-01 -1.1523058e+00 -8.5872923e-01 -4.0593527e-01 -5.9175448e-01 -4.0694448e-01 -3.4448251e-01 -3.3633994e-01 -8.0694093e-01 -3.0848354e-01 -4.4431451e-01 -6.9284737e-01 -4.9131213e-01 -2.3383548e-01 -3.3826290e-01 -2.5083288e-01 -3.0197974e-01 -2.0903557e-01 -7.8350176e-01 -4.4899295e-01 -2.7143272e-01 -6.3862814e-01 -4.2757832e-01
2.0000000e+00 6.0412166e-02 -1.3542713e+00 2.2282523e-02 -3.8933216e-02 1.9212668e-01 -5.3255522e-01 -3.9622630e-01 -7.4522578e-02 9.6159048e-01 -1.1791077e+00 4.2165659e-01 -7.3436191e-01 4.4401314e-01 1.7497786e-01 1.6007679e-02 -6.2585882e-01 -2.7499494e-01 1.7256885e-01 2.5640810e-01 -8.8204577e-01 1.0370904e-01 -1.4293163e+00 9.3491413e-02 -1.2978895e-02 -1.1698020e-01 -6.4736786e-01 -5.2287481e-01 -8.9931683e-02 2.6085788e-01 -1.2870776e+00
2.0000000e+00 -1.0472432e+00 -8.9118491e-01 -1.0441318e+00 -9.2515559e-01 6.3619904e-01 -5.1398277e-01 -1.0314702e+00 -9.4816476e-01 -8.6230278e-02 2.4133152e-01 -7.7190917e-01 -5.6998235e-01 -8.2079007e-01 -6.2654443e-01 -1.7600011e-01 -9.7343587e-01 -9.6409735e-01 -1.1069410e+00 -6.6863167e-01 -3.6838044e-01 -9.8347424e-01 -9.5706931e-01 -1.0064996e+00 -8.5290959e-01 7.5897724e-02 -8.8401184e-01 -1.1792240e+00 -1.0653475e+00 -4.6229005e-01 -6.9592138e-02
2.0000000e+00 2.4786153e-01 -8.7954958e-01 2.2576211e-01 8.4216428e-02 -9.0026285e-01 9.9666130e-02 -2.9817197e-01 -2.8680705e-01 2.5330746e-01 -5.2842748e-01 -6.2573616e-01 -1.3067874e+00 -2.9209738e-01 -4.5009071e-01 -9.7403246e-01 3.6841608e-01 1.5074123e-01 -3.9925814e-02 -8.0302881e-01 -2.2351018e-01 2.9159331e-02 -1.0368628e+00 2.0667760e-01 -1.2724322e-01 -8.2273805e-01 6.8979782e-01 3.2628685e-01 3.5468496e-01 8.6137577e-02 -1.8055428e-02
2.0000000e+00 -4.2809225e-01 1.0891492e+00 -4.3740011e-01 -4.5075927e-01 -1.2333171e+00 -5.5055913e-01 -4.3213352e-01 -7.3665410e-01 -1.0865888e+00 -3.6965583e-01 -5.7845551e-01 -2.7369999e-01 -7.0346782e-01 -4.8023306e-01 -6.2401827e-01 -1.4185541e-01 -5.7484873e-02 -5.0368325e-01 -8.3450922e-01 -1.4672516e-01 -4.2849306e-01 9.1726273e-01 -4.9418318e-01 -4.5105074e-01 -4.2383144e-01 5.7974565e-01 5.7048080e-01 5.1675673e-02 -1.2093834e-01 6.5968002e-01
1.0000000e+00 -3.6844927e-01 7.0751020e-01 -2.7634643e-01 -4.3141938e-01 8.8527809e-01 1.4319551e+00 1.0131948e+00 5.0790554e-01 1.1368358e+00 1.3810852e+00 -3.5757186e-01 -2.6825696e-01 -3.0150296e-01 -3.3458174e-01 -1.9327087e-02 7.3225699e-01 4.9524270e-01 5.1807544e-01 -4.5311193e-01 6.8921031e-01 -2.2141053e-01 7.2836393e-01 -5.8416363e-02 -3.0690190e-01 1.9871426e+00 1.7814136e+00 1.7079736e+00 1.2652355e+00 8.1899219e-01 2.2362600e+00
1.0000000e+00 8.3009064e-01 -4.8786615e-02 8.8274581e-01 6.8290003e-01 1.2624549e+00 1.0017565e+00 1.2831266e+00 1.5497245e+00 1.1660433e+00 6.4131012e-02 -3.9438580e-01 -9.7585108e-01 -3.5298614e-01 -1.8387003e-01 -5.0301336e-01 -3.0169949e-01 -4.4553634e-02 3.3153432e-01 -1.0621368e+00 -5.5183235e-01 6.8768178e-01 -1.2819441e-01 7.8154428e-01 5.4216994e-01 1.6627570e+00 8.8509272e-01 1.1015667e+00 2.1270609e+00 3.3689357e-01 3.6930114e-01
2.0000000e+00 -7.9731071e-01 1.8128671e+00 -8.3241413e-01 -7.3716041e-01 -1.9592046e+00 -1.2547961e+00 -9.0985017e-01 -1.1812134e+00 2.0949614e-01 -9.2393902e-01 -1.0256366e+00 -5.8812579e-01 -8.9454963e-01 -6.9815999e-01 -1.1293721e+00 -5.0346073e-01 -5.1604650e-01 -1.4065422e+00 -6.2625420e-01 -6.5925573e-01 -8.6750802e-01 1.3146016e+00 -8.1735953e-01 -7.5288436e-01 -1.7682782e+00 -7.0652886e-01 -7.8338034e-01 -1.4278928e+00 -8.3729387e-02 -7.2460710e-01
2.0000000e+00 -8.2571213e-01 3.3789833e+00 -8.7236863e-01 -7.6247292e-01 -1.3208506e+00 -1.3000901e+00 -1.0525123e+00 -1.0958611e+00 1.2187350e-01 -6.4041820e-01 -6.5424892e-01 7.8043381e-01 -6.8168647e-01 -5.4733827e-01 -8.9402922e-01 -1.0431860e+00 -9.5063560e-01 -1.3588526e+00 -1.6736667e-01 -4.7693858e-01 -8.0952492e-01 2.6222372e+00 -8.5846398e-01 -7.2018718e-01 -1.4215363e+00 -1.1794987e+00 -1.1946241e+00 -1.2879604e+00 1.6573011e-02 -6.0269230e-01
1.0000000e+00 1.8127798e+00 1.9827430e+00 1.7477400e+00 1.8887995e+00 -3.3947917e-01 5.7972875e-02 8.3616967e-01 8.8939854e-01 -1.3275510e+00 -9.7497276e-01 4.2887501e-01 -5.0535695e-02 4.4599326e-01 6.5285499e-01 -6.7368695e-01 -2.7151914e-01 8.8737599e-02 -1.4374000e-01 -9.1563182e-01 -3.4341586e-01 1.6982445e+00 1.9057245e+00 1.6512908e+00 1.7428243e+00 -4.4136579e-01 1.3890083e-01 6.8322260e-01 6.3485435e-01 -7.5025500e-01 -3.6896806e-02
2.0000000e+00 -1.2951876e+00 -7.8646689e-01 -1.3081609e+00 -1.0673607e+00 -8.3407899e-01 -1.2028690e+00 -9.0746472e-01 -8.3183390e-01 -9.5150386e-01 1.7470413e-01 -6.8564905e-01 -7.0170372e-01 -8.1732486e-01 -6.0938309e-01 1.5330692e+00 -8.4271024e-01 -6.6425839e-01 -3.5250384e-01 3.9806995e-01 -9.6417730e-02 -1.1926276e+00 -1.0612893e+00 -1.2367441e+00 -9.5750539e-01 7.9042275e-01 -1.0121940e+00 -9.6227999e-01 -6.4539796e-01 -2.3256520e-01 -1.2002053e-01
2.0000000e+00 -2.7632235e-02 4.5618695e-01 -8.9754822e-02 -1.4644029e-01 -4.0281641e-01 -6.6123577e-01 -9.3131917e-01 -7.7276568e-01 -1.0756359e+00 -6.3049498e-01 -5.2792657e-01 5.1916829e-01 -5.9357102e-01 -4.0190697e-01 1.1601173e-01 -6.5100912e-01 -8.1538810e-01 -2.8486241e-01 -9.5800929e-01 -3.2904230e-01 -1.9448980e-01 7.4953363e-01 -2.6781081e-01 -2.9020173e-01 -1.6081609e-01 -6.5500154e-01 -1.0068970e+00 -5.3256887e-01 -1.0916067e+00 -4.3090327e-01
1.0000000e+00 2.5796181e+00 1.7872693e+00 2.5344728e+00 2.8870796e+00 -9.0400123e-02 1.2102228e+00 1.3333465e+00 1.9288960e+00 3.5553387e-01 4.1449347e-02 2.3561932e+00 -4.5967024e-01 2.1686998e+00 2.5403817e+00 -2.0433459e-01 1.7615607e-01 4.3357064e-01 8.7007041e-01 -5.6208259e-01 -2.8062613e-01 3.0525643e+00 1.4383629e+00 2.9410176e+00 3.6273067e+00 6.8960020e-01 1.0072315e+00 1.4863280e+00 2.2031939e+00 3.2718689e-01 1.5650440e-01
1.0000000e+00 1.8042593e+00 5.0505536e-01 1.6694786e+00 1.8518262e+00 -9.1164932e-01 -3.9534651e-01 2.0347643e-02 2.9149403e-01 -1.2581831e+00 -1.5632784e+00 1.0186199e+00 -3.1905859e-01 1.1276504e+00 9.4965805e-01 3.0601944e-01 3.2705783e-01 3.5399378e-01 7.9707606e-01 -8.6356806e-01 5.2235048e-02 1.6464739e+00 8.0245643e-02 1.6215049e+00 1.5283590e+00 -4.1944785e-01 -1.4736204e-01 2.0922728e-01 4.5518050e-01 -1.0721933e+00 -7.0244077e-01
2.0000000e+00 2.6330462e-02 1.9920513e+00 2.3930131e-02 -8.8136191e-02 -1.0055877e+00 -8.3573027e-03 2.6994047e-01 -1.2482084e-01 -1.7145510e+00 -2.1371938e-01 -2.5182200e-01 2.0087446e+00 -3.7674761e-01 -2.2831348e-01 -2.4466956e-01 1.6609595e-01 2.1904470e-01 -2.7350773e-01 -1.0524505e+00 -7.7883414e-02 -1.0751514e-01 2.4203109e+00 -1.4181671e-01 -2.0494296e-01 -1.0638355e+00 -7.4205977e-02 1.6413056e-01 -4.9358878e-01 -1.6351810e+00 -3.3170895e-01
1.0000000e+00 9.4653646e-01 4.6518890e+00 8.8274581e-01 7.5570905e-01 1.2523117e-01 4.8248601e-01 6.6416656e-01 1.0108882e+00 -9.5604669e-03 -4.4478884e-01 4.7435105e-01 -6.5453078e-01 6.7294844e-02 1.9059907e-01 -7.2702245e-01 1.3256223e-01 -1.9475495e-01 3.1531335e-01 -1.0028083e+00 -3.9183203e-01 1.2923628e+00 3.1254245e+00 1.0108952e+00 9.2715282e-01 1.8110386e-01 7.5850091e-01 2.4904672e-01 1.4007522e+00 -7.7258265e-02 5.6201768e-02
2.0000000e+00 -1.3839777e-01 -8.5860597e-01 -1.8902320e-01 -2.2635958e-01 -1.5160240e-01 -7.2093293e-01 -5.2416145e-01 -2.9944610e-01 -3.4544726e-01 -8.7857569e-01 -2.9224516e-01 -1.0081464e+00 -4.3070595e-01 -2.8925822e-01 -1.9033402e-01 -7.2645999e-01 -4.5735857e-01 -1.2427484e-01 -1.8916080e-01 -7.5684457e-01 -2.9388942e-01 -1.0792022e+00 -3.9171990e-01 -3.4663073e-01 -2.0026839e-01 -7.9622456e-01 -5.7037030e-01 -3.4086601e-01 -5.9980140e-01 -1.0443564e+00
2.0000000e+00 -4.8489509e-01 -9.8892173e-01 -5.5026126e-01 -5.0735692e-01 -1.2169491e+00 -1.3343923e+00 -9.8266900e-01 -9.7602226e-01 -9.6975858e-01 -7.4532090e-01 -1.0462091e+00 -9.8401563e-01 -1.0440489e+00 -6.8933730e-01 -1.2587107e+00 -1.1484260e+00 -8.4221213e-01 -1.3032147e+00 -4.0468053e-01 -9.2100566e-01 -6.3557559e-01 -8.6424835e-01 -6.9732260e-01 -5.9273851e-01 -1.2567134e+00 -1.1228187e+00 -1.0063213e+00 -1.1280811e+00 3.9520475e-04 -8.9307119e-01
2.0000000e+00 -8.0299099e-01 -2.5589559e-01 -7.4303140e-01 -7.5507825e-01 -3.1332806e-02 5.3365501e-01 8.2863668e-01 -5.2565933e-01 8.8492067e-01 1.9693909e+00 -5.8603485e-01 7.7136209e-01 -2.4605953e-01 -5.2687668e-01 -1.2599808e-01 1.8813459e+00 1.8868430e+00 2.1798755e-01 -7.1714649e-02 1.8459029e+00 -7.6396676e-01 3.7173603e-01 -5.9873147e-01 -7.1667135e-01 1.0219926e-01 1.4665244e+00 2.2616078e+00 1.0953674e-01 6.5883191e-01 2.5355054e+00
2.0000000e+00 -1.0715621e-01 1.0426079e+00 -1.4124257e-01 -1.8455127e-01 -1.1336855e+00 -6.8738881e-01 -5.2516585e-01 -6.5720864e-01 -1.4099443e-01 -1.2060422e+00 1.0657255e-01 -2.9002909e-01 -1.8345452e-02 -8.9564359e-03 -8.9669599e-01 6.6612571e-02 6.0222559e-02 -2.7999612e-01 6.5838873e-01 -2.6776559e-01 -2.6075621e-01 1.0792909e-01 -2.7585298e-01 -3.0690190e-01 -1.6959490e+00 -7.0016746e-01 -6.5384721e-01 -8.1532678e-01 -3.8463658e-01 -1.1490923e+00
1.0000000e+00 1.4975240e+00 9.7977706e-01 1.5294319e+00 1.4223667e+00 4.5116889e-01 9.7522448e-01 1.4576407e+00 1.0302337e+00 6.0744897e-01 -3.9659031e-01 4.2995777e-01 1.0616571e+00 5.7965153e-01 4.4163858e-01 1.1897219e+00 3.9356638e-01 2.4059676e-01 6.1540124e-01 1.5954529e-01 5.8287069e-02 1.1142718e+00 7.9024457e-01 1.1211028e+00 9.4297404e-01 6.1069560e-01 2.7058175e-01 3.5315298e-01 6.3637701e-01 3.1133036e-02 -4.3256574e-01
2.0000000e+00 -1.0358826e+00 1.3272462e-01 -1.0400127e+00 -9.0211836e-01 7.5718029e-01 -8.4582318e-01 -5.0834219e-01 -4.6994433e-01 -2.7242839e-01 2.2715548e-01 -1.2008584e-01 2.5312757e+00 -1.7279500e-01 -3.7660500e-01 2.9997953e+00 -6.4933243e-01 -4.3912221e-01 -7.5611940e-02 1.7214580e+00 -8.8852703e-02 -9.9175754e-01 6.1600172e-01 -1.0002446e+00 -8.3990103e-01 8.3864223e-01 -9.6480158e-01 -7.3924312e-01 -7.1939922e-01 -2.8724846e-02 -3.5830855e-01
2.0000000e+00 -2.6336402e-01 -4.3275269e-01 -3.2289136e-01 -3.2220584e-01 -1.7229354e+00 -1.1200511e+00 -5.7048930e-01 -9.7679608e-01 -1.1851642e+00 -9.1401579e-01 -8.7404981e-01 6.9697399e-01 -9.8662533e-01 -5.8914152e-01 -2.6000351e-01 -5.4705457e-01 -3.6595948e-02 -1.0402728e+00 -1.1167055e-01 -5.8436196e-01 -4.8233452e-01 3.4893790e-01 -5.6537133e-01 -4.8972482e-01 -9.7616367e-01 -6.5818224e-01 -2.0335975e-01 -9.8830093e-01 -2.1638740e-01 -6.6309554e-01
2.0000000e+00 -3.5140842e-01 -1.2053390e+00 -2.8911539e-01 -4.0582245e-01 -6.2342928e-01 5.7345312e-01 6.1018019e-01 -2.3521909e-01 -7.8721141e-01 1.8320975e-01 -7.3148602e-01 -1.4091164e+00 -2.3417880e-01 -5.2775675e-01 -5.1334712e-01 1.7013816e+00 1.6474492e+00 3.0882497e-01 -9.5437694e-01 1.4222614e+00 -3.8914738e-01 -1.2990413e+00 -6.7352115e-02 -4.2450626e-01 -3.0547453e-01 2.1033003e+00 2.4012158e+00 6.3180903e-01 -4.2346332e-01 1.8760572e+00
2.0000000e+00 -9.8760022e-01 1.3800326e+00 -9.8687738e-01 -8.7566820e-01 1.4924731e-02 -6.0646599e-01 -8.1619008e-01 -8.4524677e-01 3.1172255e-01 6.9801429e-02 -5.6113130e-01 5.0102485e-01 -6.7772623e-01 -5.2137625e-01 4.9342364e-02 -8.4550471e-01 -6.9907327e-01 -9.0044809e-01 1.2564331e-01 -4.4478722e-01 -8.3230399e-01 1.5490966e+00 -8.7216547e-01 -7.4690745e-01 7.6850481e-01 -7.2815761e-01 -7.6610926e-01 -8.1075880e-01 8.2222776e-01 -1.3719944e-01
2.0000000e+00 -7.4050787e-01 -1.0145195e+00 -7.4550281e-01 -7.0701292e-01 3.5153727e-01 -4.9768450e-01 -5.7149369e-01 -5.0631384e-01 2.6060934e-01 -1.5843282e-01 -5.3767144e-01 -3.2450162e-01 -5.8416544e-01 -4.7781287e-01 -1.2633143e-01 -7.3763790e-01 -3.5954535e-01 -2.8161822e-01 -4.5674429e-01 -3.8237574e-01 -7.4947098e-01 -7.3071644e-01 -7.8578654e-01 -6.8344680e-01 2.8631000e-01 -6.1110790e-01 -4.4035741e-01 -2.8209134e-01 -3.8301880e-01 -3.2450490e-01
1.0000000e+00 1.9349059e+00 9.9373946e-01 1.9330959e+00 2.0167842e+00 3.0883801e-01 1.0661916e+00 2.2900353e+00 2.1171921e+00 1.4362131e+00 -5.4118592e-01 2.1612958e+00 -7.1857712e-01 1.7355480e+00 2.1465511e+00 -5.8601673e-01 7.6020176e-01 2.0983848e+00 1.1101407e+00 4.1986408e-01 4.5658573e-01 1.9281061e+00 2.1540599e-01 1.7287339e+00 1.9854163e+00 -4.9396886e-01 4.0035425e-01 2.0481180e+00 1.4601359e+00 3.6439584e-01 -3.0233857e-01
2.0000000e+00 -7.4618815e-01 -1.9539184e-01 -7.6980503e-01 -7.0388441e-01 -2.0711145e-01 -8.4203288e-01 -7.8367271e-01 -7.2814209e-01 8.1713118e-02 -4.9015217e-01 -4.5014270e-02 -6.7848012e-01 -9.0124890e-02 -2.9365856e-01 -2.2033524e-01 -8.2873785e-01 -6.4469575e-01 -4.2517377e-01 2.8788851e-01 -8.8280227e-01 -6.8320457e-01 -5.2390482e-01 -7.1906626e-01 -6.5338650e-01 -6.1670936e-01 -9.5017037e-01 -9.1699137e-01 -7.4863429e-01 -2.6006747e-01 -1.0571020e+00
1.0000000e+00 1.5912487e+00 1.2341635e-01 1.5953363e+00 1.5674159e+00 7.0024794e-01 1.5267125e+00 1.9196637e+00 1.2505143e+00 -2.8703217e-01 5.9147972e-01 1.3026648e+00 -7.9260235e-01 6.1826391e-01 1.1544940e+00 4.8035984e-01 1.4023726e+00 1.1971769e+00 1.2837051e+00 -7.1100915e-01 1.3102990e+00 1.8659814e+00 -1.4203756e-02 1.5649118e+00 1.8500570e+00 1.6934421e+00 2.1707311e+00 2.7667871e+00 2.0722451e+00 -2.4550745e-01 2.5355054e+00
1.0000000e+00 9.0109419e-01 -5.1420004e-01 8.6626973e-01 7.7732423e-01 3.1595455e-01 -4.5670068e-03 4.7458650e-01 8.9275176e-01 5.0433067e-03 -9.4520308e-01 -3.4602239e-01 -6.5326074e-01 -3.3318492e-01 -1.4756721e-01 -7.6135717e-01 -5.8394167e-01 -2.8427891e-01 1.3363853e-01 -7.9939646e-01 -5.4199781e-01 7.4152323e-01 -9.5625652e-02 7.0410110e-01 6.0018106e-01 4.0466691e-01 -8.7564911e-02 3.1477280e-01 1.0825163e+00 3.8380921e-01 -1.5604081e-01
1.0000000e+00 1.5117247e+00 9.3900635e-03 1.4223374e+00 1.4621841e+00 5.0810124e-01 2.7401974e-01 6.1645767e-01 9.5414144e-01 -1.3004160e-01 -8.9700454e-01 6.8837721e-01 -1.0571337e+00 4.6084418e-01 6.7463668e-01 -7.9735863e-01 -4.1794974e-01 -1.4601412e-01 1.4174901e-01 -8.3450922e-01 -4.7088656e-01 1.9529560e+00 -1.8030442e-01 1.6632051e+00 1.9186156e+00 7.5973763e-01 3.9335671e-01 7.6526025e-01 1.2987340e+00 7.7369434e-01 3.0778958e-01
1.0000000e+00 -4.7513229e-02 -5.2118124e-01 -2.2202893e-02 -1.4928440e-01 9.4221044e-01 4.4647820e-01 1.1413328e-01 9.1332729e-02 3.5188293e-01 -2.1230178e-01 7.1563213e-02 -7.3853490e-01 -1.5002359e-01 -1.0114360e-01 -2.3000230e-01 7.3319316e-02 -2.3333139e-02 2.6340626e-01 9.4079487e-03 -4.1604011e-01 2.5017680e-02 -5.8741390e-01 2.4983984e-02 -9.5952375e-02 8.2549147e-01 4.5760683e-01 2.3369465e-01 3.4707166e-01 2.7056457e-01 -2.4248949e-01
1.0000000e+00 1.5401261e+00 2.2061414e+00 1.7147879e+00 1.5702600e+00 -2.6760207e-01 1.9322742e+00 1.1249340e+00 1.6890120e+00 2.9711878e-01 -6.7706165e-02 1.5787693e+00 -3.2392256e-02 2.1246421e+00 1.4534972e+00 -2.2833556e-01 1.2391751e+00 2.2335511e-01 5.5051737e-01 -1.4315097e-01 5.5114857e-01 1.8183524e+00 1.7249679e+00 2.1248856e+00 1.8377516e+00 -1.8711762e-01 1.7725076e+00 7.3359660e-01 1.2104197e+00 -1.3388059e-01 9.1736357e-01
1.0000000e+00 3.3874608e-01 -4.6998576e-01 4.6260576e-01 1.6612658e-01 2.6430645e+00 2.3511019e+00 1.9585841e+00 1.9417930e+00 2.1408452e+00 1.8659058e+00 9.1684020e-01 -2.8640040e-01 5.9153226e-01 4.2073695e-01 1.0363824e+00 1.1402506e+00 5.9471377e-01 1.5367521e+00 -2.0611179e-01 1.8402291e+00 3.0250827e-01 -4.9133607e-01 3.7347829e-01 8.4761052e-02 1.9345395e+00 1.2470562e+00 8.1899252e-01 1.6489457e+00 5.7794288e-01 1.9480978e+00
1.0000000e+00 4.3531090e-01 9.0996504e-01 7.5093717e-01 3.3734156e-01 1.0347255e+00 3.9240747e+00 2.8725860e+00 2.2900118e+00 2.4949867e+00 2.5860486e+00 3.2007483e+00 2.2446093e+00 3.5909227e+00 2.1597521e+00 1.7730789e+00 1.9266164e+00 1.6719854e+00 2.9917728e+00 3.4237383e-01 8.4996713e-01 7.4152323e-01 9.7100118e-01 1.0853598e+00 6.0721271e-01 7.9042275e-01 1.6726337e+00 1.6595186e+00 2.0037255e+00 6.0868071e-01 9.9494572e-01
1.0000000e+00 3.9838906e-01 3.3208066e+00 4.8320086e-01 2.5600023e-01 7.0736448e-01 1.1287315e+00 1.0835026e+00 9.0461699e-01 1.0200056e+00 5.2485233e-01 -5.8928314e-01 1.1094091e-01 -4.7674380e-01 -3.8100535e-01 -5.6534923e-01 4.5751825e-03 -9.9594292e-02 -2.5566467e-01 -1.2828629e+00 -1.6488122e-01 4.5989099e-01 3.8859050e+00 5.6708624e-01 2.7145138e-01 2.4518030e+00 1.9220005e+00 1.4301970e+00 1.3215739e+00 9.8885916e-01 2.0201383e+00
1.0000000e+00 1.7559769e+00 1.8082130e+00 1.6859547e+00 1.8006324e+00 2.5902220e-01 8.4504946e-02 7.9222727e-01 1.1455328e+00 8.6942501e-03 -1.0033248e+00 -2.6968220e-02 -3.3357334e-01 -1.3814286e-01 2.6408478e-01 -6.6601997e-01 -5.4202451e-01 -3.5556651e-01 -5.8576134e-01 -9.3500438e-01 -7.1977594e-01 1.6692530e+00 2.1955865e+00 1.6393764e+00 1.6936028e+00 8.6932736e-01 2.5595054e-01 5.1147126e-01 8.3889076e-01 4.0484036e-01 -2.1921485e-01
1.0000000e+00 9.1529490e-01 8.7738610e-01 7.8388933e-01 7.9126034e-01 -6.9317142e-01 -7.8536796e-01 -7.5190863e-01 -5.3004431e-01 -9.0404160e-01 -1.3789899e+00 -1.6140590e-02 1.8170032e-01 -1.4309317e-01 8.9611223e-02 -4.3834408e-01 -8.0582314e-01 -6.4436418e-01 -6.6913711e-01 -7.7881311e-01 -8.3854686e-01 7.4152323e-01 9.4331774e-01 6.2367934e-01 5.9314941e-01 -3.6684478e-01 -6.7217731e-01 -7.2485055e-01 -4.9115252e-01 -7.2598829e-01 -1.0415856e+00
1.0000000e+00 8.9825404e-01 6.6096886e-01 9.2393601e-01 8.3306865e-01 -4.5334388e-01 4.3510732e-01 1.0258270e-01 6.7453467e-01 1.0820716e+00 -1.1564261e+00 1.5506175e+00 7.5503299e-01 1.6236711e+00 1.1133508e+00 -1.0799735e-01 1.9187919e+00 4.8032204e-01 1.5724383e+00 8.3879570e-01 7.7280385e-01 8.5334780e-01 2.5448850e-01 9.1260197e-01 7.2850869e-01 -8.3150523e-01 2.0633164e-01 -2.0335975e-01 5.8156126e-01 2.6894679e-01 -5.0460631e-01
1.0000000e+00 4.2111019e-01 2.1025399e-02 3.3079712e-01 2.9496443e-01 -1.2781513e+00 -9.1310093e-01 -5.8643411e-01 -5.2746491e-01 -9.6610764e-01 -1.1861958e+00 -6.3295458e-01 -3.9562390e-01 -6.5941009e-01 -3.9948678e-01 -1.4050499e+00 -9.1508719e-01 -6.2281211e-01 -1.0741746e+00 -1.2607056e+00 -9.2667943e-01 3.3978313e-01 9.7588650e-01 2.5731352e-01 1.8988423e-01 -1.0506847e+00 -4.6797646e-01 -2.2159034e-01 -4.4044795e-01 -3.5228097e-01 -8.6757991e-01
1.0000000e+00 8.6985262e-01 6.4700646e-01 8.0860345e-01 7.7760864e-01 6.4028886e-02 -2.7273044e-01 2.2733088e-02 4.2175364e-01 2.0219425e-01 -9.9198401e-01 5.4599926e-02 -8.6826049e-01 -2.3295758e-02 1.1183295e-01 -8.4936074e-01 -7.4993360e-01 -3.7844485e-01 -3.1162700e-01 -1.1020927e+00 -8.3968162e-01 1.0997760e+00 5.9483202e-01 9.9004515e-01 9.7637438e-01 1.0271366e+00 1.5489723e-02 5.5992625e-01 1.2758941e+00 5.0999610e-01 -4.5694870e-01
1.0000000e+00 1.8752629e+00 2.7530022e+00 1.8012873e+00 2.1732098e+00 -1.1886630e-01 1.8873808e-01 6.0139171e-01 9.6832813e-01 -1.5559820e-01 -8.5872923e-01 2.7676431e+00 7.2600349e-01 2.4172052e+00 3.5062567e+00 -8.3002662e-01 -5.9791405e-01 -3.4694568e-01 -4.0814175e-01 -8.3208765e-01 -5.6582765e-01 3.3590464e+00 3.4983368e+00 3.1793043e+00 4.4851682e+00 3.3891307e-01 6.4472481e-02 3.4547695e-01 7.8102969e-01 -5.2991555e-02 -9.7854205e-02
2.0000000e+00 -1.0018009e+00 -7.9038487e-02 -9.3456583e-01 -8.7737467e-01 3.6986018e-02 1.9631867e-01 -3.1298684e-01 -5.8034257e-01 4.0299614e-01 2.9945329e-01 1.6359807e-01 -3.6020944e-02 2.7916795e-01 -2.9123837e-01 1.4301283e-01 5.7744296e-01 5.4585865e-02 3.0071448e-01 1.7553600e+00 -1.8038953e-01 -9.0892453e-01 -4.4573980e-01 -8.6322972e-01 -8.0122695e-01 -4.8520169e-01 -1.7589543e-02 -3.8662514e-01 -5.3820271e-01 6.3488649e-02 -4.4752801e-01
2.0000000e+00 -1.5259848e-01 5.9348391e-01 -1.9808505e-01 -2.6703025e-01 -1.1955994e+00 -4.1221333e-01 -6.0363442e-01 -7.0931248e-01 -6.4482462e-01 -5.9647248e-01 -2.4243806e-01 1.2684923e+00 -1.3616274e-01 -2.9871895e-01 -5.3501466e-01 -7.9259127e-02 -2.9964544e-02 -3.0448978e-01 -2.9337172e-02 -2.9726919e-01 -3.0424354e-01 7.1045112e-01 -2.8598017e-01 -3.8512902e-01 -1.3969882e+00 -5.1695922e-01 -6.0875048e-01 -8.0268871e-01 -7.3569497e-01 -7.5951907e-01
2.0000000e+00 -3.5708870e-01 -7.1665488e-01 -3.9497421e-01 -4.0582245e-01 -1.5017909e-01 -7.9882351e-01 -6.2522897e-01 -8.4524677e-01 7.2427916e-01 -7.2405684e-01 -6.1599130e-01 3.8946215e-03 -6.5346973e-01 -4.8617352e-01 -5.0768022e-01 -2.0668728e-01 -1.9906536e-01 -8.8666027e-01 6.5233480e-01 -6.1953934e-01 -4.9061782e-01 -3.3174915e-01 -5.3588335e-01 -4.9763543e-01 -2.9670735e-01 -4.6734032e-01 -3.5016397e-01 -8.6496549e-01 1.1376950e+00 -7.3846105e-01
2.0000000e+00 -9.7055937e-01 2.5605918e-01 -9.2550398e-01 -8.8164082e-01 8.4257882e-01 4.6542968e-01 -5.4228885e-02 -5.2230611e-01 -5.2434349e-01 8.2538439e-01 -3.0812568e-01 4.9376747e-01 -3.1486879e-01 -4.3116924e-01 6.2036552e-01 1.2503530e+00 1.3758932e+00 9.1711121e-01 8.1579078e-01 1.4430652e+00 -9.4827021e-01 -7.6084397e-02 -9.1595065e-01 -8.2654090e-01 4.9596189e-02 4.6753474e-03 -9.0138191e-02 -4.3557544e-01 -4.7846786e-01 1.6980419e-01
2.0000000e+00 4.6211456e-02 -5.7470379e-01 -6.8747820e-02 -6.3392498e-02 -2.2822957e+00 -1.4704639e+00 -1.0238493e+00 -1.1006072e+00 -1.1084944e+00 -1.2811752e+00 -9.9243190e-01 -9.0182585e-01 -1.0010307e+00 -6.5052629e-01 -1.1830409e+00 -1.2166113e+00 -8.9748489e-01 -1.3281950e+00 -6.2746498e-01 -9.1306238e-01 -2.8146446e-01 -8.1865209e-01 -3.8189057e-01 -3.4452123e-01 -2.0470745e+00 -1.2971210e+00 -1.1203584e+00 -1.2375603e+00 -7.1628161e-01 -1.2604781e+00
2.0000000e+00 -8.0583113e-01 -1.4543352e+00 -8.1305474e-01 -7.5906000e-01 1.4088756e-01 -5.3558746e-01 -7.0495304e-01 -5.5119537e-01 -1.5559820e-01 -1.3837211e-02 -7.7515746e-01 -1.2474584e+00 -8.4257142e-01 -5.9772219e-01 -1.8966733e-01 -7.9688081e-01 -6.3242765e-01 -4.7805412e-01 -4.3858251e-01 -3.6989345e-01 -8.1780822e-01 -1.5465638e+00 -8.6352758e-01 -7.4374321e-01 1.5041874e-01 -6.5881838e-01 -6.9414640e-01 -4.1273555e-01 -2.7139194e-01 -2.0646921e-01
1.0000000e+00 2.1649574e+00 3.9568321e-01 2.2790936e+00 2.3779852e+00 -1.6725880e-01 1.7389691e+00 1.6409433e+00 1.5445657e+00 -3.3084349e-01 -1.2157512e-01 2.7495970e+00 2.4520236e-01 2.9706494e+00 2.5623834e+00 -4.5134460e-01 1.3481597e+00 1.0410073e+00 6.1864543e-01 -1.5768039e-01 3.0982421e-01 2.4685915e+00 4.0756166e-01 2.6401806e+00 2.6428756e+00 -2.2656993e-01 1.3882792e+00 1.4800913e+00 1.0581538e+00 -1.0961388e-01 2.5680703e-01
2.0000000e+00 -1.2454851e+00 -8.4231650e-01 -1.2550256e+00 -1.0380665e+00 -4.2630101e-01 -1.0887811e+00 -9.7639151e-01 -8.9889825e-01 9.8349614e-01 4.5702160e-02 -4.9363908e-01 3.4861996e-01 -5.5248348e-01 -5.2687668e-01 2.2530984e+00 -8.2762006e-01 -7.8073901e-01 -3.7699750e-01 -3.1023930e-01 1.7630149e-01 -1.1429278e+00 -7.8119801e-01 -1.1667474e+00 -9.2357768e-01 6.2822996e-01 -1.0214180e+00 -1.1118668e+00 -9.5952266e-01 -9.6671632e-02 -1.2168301e-01
1.0000000e+00 1.0800231e+00 1.2078296e+00 9.5688817e-01 9.7840229e-01 -5.5582211e-01 -6.4569556e-01 -3.9936504e-01 -3.8153062e-02 -9.9896613e-01 -1.0912163e+00 5.7848215e-02 3.9216422e-01 -5.0027411e-02 1.2041362e-01 -5.3234789e-01 -7.7061273e-01 -5.1969377e-01 -5.3109668e-01 -7.6912683e-01 -3.9485804e-01 9.6310154e-01 1.4676747e+00 8.2920162e-01 7.7245650e-01 -3.8075593e-02 -4.6861260e-01 -3.0794576e-01 -1.5321356e-02 -6.4186370e-01 -2.4747691e-01
2.0000000e+00 -6.3542262e-01 -4.4904216e-01 -6.4952964e-01 -6.2368071e-01 1.8602446e+00 -6.1101435e-01 -3.7048861e-01 6.4796687e-01 7.4253387e-01 -5.7379081e-01 8.5187442e-01 1.9525000e+00 5.7173104e-01 1.8707880e-01 2.3797702e+00 -5.9176620e-01 -6.3740120e-01 1.1847572e+00 7.5525153e-01 -2.9991695e-01 -8.0124161e-01 -1.0889728e+00 -8.2808243e-01 -7.1755031e-01 1.5480233e-01 -1.0851592e+00 -9.6266379e-01 -3.8289142e-01 -1.1013134e+00 -1.3086898e+00
2.0000000e+00 -7.9447056e-01 -1.1937036e+00 -8.3117843e-01 -7.3460071e-01 -1.8291520e-01 -1.2436147e+00 -1.0962036e+00 -1.1758482e+00 5.1982633e-01 -6.5034143e-01 -6.0516367e-01 1.1456960e-01 -6.4406414e-01 -5.1147548e-01 4.6169242e-01 -9.2106737e-01 -1.0081962e+00 -1.3728026e+00 3.6780032e-01 -8.2001255e-01 -8.4265812e-01 -1.0889728e+00 -8.9033483e-01 -7.4286425e-01 -2.8355658e-01 -1.1500455e+00 -1.2820589e+00 -1.5758953e+00 -2.3094742e-01 -1.1130720e+00
1.0000000e+00 1.3299556e+00 1.6064943e-01 1.1916723e+00 1.2716293e+00 -5.0742961e-01 -8.6231096e-01 -1.0796416e-01 2.4532280e-01 -9.5515481e-01 -1.8198648e+00 -2.7744740e-01 -7.0551384e-01 -2.4902972e-01 -7.9141890e-02 1.7668086e-01 -8.0135198e-01 -1.8779197e-01 4.5967996e-01 -1.5041568e-01 -8.0147823e-01 7.6430231e-01 -2.2427225e-01 6.4750801e-01 6.2479184e-01 -3.5369401e-01 -8.7955886e-01 -2.4557795e-01 2.2525888e-01 -5.3994352e-01 -1.4727206e+00
2.0000000e+00 -1.5259848e-01 -3.3734294e-01 -2.3598003e-01 -2.3489189e-01 -1.2012927e+00 -1.2095021e+00 -8.6415007e-01 -9.4249008e-01 -8.7118311e-01 -1.0770403e+00 -5.3117486e-01 -9.2265605e-02 -5.8565053e-01 -3.9860671e-01 -1.1000376e+00 -1.1292000e+00 -7.0437839e-01 -1.0952619e+00 -8.5993571e-01 -1.0095165e+00 -1.5928577e-01 6.8846577e-02 -2.4874787e-01 -2.4871499e-01 -1.1997267e+00 -1.1326152e+00 -7.9729316e-01 -9.5556374e-01 -9.1526862e-01 -1.1812334e+00
2.0000000e+00 -7.8754791e-02 -9.5634279e-01 -1.2270698e-01 -1.9194594e-01 -8.5418542e-02 -5.2042628e-01 -5.5253569e-01 -3.0460490e-01 1.0893735e+00 -6.0497810e-01 -5.6762788e-01 -5.3950138e-01 -5.1288103e-01 -4.6043152e-01 -9.3536423e-01 -5.6270364e-01 -5.7440286e-01 -2.2160064e-01 -6.3715126e-01 -8.3287309e-01 -2.6696869e-01 -6.4115235e-01 -2.6483222e-01 -3.7018676e-01 -6.0794218e-01 -5.2077606e-01 -6.0731123e-01 -2.2346894e-01 8.7755358e-02 -8.2158478e-01
1.0000000e+00 1.4293606e+00 1.7011679e+00 1.4099804e+00 1.3740170e+00 4.0135308e-01 7.7623394e-01 1.2969371e+00 1.2309109e+00 3.2997727e-01 -8.4717414e-02 8.3346745e-01 -3.9163235e-01 7.2024022e-01 6.4493437e-01 1.1701177e-01 -5.5226625e-02 2.6480139e-01 1.8392352e-01 -7.4975427e-01 -1.3197336e-01 1.5429326e+00 1.6647157e+00 1.5649118e+00 1.4826532e+00 2.0090605e+00 8.2593172e-01 1.4546644e+00 1.1053562e+00 5.7794288e-01 7.3449137e-01
2.0000000e+00 -6.7802474e-01 -1.2262826e+00 -7.3026244e-01 -6.4728676e-01 -1.2973660e+00 -1.1549218e+00 -8.3301374e-01 -5.4913185e-01 1.0565150e+00 -2.3640105e-01 5.6566407e-01 9.2797472e-02 4.2124173e-01 -5.5160026e-02 3.3102045e-01 -6.1803429e-01 -5.5550336e-01 1.0809430e+00 1.0494723e+00 -6.7703354e-01 -6.1279651e-01 -1.2078487e+00 -6.7200463e-01 -6.0979026e-01 -1.2610970e+00 -1.0767622e+00 -9.8271744e-01 -4.8277790e-01 3.2395133e-01 -9.4571621e-01
1.0000000e+00 1.4975240e+00 -2.5822266e-01 1.4511706e+00 1.3939257e+00 5.2233433e-01 7.5538732e-01 9.2656546e-01 1.1793229e+00 2.9711878e-01 -5.4969154e-01 2.3722595e-01 -4.0233698e-01 1.8286814e-02 2.8212618e-01 -4.6234505e-01 -1.9495047e-01 -4.3227353e-02 5.1807544e-01 -5.2212668e-01 -6.9216359e-01 1.5574284e+00 4.8409825e-01 1.3444966e+00 1.3138936e+00 8.5179300e-01 7.6740687e-01 7.6478050e-01 1.6839669e+00 1.1150460e+00 -3.3669638e-01
1.0000000e+00 6.0003914e-01 -1.2092570e-01 6.9327088e-01 4.2721520e-01 7.2871411e-01 1.4376406e+00 1.3308355e+00 1.0730517e+00 2.3505274e-01 5.7305087e-01 -4.2542501e-01 -5.4349293e-01 -1.9903162e-01 -2.6945668e-01 -8.2602646e-01 5.2155342e-01 2.2633924e-01 4.7667406e-02 -8.0666117e-01 1.0821625e-01 4.7231595e-01 -9.5625652e-02 5.8495775e-01 2.6441973e-01 1.8110386e-01 1.3761926e+00 1.1054047e+00 8.9218385e-01 -2.1153406e-01 1.2387753e+00
2.0000000e+00 -3.5140842e-01 -8.3533530e-01 -3.2495087e-01 -3.9330840e-01 -1.2938077e+00 -1.6186429e-01 2.8500643e-01 -3.8740358e-01 -1.3859661e+00 -4.8873457e-01 -4.1098817e-01 3.1233308e-01 -2.5695021e-01 -3.7506488e-01 -2.0766806e-01 7.8982321e-01 1.5708565e+00 9.6415202e-01 -2.1337650e-01 -3.7410520e-02 -4.9061782e-01 -9.7498213e-01 -4.5099371e-01 -5.0097546e-01 -1.4513447e+00 -1.4354521e-01 2.9846122e-01 -1.9651786e-01 -1.4588429e+00 -7.0244077e-01
2.0000000e+00 -4.3945282e-01 -2.0702718e-01 -5.0000922e-01 -4.7180563e-01 -8.8460645e-01 -1.1784216e+00 -1.0915206e+00 -1.1863980e+00 -4.1846613e-01 -6.0214289e-01 -4.8100684e-01 2.4157367e-01 -5.6683937e-01 -3.9354632e-01 -2.1933520e-01 -9.7639801e-01 -9.9582862e-01 -1.4391464e+00 6.2569753e-01 -6.7325103e-01 -5.7345083e-01 -4.2294167e-01 -6.4638881e-01 -5.5634971e-01 -1.2523298e+00 -1.1961020e+00 -1.2790653e+00 -1.6114951e+00 -6.4024592e-01 -1.0881349e+00
2.0000000e+00 -6.2122191e-01 3.4216066e-01 -5.8074201e-01 -6.0832256e-01 -7.3373572e-01 -6.1421445e-02 -2.8950904e-01 -2.8396971e-01 -8.1641896e-01 6.8929440e-01 -4.7270566e-01 3.1414743e-01 1.6432084e-01 -4.0542724e-01 -1.0733066e-01 1.4577032e+00 3.9709791e-01 7.3543639e-01 -2.2064121e-01 1.5962570e+00 -6.2729229e-01 2.6263069e-01 -4.4861085e-01 -5.8799214e-01 -9.1040983e-01 1.7198009e-01 -1.7121634e-01 1.3609180e-02 -7.0495714e-01 8.7912666e-01
2.0000000e+00 -3.5140842e-01 -1.4357186e+00 -4.1515740e-01 -3.9529927e-01 -1.9079655e+00 -1.2707153e+00 -8.3113050e-01 -9.5977205e-01 -1.7328058e+00 -9.9056641e-01 -9.0942007e-01 -1.3568633e+00 -8.6682792e-01 -6.0850302e-01 -7.7002419e-01 -6.7224714e-01 -5.0974667e-01 -9.5559938e-01 -5.2696982e-01 -6.4828644e-01 -5.4860093e-01 -1.6507839e+00 -5.9158287e-01 -5.3367264e-01 -1.5872360e+00 -8.8782867e-01 -7.3684436e-01 -9.2800360e-01 -9.5733092e-01 -8.1992231e-01
2.0000000e+00 -8.1435156e-01 1.5599529e-01 -7.5168134e-01 -7.4171097e-01 -1.1500536e+00 2.6075370e-01 4.9475176e-02 1.7954815e-01 2.8600810e+00 -6.6288561e-02 2.9389055e-01 1.2485345e+00 5.4160177e-03 -1.2446541e-01 2.8997913e+00 3.1936323e+00 1.6278866e+00 3.7428036e+00 1.6512325e+00 1.0296365e+00 -9.1306618e-01 -5.4507452e-01 -8.6352758e-01 -7.7872567e-01 -1.2961657e+00 -4.4507543e-01 -5.6413352e-01 -3.2685754e-01 8.7755358e-02 -7.6783144e-01
2.0000000e+00 -7.8311000e-01 -9.3000890e-02 -8.1552615e-01 -7.3630718e-01 -6.5687704e-01 -1.0283259e+00 -8.1367909e-01 -7.0131635e-01 7.3523199e-01 -4.6038249e-01 -5.0374486e-01 1.3737243e+00 -4.5149724e-01 -5.0267480e-01 -1.6766643e-01 -6.4430237e-01 -6.0126005e-01 -3.0367873e-01 1.6488109e+00 -3.2790755e-01 -8.0952492e-01 7.5360329e-02 -8.3314602e-01 -7.4057897e-01 -9.0164265e-01 -9.9991649e-01 -9.4462511e-01 -8.0055698e-01 5.9250291e-01 -7.7614381e-01
2.0000000e+00 8.0293159e-02 1.0247275e-01 1.6727203e-01 -1.1061010e-02 -6.2556425e-01 1.1988519e+00 5.9511422e-01 4.4109913e-01 -3.5640009e-01 1.2931937e+00 1.7177239e+00 1.0035981e+00 7.3954641e-01 8.0906713e-01 2.4035011e-01 4.5226856e+00 2.2449388e+00 2.5813824e+00 2.4491398e+00 7.2113982e+00 -1.0337349e-01 -5.7764327e-01 -1.6564538e-01 -1.9914185e-01 -1.4263583e+00 -4.4943550e-02 -2.4078043e-01 -1.9042723e-01 -1.0171888e+00 2.2411169e-01
2.0000000e+00 2.3650097e-01 -4.4132480e-02 2.0846223e-01 9.2179915e-02 -4.5832546e-01 -1.1581219e-01 -3.6910756e-01 -1.8807576e-02 2.4600557e-01 -6.0639571e-01 -4.2398132e-01 -4.8779257e-01 -3.4407559e-01 -3.4030218e-01 -5.6968273e-01 -2.4189769e-01 -5.4820881e-01 1.1981279e-02 -6.4441597e-01 -3.7064995e-01 -3.9738737e-03 8.3502519e-02 5.4769823e-02 -1.2443056e-01 -4.6842772e-02 3.1002241e-01 -4.4035741e-01 5.2217753e-01 9.9079822e-02 4.2901971e-02
2.0000000e+00 -3.3436757e-01 -7.6086916e-01 -3.6366965e-01 -4.0155630e-01 2.9460492e-01 -4.7210000e-01 -3.4211437e-01 -3.9256238e-01 -2.9798500e-01 2.6968360e-01 -7.0658247e-01 -8.2235759e-01 -8.0940437e-01 -4.9871449e-01 5.6136312e-01 -3.0449397e-01 -2.8328420e-01 -7.7234037e-02 6.9107992e-01 3.5218836e-01 -5.2375102e-01 -9.3589962e-01 -5.4958484e-01 -5.1890617e-01 6.9836738e-01 -3.0194400e-01 -2.3070563e-01 -1.3713413e-01 7.7531212e-01 6.5912586e-01
2.0000000e+00 -6.4678318e-01 -4.2577149e-01 -6.7671518e-01 -6.3192861e-01 -8.9955120e-01 -9.0817355e-01 -7.7739522e-01 -6.7371679e-01 2.3140180e-01 -8.0060746e-01 -7.1524457e-01 3.8367156e-02 -8.0791928e-01 -5.8210097e-01 1.8468118e-01 -5.8561835e-01 -5.8932352e-01 -5.2201294e-01 -3.1750401e-01 -7.6062709e-01 -6.6456714e-01 1.1851250e-02 -6.8242968e-01 -6.3774107e-01 1.9863822e-01 -4.9914731e-01 -6.7447656e-01 -3.5335182e-01 3.2395133e-01 -7.6893975e-01
2.0000000e+00 -3.9969083e-01 -1.2821322e+00 -4.1968833e-01 -4.6298892e-01 2.2041276e-02 -3.8681835e-01 -9.5316482e-01 -7.6554336e-01 -6.3387179e-01 -2.5482990e-01 -8.1016679e-01 -9.5026883e-01 -7.5544603e-01 -5.9310183e-01 -3.2567284e-01 -7.6446488e-01 -8.3985799e-01 -6.1933874e-01 -8.2361216e-01 -9.0890161e-01 -5.7345083e-01 -1.3348669e+00 -5.5762702e-01 -5.7463201e-01 -1.1259661e-01 -6.8108327e-01 -1.0547762e+00 -7.7923975e-01 -8.6026408e-01 -8.1604320e-01
2.0000000e+00 -1.0147593e-01 -1.4008126e+00 -1.6101387e-01 -2.0531322e-01 -3.1172465e-01 -7.9844448e-01 -9.8141350e-01 -7.6734894e-01 -8.0181518e-01 -5.2133946e-01 -6.7157313e-01 -9.4754732e-01 -6.8663678e-01 -4.9717437e-01 -8.9769603e-01 -9.6829403e-01 -9.1585388e-01 -8.0571765e-01 1.2080017e-01 -7.5381856e-01 -3.3116427e-01 -1.4244310e+00 -3.8993274e-01 -3.8583218e-01 -6.7369602e-01 -9.3553915e-01 -1.1267871e+00 -8.6161564e-01 -1.2579168e-01 -8.8697545e-01
2.0000000e+00 -9.1375653e-01 -1.6149028e+00 -9.4033246e-01 -8.2817169e-01 -7.9564965e-01 -1.0827167e+00 -9.5969340e-01 -9.0869997e-01 -1.3239001e+00 -3.5264458e-01 -8.2965653e-01 -3.4445941e-01 -7.9158327e-01 -6.4348574e-01 -1.1877078e+00 -7.4155017e-01 -7.0205740e-01 -3.8981206e-01 1.0736880e+00 -1.3878188e-01 -1.0145366e+00 -1.7680314e+00 -1.0377747e+00 -8.5853491e-01 -1.7204971e+00 -1.1399945e+00 -1.1674701e+00 -1.2587253e+00 -1.2258825e+00 -9.7065333e-01
1.0000000e+00 -6.7234446e-01 -2.6753092e-01 -6.9895788e-01 -6.3647917e-01 2.3624926e-01 -8.5662552e-01 -7.7777187e-01 -3.5516111e-01 -7.0323971e-01 1.0262058e-02 8.6558942e-01 1.6114033e+00 6.2964962e-01 1.9301926e-01 -4.8167917e-01 -8.6227157e-01 -6.3574335e-01 4.0939496e-01 -5.8024436e-01 -3.9221028e-01 -6.0244239e-01 -3.7246010e-01 -6.6009030e-01 -5.7480780e-01 -8.1835446e-01 -1.1102231e+00 -1.0122222e+00 -6.5483845e-01 -1.4928163e+00 -8.1992231e-01
2.0000000e+00 3.7691030e-02 -2.6054972e-01 -3.0852835e-02 -6.1970447e-02 -2.1776825e+00 -9.8814879e-01 -8.0413731e-01 -9.0741027e-01 -6.4482462e-01 -9.8347839e-01 -6.3223274e-01 -9.9399452e-01 -5.9654120e-01 -4.3512955e-01 -1.2907120e+00 -6.5436249e-01 -6.9973641e-01 -1.0629822e+00 -1.1517349e+00 -6.9518960e-01 -1.0186350e-02 -6.7942208e-02 -4.3523444e-02 -1.0702723e-01 -1.6621954e+00 -2.3896616e-01 -5.5501822e-01 -5.9850004e-01 -4.2831666e-01 -3.9820794e-01
2.0000000e+00 -1.0273622e+00 8.8436730e-01 -1.0346580e+00 -9.1207272e-01 3.6577036e-01 -6.8928396e-01 -8.0162631e-01 -7.7818242e-01 -4.2576801e-01 3.9159755e-01 -4.2722961e-01 -1.3399551e-01 -2.8566198e-01 -4.3512955e-01 1.0430493e+00 -6.1747539e-01 -4.4044849e-01 1.1417337e-01 1.7069286e+00 -6.8989409e-01 -1.1056529e+00 -2.3729975e-01 -1.1068779e+00 -9.1039333e-01 -7.9205292e-01 -1.0695102e+00 -1.1063496e+00 -1.2692317e+00 -1.0899889e+00 -8.9639613e-01
1.0000000e+00 1.5344458e+00 -9.0673823e-02 1.5459080e+00 1.5987011e+00 1.3265038e+00 1.1344169e+00 1.6434543e+00 1.4775013e+00 -7.1626505e-02 3.8592713e-01 2.5474813e+00 -1.0133732e-01 2.1637495e+00 2.0387427e+00 -3.2833962e-01 3.6618050e-01 8.1189227e-01 8.9764605e-01 -2.0611179e-01 3.7526169e-01 2.0005850e+00 9.1644708e-02 1.9014918e+00 2.0610065e+00 7.5097045e-01 1.0008701e+00 1.6307335e+00 1.2698035e+00 1.0878651e-01 8.5031043e-01
2.0000000e+00 -4.7353452e-01 1.3970582e-01 -4.7529510e-01 -5.2214625e-01 -8.4333050e-01 -5.5736001e-02 -2.5736832e-01 -4.6246407e-01 -1.1178688e-01 -4.3606896e-02 -1.4787676e-01 -3.2087294e-01 -1.4210310e-01 -2.6439628e-01 -1.7033321e-01 4.5895714e-01 5.0485824e-01 3.6235416e-01 8.3032020e-01 3.2381951e-01 -5.8173413e-01 -4.2457011e-01 -5.6983921e-01 -5.7885100e-01 -1.1997267e+00 -2.4469142e-01 -3.9238217e-01 -5.8403477e-01 -3.4904541e-01 -3.4944202e-01
1.0000000e+00 1.6934938e+00 1.0635515e+00 1.7600971e+00 1.6840241e+00 8.2834573e-01 1.5058659e+00 1.7514271e+00 2.0398102e+00 1.5968546e+00 1.6858701e+00 2.4067221e+00 9.5461082e-01 2.4444318e+00 1.9903389e+00 3.0768617e-01 1.2207316e+00 1.4786800e+00 1.2269317e+00 8.2547706e-01 8.0684648e-01 1.5346493e+00 6.1111640e-01 1.5351260e+00 1.4334317e+00 1.0219926e-01 5.3966885e-01 1.0603080e+00 1.1830119e+00 6.3618299e-01 5.9539767e-01
2.0000000e+00 -1.0330425e+00 -1.5815877e-01 -1.0342461e+00 -9.1178831e-01 7.4294720e-01 -7.1183622e-01 -8.2648516e-01 -8.0268670e-01 -1.2034190e+00 4.5397213e-01 -9.2638336e-01 6.2802892e-01 -9.0643037e-01 -6.6570747e-01 6.1136515e-01 -9.0072358e-01 -4.5802171e-01 -4.2128074e-01 -3.1871480e-01 -1.8076778e-01 -1.0787322e+00 -1.8518974e-01 -1.0872192e+00 -8.8806784e-01 3.9151614e-01 -9.5335107e-01 -9.0173525e-01 -7.5107054e-01 -1.1126379e+00 -3.0621768e-01
2.0000000e+00 -7.5754872e-01 -2.6287679e-01 -7.5703607e-01 -7.1611405e-01 -5.5724542e-01 -5.1928919e-01 -6.9503461e-01 -8.7439397e-01 -1.4626359e+00 -5.2112520e-02 -2.7925200e-01 -2.8640040e-01 -1.9358629e-01 -3.8298550e-01 -1.2966489e-01 5.8229140e-02 -3.2108320e-01 -6.4707659e-01 -1.9400394e-01 -1.4521215e-01 -7.4325851e-01 -6.6232205e-01 -7.3187417e-01 -6.8696263e-01 -7.8766934e-01 -4.7942698e-01 -7.1765427e-01 -9.0622957e-01 -1.1207268e+00 -4.1926595e-01
2.0000000e+00 -7.1778673e-01 1.2101567e+00 -7.3067434e-01 -6.7601220e-01 -1.5386169e+00 -8.9945586e-01 -8.6703771e-01 -9.2314460e-01 4.5045840e-01 -5.6953800e-01 -5.5571749e-01 1.0326276e+00 -4.4803202e-01 -4.8683357e-01 -3.0633872e-01 -1.1782291e-01 -5.2831460e-01 -7.7830421e-01 1.3800166e+00 -5.9911376e-01 -7.9295831e-01 9.6774431e-01 -7.7059576e-01 -7.1034287e-01 -1.6183595e+00 -7.5169478e-01 -9.5853792e-01 -1.0119022e+00 5.5529395e-01 -9.1412920e-01
2.0000000e+00 -2.6336402e-01 -8.0741050e-01 -3.2536277e-01 -3.3443548e-01 -8.0063123e-01 -9.8227383e-01 -1.0965300e+00 -1.1777054e+00 -6.5577745e-01 -5.4685634e-01 -7.7551838e-01 -1.1672644e+00 -8.2277019e-01 -5.4645820e-01 -1.1363724e+00 -9.8461378e-01 -1.0200996e+00 -1.5264152e+00 -8.5993571e-01 -4.5764776e-01 -3.8500573e-01 -8.5122084e-01 -4.5456801e-01 -4.2837367e-01 -8.5780676e-01 -7.6123687e-01 -1.2520984e+00 -1.3643979e+00 -4.0404995e-01 -5.3097898e-03
2.0000000e+00 -1.4562236e+00 -1.1378540e+00 -1.4667432e+00 -1.1620693e+00 -1.8723828e+00 -1.3868879e+00 -1.0686580e+00 -1.1722629e+00 -8.6230278e-02 7.8427387e-01 -8.3218298e-01 1.5992820e-01 -8.5247203e-01 -6.7210997e-01 1.1601173e-01 -1.1510528e+00 -9.3544968e-01 -1.3502555e+00 7.8309959e-01 -6.2105234e-01 -1.3605715e+00 -9.1310149e-01 -1.3809076e+00 -1.0461042e+00 -1.4798381e+00 -1.2846526e+00 -1.2352111e+00 -1.5335654e+00 1.4599546e-01 -3.2727569e-01
2.0000000e+00 -1.7815976e-01 -1.5311284e+00 -2.5863464e-01 -2.5224091e-01 -1.6083590e+00 -1.2925095e+00 -1.0802462e+00 -1.1478360e+00 -1.6305793e+00 -1.3392970e+00 -6.5244432e-01 -9.6242494e-01 -6.7178586e-01 -4.3886984e-01 -1.2343764e+00 -1.2145992e+00 -9.9019193e-01 -1.3875637e+00 -6.9526894e-01 -8.4308588e-01 -2.6903951e-01 -1.4228026e+00 -3.5091330e-01 -3.1973466e-01 -1.8471828e+00 -1.2462298e+00 -1.2396728e+00 -1.4085550e+00 -1.0252777e+00 -1.2205787e+00
2.0000000e+00 -3.0596615e-01 -1.2681698e+00 -3.8138144e-01 -3.5349096e-01 -9.1378429e-01 -1.2695783e+00 -1.0576347e+00 -1.0340845e+00 -1.3092963e+00 -1.0798755e+00 -2.7690062e-02 -7.0460667e-01 -1.4804347e-01 -1.6120827e-01 -9.6436540e-01 -1.1606658e+00 -9.6363315e-01 -1.1314347e+00 -7.6549447e-01 -5.7566218e-01 -3.1873932e-01 -1.3478944e+00 -3.9618777e-01 -3.6596777e-01 -1.3487687e+00 -1.2455300e+00 -1.2183238e+00 -1.2072594e+00 -1.2841226e+00 -1.0055653e+00
2.0000000e+00 -6.8938531e-01 -4.1805413e-02 -7.2655532e-01 -6.7174605e-01 -5.8499994e-01 -9.8189480e-01 -9.1612765e-01 -9.6570467e-01 4.5410934e-01 -2.1513699e-01 -8.8451652e-01 3.8672118e-01 -8.6979810e-01 -6.3930542e-01 -3.2567284e-01 -9.1480774e-01 -7.1200451e-01 -6.7449003e-01 3.5690325e-01 -8.0715200e-01 -7.5775428e-01 1.4212628e-01 -7.8459510e-01 -6.9874064e-01 -4.4136579e-01 -9.2599706e-01 -9.2610667e-01 -8.7090386e-01 9.4841464e-01 -7.9609350e-01
2.0000000e+00 1.3709600e-01 -8.3766237e-01 2.9284857e-02 2.8472016e-02 -1.4361386e+00 -1.3112715e+00 -9.3320241e-01 -7.7766654e-01 -6.5577745e-01 -1.4527053e+00 -3.2184068e-01 -5.5401613e-01 -4.5149724e-01 -2.5163529e-01 -6.7002014e-01 -1.0874505e+00 -8.8093954e-01 -8.8763353e-01 -6.7831795e-01 -1.0969682e+00 3.9513458e-02 -6.3952392e-01 -1.0607370e-01 -6.9935267e-02 -1.3706867e+00 -1.1666487e+00 -1.0781402e+00 -8.5994071e-01 -5.9980140e-01 -1.4959953e+00
2.0000000e+00 -3.8833026e-01 -1.3775419e+00 -3.9868132e-01 -4.2885968e-01 -5.9923303e-01 -4.7115243e-01 -6.0614541e-01 -6.0458891e-01 -7.6895669e-01 -1.9812574e-01 -2.8394397e-01 -1.0114122e+00 -2.5744524e-01 -3.3348165e-01 -1.8233370e-01 1.2306101e-01 -1.7364875e-02 -1.7942613e-01 -3.9136190e-01 2.2585241e-01 -4.3056389e-01 -1.5107382e+00 -4.5337658e-01 -4.6019189e-01 -5.6848988e-01 -2.1288444e-01 -4.5714874e-01 -4.6435371e-01 -5.4479686e-01 -7.8458669e-02
2.0000000e+00 -7.3482758e-01 -1.9942147e+00 -7.5126944e-01 -6.9904943e-01 -7.3942895e-01 -8.4620221e-01 -9.4324639e-01 -1.0320726e+00 7.8062175e-02 -2.5482990e-01 -9.8882269e-01 -1.5542639e+00 -8.7078816e-01 -6.7983257e-01 -9.7236573e-01 -6.7504162e-01 -7.2493574e-01 -1.1564149e+00 -2.6915602e-02 -6.9708086e-01 -8.1366657e-01 -2.0855768e+00 -7.7536149e-01 -7.2563671e-01 -1.0156160e+00 -5.8311775e-01 -9.0648479e-01 -1.0271288e+00 7.9148992e-01 -5.3231421e-01
2.0000000e+00 -1.5706814e+00 -1.6048584e-01 -1.5602450e+00 -1.2334563e+00 7.8564647e-01 -8.6932301e-01 -1.1148728e+00 -1.2618196e+00 1.2828735e+00 1.5299336e+00 -2.4676911e-01 2.8306424e+00 -3.1882903e-01 -4.9563425e-01 4.5698590e+00 -6.3983121e-01 -1.0575007e+00 -1.9134475e+00 4.9542540e+00 1.1442467e+00 -1.5152622e+00 -5.2716170e-01 -1.5074974e+00 -1.1259134e+00 1.0219926e-01 -1.1233912e+00 -1.3058307e+00 -1.7450628e+00 3.9028033e-01 -1.5437834e-01
2.0000000e+00 -4.6501410e-01 -5.6772258e-01 -5.2637094e-01 -4.9285199e-01 -8.0063123e-01 -1.2508163e+00 -1.0587145e+00 -1.0961448e+00 -2.1782208e+00 -8.6014683e-01 -8.4301061e-01 -9.1035327e-01 -9.0049000e-01 -6.0828301e-01 -7.0435486e-01 -1.2556222e+00 -9.7062928e-01 -1.3635567e+00 -8.0060724e-01 -9.2705768e-01 -6.0658404e-01 -9.7172525e-01 -6.7855752e-01 -5.9133218e-01 -9.6301290e-01 -1.3024009e+00 -1.2128546e+00 -1.3211543e+00 -1.5915009e+00 -1.2305535e+00
2.0000000e+00 -5.5305850e-01 -1.2123202e+00 -6.0627993e-01 -5.5030287e-01 -1.3535867e+00 -1.3686945e+00 -9.7388052e-01 -1.1315342e+00 -5.0608877e-01 -8.9416933e-01 -6.9972497e-01 -1.1199100e+00 -7.0693303e-01 -5.3941766e-01 -5.6601592e-01 -1.1016465e+00 -6.8514732e-01 -1.0941264e+00 -9.3508779e-02 -1.0760131e+00 -7.0805448e-01 -1.4993391e+00 -7.6434073e-01 -6.4600326e-01 -1.4145226e+00 -1.2782912e+00 -1.1083646e+00 -1.4630662e+00 -9.8321541e-01 -1.3064732e+00
1.0000000e+00 1.1623872e+00 -9.7655024e-02 1.1010539e+00 1.0583216e+00 7.8261975e-02 1.3946424e-01 3.0383889e-01 7.8880201e-01 -1.6862354e-02 -8.7290527e-01 -3.8692761e-03 -1.2093571e+00 -1.5794408e-01 1.8839890e-01 -7.4002297e-01 -4.9675399e-01 -2.5907957e-01 -5.9390974e-02 -9.4347987e-01 -5.0833344e-01 1.1536175e+00 -1.1028159e-01 1.0019595e+00 1.0625121e+00 4.8357151e-01 1.4017311e-01 5.4265516e-01 9.5918088e-01 -1.4358727e-01 -1.0893737e-01
2.0000000e+00 -1.4442950e+00 -9.0673823e-02 -1.3139276e+00 -1.1671887e+00 2.3624926e-01 1.7598157e+00 1.3647339e+00 4.1490686e-03 1.8925810e+00 3.4918976e+00 2.1701438e-01 1.2594206e+00 4.4698332e-01 -3.5504333e-01 9.3471159e-01 2.2591592e+00 2.3477256e+00 2.1855908e+00 1.7396198e+00 1.5440583e+00 -1.2858147e+00 -3.7083166e-01 -1.1509609e+00 -1.0257124e+00 -4.5013297e-01 7.6677073e-01 9.0534794e-01 -1.6174179e-03 3.7895587e-01 1.1944427e+00
2.0000000e+00 -4.8205495e-01 -5.3281658e-01 -5.5067316e-01 -5.0508163e-01 -1.4795495e+00 -1.3228319e+00 -9.4638513e-01 -8.2357982e-01 -1.2399284e+00 -1.0189185e+00 -9.8791500e-02 1.7837660e+00 -1.8764592e-01 -2.0191143e-01 1.0534463e-01 -8.2091331e-01 -7.2728989e-01 -9.6699197e-02 1.6693942e+00 -3.1542526e-01 -6.9770035e-01 -8.9030335e-01 -7.5957500e-01 -6.4108111e-01 -2.1163352e+00 -1.3177319e+00 -1.1985101e+00 -1.3138456e+00 -1.6173854e+00 -1.3646598e+00
2.0000000e+00 -1.1012059e+00 -7.2363608e-01 -1.0482508e+00 -9.4051374e-01 6.9313139e-01 1.2809335e-01 -2.7042549e-01 -2.3908818e-01 -2.5052273e-01 1.4165253e+00 -1.3524452e-01 4.6110928e-01 -6.2822316e-01 -3.8848593e-01 1.1497203e+00 9.5972741e-01 2.7010651e-01 5.9106979e-01 8.0489372e-01 1.4377697e+00 -1.0331740e+00 -8.2516584e-01 -1.0642841e+00 -8.6169915e-01 3.4329666e-01 -1.1619120e-01 -3.9526069e-01 -2.6138317e-01 -4.7361451e-01 7.2451653e-01
1.0000000e+00 1.7133748e+00 8.6183279e-02 1.6118124e+00 1.7608149e+00 -1.1500536e+00 -3.5441132e-01 3.3522632e-01 7.3102349e-01 4.2490180e-01 -1.6781044e+00 6.7610589e-01 -9.6260637e-01 4.9599135e-01 7.5934326e-01 -8.3502683e-01 -6.5492138e-01 -1.8049743e-01 1.0930708e-01 1.6802079e-01 -8.3438610e-01 1.4062582e+00 -4.3108386e-01 1.2789678e+00 1.3648731e+00 -1.1821924e+00 -6.3973419e-01 -5.5596021e-02 4.2472731e-01 2.4953342e-01 -1.3641056e+00
2.0000000e+00 -3.5992884e-01 -1.3891773e+00 -3.7685052e-01 -4.2686881e-01 1.2126391e+00 -3.0324232e-01 -6.3778394e-01 -3.8482418e-01 -9.8071141e-01 2.7818923e-01 -6.6399379e-01 -3.1724425e-01 -6.1980764e-01 -5.2291637e-01 -3.7700826e-01 -2.9722833e-01 -4.2685411e-01 -2.7350773e-01 -1.0318672e+00 -2.6020056e-01 -4.6162627e-01 -7.4862926e-01 -4.3073934e-01 -4.9411960e-01 9.7891709e-01 -1.9825322e-01 -4.4659419e-01 1.3609180e-02 -8.3923293e-01 8.7788784e-02
1.0000000e+00 1.7644973e+00 5.1669070e-01 1.8095253e+00 1.7323739e+00 1.4688347e+00 1.5759864e+00 2.1054772e+00 2.6175954e+00 2.7651565e+00 5.5320441e-01 5.9562051e-01 -3.5171678e-01 5.6727576e-01 6.3195337e-01 -5.1868067e-01 -6.5286742e-02 2.0834731e-04 3.0720287e-01 8.6422218e-01 -1.7017674e-01 1.8701230e+00 1.0068268e+00 1.9014918e+00 1.8588466e+00 1.1761786e+00 1.2400587e+00 1.2579659e+00 2.3432786e+00 4.2988383e+00 1.0226536e+00
2.0000000e+00 -5.4737821e-01 -9.4936159e-01 -5.7497538e-01 -5.6025722e-01 -6.8534322e-01 -7.3704169e-01 -8.6452672e-01 -8.2538540e-01 -6.3387179e-01 -2.1371938e-01 -5.3297947e-01 -7.4307076e-01 -4.4902208e-01 -4.6923220e-01 -5.4601511e-01 -6.3144778e-01 -7.0902037e-01 -1.0793654e+00 -8.7325434e-01 -6.5433846e-01 -5.2168020e-01 -6.9977612e-01 -4.8107741e-01 -5.2294937e-01 -2.9670735e-01 -3.9100356e-01 -7.4595966e-01 -8.9907307e-01 -3.8787214e-01 -2.4027286e-01
2.0000000e+00 -4.1389154e-01 -4.6300456e-01 -4.4151913e-01 -4.6924594e-01 4.5828543e-01 -5.2497463e-01 -7.1399262e-01 -7.1834038e-01 -3.8195669e-01 -4.1927197e-01 -7.0441694e-01 -4.8325671e-01 -6.4356911e-01 -5.0003460e-01 -7.7329439e-02 -8.9222837e-01 -6.1684385e-01 -8.6330208e-01 3.3540235e-03 -7.6062709e-01 -5.2996350e-01 -7.4537238e-01 -5.5286128e-01 -5.3824321e-01 2.6439206e-01 -8.4647959e-01 -8.1648325e-01 -8.9206883e-01 -3.4419207e-01 -8.3488458e-01
2.0000000e+00 -4.9110996e-03 -1.4915682e+00 -7.9869174e-02 -1.0918255e-01 -2.3273101e-01 -9.7185052e-01 -8.9327760e-01 -5.5687005e-01 -1.6013718e+00 -8.2187152e-01 -5.3442315e-01 -2.4648484e-01 -6.4752936e-01 -3.6120381e-01 -1.1633102e-01 -7.9129186e-01 -8.6794198e-01 -8.3848400e-01 -7.7275918e-01 -4.9887716e-01 -1.5307330e-01 -1.2501881e+00 -2.6393865e-01 -2.2972953e-01 -1.8711762e-01 -9.1200198e-01 -1.0512261e+00 -8.4821623e-01 -1.2954471e+00 -7.2682373e-01
2.0000000e+00 -5.9566063e-01 -3.1639933e-01 -6.5406057e-01 -5.9410205e-01 -1.3898811e+00 -1.2398244e+00 -1.0954629e+00 -1.1175796e+00 -1.5685133e+00 -2.9735802e-01 -6.1960051e-01 -5.5728195e-01 -6.9307217e-01 -5.1411569e-01 -7.7069088e-01 -1.0390502e+00 -1.0182428e+00 -1.2725571e+00 -7.1221993e-01 -7.7159638e-01 -6.6249632e-01 -5.5810202e-01 -7.3038488e-01 -6.2789676e-01 -1.3619195e+00 -1.1473737e+00 -1.2687362e+00 -1.3193272e+00 -1.1805846e+00 -7.5231501e-01
1.0000000e+00 6.0855956e-01 3.3052533e-01 6.1500950e-01 4.5167449e-01 1.4617182e+00 5.2228412e-01 7.4075188e-01 9.2757364e-01 4.9792067e-01 -3.9139824e-03 1.1667834e-01 2.7481092e-02 1.9996305e-01 8.9611223e-02 -1.1466429e-01 -2.5978234e-01 1.9439421e-02 3.4451109e-01 -6.2746498e-01 -3.8048449e-01 6.2348619e-01 7.6581800e-01 6.7133668e-01 4.2263187e-01 1.1674114e+00 2.5722281e-01 4.1983856e-01 6.6530755e-01 3.2718689e-01 -1.0782905e-01
1.0000000e+00 6.0571942e-01 6.0279218e-01 6.3972362e-01 4.8893223e-01 1.4332520e+00 4.5405879e-01 1.1437665e+00 7.9679815e-01 2.0949614e-01 3.5757505e-01 5.9706419e-01 4.3570847e-01 4.6998589e-02 3.8245398e-01 1.1730546e+00 6.7524966e-01 8.7853788e-01 1.0359182e-02 2.3825466e+00 9.0481357e-01 3.0250827e-01 -7.6084397e-02 1.9178468e-01 1.6632820e-01 4.4850280e-01 -2.7140929e-01 2.9846122e-01 -1.5083807e-01 -2.6653860e-01 -2.4470612e-01
1.0000000e+00 5.4039616e-01 -8.7954958e-01 5.6970028e-01 3.9337038e-01 -1.0320990e-01 6.2083181e-01 3.9674568e-01 5.5433471e-01 -1.0813594e-01 -4.3061280e-01 -2.4568635e-01 -8.5138709e-01 -1.1735157e-01 -1.5548782e-01 -4.0067588e-01 3.8965411e-01 1.7428272e-01 4.5319157e-01 -7.1100915e-01 -2.5490504e-01 5.1580328e-01 -6.0206984e-01 5.0751457e-01 3.3297833e-01 4.8795510e-01 1.2311527e+00 1.0718220e+00 1.2713261e+00 1.9129332e-01 4.0421310e-01
2.0000000e+00 -3.2584714e-01 1.4044198e-02 -3.0682718e-01 -4.0070307e-01 -4.0584313e-02 1.5462542e-01 -2.2259105e-01 -5.0089711e-01 -1.8480575e-01 3.6891588e-01 -4.9363908e-01 -1.1801462e+00 -1.9853659e-01 -4.3314940e-01 -4.3801073e-01 3.9524306e-01 3.9908733e-01 -3.2200842e-01 8.4363884e-01 2.9393766e-01 -3.8293490e-01 -6.0695516e-01 -2.3981212e-01 -4.3294424e-01 -1.5643250e-01 4.5188157e-01 3.4403769e-01 -2.4402485e-01 1.1247527e+00 4.2748774e-01
2.0000000e+00 -8.2571213e-01 1.3272462e-01 -8.2499990e-01 -7.6105087e-01 6.4331558e-01 -6.9269522e-01 -1.0520227e+00 -1.0662238e+00 4.6871312e-01 -3.5689739e-01 -3.8825014e-01 1.3592095e+00 -4.4902208e-01 -4.5581116e-01 1.9497527e+00 -8.0694093e-01 -9.4818198e-01 -1.1077520e+00 2.6501301e+00 -6.9292010e-01 -8.8821628e-01 1.6736564e-02 -9.0403632e-01 -7.8136254e-01 4.3973562e-01 -1.0023974e+00 -1.2417837e+00 -1.4371810e+00 6.3294742e-01 -1.0377065e+00
2.0000000e+00 -8.1719170e-01 -1.0494255e+00 -8.4806641e-01 -7.5337179e-01 -9.4652039e-01 -1.1325591e+00 -1.1026481e+00 -1.1859595e+00 -1.4099443e-01 -2.8176438e-01 -6.8853642e-01 -4.0052263e-01 -6.6188525e-01 -5.5591894e-01 -4.7467888e-01 -1.0258044e+00 -1.0252157e+00 -1.4363888e+00 -4.2889623e-01 -6.6757726e-01 -7.2669190e-01 -5.8904234e-01 -7.5004353e-01 -6.8186468e-01 -6.9123037e-01 -9.9444569e-01 -1.2793579e+00 -1.4912354e+00 -1.3873393e-01 -5.4118074e-01
2.0000000e+00 -5.1897679e-01 -6.2749017e-02 -5.8033011e-01 -5.4177056e-01 -9.4153881e-01 -1.1810748e+00 -1.0174965e+00 -1.0416679e+00 -9.9531518e-01 -4.7455853e-01 -7.9825640e-01 5.7178426e-01 -8.2524535e-01 -5.9618207e-01 2.8001838e-01 -9.5270085e-01 -8.2526890e-01 -8.5551601e-01 -1.3951861e-01 -5.9495300e-01 -6.0451321e-01 4.5315793e-01 -6.7706823e-01 -5.9115639e-01 -4.4574938e-01 -1.0416473e+00 -1.1322083e+00 -1.1385874e+00 -5.6097467e-01 -6.5810812e-01
1.0000000e+00 8.3293078e-01 3.9801027e-01 8.1684149e-01 7.5002085e-01 1.1058910e+00 2.3860212e-02 7.7841680e-01 1.3005546e+00 -3.0893783e-01 -2.9594042e-01 1.4831253e+00 1.6549476e+00 1.5890189e+00 1.0304043e+00 -1.9533422e-01 -4.1962642e-01 4.3522849e-01 9.1548912e-01 -2.7270496e-01 -2.3415221e-02 9.7759732e-01 1.2168953e+00 1.0704669e+00 8.4628884e-01 5.4932535e-01 -3.1148609e-01 5.7479857e-01 1.0368365e+00 -4.4934781e-01 -4.4087812e-01
2.0000000e+00 -3.2300700e-01 -1.1774142e+00 -3.2495087e-01 -3.9984984e-01 -1.2384788e-01 -8.8901090e-02 -6.4556802e-01 -7.2066183e-01 -5.8275858e-01 1.3584035e+00 -8.0764035e-01 -1.0444333e+00 -9.6241833e-01 -5.7044007e-01 -6.0335077e-01 -1.3570756e-01 -2.5322560e-02 -7.2688375e-01 -5.0275412e-01 7.2098342e-01 -5.2789267e-01 -1.4276879e+00 -5.9217859e-01 -5.3543055e-01 -7.9643651e-01 -3.6110499e-01 -6.1018974e-01 -8.5430687e-01 -7.5834390e-01 9.3952990e-01
1.0000000e+00 1.3185951e+00 4.9807416e-01 1.2740527e+00 1.2431882e+00 -3.7008031e-01 6.7958140e-01 2.1595409e-01 3.0903394e-01 5.1617538e-01 -2.7892917e-01 8.5548363e-01 5.6815557e-01 7.4400169e-01 1.0541662e+00 1.6901388e-01 7.5405391e-01 2.4026519e-01 1.0322801e+00 1.3775116e-01 2.4589974e-01 1.7127403e+00 1.4155647e+00 1.6036334e+00 1.7445822e+00 7.6412122e-01 1.4531655e+00 9.1734175e-01 1.3733443e+00 1.2590285e+00 8.1761510e-01
2.0000000e+00 -1.1580087e+00 -4.0948202e-01 -1.1351621e+00 -9.7862472e-01 3.0883801e-01 -5.8903063e-01 -7.9961752e-01 -8.0397640e-01 2.8616595e-01 7.2636637e-02 -5.1709894e-01 1.4481124e+00 -5.3862262e-01 -5.1675589e-01 2.5401733e-01 -6.1412202e-01 -4.9714700e-01 -6.0879511e-01 5.5417780e-02 -3.8464525e-01 -1.0580240e+00 1.8935098e-01 -1.0508805e+00 -8.7294979e-01 3.4329666e-01 -7.2561305e-01 -7.9969192e-01 -7.5548625e-01 -1.0929260e-02 -4.0485783e-01
1.0000000e+00 2.6648223e+00 1.1589612e+00 2.6003772e+00 3.1060755e+00 7.5006375e-01 4.5405879e-01 1.7828145e+00 2.3751319e+00 -5.3371788e-02 -1.0968867e+00 2.1793419e+00 -5.3042966e-01 1.7801008e+00 2.7229959e+00 -2.4966976e-01 -3.2237862e-01 1.3018388e-01 1.9690030e-01 -6.9647973e-01 -2.5603980e-01 2.9821562e+00 8.2281333e-01 2.8337885e+00 3.5605061e+00 8.3864223e-01 8.6101231e-02 1.0060959e+00 1.4357734e+00 -4.9788122e-01 -3.6385013e-01
2.0000000e+00 8.3133301e-02 -6.3986166e-01 8.9834451e-02 -3.8933216e-02 8.1820247e-02 1.8115749e-01 -1.0959631e-01 -1.7253971e-01 3.6648670e-01 1.8746257e-01 -2.0237583e-01 -8.0965718e-01 -9.3590104e-02 -1.8034975e-01 -8.2135960e-01 2.8234619e-01 2.1572900e-01 1.0281869e-01 -2.1943042e-01 -1.5958570e-01 8.3000789e-02 -6.7860643e-01 1.2327725e-01 -3.2491726e-02 -1.3013097e-01 5.2694605e-01 4.9563943e-01 4.0797805e-01 2.4629786e-01 2.0471616e-01
2.0000000e+00 -1.2841110e+00 -5.7004965e-01 -1.2492590e+00 -1.0648010e+00 -8.2198087e-01 -2.2857349e-01 -5.7493178e-02 -6.7062151e-01 8.1920368e-01 1.1982143e+00 -7.9681272e-01 -4.9704573e-01 -7.1138831e-01 -6.2192407e-01 -3.6234099e-01 5.1596447e-01 6.0963443e-01 -5.3304320e-01 -3.6835698e-01 8.9303679e-02 -1.1429278e+00 -4.2457011e-01 -1.0726242e+00 -9.2639034e-01 -3.9752990e-01 5.5557234e-01 7.7677431e-01 -5.0866311e-01 1.3143543e-01 7.9267798e-01
2.0000000e+00 -8.7115440e-01 -1.0075383e+00 -8.4353549e-01 -7.9916184e-01 4.9386816e-01 -2.5339993e-01 -4.3728105e-01 -4.0004263e-01 -1.3004160e-01 8.8917657e-01 -8.8451652e-01 -7.1549273e-01 -7.4802057e-01 -6.4986624e-01 1.2501210e-01 -3.7491479e-01 -1.4302999e-01 -2.7512983e-01 3.5569247e-01 -3.3206832e-01 -9.0064123e-01 -9.4078493e-01 -8.1914668e-01 -7.7450668e-01 4.1343409e-01 -2.1161216e-01 -2.0287999e-01 -1.0820360e-01 6.4750745e-01 3.7983014e-01
1.0000000e+00 1.5770480e+00 5.5625084e-01 1.5623841e+00 1.5332867e+00 1.1455635e-01 5.6018708e-01 1.2241183e+00 1.5832567e+00 9.8714708e-01 -8.0060746e-01 7.8474311e-01 1.9361709e+00 1.1420063e+00 6.0115097e-01 -7.6169052e-01 4.5839824e-01 3.8317196e-01 1.0160591e+00 2.0604778e+00 -1.9173707e-01 1.3420626e+00 1.4627894e+00 1.4993830e+00 1.1591973e+00 -4.6328374e-01 5.8229021e-01 9.6531699e-01 1.6885349e+00 1.8511362e+00 -2.6410166e-01
2.0000000e+00 -6.8654517e-01 -8.9351198e-01 -6.9772218e-01 -6.6719548e-01 1.3265038e+00 -5.9755880e-01 -6.1192070e-01 -4.2351516e-01 7.2062821e-01 3.2071735e-01 -2.1861727e-01 -8.6608328e-01 -2.5298996e-01 -3.4778276e-01 8.3170742e-01 -8.1085320e-01 -5.1007824e-01 -9.5077100e-02 -1.2256762e-01 -2.6284832e-01 -6.6456714e-01 -1.2241331e+00 -6.8808899e-01 -6.4020215e-01 5.9754483e-01 -9.0818515e-01 -7.8433985e-01 -5.4764320e-01 -2.1962296e-01 -3.2616737e-01
2.0000000e+00 -1.0983658e+00 -1.0657149e+00 -1.0614316e+00 -9.4790841e-01 1.7504698e-01 -2.4165001e-01 -6.6527933e-01 -7.3639616e-01 -6.5212650e-01 1.0281018e+00 -2.4243806e-01 2.3443982e+00 -2.3368377e-01 -4.6219165e-01 3.4398132e+00 1.1866389e+00 -1.9177082e-01 1.8878981e-01 1.9624042e+00 1.1207951e+00 -1.1160071e+00 -1.0091793e+00 -1.0833471e+00 -9.2023765e-01 1.5918592e-01 -5.7675635e-01 -9.6223202e-01 -1.1247312e+00 -7.5510834e-01 5.1768502e-02
2.0000000e+00 -5.8714020e-01 -9.0673823e-02 -6.3058215e-01 -5.9609292e-01 -8.8958804e-01 -8.7936730e-01 -1.0205850e+00 -1.0428803e+00 -9.3690009e-01 -3.2854531e-01 -5.8531301e-01 -1.1766642e-01 -6.4703433e-01 -4.9101389e-01 4.6342242e-02 -8.1141209e-01 -8.6412893e-01 -1.0221053e+00 -8.7454854e-02 -3.9372328e-01 -5.4445928e-01 2.2517662e-01 -6.1719869e-01 -5.5898658e-01 -1.5204891e-01 -7.5742003e-01 -1.0896542e+00 -9.6957221e-01 -3.3578188e-02 -1.7266556e-01
2.0000000e+00 1.7969813e-01 -1.0587337e+00 1.1949140e-01 3.9279606e-02 -5.4158902e-01 -5.0299092e-01 -5.3633978e-01 -3.5180789e-01 -1.0610322e+00 -5.2133946e-01 -2.2511385e-01 -1.4855003e+00 -1.6289439e-01 -2.4811502e-01 -7.6969084e-01 -5.8226498e-01 -4.4243791e-01 -1.8267032e-01 1.3169724e-01 -3.8275400e-01 2.0725031e-01 -1.2615872e+00 2.0667760e-01 3.8124153e-04 -4.5451656e-01 -3.3947624e-01 -2.7388334e-01 1.5978451e-01 3.3689357e-01 -1.1503311e-01
2.0000000e+00 -7.5470858e-01 -7.5854209e-01 -7.8051448e-01 -7.1725169e-01 -3.9854649e-01 -8.6193194e-01 -7.9007574e-01 -6.6288331e-01 -6.4847556e-01 1.3075840e-01 -8.4625889e-01 -8.2616771e-01 -8.7920368e-01 -6.1796376e-01 7.1670275e-01 -9.4621766e-01 -7.4582467e-01 -8.8909341e-01 -3.6230306e-01 -2.9726919e-01 -7.7846254e-01 -7.9585396e-01 -8.2182740e-01 -7.1157341e-01 9.0877966e-01 -9.0500445e-01 -8.3456992e-01 -7.4802522e-01 -8.0493826e-02 2.0416200e-01
2.0000000e+00 -6.1838176e-01 -1.0075383e+00 -6.0710374e-01 -6.4899323e-01 1.3834362e+00 3.0813240e-01 -9.6785413e-01 -8.0088112e-01 2.3635527e+00 4.2703765e-01 -1.5942623e-01 -3.0272950e-01 -2.0348690e-01 -3.0113914e-01 -4.1367641e-01 -7.3111277e-02 -7.9834539e-01 -2.0700177e-01 8.2305549e-01 -2.5755280e-01 -7.1633778e-01 -1.2957844e+00 -7.1995983e-01 -6.7571199e-01 -1.3451455e-01 -4.1835756e-01 -1.1560520e+00 -1.0193632e+00 3.6116028e-01 -4.4586554e-01
2.0000000e+00 -7.0074588e-01 -5.1652711e-01 -7.5250514e-01 -6.6520461e-01 -1.4767029e+00 -1.2894773e+00 -1.0105913e+00 -9.6209351e-01 -5.1339066e-01 -7.7792580e-01 -1.8685622e-01 -9.8782575e-01 -3.1734394e-01 -3.1478020e-01 -1.5266583e-01 -1.0332377e+00 -8.6024955e-01 -8.9217540e-01 1.9586884e-01 -4.2625290e-01 -6.1900899e-01 -9.6683994e-01 -7.0447120e-01 -5.9432063e-01 -1.4373172e+00 -1.2055168e+00 -1.1596981e+00 -1.0961052e+00 -2.7462750e-01 -8.6979654e-01
1.0000000e+00 4.6087218e-01 -1.6207675e-02 6.2324754e-01 2.9496443e-01 1.9883424e+00 2.5027137e+00 2.5436457e+00 1.9417930e+00 2.0568735e+00 1.8758290e+00 4.1588185e-01 1.9440073e-01 3.0243438e-01 2.3944287e-01 7.6270462e-01 2.2418334e+00 2.2426178e+00 1.7897992e+00 4.2241507e+00 1.3371549e+00 2.2588773e-01 -2.4544194e-01 3.6156396e-01 6.1029230e-02 9.9206785e-01 1.5924801e+00 1.9910275e+00 1.5058157e+00 2.1746923e+00 1.1667347e+00
1.0000000e+00 3.2953339e+00 -4.2577149e-01 3.3871100e+00 3.8540744e+00 1.3193873e+00 2.5008186e+00 3.1136414e+00 3.6725692e+00 5.2712821e-01 -2.2506022e-01 2.1280911e+00 -6.6396537e-01 2.1563240e+00 2.4809770e+00 -2.2400205e-01 9.4743171e-01 3.5697791e-01 5.3267431e-01 3.3995226e-01 -1.5504669e-01 3.4915792e+00 -3.4151978e-01 3.6350276e+00 4.1371014e+00 9.0439607e-01 2.1592806e+00 1.7890518e+00 2.4513874e+00 1.2768241e+00 2.3297823e-01
1.0000000e+00 2.7058267e-01 1.5010401e+00 2.4841672e-01 1.7551212e-01 4.2981926e-01 -1.2604599e-01 4.3566609e-01 4.2846008e-01 -6.0101330e-01 2.6117798e-01 8.9590678e-01 5.2461132e-01 6.4747072e-01 5.0676364e-01 1.1597207e+00 -6.5286742e-02 5.7117228e-01 9.1873331e-01 7.9633481e-02 4.0552180e-01 4.6403264e-01 1.2282944e+00 4.1517847e-01 2.9782007e-01 1.4742627e+00 -1.1873576e-01 6.2709158e-01 5.7851594e-01 -3.9919661e-01 5.7821877e-01
2.0000000e+00 -8.4843326e-01 -1.2146472e+00 -8.5383304e-01 -7.6872995e-01 -1.6809478e+00 -8.2819830e-01 -5.4927140e-01 -8.8239010e-01 -4.4402273e-01 -2.7892917e-01 6.1457425e-02 -7.3962351e-01 2.2966488e-01 -2.5295540e-01 -5.0001324e-01 4.6901726e-01 4.3622320e-01 4.7265673e-01 1.2686244e+00 3.9190475e-01 -8.5922472e-01 -1.6051876e+00 -8.2331669e-01 -7.5077486e-01 -1.9168819e+00 -8.1848945e-01 -7.2964808e-01 -1.1478757e+00 -5.2538349e-01 -7.6284401e-01
2.0000000e+00 -4.4513310e-01 -5.1113682e-02 -4.1392170e-01 -4.8090676e-01 -6.2342928e-01 -1.0252451e-02 1.7828918e-01 -1.2920582e-01 -1.0172208e+00 -1.3575116e-01 -1.6231360e-01 4.7380969e-01 1.7125127e-01 -2.8265770e-01 9.3737837e-01 9.4296055e-01 1.0217762e+00 1.2755946e+00 7.0803091e-01 1.5511941e-01 -6.0037156e-01 -5.2879014e-01 -5.4332981e-01 -5.8570686e-01 -9.9808161e-01 -3.4392922e-01 -1.6018203e-01 -3.3431857e-01 -1.2614737e+00 -6.6863712e-01
2.0000000e+00 -3.0596615e-01 -1.6281290e-01 -2.8334876e-01 -4.0639127e-01 8.4257882e-01 4.9385690e-01 9.0781031e-02 1.8341725e-01 8.1555274e-01 3.1362933e-01 -3.4133041e-01 5.3186870e-01 -1.3665777e-01 -4.1290782e-01 2.5535072e-01 7.7361525e-01 6.3748633e-01 1.1296059e+00 9.7561441e-01 7.2627894e-01 -4.3056389e-01 -1.3470816e-01 -3.8844345e-01 -5.0871028e-01 8.4664902e-02 7.3378437e-02 -7.1427849e-02 1.7044313e-01 3.4336469e-01 -4.2992546e-02
2.0000000e+00 -7.3074507e-02 -7.1665488e-01 -1.4206638e-01 -1.7402809e-01 -6.3552741e-01 -9.3660076e-01 -9.2629718e-01 -7.2324123e-01 -1.4151737e+00 -5.6244998e-01 -5.4452894e-01 2.6516014e-01 -5.5891888e-01 -4.3116924e-01 -4.6767860e-01 -9.8025439e-01 -8.8329369e-01 -9.3337665e-01 -6.1777870e-01 -6.4601693e-01 -2.4004796e-01 -1.5832194e-02 -3.1338314e-01 -3.2729369e-01 -7.4821703e-01 -9.7625210e-01 -1.0522815e+00 -8.9907307e-01 -8.7158854e-01 -7.1019899e-01
2.0000000e+00 -1.4908734e+00 -8.8420371e-01 -1.4510909e+00 -1.1771431e+00 -9.5577190e-01 -5.1853113e-01 -5.2215266e-01 -6.4766486e-01 4.3220368e-01 4.8374181e-01 4.7976487e-01 -3.0577913e-02 6.9845887e-01 -2.2347310e-01 1.2963929e+00 1.9627630e-01 8.1660328e-03 5.2943011e-01 9.4776635e-01 1.4339362e-01 -1.3021743e+00 -1.2990413e+00 -1.2507435e+00 -1.0170986e+00 -1.3531523e+00 -8.2357856e-01 -8.5289646e-01 -1.0199723e+00 -7.5510834e-01 -5.3397669e-01
2.0000000e+00 -1.3323935e+00 -2.2564372e-01 -1.3242251e+00 -1.0702048e+00 3.2307110e-01 -8.4866590e-01 -7.7463313e-01 -8.9915619e-01 -1.1157963e+00 9.6289198e-01 3.7076672e-01 5.4696251e-02 1.9847796e-01 -2.1687259e-01 -6.8329074e-02 -9.2196160e-01 -2.7897379e-01 -8.4854100e-01 -1.3588626e-01 -4.0923159e-01 -8.7993298e-01 -1.0702472e-01 -9.3739646e-01 -7.7520985e-01 4.0829011e-02 -9.5017037e-01 -7.5699396e-01 -9.7581512e-01 -7.2275273e-01 -1.4329518e-01
2.0000000e+00 -4.5081339e-01 -2.8382039e-01 -5.1689720e-01 -4.6355774e-01 -1.5656597e+00 -1.4752018e+00 -1.0998822e+00 -1.1212682e+00 -1.0354756e+00 -1.5519376e+00 -1.9515741e-01 -4.7926516e-01 -2.6586076e-01 -2.6483632e-01 -4.1934331e-01 -1.1616718e+00 -1.0312105e+00 -1.3267351e+00 -1.3596967e-02 -1.0352376e+00 -5.2789267e-01 -7.6491363e-01 -6.0885866e-01 -5.1837880e-01 -1.7288259e+00 -1.3422233e+00 -1.2886507e+00 -1.4961080e+00 -1.0802822e+00 -1.5924188e+00
2.0000000e+00 -2.3496260e-01 5.3065310e-01 -2.7717023e-01 -3.0940737e-01 -7.5010377e-01 -7.6963823e-01 -6.9503461e-01 -6.3657345e-01 1.2345193e-02 -8.2754194e-01 -5.1637710e-01 5.8448467e-01 -4.1486497e-01 -4.2588883e-01 -5.1434716e-01 -2.8102036e-01 -4.6233212e-01 -8.7546780e-01 -2.7270496e-01 -6.9556786e-01 -4.2849306e-01 5.7366233e-01 -4.2656933e-01 -4.5597290e-01 -8.0520369e-01 -5.5703602e-01 -7.2437080e-01 -8.9024164e-01 -4.2669888e-01 -9.6234096e-01
2.0000000e+00 -3.8833026e-01 -1.0463623e-01 -4.1598121e-01 -4.5019045e-01 2.8446165e-02 -4.7039437e-01 -7.7739522e-01 -8.0242876e-01 -1.9210764e-01 -1.3716876e-01 -6.6363287e-01 1.2364132e-01 -6.5891506e-01 -5.0773519e-01 -4.7767900e-01 -5.0401963e-01 -5.5052980e-01 -2.9183742e-01 -1.7584216e-01 -6.2861737e-01 -5.2168020e-01 5.0933760e-02 -5.7907282e-01 -5.2892628e-01 -1.1259661e-01 -4.4761999e-01 -7.0374145e-01 -4.7942804e-01 -2.5359635e-01 -6.4092922e-01
2.0000000e+00 6.7388283e-01 -2.3262492e-01 6.0265244e-01 5.2107059e-01 3.5562710e-02 -3.7260474e-01 -3.7890044e-01 -1.4680539e-02 -1.1559567e+00 -9.7355516e-01 -2.3918977e-01 4.0305028e-01 -2.5843530e-01 -1.4866729e-01 7.2009949e-02 -4.1515526e-01 -4.5006402e-01 -2.3782161e-01 -4.3616094e-01 -6.7854655e-01 3.8534128e-01 -3.7001887e-02 2.9603511e-01 2.2574565e-01 6.2746957e-02 -5.4940235e-01 -5.0800249e-01 -3.5594034e-01 -8.1981957e-01 -1.0670769e+00
2.0000000e+00 -2.0656118e-01 -5.4445191e-01 -2.6728458e-01 -2.9148953e-01 -1.2091209e+00 -8.9793975e-01 -8.4104892e-01 -8.8187422e-01 -5.9006047e-01 -8.2045392e-01 -8.9065218e-01 -1.0966864e+00 -9.0593534e-01 -5.9662210e-01 -8.8236208e-01 -7.2534220e-01 -5.7639228e-01 -1.0238896e+00 -9.2410731e-01 -6.5093420e-01 -3.1873932e-01 -6.4766611e-01 -4.0214494e-01 -3.8161319e-01 -4.8520169e-01 -5.5131076e-01 -6.5144844e-01 -6.8118046e-01 -2.5844969e-01 -4.5029880e-01
1.0000000e+00 1.7928988e+00 5.7952151e-01 1.7230259e+00 1.8148529e+00 -3.4588406e-01 1.6599631e-01 1.1538877e-01 7.4624194e-01 -7.0689066e-01 -1.0245889e+00 6.2413327e-01 -5.4440010e-01 6.6925207e-01 7.0631914e-01 -2.7767089e-01 -3.5870682e-01 -2.7002139e-01 4.5643576e-01 -7.3764642e-01 -7.1448042e-01 1.6651113e+00 1.1281440e-01 1.6066120e+00 1.5810964e+00 1.4527476e-02 -1.0601296e-01 -9.5397954e-03 9.4243162e-01 -4.7199673e-01 -9.1967078e-01
1.0000000e+00 1.7247354e+00 1.7546904e+00 1.7189069e+00 1.6470508e+00 1.9141503e-01 1.1855859e+00 9.4539791e-01 2.0011192e+00 2.3140180e-01 -3.6823823e-01 2.0605989e+00 1.2249481e+00 2.1097911e+00 1.3918924e+00 4.6602592e-01 1.1883156e+00 9.0008995e-01 2.2001897e+00 2.0047817e+00 1.8575777e-01 1.6402614e+00 1.3243722e+00 1.5708690e+00 1.3894839e+00 -2.0026839e-01 5.5557234e-01 4.7069231e-01 1.5317009e+00 5.9897403e-01 -4.2259090e-01
2.0000000e+00 -5.4453807e-01 -2.9545573e-01 -5.6261832e-01 -5.5883517e-01 -2.8824005e-01 -6.1764737e-01 -5.6345851e-01 -7.3897556e-01 -4.2576801e-01 -5.1566905e-01 -5.5030367e-01 -7.9514243e-01 -4.9109968e-01 -4.7891295e-01 -4.0267596e-01 -6.4821464e-01 -3.9436023e-01 -7.6386755e-01 -1.4072940e-01 -6.9405485e-01 -4.0985563e-01 -2.6661163e-01 -3.9946421e-01 -4.4999600e-01 1.9425463e-01 -2.3705774e-01 -1.4818823e-01 -4.0070654e-01 5.1323166e-01 -5.1236452e-01
1.0000000e+00 2.1535968e+00 -4.7463990e-01 2.0154763e+00 2.5344108e+00 -1.7935693e-01 -3.5479035e-01 3.5154778e-01 9.2164102e-01 -3.4544726e-01 -1.7376437e+00 2.8939654e+00 -3.0091515e-01 2.4092847e+00 4.0430984e+00 -4.9101288e-01 -8.0246977e-01 -3.6252948e-01 2.8202246e-02 -9.5800929e-01 -7.5344031e-01 2.9987228e+00 1.2421347e-01 2.7474096e+00 3.9771314e+00 1.7233669e-01 -5.8184547e-01 6.6740829e-02 1.0261779e+00 -6.3215701e-01 -1.0532229e+00
1.0000000e+00 2.2388011e+00 6.0744631e-01 2.2749746e+00 2.3523883e+00 7.0736448e-01 1.7257031e+00 1.9585841e+00 2.6098572e+00 4.5203684e-02 -1.9812574e-01 2.1757327e+00 -9.3793130e-01 2.3241394e+00 1.9771379e+00 -1.0210344e+00 1.5268246e-01 1.2819446e-01 4.7265673e-01 -6.4925911e-01 4.1461399e-04 2.3588378e+00 1.9993440e-02 2.6133733e+00 2.3668833e+00 -1.3013097e-01 8.5392187e-01 9.7587154e-01 1.9580457e+00 -2.5844969e-01 9.9426105e-02
1.0000000e+00 6.3128070e-01 9.3090865e-01 7.0150892e-01 5.2761203e-01 7.5415357e-02 8.5962045e-01 1.1588324e+00 1.0010865e+00 1.3266848e+00 -8.7552622e-02 9.3940315e-02 -3.5353113e-01 5.2443926e-02 1.1359309e-01 -4.6867864e-01 7.6523181e-01 9.5579375e-01 7.7274461e-01 1.3836490e+00 1.0972925e-01 6.4419445e-01 8.7166647e-01 6.5644376e-01 4.9998003e-01 4.0028332e-01 1.3501108e+00 2.0941743e+00 1.6778763e+00 3.1113873e+00 6.7575061e-01
2.0000000e+00 3.0182423e-01 -1.4147750e+00 2.3400015e-01 1.6186043e-01 -1.1906179e+00 -6.6332043e-01 -6.8888267e-01 -5.7647347e-01 -3.3084349e-01 -1.0430178e+00 -8.1882890e-01 -1.4593737e+00 -7.5643609e-01 -4.9761441e-01 -6.7635373e-01 -5.9400178e-01 -5.4323526e-01 -4.2841796e-01 -4.9306784e-01 -7.6705736e-01 -1.4328000e-02 -1.6198435e+00 -8.2245034e-02 -1.0808197e-01 -8.6657394e-01 -5.1250624e-01 -6.5240795e-01 -4.9983168e-01 -6.6936597e-01 -9.0249187e-01
1.0000000e+00 2.0570320e+00 -9.7495933e-01 2.0319524e+00 2.0793544e+00 2.6613874e-01 8.9373312e-01 1.3107476e+00 1.9753252e+00 5.8919425e-01 -1.3716876e-01 -2.3016674e-01 1.6718557e-01 -2.2724837e-01 -2.8097923e-02 -8.7169498e-01 7.1083734e-02 8.2106194e-02 2.6502836e-01 -4.5916586e-01 2.1639613e-01 1.3296376e+00 -6.2486797e-01 1.3355609e+00 1.1504077e+00 -5.7725706e-01 1.8915587e-01 6.2469281e-01 1.2484862e+00 -2.7624528e-01 1.5040866e-01
1.0000000e+00 1.8497016e+00 -4.5136923e-01 1.7642161e+00 1.9343052e+00 -1.3523435e-01 6.1763171e-02 8.0227124e-01 1.0444204e+00 -8.7848500e-01 -1.1365796e+00 7.5262114e-01 -1.0148595e+00 6.2024404e-01 8.0708697e-01 -2.7667085e-01 -3.6485467e-01 -1.6856090e-01 8.4975629e-02 -9.4226909e-01 -7.8823943e-01 1.8846188e+00 -4.0828573e-01 1.7734127e+00 1.8729099e+00 1.0446709e+00 3.2592590e-01 6.8945938e-01 1.4707945e+00 -3.4257428e-01 -7.4234016e-01
2.0000000e+00 -1.2419706e-01 -7.4923382e-01 -1.7007571e-01 -2.1555199e-01 -9.4936701e-01 -7.6944872e-01 -7.9396778e-01 -7.3794380e-01 2.2044897e-01 -8.6581725e-01 -8.4698074e-01 -1.2886440e+00 -7.3960505e-01 -5.7946077e-01 -9.3703096e-01 -5.3699445e-01 -6.6989509e-01 -8.8584922e-01 -1.3467547e-01 -6.1197431e-01 -2.9596024e-01 -8.9030335e-01 -2.4130141e-01 -3.6913201e-01 -9.5862931e-01 -2.8413208e-01 -6.6008399e-01 -6.8118046e-01 6.8309862e-01 -3.8435398e-01
2.0000000e+00 5.8015814e-01 -7.4923382e-01 5.9029538e-01 3.8000310e-01 1.7362367e-01 7.4780673e-01 -2.7984172e-01 1.3028164e-01 6.5126029e-01 4.1427921e-01 -8.3254390e-01 -1.3205764e+00 -7.5099076e-01 -5.5943921e-01 -8.4369384e-01 -4.1124299e-01 -4.1060717e-01 2.6580149e-02 -1.4557254e-01 -3.7410520e-02 1.4512555e-01 -1.0645462e+00 1.7391318e-01 -3.3546474e-02 -3.8876272e-01 4.6753474e-03 -2.9163418e-01 1.5978451e-01 4.0807592e-01 3.1333116e-01
2.0000000e+00 -1.0103214e+00 2.1649904e-01 -8.9873035e-01 -9.0041190e-01 -4.0068145e-01 1.1685296e+00 1.7476606e+00 2.7060091e-01 1.3741471e+00 3.0765396e+00 -1.0599241e+00 2.5666748e-02 -2.4902972e-01 -7.2845634e-01 4.8602674e-01 2.8476761e+00 4.0321023e+00 2.8214527e+00 -5.2939139e-01 3.1792389e+00 -1.1222195e+00 -4.6528106e-01 -9.1595065e-01 -9.2937879e-01 -7.9205292e-01 6.8470870e-01 1.5870760e+00 4.8563370e-01 -4.9141010e-01 1.9979720e+00
2.0000000e+00 -1.8952033e-01 2.0758257e+00 -2.5039660e-01 -2.6390173e-01 -1.5080157e+00 -1.0817691e+00 -9.5529916e-01 -9.7370080e-01 -1.4261265e+00 -7.3256247e-01 -8.5275547e-01 -1.2129511e-01 -7.2574419e-01 -5.5943921e-01 -6.9968801e-01 -7.5161029e-01 -8.0855776e-01 -1.0733636e+00 -7.4127877e-01 -7.9845222e-01 -3.2702262e-01 1.6207479e+00 -3.0236238e-01 -3.5155288e-01 -9.4547854e-01 -6.9062536e-01 -9.2519514e-01 -8.6481322e-01 -3.3448538e-01 -7.3901521e-01
2.0000000e+00 -1.3271749e-01 -9.6332400e-01 -1.5236393e-01 -2.1128583e-01 -9.7356326e-01 -5.4695835e-01 -5.8141212e-01 -6.2445028e-01 -7.1626505e-02 -5.4260352e-01 -9.5633980e-01 -1.2249605e+00 -8.7375835e-01 -6.3776530e-01 -6.0968436e-01 2.4378241e-01 -2.4747461e-01 -5.5802349e-01 -2.8602360e-01 4.0590005e-01 -3.5808500e-01 -9.8312432e-01 -2.7704442e-01 -3.9303962e-01 -2.1341916e-01 3.5709675e-01 -7.3346858e-02 -1.4017945e-01 7.8663658e-01 6.8905040e-01
1.0000000e+00 -8.6547411e-01 -1.0696329e-01 -7.6898122e-01 -8.3414431e-01 1.7961957e+00 2.1047327e+00 1.0056618e+00 3.8048327e-01 1.4033546e+00 2.3677376e+00 -6.9936405e-01 -3.4445941e-01 -5.6782943e-01 -5.7968078e-01 1.2134528e-01 1.1184537e+00 4.6374353e-01 2.5853997e-01 -3.8288640e-01 2.4211722e-01 -6.2729229e-01 1.1631569e+00 -4.6171662e-01 -6.5479283e-01 3.7712634e+00 4.3488735e+00 2.7250486e+00 2.0981304e+00 2.0274743e+00 3.1229131e+00
2.0000000e+00 -8.1151142e-01 -1.4729517e+00 -7.7474785e-01 -7.6389497e-01 1.9456432e+00 1.2809335e-01 -1.2303013e-01 1.6974644e-01 7.5348670e-01 8.9909980e-01 -5.3767144e-01 -4.1921038e-01 -5.2327667e-01 -5.3457728e-01 -1.3533179e-01 -4.3080433e-01 -3.6087163e-01 -2.5326944e-02 6.5104060e-02 -2.7954237e-02 -7.1012530e-01 -8.3819334e-01 -6.6515389e-01 -7.1104603e-01 1.2550832e+00 -7.2297558e-02 -2.2782712e-01 2.6180272e-01 7.1545423e-01 4.5464150e-01
2.0000000e+00 -8.7683468e-01 -1.0145195e+00 -8.7731145e-01 -8.0257477e-01 -1.1735381e+00 -6.3584079e-01 -6.6967357e-01 -7.2685239e-01 6.9872255e-01 -4.7859708e-02 -8.6971876e-01 -3.3720203e-01 -7.8465284e-01 -6.3050473e-01 -5.8168322e-01 -3.6038351e-01 -4.8620518e-01 -7.8446818e-01 -2.1095493e-01 -7.0124163e-01 -8.6543720e-01 -7.8934020e-01 -8.2004025e-01 -7.6202550e-01 -1.0024652e+00 -3.5665201e-01 -5.6077525e-01 -7.1665843e-01 4.8734717e-01 -6.1377547e-01
2.0000000e+00 -5.8998034e-01 7.9826582e-01 -5.4449463e-01 -5.8898266e-01 -1.9221986e+00 5.6077727e-02 -1.1763149e-01 -4.9367479e-01 -2.2220322e+00 5.3761077e-01 -1.0314114e+00 3.9397856e-01 -5.3862262e-01 -6.7739038e-01 -6.6635332e-01 1.1246016e+00 3.6990915e-01 7.9058767e-01 5.0340824e-01 1.3477459e+00 -7.6603758e-01 4.9386887e-01 -5.9277430e-01 -6.8942371e-01 -1.9453752e+00 4.2707212e-01 9.1208199e-02 -8.2318384e-02 -1.1482290e+00 5.2889869e-01
2.0000000e+00 -4.9341552e-01 -4.2111735e-01 -4.6664515e-01 -5.4603671e-01 5.5791705e-01 4.8059087e-01 -3.7513395e-01 -5.1895289e-01 -1.1908877e-01 4.3696088e-01 -5.2106907e-01 -6.2386837e-01 -3.7080725e-01 -4.6505188e-01 -1.0866404e-01 6.4674599e-01 5.1977890e-01 -2.0862387e-01 -2.6180790e-01 1.1684548e+00 -4.3263471e-01 -4.1479948e-01 -3.5835976e-01 -4.9236169e-01 4.5288639e-01 6.6816907e-01 2.3225539e-01 -2.5224721e-01 -1.3226281e-01 1.5435623e+00
2.0000000e+00 -2.4064288e-01 -1.2960946e+00 -2.5451562e-01 -3.2163702e-01 -9.0595609e-01 -3.5232665e-01 -4.7745696e-01 -5.2307993e-01 -7.1054160e-01 -9.7213755e-01 -8.0078285e-01 -1.2447368e+00 -6.3069832e-01 -5.5173861e-01 -9.2336374e-01 -2.6537129e-01 -1.1982008e-01 -5.3985600e-01 -7.1827386e-01 -4.4705672e-01 -4.2020976e-01 -1.3527797e+00 -3.1785102e-01 -4.5157812e-01 -6.9123037e-01 9.0554209e-02 6.9139590e-02 -3.4832704e-01 -2.6653860e-01 -5.9548825e-01
1.0000000e+00 1.3425586e-01 9.3090865e-01 8.2420215e-02 2.7903196e-02 -6.7893833e-01 -7.1979584e-01 -6.1510769e-02 9.7781224e-02 -6.7403217e-01 -1.2244711e+00 3.7997560e-02 7.4414693e-01 2.3732150e-02 -1.6120827e-01 4.2369087e-01 -4.5036567e-01 6.6190823e-02 6.4297688e-01 -3.8046483e-01 -3.4946788e-01 -9.9231838e-02 9.8240025e-01 -1.5075246e-01 -2.1513886e-01 -5.1226361e-02 -6.1174404e-01 -2.2493109e-02 3.2423177e-01 -6.8554377e-01 -8.6370080e-01
2.0000000e+00 -5.4453807e-01 -1.2099931e+00 -5.4325893e-01 -5.4859640e-01 -1.0874280e+00 -4.9484178e-01 -2.5623837e-01 -6.0820007e-01 -6.0466424e-01 -1.7827928e-01 -5.0013565e-01 -7.0025225e-01 -3.8070786e-01 -4.4833058e-01 -8.7869526e-01 2.6725602e-01 3.8284039e-01 -1.5022839e-01 -1.6131274e-01 3.1285022e-01 -6.5007137e-01 -1.0401196e+00 -5.8413641e-01 -6.1647033e-01 -1.3049329e+00 -7.1025279e-02 1.6988758e-01 -3.5335182e-01 -3.6198765e-01 2.3796565e-01
2.0000000e+00 -7.0234365e-02 -7.2829022e-01 -1.4824491e-01 -1.6578019e-01 -1.8574380e+00 -1.0618700e+00 -8.5812368e-01 -1.0423902e+00 -7.4705103e-01 -1.1422500e+00 -5.4525078e-01 -1.0796316e+00 -5.7277974e-01 -3.7880517e-01 -1.1043711e+00 -6.3312446e-01 -3.9833907e-01 -7.7538444e-01 -4.9306784e-01 -6.9027234e-01 -1.5721495e-01 -9.2938586e-01 -2.2640849e-01 -2.3781593e-01 -2.0834583e+00 -8.3312066e-01 -7.8242084e-01 -1.0542321e+00 -5.8038803e-01 -9.8173649e-01
2.0000000e+00 -8.1151142e-01 -8.8187665e-01 -7.6568601e-01 -7.4768359e-01 -9.0453278e-01 1.3377879e-01 1.4941275e-01 -5.5067949e-01 -5.9095235e-03 1.3782500e+00 -2.6950713e-01 -2.7188565e-01 -1.4705341e-01 -3.8210543e-01 1.1130522e+00 2.3033119e+00 2.0831325e+00 1.4069844e+00 -1.0112838e+00 3.2284116e+00 -8.7579133e-01 -1.0987434e+00 -8.2004025e-01 -7.5692755e-01 -9.7178008e-01 1.6943553e-01 1.4350121e-01 -4.8551868e-01 -1.2032336e+00 1.1279437e+00
1.0000000e+00 1.5401261e+00 9.1229211e-01 1.5211939e+00 1.4764047e+00 3.3018764e-01 5.2038897e-01 1.2153298e+00 1.3717460e+00 6.4760934e-01 -5.6103238e-01 7.4179351e-01 2.9376887e+00 1.2459627e+00 6.5483514e-01 1.3997304e+00 8.6583299e-01 1.4189974e+00 3.6681871e+00 8.6422218e-01 9.2486089e-01 9.4239329e-01 7.7558863e-01 1.0347239e+00 7.6015112e-01 -3.1862530e-01 -8.1839654e-02 5.3114111e-01 1.0337912e+00 -5.2538349e-01 -4.3921564e-01
2.0000000e+00 -1.0983658e+00 -1.6451547e+00 -1.0799672e+00 -9.4790841e-01 2.5617558e-01 -5.4809544e-01 -8.7344075e-01 -7.5419401e-01 -4.2418957e-02 4.1002640e-01 -7.7263101e-01 -1.2140744e+00 -7.5148579e-01 -6.2610439e-01 -4.5301134e-01 -6.6106923e-01 -7.7579862e-01 -7.8949668e-01 -1.4072940e-01 -5.3859355e-01 -1.0124658e+00 -1.6328710e+00 -1.0136482e+00 -8.5449171e-01 8.4664902e-02 -5.6785040e-01 -8.9252400e-01 -7.2548986e-01 5.8635307e-02 -3.7271666e-01
2.0000000e+00 -1.5317714e+00 -5.7004965e-01 -1.5116405e+00 -1.1961986e+00 5.3656742e-01 -5.6970012e-01 -1.1148728e+00 -1.2618196e+00 6.3300557e-01 1.1599389e+00 4.0324961e-01 1.5642304e+00 1.4897489e-01 -2.5273538e-01 2.9264590e+00 -3.2517310e-01 -1.0575007e+00 -1.9134475e+00 -2.2911670e-01 1.1124736e+00 -1.2630357e+00 -4.6853793e-01 -1.2882736e+00 -9.9072995e-01 5.9754483e-01 -7.8413790e-01 -1.3058307e+00 -1.7450628e+00 -7.3731275e-01 2.6068613e-01
1.0000000e+00 3.8702849e-01 1.5832236e-01 4.2965360e-01 2.5543140e-01 1.3976693e+00 9.8280507e-01 1.2592722e+00 1.0887860e+00 4.2855274e-01 6.5810711e-01 8.7280784e-01 2.0710114e-01 8.9548106e-01 5.8464969e-01 7.6010112e-02 2.1248427e-01 5.9106650e-01 7.4516897e-01 -2.4485691e-01 1.6533220e-01 1.0210846e+00 6.0785953e-01 1.0377025e+00 8.4101510e-01 1.5663180e+00 8.7173378e-01 1.3582342e+00 1.4844985e+00 4.6308046e-01 9.9494572e-01
1.0000000e+00 2.1251954e+00 6.9587487e-01 2.1596420e+00 2.1390806e+00 1.4474851e+00 1.9777577e+00 2.4130740e+00 2.7672005e+00 1.2792226e+00 4.6247775e-01 7.9051785e-01 -5.3696129e-01 6.3955023e-01 8.9443376e-01 -6.0868432e-01 6.5848279e-01 5.0684766e-01 1.7581304e-01 -1.1175397e-02 8.8168925e-02 2.0627098e+00 4.9875419e-01 1.9282991e+00 2.1102281e+00 7.8165557e-01 2.0193298e+00 2.0778627e+00 1.9428191e+00 1.5000778e+00 9.2844673e-01
2.0000000e+00 -5.7577963e-01 -3.6526774e-01 -5.7250397e-01 -5.9353323e-01 4.6540198e-01 -1.2813065e-01 -5.1436858e-01 -4.0391173e-01 4.5776029e-01 -1.6835605e-01 -4.3697448e-01 7.8950553e-01 -4.9357484e-01 -3.9860671e-01 3.6835530e-01 -5.1240306e-01 -4.4641675e-01 -6.9476623e-01 -4.7498948e-02 -7.5533157e-01 -5.6102588e-01 1.9993440e-02 -5.6388204e-01 -5.6443611e-01 4.7480434e-01 -4.8960521e-01 -5.3678763e-01 -7.9096423e-01 2.3982674e-01 -7.2793205e-01
2.0000000e+00 -1.9111809e-02 -4.9092937e-01 -9.1402430e-02 -1.3022891e-01 -1.1322622e+00 -9.6142720e-01 -7.7827407e-01 -4.2325722e-01 -6.2291896e-01 -7.3114486e-01 -9.1952586e-01 8.4937888e-01 -8.0643418e-01 -6.0872304e-01 -5.5668221e-01 -7.1248761e-01 -6.8216318e-01 -4.2841796e-01 -4.0589132e-01 -8.8923254e-01 -2.7939364e-01 -5.4914704e-02 -3.2291461e-01 -3.4469702e-01 -1.1295893e+00 -8.3439294e-01 -8.9996016e-01 -5.4048670e-01 -6.1112587e-01 -9.8949471e-01
2.0000000e+00 -1.7531962e-01 -9.3000890e-02 -1.5936626e-01 -2.7527814e-01 6.7889830e-01 1.9631867e-01 -3.7656323e-02 1.2615461e-01 -2.0513297e-02 -2.8459959e-01 -6.9142378e-01 2.0891548e-01 -6.6980574e-01 -4.6307172e-01 -5.3301458e-01 -3.3020316e-01 3.8007353e-02 3.0395868e-01 -8.9504847e-01 -5.0341617e-01 -3.0424354e-01 2.4797475e-01 -2.9580950e-01 -3.6104561e-01 4.5726998e-01 1.7398142e-02 3.4355794e-01 4.6736178e-01 -3.7978324e-01 -3.9266635e-01
2.0000000e+00 -3.7696970e-01 -4.2577149e-01 -3.6737677e-01 -4.1691445e-01 -1.1329738e+00 -2.9168192e-01 -1.8706048e-01 -2.0865129e-01 -8.6753217e-01 -7.5099132e-01 -1.4895952e-01 8.7354441e-02 -9.8045380e-02 -2.1489244e-01 -5.4001486e-01 5.1931784e-01 4.4948601e-01 3.3153432e-01 -2.2427356e-01 1.0292073e-01 -5.2375102e-01 -7.5188613e-01 -4.9269389e-01 -5.0906186e-01 -1.6231814e+00 -4.6479576e-01 -3.9382143e-01 -4.8186430e-01 -1.4766385e+00 -7.4344848e-01
2.0000000e+00 -8.7115440e-01 -1.0377901e+00 -8.9213992e-01 -7.8693220e-01 -1.3486051e+00 -1.0738095e+00 -7.7438203e-01 -1.0749164e+00 -1.0099190e+00 -9.3223038e-02 -7.9284259e-01 -9.5934055e-01 -7.9356339e-01 -6.0190251e-01 -9.2736390e-01 -6.0294411e-01 -4.1425444e-01 -1.2373576e+00 -1.0451858e+00 -9.7552484e-02 -7.4325851e-01 -8.6750522e-01 -7.8846726e-01 -6.7483303e-01 -8.9287547e-01 -4.2217440e-01 -3.0842551e-01 -8.9907307e-01 -5.0273457e-01 4.2305448e-01
2.0000000e+00 -6.6098389e-01 -4.7231283e-01 -6.8824843e-01 -6.3420389e-01 -3.9071829e-01 -7.9635982e-01 -7.5667952e-01 -8.3931415e-01 1.2917538e-01 -3.6965583e-01 -2.2150464e-01 -1.3943855e-01 -3.1734394e-01 -3.3612186e-01 -5.2601430e-01 -3.2629089e-01 -3.6816618e-01 -1.0378397e+00 -6.9890130e-01 -2.7381761e-01 -5.8380496e-01 -1.9333193e-01 -6.3328304e-01 -5.6004133e-01 -3.4931042e-01 -5.1950378e-01 -6.1066949e-01 -9.2952626e-01 -1.9697403e-01 -1.5160755e-01
1.0000000e+00 1.0743428e+00 4.0266441e-01 1.3358380e+00 9.6446619e-01 1.8958274e+00 2.9044851e+00 2.8889074e+00 1.8282995e+00 1.1003263e+00 1.1840382e+00 -7.8394071e-03 -8.0221837e-01 1.2719355e-01 2.5806265e-02 3.9341958e-02 6.5401163e-01 9.8662978e-01 -2.0862387e-01 -5.6087180e-01 4.9327611e-01 9.3825164e-01 3.4242415e-01 1.2610963e+00 7.4432990e-01 2.4079671e+00 2.1465578e+00 3.0282521e+00 1.2454409e+00 5.5691174e-01 1.9868888e+00
2.0000000e+00 -6.2406205e-01 -1.9500005e+00 -6.5200105e-01 -6.0348758e-01 -5.4372399e-01 -9.8397946e-01 -7.8769030e-01 -7.9855966e-01 -7.6895669e-01 -1.0472706e+00 -5.5210828e-01 -3.1180122e-01 -6.0248157e-01 -4.7055230e-01 -2.8867134e-01 -7.5105139e-01 -6.0126005e-01 -9.6744068e-01 -1.1602104e+00 -7.3301474e-01 -5.1132607e-01 -9.0170242e-01 -5.8443427e-01 -5.1169873e-01 2.2055617e-01 -6.1556088e-01 -5.7948559e-01 -6.9808198e-01 -7.1304604e-01 -6.2762942e-01
2.0000000e+00 -3.3152743e-01 -2.3262492e-01 -3.2083185e-01 -3.6884912e-01 -1.6261504e+00 -4.8043865e-01 -6.0551767e-01 -7.7611890e-01 2.2775085e-01 -5.3976832e-01 -6.1166024e-01 1.4904213e-01 -2.3219868e-01 -4.4283015e-01 -1.1373724e+00 6.5121715e-01 8.7079747e-02 -1.8591451e-01 6.9955542e-01 -3.4006258e-02 -4.4298884e-01 -1.7379067e-01 -3.2619105e-01 -4.5474236e-01 -1.7130450e+00 -1.4290907e-01 -5.3630788e-01 -7.3888926e-01 4.9543607e-01 -6.3594179e-01
2.0000000e+00 -3.3720771e-01 -7.2596315e-01 -3.6202205e-01 -4.1890532e-01 1.7291201e-01 -3.0286329e-01 -7.0106100e-01 -6.4534341e-01 -2.7973028e-01 -1.1306949e-01 -9.3612822e-01 -5.6580936e-01 -9.2499402e-01 -6.3754528e-01 -1.3847158e+00 -7.0578086e-01 -5.2267790e-01 -7.2801922e-01 -2.2306278e-01 -6.8951583e-01 -4.9890112e-01 -4.3271230e-01 -5.2337330e-01 -5.2681678e-01 -6.6492884e-01 -3.7191936e-01 -4.3747889e-01 -4.6785583e-01 6.4103633e-01 -3.1065094e-01
2.0000000e+00 -5.0761623e-01 -1.0098653e+00 -5.6344212e-01 -5.2840328e-01 -6.7893833e-01 -1.1111439e+00 -8.5008850e-01 -7.3201119e-01 -8.7848500e-01 -8.1053069e-01 -7.8940845e-02 -5.6072920e-01 -1.3071740e-01 -2.2413316e-01 2.2034930e-01 -9.4940337e-01 -6.2413839e-01 -2.4268790e-01 1.1088008e+00 -8.9377156e-01 -6.3971724e-01 -1.4374585e+00 -6.8957828e-01 -6.1084501e-01 -1.2084939e+00 -1.1884683e+00 -1.0697445e+00 -1.0152520e+00 -9.7512650e-01 -1.3413851e+00
2.0000000e+00 -9.0523610e-01 -1.6281290e-01 -8.8884471e-01 -8.1025384e-01 2.8748837e-01 -5.6363565e-01 -4.9415507e-01 -5.0554002e-01 -1.1888152e+00 4.7523619e-01 -9.2294922e-02 9.5461082e-01 7.5215334e-02 -3.2028063e-01 8.2604052e-01 -2.3127867e-01 -3.9767593e-01 -3.9925814e-02 2.9991294e-02 -4.1377061e-01 -8.0124161e-01 -1.5832194e-02 -7.2978916e-01 -7.1755031e-01 1.7233669e-01 -5.7166724e-01 -6.2842033e-01 -5.4414108e-01 -1.0511622e+00 -3.6717508e-01
2.0000000e+00 5.7163772e-01 -1.0308089e+00 5.0791498e-01 4.1271028e-01 -1.0036328e-01 -3.6635075e-01 -4.2434943e-01 -9.3868064e-02 -2.7973028e-01 -5.7379081e-01 -6.0083261e-01 -1.0516907e+00 -5.6287912e-01 -4.0718738e-01 -1.0277013e+00 -7.2757778e-01 -4.5039559e-01 -4.9459951e-01 -6.7105324e-01 -8.2228206e-01 2.9836662e-01 -9.9289494e-01 2.5731352e-01 1.1833718e-01 -5.1588681e-01 -5.2204834e-01 -1.9760272e-01 -2.5979974e-02 -1.9859181e-01 -7.6616896e-01
2.0000000e+00 -3.6276899e-01 4.8411176e-01 -3.8467666e-01 -3.9928102e-01 -1.4838195e+00 -4.0141099e-01 -3.4575531e-01 -7.8024593e-01 -8.4562651e-01 -2.3498344e-01 3.3972752e-01 1.0543997e+00 -1.5546893e-01 1.9865804e-02 -3.4334022e-01 1.0798899e+00 6.5837525e-01 2.6178416e-01 7.4435447e-01 1.4888336e+00 -3.8707655e-01 2.1703443e-01 -4.6558877e-01 -4.1272825e-01 -1.6810448e+00 -3.8591444e-01 -4.2404583e-01 -8.9222110e-01 -6.6774819e-01 -1.3498280e-01
1.0000000e+00 1.0970640e+00 3.1888999e-01 1.0639827e+00 9.5792475e-01 5.1521779e-01 4.9385690e-01 3.9297919e-01 1.0142414e+00 6.5856217e-01 -2.9877563e-01 1.7514754e-01 -6.2332406e-01 9.6501650e-02 2.0842046e-01 6.3342931e-02 1.2529659e-01 -2.2559098e-01 4.8725560e-01 -7.7518075e-01 -1.7358100e-01 9.9623475e-01 -4.3515639e-02 9.1855914e-01 8.2343597e-01 6.9398379e-01 7.5850091e-01 2.7783186e-01 1.2606675e+00 2.5762232e-01 6.0080875e-02
2.0000000e+00 -5.2749722e-01 -3.1872640e-01 -5.5849930e-01 -5.3693558e-01 -6.7680336e-01 -7.4064247e-01 -7.1173272e-01 -5.7750523e-01 5.6363765e-01 -9.6788474e-01 -2.5615306e-01 1.0235559e+00 -3.8961841e-01 -3.2006061e-01 -3.8434189e-01 -1.3291308e-01 -3.7479758e-01 -1.6969355e-01 6.3417303e-01 -5.7793169e-01 -4.4920131e-01 5.2155232e-01 -5.4392553e-01 -4.7530994e-01 -3.6684478e-01 -4.7561014e-01 -6.4521166e-01 -2.9366356e-01 8.9664566e-01 -8.3045131e-01
2.0000000e+00 -7.8595014e-01 -4.0017375e-01 -8.0234529e-01 -7.2549959e-01 -5.5368715e-01 -9.7052391e-01 -7.6546800e-01 -7.2014596e-01 -7.6895669e-01 -5.1992186e-01 -7.7082641e-01 6.1351417e-01 -7.4604045e-01 -5.8694135e-01 -5.5001527e-01 -8.6802820e-01 -6.7188451e-01 -9.6095229e-01 -8.6356806e-01 -8.0790850e-01 -6.6663797e-01 1.7331101e+00 -6.6098387e-01 -6.3158838e-01 5.6685971e-01 -5.8566231e-01 -4.3699914e-01 -4.2065338e-01 1.1687541e-01 -3.5997102e-01
2.0000000e+00 -8.7683468e-01 -5.7237672e-01 -8.6701390e-01 -8.0115272e-01 8.0699610e-01 -4.9844256e-01 -7.3244842e-01 -6.2212882e-01 -3.5640009e-01 8.5395073e-02 -7.5241943e-01 3.0870440e-01 -7.5445597e-01 -5.8958155e-01 -6.2768509e-01 -9.0111480e-01 -7.0736252e-01 -6.9963252e-01 -4.0710210e-01 -6.0403103e-01 -7.9917079e-01 1.2421347e-01 -8.1408308e-01 -7.1930822e-01 1.9863822e-01 -6.7472187e-01 -7.9393489e-01 -6.1357437e-01 1.5731992e-01 -2.8460551e-01
2.0000000e+00 -1.3434700e+00 5.5625084e-01 -1.3271084e+00 -1.0980770e+00 -1.1863479e+00 -8.3028296e-01 -6.4594467e-01 -1.1295480e+00 -1.9628152e+00 6.2975503e-01 -1.0342987e+00 -6.3236103e-02 -8.3762111e-01 -7.3782907e-01 -5.0868026e-01 7.0524839e-02 1.8091412e-01 -1.0816363e+00 -1.2498919e-01 2.9809842e-01 -1.3054876e+00 3.7662134e-01 -1.2108305e+00 -1.0188565e+00 -1.0419175e+00 -4.1708528e-01 -4.0965326e-01 -1.3546529e+00 -8.4893962e-01 4.4965407e-01
2.0000000e+00 2.4502139e-01 6.5631472e-01 2.2905733e-01 1.1038217e-01 -7.9778462e-01 -3.4889374e-02 -2.5372738e-01 -2.6204483e-01 4.8331689e-01 -5.1992186e-01 -3.1245673e-01 2.1617286e-01 -2.7526634e-01 -2.6021596e-01 -8.6402800e-01 1.4541682e-01 4.0659915e-02 2.6580149e-02 -1.7947452e-01 8.3251658e-02 1.0163822e-01 9.5634524e-01 8.7534245e-02 -2.3702163e-02 -1.0813698e+00 5.1040642e-01 1.8811817e-01 2.4657612e-01 4.2425372e-01 4.7459119e-01
1.0000000e+00 2.8478338e-01 2.4481564e+00 1.9528136e-01 1.8376002e-01 -9.3655723e-01 -1.1047004e+00 -5.2654690e-01 -5.5532241e-01 1.4743010e-01 -1.3974188e+00 2.2712017e-01 7.4414693e-01 8.7591099e-02 1.1095288e-01 -6.9995808e-02 -6.2641772e-01 -2.3222238e-01 -4.3944822e-01 1.3279529e+00 -7.7348763e-01 2.0517948e-01 1.8291880e+00 8.4555661e-02 8.9331625e-02 -7.7013498e-01 -9.8986549e-01 -5.6365376e-01 -7.4391404e-01 5.3749837e-01 -1.2355409e+00
2.0000000e+00 -6.3542262e-01 4.3757041e-01 -6.4170350e-01 -6.2880010e-01 9.7476644e-02 -4.3855589e-01 -7.9409333e-01 -6.9976871e-01 7.5713765e-01 1.4514870e-02 -4.7090105e-01 -2.5134881e-02 -4.6337797e-01 -4.5779131e-01 9.5137894e-01 2.8234619e-01 -5.1704121e-01 -4.0879059e-01 2.4672182e-01 -5.7604043e-01 -6.6663797e-01 2.4960319e-01 -6.6038816e-01 -6.2877572e-01 4.4850280e-01 -2.2624337e-01 -7.4739891e-01 -4.8688908e-01 2.8188903e-01 -5.7830934e-01
2.0000000e+00 -1.3411979e+00 5.6090497e-01 -1.3332870e+00 -1.0912512e+00 5.7215014e-01 -8.1019440e-01 -8.5787259e-01 -9.3758923e-01 7.7904331e-01 4.5538973e-01 9.0331105e-02 3.0138911e+00 -5.2997594e-02 -3.3370167e-01 2.5664444e+00 -4.8837056e-01 -6.0424418e-01 -5.0644081e-01 1.1983989e+00 3.0074618e-01 -1.1222195e+00 9.0586367e-01 -1.1476845e+00 -9.1619445e-01 8.8686171e-01 -8.5856625e-01 -1.0112147e+00 -1.1710201e+00 -4.6520433e-02 -5.0196602e-02
1.0000000e+00 3.8986863e-01 4.1662681e-01 4.5024870e-01 4.2152700e-01 1.1130075e+00 9.9986140e-01 7.9599376e-01 9.2576806e-01 9.9809991e-01 8.2821960e-01 3.4822667e+00 -6.9914419e-03 3.2463814e+00 2.9958170e+00 3.8568933e-01 7.4958274e-01 4.3224436e-01 1.5562173e+00 -4.3866593e-02 7.6410407e-01 1.4290372e+00 3.2125445e-01 1.4844901e+00 1.5248431e+00 8.4740941e-01 9.2835022e-01 7.1440650e-01 1.5042931e+00 1.6540883e-01 1.1556516e+00
2.0000000e+00 -4.0537112e-01 -1.6567900e+00 -4.5675951e-01 -4.5474102e-01 -6.0563792e-01 -8.7936730e-01 -8.1857553e-01 -6.4224813e-01 -8.3467367e-01 -6.7491905e-03 -6.4919603e-01 -1.0362687e+00 -6.6287531e-01 -5.0531501e-01 -3.0333860e-01 -7.1807656e-01 -7.5660070e-01 -5.7829969e-01 -4.1315603e-01 2.3417394e-01 -5.4238845e-01 -1.4260594e+00 -5.7013707e-01 -5.5142756e-01 -4.2459182e-02 -5.9520441e-01 -8.5558307e-01 -4.9282745e-01 -2.0344515e-01 5.9262688e-01
2.0000000e+00 -8.4275298e-01 4.9342003e-01 -8.6577819e-01 -7.8095959e-01 3.8711999e-01 -8.4449657e-01 -1.0024431e+00 -9.8427633e-01 -7.1784349e-01 -1.9245532e-01 -4.2831237e-01 8.3667847e-01 -4.4456681e-01 -4.6967224e-01 -4.4328101e-02 -8.9625241e-01 -8.2632992e-01 -9.1439812e-01 7.7462409e-01 -6.5622972e-01 -8.0952492e-01 5.2806607e-01 -8.3403960e-01 -7.4286425e-01 -1.8273403e-01 -9.1263812e-01 -1.1339834e+00 -1.0894055e+00 1.2172875e-01 -7.0465741e-01
2.0000000e+00 -7.2630716e-01 -5.8094883e-02 -7.3191004e-01 -6.9734297e-01 -7.7572333e-01 -5.1398277e-01 -4.2623268e-01 -8.9348152e-01 8.0094897e-01 -1.8090023e-02 -4.2867330e-01 4.0486462e-01 -3.2674952e-01 -4.4085000e-01 7.9010233e-02 -2.7990257e-01 4.1699213e-01 -4.8616460e-01 -2.2548435e-01 -1.7244625e-01 -6.6249632e-01 2.1214911e-01 -6.2047513e-01 -6.3299471e-01 -3.2739248e-01 -3.8527830e-01 -7.7664630e-02 -7.3036237e-01 2.1717781e-01 -6.1279765e-02
2.0000000e+00 1.5981713e-01 -1.2355908e+00 2.5747857e-01 3.4439134e-03 4.7963507e-01 1.5020756e+00 7.0559797e-01 3.6320130e-01 1.0017509e+00 1.5965610e+00 5.0899947e-01 5.3368304e-01 9.5488473e-01 2.0049984e-01 9.7838003e-01 1.5068860e+00 6.9252699e-01 6.4946526e-01 7.2498190e-01 6.2377283e-01 3.9513458e-02 -1.1948212e+00 2.0369901e-01 -1.2548531e-01 -5.1226361e-02 6.9488694e-01 2.3849217e-01 -5.7955828e-02 -1.1932056e-01 4.5076239e-01
2.0000000e+00 -7.1494659e-01 -7.6086916e-01 -6.8001039e-01 -7.0160912e-01 8.8527809e-01 2.3611678e-01 -2.2384654e-01 -1.0186420e-01 2.7156217e-01 5.7042992e-02 -5.7592906e-01 -8.7624360e-01 -5.9357102e-01 -5.3787754e-01 -3.8567527e-01 -3.0337618e-01 -1.8513941e-01 2.0176659e-01 -2.4970005e-01 -6.8573332e-01 -7.5154181e-01 -9.7823900e-01 -7.5451141e-01 -7.1174920e-01 4.0028332e-01 -2.3705774e-01 -2.0144074e-01 -6.2523807e-02 -1.8403178e-01 -5.3619332e-01
2.0000000e+00 -1.3271749e-01 -3.7151279e-02 -1.0334759e-01 -2.2635958e-01 -4.1206792e-01 1.9631867e-01 9.7560715e-02 -2.0613154e-02 1.3282633e-01 -1.4000397e-01 -6.5244432e-01 -5.8395280e-01 -5.2575183e-01 -4.6153160e-01 -1.0203677e+00 1.4597572e-01 1.5903049e-01 1.5310369e-01 -5.7297965e-01 6.0934829e-02 -2.3383548e-01 -2.8859698e-02 -1.7458113e-01 -3.0197974e-01 -7.7451857e-01 3.9717355e-01 4.5006296e-01 3.9731943e-01 -2.5359635e-01 2.4627802e-01
2.0000000e+00 -1.2454851e+00 -3.9478346e-02 -1.2373138e+00 -1.0386353e+00 7.9276301e-01 -3.9818923e-01 -1.0027067e+00 -7.5445195e-01 2.6519773e+00 1.0621243e+00 1.0514637e+00 9.6186820e-01 8.6181897e-01 7.0029702e-02 2.0097552e+00 -3.7044363e-01 -8.5786225e-01 -2.0700177e-01 1.2662028e+00 1.6268444e-01 -1.0476698e+00 -4.0828573e-01 -1.0565398e+00 -8.7839932e-01 3.2576230e-01 -7.5742003e-01 -1.2058023e+00 -1.0463143e+00 4.7764049e-01 -2.1367326e-01
2.0000000e+00 -1.1636890e+00 4.6316815e-01 -1.1854141e+00 -9.8857908e-01 -1.0810231e+00 -1.2360341e+00 -1.0838621e+00 -1.1287484e+00 -6.6307934e-01 2.2573787e-01 -7.9428627e-01 2.2524458e-01 -8.3267081e-01 -6.3226487e-01 -4.3901077e-01 -1.1055587e+00 -9.8873302e-01 -1.3413340e+00 -7.3764642e-01 -5.2346349e-01 -1.0683781e+00 5.3132295e-01 -1.1122393e+00 -8.8648572e-01 -8.6657394e-01 -1.1662034e+00 -1.2465812e+00 -1.3523689e+00 -8.9261969e-01 -1.8485704e-01
2.0000000e+00 -1.0358826e+00 -1.0028841e+00 -1.0082963e+00 -9.1377918e-01 1.2807778e-01 -5.7631149e-02 -3.1951542e-01 -6.8970906e-01 4.1394897e-01 9.0051741e-01 -2.7997384e-01 -1.6302502e-01 -1.4952856e-01 -4.3050919e-01 1.0767806e-01 7.3728704e-01 6.8755343e-01 1.3688272e-01 1.2927567e-01 3.9152650e-01 -8.5715390e-01 -6.6883580e-01 -7.7000004e-01 -7.7380352e-01 1.4527476e-02 2.8839366e-01 1.0416151e-01 -3.2746660e-01 1.9291110e-01 6.9348367e-01
2.0000000e+00 -9.4499809e-01 6.2606285e-01 -9.5474903e-01 -8.3897928e-01 -5.9425145e-01 -8.8903255e-01 -6.6113619e-01 -8.9967207e-01 7.4618482e-01 -4.2919520e-01 -3.5179712e-01 7.3326087e-01 -3.0991848e-01 -4.4305017e-01 -1.6599970e-01 -2.2345414e-01 -6.5774128e-02 -2.1835645e-01 -2.5454319e-01 -4.1793137e-01 -7.2669190e-01 1.0361387e+00 -7.0208833e-01 -6.8749000e-01 -9.0678663e-02 -5.3858797e-01 -3.8134787e-01 -6.0535200e-01 1.0393316e-01 -4.0596615e-01
2.0000000e+00 -8.5127340e-01 -6.2124513e-01 -8.8554949e-01 -7.7868431e-01 -1.0568268e+00 -1.2508163e+00 -9.4299529e-01 -9.0844203e-01 -1.0975416e+00 -1.8678491e-01 -9.5164783e-01 -4.5313861e-01 -9.3959742e-01 -6.7398011e-01 -3.8600862e-01 -1.0739253e+00 -7.4589098e-01 -9.0953183e-01 -5.4763658e-02 -5.3632404e-01 -9.5034104e-01 -8.7727585e-01 -9.8028806e-01 -8.0773123e-01 -1.2873985e+00 -1.2218656e+00 -1.0861041e+00 -1.1292992e+00 -8.3761515e-01 -7.2682373e-01
2.0000000e+00 -3.9969083e-01 -3.7690308e-01 -4.5264049e-01 -4.3682317e-01 -1.2382987e+00 -1.1204301e+00 -9.3885215e-01 -7.8850001e-01 -1.2873907e+00 -1.0430178e+00 -3.9619041e-01 -6.0463632e-01 -3.7476749e-01 -3.7616497e-01 9.8677697e-02 -7.6781825e-01 -8.7901643e-01 -1.0013425e+00 -1.3830783e-01 -9.8909090e-01 -5.0718442e-01 -7.6817051e-01 -5.4779769e-01 -5.1644510e-01 -1.1208221e+00 -1.0064687e+00 -1.1394046e+00 -1.1950781e+00 -1.1902913e+00 -1.3131231e+00
1.0000000e+00 2.1946012e-01 7.5405154e-01 4.1729654e-01 8.5638479e-02 2.2130451e-01 2.2392882e+00 2.3164008e+00 1.2430340e+00 8.3745840e-01 8.7641814e-01 -5.4922091e-01 -6.2042111e-01 2.9698905e-01 -3.5526335e-01 -2.5327330e-02 2.0484556e+00 1.5705250e+00 1.7103165e+00 -6.7226403e-01 7.5237828e-01 1.6734379e-02 3.0822695e-01 5.4027899e-01 -8.4174360e-02 4.1781768e-01 2.8927497e+00 3.0210558e+00 2.0235200e+00 -5.6227117e-02 1.7486008e+00
2.0000000e+00 -4.9057538e-01 -3.7457601e-01 -4.3245729e-01 -5.3210061e-01 6.4331558e-01 5.1659868e-01 -1.4299253e-01 -5.3984602e-01 -2.2585801e-03 1.1656094e+00 -8.2460363e-01 4.4115150e-01 -3.2773958e-01 -5.4799832e-01 9.8638036e-01 4.1759888e-01 5.5426220e-01 -2.0460654e-02 1.6075608e-01 8.3597183e-01 -7.0184200e-01 -4.5062512e-01 -5.2575617e-01 -6.4125690e-01 5.5370894e-01 5.4930385e-02 -1.5298575e-01 -6.2286259e-01 -5.5773911e-01 5.3444027e-01
1.0000000e+00 1.7190551e+00 5.8258473e-02 1.7230259e+00 1.6925565e+00 1.2055226e+00 8.4445927e-01 1.5631025e+00 1.9856428e+00 -3.1989066e-01 -3.2145729e-01 1.0079781e-01 -3.9163235e-01 7.0265028e-02 2.6738504e-01 6.8203468e-01 9.3439550e-02 7.8138781e-01 1.1847572e+00 4.8040333e-01 7.9469144e-02 1.1929631e+00 -9.8882528e-02 1.1538673e+00 1.0519646e+00 1.4961806e+00 2.5404212e-01 1.2406948e+00 1.5636768e+00 2.1232446e-01 -1.7709882e-01
1.0000000e+00 1.3327958e+00 6.2373578e-01 1.3070049e+00 1.2943821e+00 3.8711999e-01 6.5494448e-01 8.8638955e-01 9.9360623e-01 4.7966595e-01 -2.0946657e-01 1.4939529e+00 1.2957075e+00 8.0538548e-01 1.3984929e+00 3.4435432e-01 8.6080293e-01 7.0678451e-01 1.0614778e+00 3.9806995e-01 2.7237733e-01 1.3234251e+00 8.5538209e-01 1.1330172e+00 1.2699458e+00 2.9069359e-01 5.8547091e-01 5.7096055e-01 8.5564001e-01 1.7187995e-01 -4.4655020e-02
2.0000000e+00 2.0809955e-01 -5.4677898e-01 1.2031520e-01 5.3500119e-02 -5.0671796e-01 -6.3678836e-01 -6.9478351e-01 -5.1972671e-01 -8.7118311e-01 -8.1761871e-01 -3.6948225e-01 -9.9526456e-01 -6.2079770e-01 -3.6120381e-01 -4.2834367e-01 -4.9340061e-01 -5.7307658e-01 -5.7018921e-01 -6.0930320e-01 -6.1537857e-01 8.4510781e-03 -8.3656490e-01 -1.4777388e-01 -1.8121114e-01 -4.6328374e-01 -6.3146437e-01 -7.2053278e-01 -5.3135074e-01 -6.0789031e-01 -8.6868823e-01
1.0000000e+00 -4.1832945e-02 7.6875010e-02 -3.4971855e-02 -1.5753229e-01 6.8601485e-01 1.6978660e-01 2.9881690e-01 4.0524549e-01 -5.2069254e-01 3.7458630e-01 -6.6543747e-01 -4.7817655e-01 -6.2574801e-01 -4.7275248e-01 -5.7568298e-01 -4.2297979e-01 -3.3301973e-01 -3.6158758e-01 -1.0064407e+00 -3.5892416e-01 1.5962132e-01 8.3421240e-01 1.9774185e-01 -1.9834755e-02 1.2682340e+00 6.5226558e-01 6.4628167e-01 1.0368365e+00 4.5013821e-01 1.1944427e+00
2.0000000e+00 -3.5708870e-01 5.8258473e-02 -3.8302905e-01 -4.1435476e-01 -3.5584722e-01 -4.8347089e-01 -8.8926001e-01 -7.2272535e-01 1.8028859e-01 9.5318302e-02 -1.3957557e-01 -8.1201583e-01 -1.3319255e-01 -3.0443940e-01 -3.7700826e-01 -6.6274592e-01 -8.2321316e-01 -8.5876021e-01 2.0434434e-01 -5.3594579e-01 -3.7672243e-01 -2.1124474e-01 -3.6104048e-01 -4.4595280e-01 -4.8081810e-01 -5.6657812e-01 -9.6391115e-01 -7.7299684e-01 6.6692082e-01 -3.6551260e-01
2.0000000e+00 -2.4792093e-02 -7.7017742e-01 -9.0166724e-02 -1.2425629e-01 -8.3834892e-01 -8.6022630e-01 -6.7118017e-01 -5.0244474e-01 -3.5640009e-01 -5.4118592e-01 -5.7646505e-02 -3.0998687e-01 -1.0992611e-01 -1.6714873e-01 3.1168633e-01 -7.0019191e-01 -5.2433576e-01 -4.4609882e-01 -5.9606798e-02 -3.6497618e-01 -1.2615257e-01 -6.6720736e-01 -1.8053830e-01 -2.2955374e-01 -5.6410629e-01 -8.2103400e-01 -7.6994727e-01 -6.1022452e-01 -2.8433418e-01 -6.4314585e-01
2.0000000e+00 -7.8754791e-02 7.2220876e-02 -1.3547594e-01 -1.7715660e-01 -6.7751502e-01 -7.7778737e-01 -9.4638513e-01 -6.7036357e-01 -9.3690009e-01 -8.6014683e-01 -2.2836214e-01 8.3667847e-01 -2.6487070e-01 -2.3557405e-01 -4.0167592e-01 -8.1197099e-01 -8.6479207e-01 -7.7165362e-01 -4.8709733e-02 -5.5561486e-01 -1.3236504e-01 3.7987822e-01 -1.8947405e-01 -2.3113586e-01 -9.0164265e-01 -8.9164551e-01 -1.0778044e+00 -8.4821623e-01 -6.2730367e-01 -8.2213894e-01
2.0000000e+00 -3.0472377e-02 -8.4464357e-01 -9.7992862e-02 -1.3762358e-01 -1.1884829e+00 -9.1973395e-01 -8.5285060e-01 -5.7776317e-01 -8.1276801e-01 -9.8347839e-01 -6.8925826e-01 -1.0195768e+00 -6.2376789e-01 -4.6395179e-01 -7.3468942e-01 -9.0765388e-01 -7.5202503e-01 -1.6807145e-01 -1.0694015e+00 -6.3958666e-01 -2.8146446e-01 -1.0368628e+00 -3.1963817e-01 -3.3696221e-01 -1.2698641e+00 -9.7052684e-01 -1.0055057e+00 -4.9404558e-01 -1.2372070e+00 -9.3352473e-01
2.0000000e+00 -8.9671568e-01 -4.8627523e-01 -8.3364984e-01 -8.0598769e-01 -5.1312285e-01 1.3188364e-01 7.2450773e-02 -3.2988300e-01 -1.1778624e+00 5.1067629e-01 -5.3334039e-01 2.8874661e-01 -2.9731156e-02 -4.8815367e-01 5.0802763e-01 1.1681954e+00 1.0744959e+00 9.5441944e-01 -6.5168068e-01 4.4675120e-01 -8.0952492e-01 1.9423630e-01 -5.0996967e-01 -7.1051866e-01 2.9507718e-01 9.7924139e-01 9.8690584e-01 6.2267307e-01 -5.8362360e-01 6.3030964e-01
1.0000000e+00 8.9257376e-01 1.4265739e+00 8.4155561e-01 7.7903070e-01 -9.2872903e-01 1.2430305e-01 3.9674568e-01 2.1772324e-01 -1.2581831e+00 -1.2372295e+00 3.7834607e-01 8.3849281e-01 2.0639845e-01 3.9697511e-01 3.5602146e-01 9.8375991e-01 5.8111939e-01 9.1224492e-01 -5.5723945e-01 -2.1145713e-02 8.5127698e-01 1.5930645e+00 7.6069419e-01 7.0917165e-01 4.9233869e-01 1.0046870e+00 1.1102022e+00 9.0284247e-01 -6.4833482e-01 -2.4969354e-01
2.0000000e+00 -9.8635784e-02 -8.1439170e-01 -1.4824491e-01 -1.9621209e-01 -5.8286498e-01 -7.0425563e-01 -9.8241790e-01 -1.0055048e+00 -1.4845416e+00 -6.1206612e-01 -1.7638952e-01 -1.3309182e+00 -3.1239363e-01 -2.4195454e-01 -2.0300120e-01 -7.7787837e-01 -8.0083217e-01 -9.9582737e-01 -1.0015976e+00 -4.6559104e-01 -2.0691475e-01 -1.3316100e+00 -2.7883157e-01 -3.0584715e-01 -1.1032878e+00 -9.3617529e-01 -1.1371018e+00 -1.2407579e+00 -1.6853322e+00 -8.7810891e-01
2.0000000e+00 -1.0103214e+00 -2.2564372e-01 -1.0358937e+00 -8.9301723e-01 -1.0632317e+00 -1.1318010e+00 -8.6465227e-01 -9.7524844e-01 2.0459207e+00 -7.2547445e-01 -8.0619666e-01 2.4042716e+00 -7.8663296e-01 -5.9882227e-01 1.2263901e+00 -6.8007168e-01 -3.9668122e-01 -1.1129807e-01 -4.0831289e-01 2.6367755e-01 -1.1035821e+00 -3.8548760e-01 -1.1292173e+00 -9.0406485e-01 -1.5092081e+00 -1.2013183e+00 -1.1146014e+00 -1.4067278e+00 -3.2639648e-01 -9.1911662e-01
1.0000000e+00 1.1084245e+00 -5.6772258e-01 1.0516256e+00 9.5308978e-01 -4.9034991e-01 3.5740625e-01 2.5361901e-01 3.5133607e-01 -3.3449443e-01 -7.0846320e-01 -3.8464093e-01 -1.1362391e+00 -4.6783325e-01 -1.0048355e-01 -9.7469916e-01 -5.5208463e-01 -7.1079252e-02 -3.3141658e-01 -9.1926417e-01 -5.1400721e-01 8.5127698e-01 -5.9555609e-01 7.7558711e-01 7.2323495e-01 -2.6602223e-01 7.8467555e-02 7.5230694e-01 5.9221988e-01 -9.5053851e-02 -9.3975098e-02
2.0000000e+00 -6.0702120e-01 1.3032394e+00 -5.9145146e-01 -6.0746933e-01 4.7251852e-01 -2.3046864e-01 -4.3175687e-01 -1.5938478e-01 3.0599910e-02 8.0837314e-01 -5.1565526e-01 -2.3320537e-02 -4.9555496e-01 -4.6087155e-01 4.2635765e-01 -2.9219827e-01 -2.8361577e-01 7.8734348e-01 4.8153070e-02 -4.5732050e-02 -6.8113375e-01 7.6256113e-01 -6.7855752e-01 -6.4459693e-01 -5.5609950e-02 -4.5843437e-01 -5.3390912e-01 8.5174187e-02 -4.8817454e-01 -7.9566985e-02
1.0000000e+00 1.0289006e+00 2.0339385e+00 1.0433876e+00 9.2919931e-01 2.5688723e-01 5.1280838e-01 1.0169612e+00 8.7727537e-01 -3.6005103e-01 -5.1566905e-01 -5.5841900e-02 -2.5374221e-01 3.4358952e-03 7.9490437e-02 -7.7569109e-01 -2.9778723e-01 1.6831445e-01 -1.1292016e-01 -9.8948971e-01 -4.6861705e-01 1.0894219e+00 2.0946233e+00 1.1359958e+00 9.7813229e-01 3.3891307e-01 7.7567668e-01 1.7641047e+00 1.2545769e+00 1.1525763e-01 3.7705935e-01
2.0000000e+00 1.9105870e-01 -3.7923015e-01 1.6109350e-01 5.6628632e-02 -3.2524608e-01 -2.9262949e-01 -6.0401107e-01 -6.7887558e-01 2.9711878e-01 -5.5819717e-01 -6.6688116e-01 -1.0790873e+00 -6.8515168e-01 -4.5295094e-01 -7.4835665e-01 -7.6949494e-01 -4.7460022e-01 -7.9468739e-01 2.4187868e-01 -6.8989409e-01 3.3300982e-02 -4.7830856e-01 -4.0544860e-02 -8.9799681e-02 -4.2821503e-01 -4.2090212e-01 -3.1754081e-01 -4.8003711e-01 1.1312239e+00 -6.1488378e-01
2.0000000e+00 1.1437486e-01 1.1717131e-02 9.3953471e-02 1.3682683e-02 -8.8816473e-01 -4.9920062e-01 -7.9010419e-03 -5.0734560e-01 -1.2362774e+00 -7.5666174e-01 -5.4741631e-01 2.4883105e-01 -4.3169601e-01 -3.8056531e-01 -9.6469875e-01 -2.7934368e-01 6.2875121e-02 -4.7821633e-01 -7.9939646e-01 -5.5523661e-01 6.3802528e-03 4.4175886e-01 2.4983984e-02 -8.8041768e-02 -1.0287667e+00 6.7653179e-02 5.0715349e-01 -2.8422307e-01 -6.9525046e-01 -5.1624363e-01
1.0000000e+00 1.9803481e+00 2.8631105e-01 1.9001438e+00 2.0736662e+00 3.4139401e-02 2.4938282e-01 8.5876861e-01 1.7173854e+00 -9.4055103e-01 -8.7715808e-01 9.3524717e-01 2.6153145e-01 8.2964198e-01 9.1423530e-01 -5.2468091e-01 -2.6425350e-01 -1.4495038e-03 4.6454625e-01 -1.2413330e+00 -6.0138327e-01 1.9488144e+00 1.0410240e+00 1.8151129e+00 2.0065112e+00 1.9425463e-01 3.5518833e-01 8.0459995e-01 1.7266014e+00 -1.0236599e+00 -5.3730164e-01
2.0000000e+00 -6.4110290e-01 5.2367190e-01 -6.2357982e-01 -6.3391948e-01 -2.1513513e+00 3.9021396e-02 -1.2923030e-02 -6.4637517e-01 -1.6889944e+00 4.7098338e-01 -5.3839328e-01 6.1169983e-01 -4.5100221e-01 -4.4217010e-01 -6.2328831e-02 1.9646213e+00 1.1517518e+00 6.0566866e-01 3.6295718e-01 1.9404657e+00 -7.2047943e-01 4.0756166e-01 -7.0744978e-01 -6.5637495e-01 -1.6569351e+00 5.4475797e-01 2.3801242e-01 -4.1273555e-01 -9.6380204e-01 8.6305607e-01
1.0000000e+00 1.5514867e+00 1.3288371e+00 1.4717657e+00 1.5247544e+00 4.8675161e-01 -1.0671548e-01 9.6297487e-01 1.0758890e+00 -5.4259820e-01 -1.2599112e+00 2.2459372e-01 2.8693227e-01 2.4722211e-02 3.4857135e-01 1.6197394e+00 -3.4585223e-01 5.6951443e-01 5.1807544e-01 -5.0033255e-01 -7.5192731e-01 1.0707845e+00 8.6026740e-01 9.6919506e-01 9.5000569e-01 8.9562889e-01 -4.4380315e-01 6.0214445e-01 4.8715636e-01 -9.8321541e-01 -1.2765486e+00
2.0000000e+00 -6.0418105e-01 2.0804798e+00 -6.2605123e-01 -6.0405640e-01 -8.5329366e-01 -7.5504559e-01 -6.0576877e-01 -7.6012663e-01 -7.1784349e-01 -2.4915948e-01 -7.7227009e-01 8.8566576e-01 -6.6832064e-01 -5.8254101e-01 9.7677657e-02 2.3018731e-02 -8.2352640e-02 -4.2663366e-01 -3.7441091e-01 1.9180979e-01 -6.5835467e-01 1.9871464e+00 -6.6098387e-01 -6.2736939e-01 -5.0711963e-01 -4.3680562e-01 -4.3699914e-01 -6.6153815e-01 -7.3407719e-01 -1.1115400e-01
2.0000000e+00 1.1437486e-01 -1.2355908e+00 7.7889293e-02 -3.0400908e-02 9.6356007e-01 -2.2592029e-01 -2.4920759e-01 4.1349957e-01 -5.9006047e-01 -2.2506022e-01 -3.5793278e-01 -8.9910434e-01 -3.5793645e-01 -3.2204076e-01 -3.0267191e-01 -7.2478331e-01 -5.2201476e-01 -7.0745650e-02 1.8497178e-01 -8.7717949e-02 -9.7161012e-02 -1.4244310e+00 -1.2394521e-01 -2.2972953e-01 1.0219926e-01 -6.7726643e-01 -6.4713067e-01 -1.1733956e-01 -4.7685008e-01 -3.2395074e-01
2.0000000e+00 -4.2809225e-01 -4.9791057e-01 -4.6746896e-01 -4.6071363e-01 -7.4939212e-01 -9.4835068e-01 -7.4249240e-01 -6.7578031e-01 -4.6069901e-02 -6.4325341e-01 -8.5167271e-01 -9.9689747e-01 -8.6633289e-01 -5.9442193e-01 -1.0510356e+00 -9.4672067e-01 -6.4104848e-01 -7.9614727e-01 -5.4028846e-01 -8.1585178e-01 -3.9950151e-01 -5.7438640e-01 -4.6588663e-01 -4.3435057e-01 -4.3259862e-01 -6.5245698e-01 -4.0053796e-01 -2.4509071e-01 5.9735625e-01 -5.8994666e-01
2.0000000e+00 -2.1224146e-01 2.6599195e+00 -2.3186101e-01 -2.7783784e-01 -2.7827689e-01 -5.7007915e-01 -7.6094821e-01 -4.1990400e-01 -1.5940699e+00 -3.7390864e-01 -2.3233227e-01 1.2830071e+00 -2.8665204e-01 -2.5097524e-01 -4.0000919e-01 -7.2757778e-01 -7.9436655e-01 -4.3279762e-01 -5.9356300e-01 -3.0634722e-01 -2.5247291e-01 2.5945538e+00 -3.1487243e-01 -3.0760507e-01 -6.6492884e-01 -7.1352639e-01 -9.6986008e-01 -5.6302206e-01 -1.1401401e+00 -3.9876209e-01
2.0000000e+00 -7.0926631e-01 2.3271489e+00 -7.0431261e-01 -6.8198482e-01 -1.9857159e-01 -3.5251617e-01 -2.1593691e-01 -7.4155496e-01 -4.6069901e-02 -1.6126803e-01 -3.3086370e-01 2.1938077e+00 -3.5447124e-01 -3.7858516e-01 9.4004514e-01 -7.2552382e-02 3.5996205e-01 -4.1868538e-01 5.0946217e-01 -6.3050862e-01 -6.5214219e-01 2.1385912e+00 -6.3209161e-01 -6.2016195e-01 3.6083102e-01 -3.2548117e-01 9.6485475e-02 -7.0432489e-01 -2.7107066e-02 -6.5090406e-01
2.0000000e+00 -2.6052388e-01 1.3870138e+00 -3.2412706e-01 -3.3272902e-01 -6.0136800e-01 -9.9099151e-01 -7.6684905e-01 -7.2840003e-01 -7.0323971e-01 -9.8631359e-01 -7.1019168e-01 2.4157367e-01 -7.6831683e-01 -5.0069465e-01 -4.2434351e-01 -9.7226219e-01 -5.5682964e-01 -8.6703290e-01 -8.5630335e-01 -7.4398403e-01 -3.9743068e-01 1.3927666e+00 -4.7571596e-01 -4.3540532e-01 -1.5204891e-01 -9.4126441e-01 -6.3897488e-01 -8.3070565e-01 -7.3893053e-01 -8.9030039e-01
2.0000000e+00 -3.2016686e-01 1.3590890e+00 -3.8550046e-01 -3.8306963e-01 -9.0168616e-01 -1.0160075e+00 -9.6345989e-01 -8.0732962e-01 -5.2799443e-01 -1.1776901e+00 -5.1637710e-01 2.7481092e-02 -5.9852133e-01 -4.2126847e-01 -3.2900631e-01 -9.2240872e-01 -8.6913564e-01 -8.8568701e-01 -1.0161270e+00 -8.6275495e-01 -3.9950151e-01 1.0100837e+00 -4.8256670e-01 -4.4314014e-01 -4.6328374e-01 -9.2218022e-01 -1.0917652e+00 -8.4349599e-01 -9.6218426e-01 -1.1657170e+00
2.0000000e+00 -1.2417929e+00 2.0734986e+00 -1.2476114e+00 -1.0352224e+00 -1.1756731e+00 -1.1007206e+00 -9.2140074e-01 -9.9278835e-01 -6.9593783e-01 -4.6463530e-01 -8.1955074e-01 8.5300757e-01 -8.0346400e-01 -6.3930542e-01 -1.5099909e-01 -7.1416429e-01 -5.7672385e-01 -9.2331965e-01 -5.8145515e-01 -5.7755344e-01 -1.1594944e+00 1.8308164e+00 -1.1685346e+00 -9.3289462e-01 -9.3671137e-01 -9.1200198e-01 -9.6088871e-01 -1.0041366e+00 -9.3791755e-01 -6.5589149e-01
1.0000000e+00 8.3861106e-01 1.8291566e+00 7.9212737e-01 7.8500331e-01 1.8643345e-01 1.2619820e-01 1.4941275e-01 3.9699142e-01 -6.7975561e-02 1.7564338e-03 1.8909660e+00 -1.1766642e-01 1.5766432e+00 1.6471122e+00 5.6636333e-01 -1.8377257e-01 -1.5529809e-01 4.5156947e-01 -1.1175397e-02 2.3530870e-01 1.3855499e+00 1.4351060e+00 1.3355609e+00 1.3490519e+00 1.2112473e+00 -6.2755463e-02 -3.9764194e-02 6.2267307e-01 1.7673329e-01 3.6874698e-01
1.0000000e+00 3.7753179e+00 1.6243746e+00 3.9102255e+00 5.2505288e+00 8.5681191e-01 1.7901381e+00 3.4488592e+00 3.0947840e+00 9.1047727e-01 -9.3102704e-01 7.7303069e+00 1.6174254e-01 7.8135338e+00 1.1041842e+01 2.0301526e-01 1.5795424e+00 1.6132975e+00 2.3007597e+00 -4.3252859e-01 2.8864214e-01 4.0941894e+00 9.2703336e-01 4.2873375e+00 5.9301724e+00 1.4603515e-01 1.0899297e+00 1.9723172e+00 2.2519190e+00 -4.2022775e-01 -5.3619332e-01
2.0000000e+00 7.7453017e-02 1.7919235e+00 1.1573071e-02 -2.4997113e-02 -1.8794993e+00 -9.8758024e-01 -6.7846205e-01 -8.1377811e-01 -3.8195669e-01 -1.2003718e+00 -6.2681893e-01 -5.5456043e-01 -5.6386918e-01 -4.3600962e-01 -5.6168241e-01 -4.8557608e-01 -4.0397576e-01 -8.8017188e-01 -7.7518075e-01 -7.1977594e-01 -1.7999402e-01 1.0263681e+00 -2.0436697e-01 -2.5662560e-01 -1.3443852e+00 -6.8871694e-01 -5.9963519e-01 -8.9800721e-01 -8.9909082e-01 -1.0698476e+00
2.0000000e+00 -7.1778673e-01 -2.1633545e-01 -7.4509091e-01 -6.8881066e-01 -8.0276620e-01 -8.6780689e-01 -6.9214697e-01 -8.0346052e-01 -1.0792869e+00 -5.9647248e-01 -8.0691851e-01 -8.1872890e-01 -7.7376216e-01 -6.0388266e-01 -1.1066412e-01 -4.7328038e-01 -3.6783461e-01 -6.9736159e-01 8.4476621e-02 -3.8842777e-01 -7.2462108e-01 -2.6986851e-01 -7.3217203e-01 -6.7764569e-01 8.0281313e-02 -4.6734032e-01 -4.1349128e-01 -4.8308243e-01 5.0028941e-01 -2.9458036e-01
2.0000000e+00 -2.7188444e-01 -2.4891439e-01 -3.1671283e-01 -3.3443548e-01 -1.5443101e+00 -8.4146434e-01 -5.0482680e-01 -5.2153229e-01 -1.3056454e+00 -1.0359297e+00 -7.3220786e-01 -9.6496502e-01 -8.0692921e-01 -5.1587583e-01 -3.5734079e-01 -5.8953062e-01 -5.3892485e-01 -5.4066705e-01 -1.1638428e+00 -8.0299124e-01 -2.8353529e-01 -2.9103820e-01 -3.6223192e-01 -3.3924749e-01 -1.8273403e-01 -3.6746639e-01 -4.0581524e-01 -1.5388339e-01 -1.0770467e+00 -8.1438072e-01
2.0000000e+00 -2.5200345e-01 1.9555543e-01 -2.1003021e-01 -3.1850850e-01 -9.6217679e-01 3.4034992e-01 1.5317924e-01 -5.3107606e-01 -7.6895669e-01 2.1581465e-01 -4.4816303e-01 -7.3182183e-01 2.4897108e-01 -3.6362400e-01 -7.0402151e-01 2.2966052e+00 1.4899534e+00 3.0558077e-01 -6.3957283e-01 1.6408907e+00 -1.7171072e-01 -2.8859698e-02 2.3050627e-01 -2.5855930e-01 -5.3780475e-01 1.9741639e+00 1.8394258e+00 3.2118645e-01 -9.0200509e-02 2.2695095e+00
2.0000000e+00 -2.8040487e-01 3.3750653e-01 -2.4668948e-01 -3.3557312e-01 -6.8391991e-01 8.6400094e-02 2.4734152e-01 -3.5645080e-01 -9.1134349e-01 -3.6823823e-01 -3.2472805e-01 -7.7736186e-01 -2.7427628e-01 -2.8463786e-01 8.4677130e-02 3.5276701e-01 4.7269592e-01 1.2066176e-01 -5.9719535e-01 -2.1367565e-01 -3.0424354e-01 -3.5373449e-02 -1.8947405e-01 -3.3661063e-01 1.1973362e-01 6.4017892e-01 8.5497394e-01 5.3198333e-02 -5.4641464e-01 -1.2223716e-01
2.0000000e+00 -1.2665022e+00 -2.7683919e-01 -1.2731493e+00 -1.0483052e+00 -9.4296212e-01 -9.4872971e-01 -9.2918482e-01 -1.1130141e+00 -4.8053217e-01 1.8746257e-01 -2.2944490e-01 1.7262860e-01 -2.9259241e-01 -4.2588883e-01 1.3130603e+00 -7.2142993e-01 -7.1565178e-01 -1.2753146e+00 7.7341331e-01 -3.0861673e-01 -1.0600948e+00 -1.7216223e-01 -1.0767942e+00 -8.7962986e-01 2.8192641e-01 -8.1912559e-01 -9.9835737e-01 -1.3643979e+00 2.5276898e-01 -2.8793046e-01
1.0000000e+00 9.8629844e-01 9.4021691e-01 1.1134109e+00 9.2607080e-01 -2.4696409e-01 1.8204605e+00 1.5668690e+00 1.3227374e+00 -4.2211707e-01 1.5441096e+00 1.8902441e+00 4.5022322e-01 1.4528855e+00 1.4204946e+00 -9.1663353e-02 2.5022787e+00 1.1278787e+00 1.8352179e+00 -4.6158743e-01 2.8388127e+00 1.0977052e+00 5.1992388e-01 1.0823812e+00 9.7813229e-01 -5.1150322e-01 1.4264476e+00 1.1720902e+00 1.2941660e+00 -9.7027316e-01 2.1309700e+00
2.0000000e+00 -7.1210645e-01 -2.5822266e-01 -6.4211541e-01 -6.9990266e-01 1.5044174e+00 8.3308838e-01 1.6573421e-01 1.7335759e-01 5.3077916e-01 1.3825028e+00 1.7785984e-02 9.4916779e-01 7.9670609e-02 -2.7473709e-01 2.5164424e+00 3.6785719e-01 5.8741922e-01 1.0728325e+00 -2.9934224e-01 5.3790977e-01 -6.0244239e-01 -4.5144077e-02 -5.6954135e-01 -6.1963457e-01 2.0002934e+00 2.1332917e-01 2.2266034e-01 4.1102337e-01 -3.8948992e-01 4.8512019e-01
2.0000000e+00 -1.2667862e+00 -1.8608358e-01 -1.2554375e+00 -1.0403417e+00 -4.9106156e-01 -7.9143243e-01 -7.4475230e-01 -8.7129869e-01 1.5566943e+00 1.8888017e-01 -9.9513342e-02 2.4157367e-01 -1.4705341e-01 -3.8738584e-01 1.5334658e-01 -3.1231851e-01 -1.5761908e-01 -3.1032933e-01 -1.1409212e-01 4.4670021e-02 -1.0621656e+00 -9.3184426e-03 -1.0836449e+00 -8.7084030e-01 -3.9314631e-01 -6.3655349e-01 -6.9318690e-01 -7.4619803e-01 4.4204931e-01 7.1718197e-02
2.0000000e+00 -5.9282049e-01 2.0595362e+00 -6.2275601e-01 -5.8301005e-01 -6.2912252e-01 -8.4032725e-01 -8.1769668e-01 -6.4869662e-01 1.5473199e-01 -8.2470673e-01 7.2519115e-01 2.5875203e+00 6.1034342e-01 1.0171216e-01 1.5868013e-01 -5.5487911e-01 -5.7175030e-01 5.4928925e-03 -8.7538269e-03 3.3322481e-02 -5.5274258e-01 1.2462072e+00 -5.9634861e-01 -5.5019702e-01 -1.2391790e+00 -9.9877144e-01 -1.0408155e+00 -9.0044346e-01 -8.0364176e-01 -9.7286996e-01
2.0000000e+00 2.2514040e-01 -1.0145195e+00 1.8457191e-01 9.1042274e-02 -1.0945445e+00 -3.5725404e-01 -4.1945299e-01 -4.3099541e-01 -4.5497556e-01 -8.6581725e-01 -5.7953827e-01 -1.4214539e+00 -5.1486115e-01 -3.7462485e-01 -1.2567106e+00 -4.3471660e-01 -2.9157345e-01 -5.5104847e-01 -1.0972496e+00 -5.3556754e-01 1.8861288e-01 -1.2143625e+00 1.4114875e-01 4.5735389e-02 -1.1339729e+00 1.5798502e-01 2.0586901e-01 1.4279016e-03 -3.4419207e-01 -6.7375505e-02
2.0000000e+00 -5.2749722e-01 2.4853895e+00 -5.9927760e-01 -5.3892646e-01 -1.3784946e+00 -1.3334447e+00 -1.1148728e+00 -1.2618196e+00 -4.0386235e-01 -4.5329447e-01 1.4555202e-01 4.4091216e+00 8.8812320e-03 -1.1456464e-01 9.9344391e-02 -9.6326397e-01 -1.0575007e+00 -1.9134475e+00 1.3158450e+00 -2.4923127e-01 -5.8380496e-01 2.0148299e+00 -6.6068602e-01 -5.6549086e-01 -1.6722776e+00 -1.2858613e+00 -1.3058307e+00 -1.7450628e+00 -7.9555286e-01 -9.1523751e-01
2.0000000e+00 -9.2227695e-01 -8.5395184e-01 -8.8802090e-01 -8.4182338e-01 3.0883801e-01 4.8497136e-02 -4.7268607e-01 -8.5659612e-01 1.8028859e-01 7.8994429e-01 -9.2746612e-01 -1.2316736e+00 -7.7475222e-01 -6.7633429e-01 -8.5569433e-01 3.0470201e-01 -1.4336156e-01 -8.2810258e-01 -1.0197593e+00 3.3176279e-01 -8.9649958e-01 -1.0303490e+00 -7.8876512e-01 -7.8663628e-01 3.6445422e-02 8.6219169e-01 3.0853601e-01 -5.3211207e-01 -5.1729459e-01 1.3329822e+00
2.0000000e+00 -3.6844927e-01 -8.2835410e-01 -3.7396720e-01 -4.2089620e-01 -4.2416605e-01 -4.1031818e-01 -3.8229028e-01 -4.6788081e-01 -3.8925858e-01 -5.1992186e-01 -9.2133046e-01 -1.3232979e+00 -8.2722547e-01 -6.3138480e-01 -7.2268894e-01 -4.2018532e-01 4.2649337e-02 -5.5737465e-01 -5.4876395e-01 -5.6961016e-01 -4.5127214e-01 -1.0303490e+00 -4.1822929e-01 -4.8304475e-01 1.0143887e-02 4.2843730e-02 3.6178853e-01 -2.5544480e-01 1.7026217e-01 -3.2838401e-01
2.0000000e+00 2.0650178e-02 2.8863812e-01 1.8163503e-02 -1.0377876e-01 -5.0173638e-01 1.2240791e-01 -4.7921466e-01 -4.7303960e-01 -1.1157963e+00 -3.8383187e-01 -2.0706780e-01 -3.6078850e-01 -5.7947900e-02 -2.0521169e-01 -9.7803262e-01 4.1368661e-01 -1.2214107e-01 2.7638303e-01 -5.3786689e-01 -3.9750580e-01 3.7442632e-02 2.5774538e-01 1.4412734e-01 -9.1557593e-02 -7.4821703e-01 5.6384216e-01 -1.0069274e-01 2.9377857e-01 -5.9333028e-01 -2.9735115e-01
2.0000000e+00 -6.4554081e-02 -6.2124513e-01 -1.2353079e-01 -1.5781670e-01 -1.9983456e+00 -9.6938682e-01 -8.3565029e-01 -9.1643816e-01 5.0433067e-03 -1.0543586e+00 -9.0111889e-01 -1.1623656e+00 -7.2970444e-01 -5.7880072e-01 -1.2443768e+00 -6.8901400e-01 -7.2911353e-01 -1.1296503e+00 -8.9383769e-01 -6.4299092e-01 -2.3383548e-01 -6.3138173e-01 -1.8053830e-01 -2.8422483e-01 -1.6889353e+00 -3.4138466e-01 -6.4185340e-01 -7.9766393e-01 -3.5875209e-01 -3.8601646e-01
2.0000000e+00 -7.4902829e-01 -1.0936398e+00 -7.4055999e-01 -7.1099466e-01 5.8638323e-01 -4.1808829e-01 -4.4845498e-01 -7.5393607e-01 -1.1908877e-01 4.1711442e-01 -7.2823773e-01 -9.2265605e-02 -6.4307408e-01 -5.7198019e-01 -6.9468780e-01 -2.4245658e-01 3.2050519e-01 -6.0960616e-01 -2.5575397e-01 -6.8427130e-02 -8.0124161e-01 -6.1509735e-01 -7.5123496e-01 -7.2598829e-01 1.2411720e-01 -3.3884010e-01 -6.0393545e-02 -6.1357437e-01 6.5106429e-02 4.3524596e-01
1.0000000e+00 6.0287928e-01 5.1277272e-02 7.3446109e-01 4.5764710e-01 4.4405235e-01 1.6100990e+00 1.6924187e+00 1.1096792e+00 1.2390622e+00 4.2278484e-01 -3.2653265e-01 -4.1939181e-01 1.0095693e-01 -1.5878808e-01 7.1870284e-01 1.6331964e+00 1.6212552e+00 1.6794966e+00 8.7027611e-01 9.6835980e-01 2.3210021e-01 -4.2782699e-01 4.4198572e-01 1.0392230e-01 2.3370693e-01 1.2209745e+00 1.5232690e+00 9.5765822e-01 6.7500972e-01 4.1086300e-01
2.0000000e+00 -5.5873878e-01 -2.9312866e-01 -5.6344212e-01 -5.6765189e-01 -3.9071829e-01 -4.9199906e-01 -7.4876989e-01 -8.6794547e-01 -1.2691359e+00 6.0092460e-03 -6.7049037e-01 -4.8721352e-02 -5.8812568e-01 -5.2973690e-01 -7.1002176e-01 -4.9284172e-01 -5.9429707e-01 -1.0762834e+00 -7.2674935e-01 -7.3263649e-01 -6.0658404e-01 3.5708009e-01 -5.4898912e-01 -5.8570686e-01 -5.0711963e-01 -1.6771852e-01 -5.2863184e-01 -8.7866943e-01 -8.0040620e-01 -3.6883755e-01
2.0000000e+00 -6.4554081e-02 -1.1553541e-02 -1.3341643e-01 -1.4786235e-01 -1.1706915e+00 -9.6806022e-01 -7.3885146e-01 -7.2788415e-01 -8.4927745e-01 -9.7213755e-01 -2.6553700e-01 -5.2698240e-01 -4.0100411e-01 -2.6241613e-01 -1.1123714e+00 -8.1923663e-01 -5.5019823e-01 -8.9558180e-01 -1.2013771e+00 -5.9684426e-01 2.9159331e-02 1.2095659e-01 -8.5223618e-02 -8.8041768e-02 -1.1383565e+00 -7.1734323e-01 -5.0320497e-01 -5.0409513e-01 -8.8129523e-01 -4.3866148e-01
2.0000000e+00 -1.8668019e-01 -1.2169743e+00 -1.9149462e-01 -3.0883855e-01 7.6429684e-01 2.1147986e-01 -3.8844222e-01 9.6491525e-02 -1.1908877e-01 5.0925869e-01 -8.8920849e-01 -1.1676272e+00 -8.7326332e-01 -6.0498275e-01 -8.6369465e-01 -6.1244533e-01 -6.1518600e-01 -4.8746228e-01 -4.3131780e-01 -3.8124099e-01 -2.9803107e-01 -1.1980781e+00 -3.6699765e-01 -3.8741430e-01 3.0384436e-01 -2.7767778e-02 -4.1924830e-01 2.8768793e-01 5.2779168e-01 5.1615305e-01
2.0000000e+00 -1.2135692e-01 -3.8388428e-01 -1.7337093e-01 -2.3830481e-01 2.2343948e-01 -4.6944680e-01 -5.4387276e-01 -4.4672974e-01 -2.9068311e-01 -2.7184115e-01 -5.8495209e-01 -4.9105839e-01 -6.4455917e-01 -4.3336941e-01 -1.2653776e+00 -9.6644968e-01 -4.9449443e-01 -4.1576561e-01 -9.3137202e-01 -8.5897244e-01 -2.7111034e-01 -3.4966197e-01 -3.4197754e-01 -3.4118120e-01 -5.4657193e-01 -7.6123687e-01 -4.7010205e-01 -3.6294457e-01 -6.1921477e-01 -7.9498519e-01
2.0000000e+00 4.5519190e-01 -1.8638990e+00 4.4612968e-01 2.6254166e-01 5.6503360e-01 4.8438116e-01 3.8042421e-01 3.4024466e-01 -1.0083405e-01 -2.9430855e-02 -8.7404981e-01 -1.5054581e+00 -8.5296706e-01 -5.8232099e-01 -3.3567325e-01 -4.0677183e-01 4.8617601e-02 -1.8267032e-01 -1.0645584e+00 -5.8209245e-01 1.5340885e-01 -1.8689945e+00 1.5604167e-01 -4.6203445e-02 9.5261555e-01 2.7757929e-01 6.1509777e-01 4.6583912e-01 -5.5612133e-01 -1.1835806e-01
2.0000000e+00 -4.7637467e-01 -6.7011354e-01 -3.7561481e-01 -5.0678810e-01 -8.6841851e-02 8.8615253e-01 8.2361469e-01 -1.1843200e-02 9.8714708e-01 1.4817351e+00 -4.7179796e-02 -1.7877505e-02 1.0583461e+00 -2.2325309e-01 6.4342972e-02 2.7515460e+00 2.6361917e+00 2.5002775e+00 1.4260264e+00 2.2059982e+00 -5.1546772e-01 -7.5677145e-01 -2.8121443e-01 -5.2734415e-01 -6.5177807e-01 9.6588246e-01 1.0430369e+00 2.9834655e-01 5.3426281e-01 1.0780694e+00
2.0000000e+00 1.4561642e-01 -5.6772258e-01 9.2305863e-02 3.1600529e-02 -7.0811616e-01 -7.0804592e-01 -4.6301874e-01 -5.4190954e-01 -1.4699378e+00 -1.3109449e+00 -6.6688116e-01 -3.8256063e-01 -6.9059702e-01 -4.4789054e-01 -1.1687070e+00 -6.4542016e-01 -4.6067427e-01 -9.1683127e-01 -9.6890636e-01 -9.7433909e-01 3.9513458e-02 -3.8630325e-02 -3.7566276e-02 -8.7162811e-02 -7.9643651e-01 -3.0067172e-01 -1.3667417e-01 -5.5312478e-01 -7.2113495e-01 -9.9669876e-01
1.0000000e+00 1.5088846e+00 -1.0929036e-01 1.4882417e+00 1.4564959e+00 8.9239463e-01 7.6675821e-01 1.7175286e+00 1.8179819e+00 4.1552741e-02 -2.3356584e-01 5.8010091e-01 3.4680562e-01 3.7866910e-01 6.0291111e-01 -5.8435000e-01 1.5938921e-01 3.5366221e-01 -5.8617841e-03 -4.0831289e-01 -2.2086242e-01 1.5926324e+00 7.6744644e-01 1.3891754e+00 1.5107798e+00 8.3425864e-01 7.5213951e-01 1.5419793e+00 1.3916162e+00 5.9088513e-01 3.4048491e-01
2.0000000e+00 -6.9506560e-01 -7.2596315e-01 -6.7877469e-01 -6.6662666e-01 1.1699399e+00 -2.2194048e-01 -5.7764563e-01 -4.5395206e-01 1.5108104e-01 1.7186892e-01 -1.2225136e-01 -1.1403773e-01 -1.5447887e-01 -2.8089757e-01 6.5236681e-01 -7.0186860e-01 -4.4376419e-01 -2.0460654e-02 1.1837860e-01 -2.2010592e-01 -6.1072569e-01 -6.6557892e-01 -6.1630512e-01 -5.8148787e-01 8.8686171e-01 -6.7790257e-01 -5.9099965e-01 -2.5057229e-01 -1.5652951e-01 -2.0536089e-01
1.0000000e+00 7.2784553e-01 2.1184490e-01 6.2324754e-01 5.7653059e-01 -1.5222488e+00 -6.2958680e-01 -6.5674195e-01 -6.6675241e-01 1.2552444e-01 -1.3534730e+00 -5.6979341e-01 -1.1774247e+00 -5.4010772e-01 -3.8254547e-01 -1.4580521e+00 -6.1579871e-01 -5.8567625e-01 -1.0542229e+00 -1.1288134e-01 -7.9240020e-01 6.0277794e-01 1.4375472e-01 5.9687208e-01 3.5758910e-01 -1.3794539e+00 2.4004704e-01 -1.1748407e-01 -4.1471500e-01 2.8735736e+00 -4.2757832e-01
2.0000000e+00 -5.3317750e-01 7.3310794e-01 -5.6797305e-01 -5.3579794e-01 -1.0276490e+00 -9.9193908e-01 -8.9968064e-01 -9.3655747e-01 -9.7706047e-01 -4.3061280e-01 -6.5424892e-01 -1.4125289e-01 -6.3812378e-01 -4.9057386e-01 -6.4835259e-01 -7.5049250e-01 -7.4549310e-01 -1.1752313e+00 -5.4028846e-01 -5.2800251e-01 -4.3470554e-01 1.0279965e+00 -4.3252649e-01 -4.5298445e-01 -2.9670735e-01 -4.6988488e-01 -7.1573526e-01 -7.8045787e-01 3.2233355e-01 -1.0616658e-01
2.0000000e+00 1.0573020e+00 -1.4101209e+00 9.3217405e-01 9.5906239e-01 -1.2795747e+00 -7.9920254e-01 -5.5680438e-01 -1.8414700e-01 -2.1599661e+00 -1.4697166e+00 2.8234108e-01 -3.0998687e-01 1.4699477e-01 2.3350240e-01 -8.9069575e-01 -9.6153140e-01 -6.7520021e-01 -7.0709417e-01 -9.1078868e-01 -9.4029647e-01 7.3531076e-01 -1.1817937e+00 5.9091491e-01 5.7908611e-01 -1.4793997e+00 -9.8286795e-01 -8.0305019e-01 -4.7501233e-01 -1.8082835e+00 -1.3984634e+00
1.0000000e+00 1.1027443e+00 2.9561932e-01 1.0886968e+00 1.0014395e+00 2.6613874e-01 4.6542968e-01 3.5405877e-01 7.4030932e-01 1.1112792e+00 -2.8743479e-01 1.2618807e+00 1.2908435e-01 1.2311118e+00 1.0869487e+00 3.1868662e-01 8.5056119e-02 1.8157726e-01 7.5976784e-01 1.0204135e+00 7.6064882e-02 1.0894219e+00 6.2332826e-02 1.0764241e+00 9.5879525e-01 -6.4377128e-02 -1.3718381e-01 -8.5340667e-02 5.2217753e-01 5.6661842e-01 -4.2647000e-01
2.0000000e+00 -4.7353452e-01 -1.5032036e+00 -5.4119942e-01 -5.0508163e-01 -1.6112056e+00 -1.2112077e+00 -1.0248160e+00 -9.6544673e-01 -7.2514537e-01 -3.7816145e-01 -2.7997384e-01 4.8832444e-01 -3.7526252e-01 -3.4624264e-01 1.1163856e+00 -8.6338936e-01 -8.4476523e-01 -6.3280214e-01 9.8651147e-01 3.8812224e-01 -6.3764642e-01 -1.5172520e+00 -7.1549196e-01 -6.0926289e-01 -1.6648255e+00 -1.2054532e+00 -1.2255201e+00 -1.3369900e+00 -1.0042466e+00 -7.5730243e-01
2.0000000e+00 -2.7472459e-01 2.9096519e-01 -3.2577467e-01 -3.3045373e-01 -1.6375368e+00 -9.7772547e-01 -8.8888336e-01 -9.3784717e-01 -3.6005103e-01 -5.5536196e-01 -2.9404976e-01 4.6473797e-01 -2.6734585e-01 -3.1390013e-01 2.5368398e-01 -2.7710810e-01 -6.1286501e-01 -1.0109129e+00 3.8466790e-02 -4.1377061e-01 -3.6636830e-01 4.5315793e-01 -3.5657261e-01 -4.0833346e-01 -9.0164265e-01 -5.7039496e-01 -9.3651729e-01 -1.1063071e+00 -3.4580985e-01 -5.3508500e-01
2.0000000e+00 2.1093969e-01 2.1417197e-01 1.7097915e-01 7.3977658e-02 -3.4891078e-02 -3.9591506e-01 -2.5812162e-01 1.5240481e-02 -1.1851642e+00 -7.5382653e-01 -6.2393156e-01 7.6047603e-01 -6.2871819e-01 -4.0696736e-01 -5.4201495e-01 -6.5771586e-01 -3.4362998e-01 5.4928925e-03 -1.1530291e-01 -7.5003605e-01 -5.3673681e-02 4.5641480e-01 -1.0011654e-01 -1.7048787e-01 -4.7205092e-01 -7.3451900e-01 -4.9025165e-01 -1.9651786e-01 -8.6026408e-01 -9.9503629e-01
2.0000000e+00 -4.1957183e-01 -2.6054972e-01 -3.8220524e-01 -4.8147558e-01 7.9987956e-01 5.5071134e-01 -1.0834081e-01 4.6967079e-02 -6.2291896e-01 8.1404356e-01 -6.2357064e-01 -1.0589480e+00 -5.7921513e-01 -4.8265324e-01 -4.4567771e-01 -2.5605169e-02 -1.8348156e-01 -2.3944370e-01 -3.5745992e-01 -8.7717949e-02 -3.9121820e-01 -5.7438640e-01 -3.5657261e-01 -4.3399899e-01 9.1754684e-01 8.2656786e-01 4.1264227e-01 3.9731943e-01 5.3264503e-01 1.0725279e+00
2.0000000e+00 -4.7069438e-01 -4.6067750e-01 -4.7447129e-01 -4.9711815e-01 -5.0387134e-01 -5.3141813e-01 -6.6176394e-01 -6.5076014e-01 -1.0427774e+00 -3.3138052e-01 -9.0942007e-01 -7.9078801e-01 -7.9851369e-01 -6.2544434e-01 -1.0817035e+00 -6.5771586e-01 -6.1120716e-01 -7.6240766e-01 -6.2746498e-01 -8.5254216e-01 -4.5748461e-01 -2.1775850e-01 -4.3014363e-01 -4.8040788e-01 -2.0903557e-01 -2.3314800e-02 -3.3289288e-01 -1.4170211e-01 2.1717781e-01 -4.0652031e-01
1.0000000e+00 1.2390711e+00 -4.1180909e-01 1.2081484e+00 1.1749298e+00 3.4442073e-01 5.1849382e-01 7.5707335e-01 1.1068418e+00 7.4411231e-02 5.9147972e-01 1.3972261e+00 -3.1180122e-01 9.8260644e-01 1.2196190e+00 3.1101964e-01 3.7232835e-01 4.1301328e-01 6.3811059e-01 -5.2939139e-01 5.5228332e-01 1.3420626e+00 -4.5551043e-01 1.1657816e+00 1.2646721e+00 3.8713255e-01 3.4755465e-01 3.8913441e-01 7.8712033e-01 -6.3215701e-01 5.8209788e-01
1.0000000e+00 1.8355009e+00 4.5385988e-01 1.8877867e+00 1.8916436e+00 8.6392845e-01 1.1382072e+00 1.6321548e+00 1.6296858e+00 1.3282633e-01 -8.1882206e-02 6.6852655e-01 -1.5484102e-03 6.6331170e-01 7.6462368e-01 -1.2499804e-01 1.3591560e-01 2.8933759e-01 4.8563350e-01 -1.1347839e+00 -2.5684729e-02 1.5719242e+00 8.2769865e-01 1.6661837e+00 1.5459381e+00 6.1507919e-01 6.7071363e-01 1.1788068e+00 1.4723172e+00 -6.8069043e-01 3.3494333e-01
2.0000000e+00 2.5922210e-01 -5.9332032e-01 2.7848557e-01 9.8152530e-02 1.7575863e-01 6.0756578e-01 -1.4550353e-01 3.2244681e-01 -5.2434349e-01 8.3530762e-01 -1.1972492e-01 -6.7956872e-01 -2.7823652e-01 -1.2094514e-01 -9.7269907e-01 -4.0733072e-01 -3.9568651e-01 -2.8486241e-01 -1.2098526e+00 -2.1102789e-01 1.0163822e-01 -8.5447772e-01 7.2641326e-02 -4.1632872e-02 -8.2712164e-01 -2.3324091e-01 -4.1541029e-01 -1.9499520e-01 -1.1708780e+00 8.5572151e-02
1.0000000e+00 -8.7275216e-02 1.2101567e+00 1.4868287e-02 -1.6777106e-01 1.4119024e+00 1.2083277e+00 5.8883673e-01 4.8159568e-01 1.6917792e+00 1.3569859e+00 2.5238464e-01 5.6452689e-01 5.3433987e-02 -2.8317940e-02 8.7970936e-01 7.3113920e-01 9.5037433e-02 7.0786074e-01 4.5981998e-01 1.2104407e+00 -5.3673681e-02 1.1826981e+00 -3.7566276e-02 -1.6275306e-01 2.0616636e+00 9.0544919e-01 3.1621205e-01 5.7090264e-01 1.2137307e+00 1.9037651e+00
2.0000000e+00 -4.5081339e-01 -6.9105714e-01 -4.4151913e-01 -5.0792574e-01 1.3834362e+00 7.8819503e-02 -3.7061416e-01 -4.1603490e-01 4.7966595e-01 4.7098338e-01 -5.3225762e-01 -2.2108402e-01 -6.4356911e-01 -4.8067309e-01 8.8704299e-01 -5.4817236e-01 -2.0370734e-01 -3.0193234e-02 9.0417809e-01 -4.9736415e-01 -5.5895505e-01 -6.9651924e-01 -6.1332653e-01 -5.7762046e-01 1.1235755e+00 -5.0360029e-01 -3.9957846e-01 -4.6435371e-01 4.1131148e-01 -4.7468176e-01
1.0000000e+00 2.5455364e+00 1.2574342e-01 2.4768066e+00 2.9212088e+00 -2.0924641e-01 4.3889761e-01 9.8934031e-01 1.3253168e+00 -1.1194473e+00 -1.1280740e+00 3.1971391e+00 -8.5574152e-01 3.3508329e+00 3.0772234e+00 -4.2934371e-01 4.5169150e-01 2.6082255e-01 1.5837929e+00 1.7770707e-01 -3.3963334e-01 3.0070061e+00 -2.9429508e-01 3.1048397e+00 3.3425249e+00 -5.4657193e-01 6.8852554e-01 5.1434977e-01 1.7022388e+00 1.1719669e-02 -6.1931705e-01
2.0000000e+00 -1.3801078e+00 -1.4938953e+00 -1.2554375e+00 -1.1552435e+00 4.7709112e+00 2.2658202e+00 1.0672584e-01 9.2880368e-02 2.0678263e+00 4.5678591e+00 8.7629590e-03 -2.2471271e-01 7.3235211e-02 -4.4657044e-01 9.1404409e-01 1.1145414e+00 9.7358425e-02 1.6357000e+00 5.9058477e-01 2.5172990e+00 -1.2402566e+00 -1.5139951e+00 -1.1381530e+00 -1.0202629e+00 2.5350912e+00 5.7147583e-01 -2.9883046e-01 -1.8433659e-01 2.2203115e-01 2.2861343e+00
2.0000000e+00 -1.2642300e+00 -1.4310645e+00 -1.1471073e+00 -1.0875538e+00 2.0737410e+00 2.1994900e+00 3.7665772e-01 5.5356089e-01 8.9587350e-01 4.6713442e+00 -4.7198382e-01 3.1414743e-01 -5.3416735e-01 -4.9871449e-01 4.9098728e+00 1.3079192e+00 6.6301724e-01 4.3859270e-01 6.9955542e-01 2.9068979e+00 -1.1739902e+00 -1.2436744e+00 -1.1256430e+00 -9.7121711e-01 2.9909845e+00 7.1269885e-01 9.1687951e-02 -1.0820360e-01 -8.5347168e-02 2.9067914e+00
2.0000000e+00 -5.4169793e-01 1.7461183e-01 -5.1483769e-01 -5.7390892e-01 9.4221044e-01 2.0579441e-01 -8.8503956e-02 -7.0312193e-01 1.1404867e+00 8.7074772e-01 -8.0872311e-01 -7.6375428e-01 -9.3083538e-01 -6.1070319e-01 -2.5633670e-01 -1.9550937e-01 2.5750685e-01 -3.0854502e-01 -8.8899455e-01 6.8448868e-03 -6.4385889e-01 -2.4544194e-01 -6.5919672e-01 -6.4213585e-01 3.4329666e-01 -1.4481749e-01 3.9009391e-01 -5.1353562e-01 -3.1021867e-01 2.4627802e-01
2.0000000e+00 -8.7115440e-01 -5.0489177e-01 -8.5342113e-01 -8.2020820e-01 1.6396318e+00 5.2287431e-02 -6.0476437e-01 -1.6093242e-01 5.1982633e-01 2.4045953e+00 -8.2027258e-01 -3.3901638e-01 -7.6633670e-01 -6.1686367e-01 1.8597491e+00 -1.1167506e-01 -4.6067427e-01 1.7094675e-01 2.0071198e-01 1.7089759e+00 -9.4827021e-01 -8.0399614e-01 -9.2875856e-01 -8.2531036e-01 1.4830298e+00 -3.2548117e-01 -7.0326170e-01 -2.9640434e-01 -1.9535625e-01 1.8206414e+00
2.0000000e+00 6.1707999e-01 -8.3533530e-01 5.2439106e-01 4.6902351e-01 -1.4875579e-01 -7.0539272e-01 -4.2108514e-01 -8.4840170e-02 -3.6735292e-01 -8.8282850e-01 -7.1632733e-01 -1.3539604e+00 -8.5148197e-01 -4.3270936e-01 1.1767847e-01 -7.5161029e-01 -2.3852222e-01 4.0777286e-01 -8.5993571e-01 -4.6369978e-01 2.1760443e-01 -1.2892706e+00 7.5619910e-02 8.3706304e-02 1.3288438e-01 -7.5169478e-01 -3.7175282e-01 3.2118645e-01 -9.7189094e-01 -6.4536248e-01
1.0000000e+00 3.7850807e-01 1.0844951e+00 4.8731988e-01 2.1732043e-01 1.5613498e+00 1.5665106e+00 1.4337863e+00 9.3582771e-01 -1.6862354e-02 1.1386749e+00 -2.6012319e-01 1.3501378e+00 3.5117854e-02 -1.7198910e-01 8.3237411e-01 1.3369818e+00 9.3822053e-01 1.3972518e+00 6.1471705e-02 8.3408057e-01 1.7411710e-01 1.7347386e+00 3.1092803e-01 5.0657545e-02 1.7898811e+00 1.5422250e+00 1.5299855e+00 1.5484502e+00 1.8158663e-01 1.2609416e+00
2.0000000e+00 -6.7802474e-01 -1.0703691e+00 -6.4499872e-01 -6.5098410e-01 -1.0938329e+00 -1.4651359e-01 -2.7042549e-01 -5.8111639e-01 -1.1413529e+00 6.7795357e-01 -7.6793904e-01 -1.0435261e+00 -7.5297088e-01 -6.0058241e-01 -1.9660434e-02 7.6467292e-01 2.7441693e-01 5.6511624e-01 2.4914339e-01 1.1450032e+00 -7.9088749e-01 -1.3153257e+00 -7.7476578e-01 -7.1508923e-01 -1.0989042e+00 1.5925730e-01 -1.5296824e-02 -1.3713413e-01 -4.8008564e-01 8.2260252e-01
2.0000000e+00 1.9389884e-01 -1.0680420e+00 1.1084145e-01 7.3408838e-02 -8.2838576e-01 -1.0268098e+00 -6.8599503e-01 -6.0639449e-01 -5.5720198e-01 -1.3208682e+00 -6.7482142e-01 -1.0770915e+00 -5.8862072e-01 -4.3160928e-01 -1.1099747e-01 -7.5496366e-01 -5.6611360e-01 -2.0051338e-01 -5.7419044e-01 -7.6251834e-01 -1.3650669e-01 -1.3185825e+00 -1.6564538e-01 -2.1162303e-01 -8.0958728e-01 -9.7434368e-01 -7.7762331e-01 -5.3378700e-01 -9.1688640e-01 -1.2482866e+00
1.0000000e+00 -2.0656118e-01 2.8631105e-01 -1.3712355e-01 -2.7925989e-01 1.0133759e+00 8.0655631e-01 6.9932048e-01 8.4606465e-01 1.1112792e+00 1.4817351e+00 -5.2593611e-02 -5.1936216e-01 1.1234263e-01 -1.4668714e-01 -5.4234829e-01 -1.5806338e-01 8.7079747e-02 2.5042949e-01 -4.2284231e-01 7.9469144e-02 2.9159331e-02 6.4857047e-01 1.7987034e-01 -6.3606781e-02 1.0972740e+00 8.3547382e-01 1.1437849e+00 1.3779123e+00 1.1069571e+00 1.4936881e+00
2.0000000e+00 1.2857557e-01 -1.3100570e+00 9.5601079e-02 1.1122990e-02 1.3946425e-01 -2.8732308e-01 -8.2603120e-02 -1.4003929e-01 -2.6512650e-01 -9.0692777e-01 4.0884928e-02 -1.0761843e+00 -1.5101366e-01 -7.1001257e-02 -6.9602119e-01 -4.1124299e-01 -5.1185038e-02 -5.1065826e-01 -6.2383262e-01 -5.7263617e-01 1.0163822e-01 -1.3739494e+00 3.6898320e-02 -3.2667517e-02 -4.4136579e-01 -3.9100356e-01 -1.1028779e-01 -3.4634758e-01 -4.4449446e-01 -7.4621927e-01
1.0000000e+00 2.6206224e-01 -5.1113682e-02 2.1793597e-01 1.3370381e-01 -2.9962652e-01 -3.4815733e-01 -1.7500771e-01 -1.4365045e-01 -9.1499443e-01 -5.1708665e-01 -6.9195977e-02 -3.4206600e-02 -1.1685654e-01 -4.0638898e-02 -6.9635454e-01 -5.1296195e-01 -7.3731814e-02 -3.8494577e-01 -1.0924064e+00 -7.8559167e-01 2.7144589e-01 3.8802041e-01 1.9476326e-01 1.5191332e-01 -3.4054324e-01 -2.8095139e-01 6.9139590e-02 -3.9683911e-02 -1.0010110e+00 -7.9831014e-01
2.0000000e+00 -7.9163042e-01 -1.5815877e-01 -7.9122393e-01 -7.4995887e-01 6.0773286e-01 -3.6672978e-01 -5.7475799e-01 -5.9272368e-01 4.2125085e-01 -9.7475850e-02 -5.8531301e-01 -3.7530325e-01 -6.8069641e-01 -4.8727360e-01 5.1202779e-01 -5.0681410e-01 -3.6153477e-01 -1.1778645e-01 4.5981998e-01 -9.7509560e-01 -7.8674584e-01 -4.3108386e-01 -8.3731604e-01 -7.0665125e-01 6.9836738e-01 -6.1619702e-01 -5.2671283e-01 -4.4440687e-01 2.5762232e-01 -8.9307119e-01
1.0000000e+00 1.1879485e+00 3.0027345e-01 1.1875533e+00 1.1294241e+00 7.4294720e-01 3.8772862e-01 8.5500212e-01 1.1759697e+00 1.7663765e-01 -4.8022895e-01 5.0430749e-01 -5.3405834e-01 1.7422146e-01 5.9455046e-01 -2.8833799e-01 -3.7491479e-01 -9.1636606e-02 -2.1673435e-01 -5.9961692e-01 -4.0469257e-01 1.1577591e+00 8.5130956e-02 1.0406811e+00 1.0765754e+00 7.3781968e-01 -4.2306086e-03 4.9755844e-01 5.5415339e-01 2.8027125e-01 -2.9458036e-01
1.0000000e+00 1.6366910e+00 2.2580731e-01 1.5870982e+00 1.5901688e+00 5.2233433e-01 5.0522779e-01 6.5663358e-01 1.1708109e+00 -3.5117071e-02 -1.3008074e-01 3.7076672e-01 -6.2259833e-01 3.9005480e-01 4.2601736e-01 -6.5068602e-01 -1.3682535e-01 -4.5548344e-02 -2.6175908e-03 -1.2074310e+00 -1.5277718e-01 1.5450035e+00 -7.2827521e-02 1.5857619e+00 1.3455360e+00 4.0905050e-01 4.8750539e-01 7.0193294e-01 7.1098734e-01 -5.6906357e-01 4.1086300e-01
2.0000000e+00 -3.5424856e-01 -2.4891439e-01 -3.0971049e-01 -4.6014481e-01 1.8104288e+00 1.1704247e+00 -5.0909549e-01 1.0603530e-01 -3.7465481e-01 1.3796676e+00 1.3508531e-01 -8.6822573e-02 1.5343017e-01 -1.3128594e-01 -5.8935020e-01 -1.2229407e-01 -5.9164451e-01 1.0444079e-01 -2.8844517e-01 -1.8757630e-01 -2.5247291e-01 -2.1287318e-01 -2.3683354e-01 -3.6192457e-01 5.8001047e-01 2.6612877e-01 -7.0805922e-01 -7.6227745e-02 -5.1567681e-01 2.7620256e-01
2.0000000e+00 -3.9117041e-01 -6.0262859e-01 -3.8961948e-01 -4.5815394e-01 1.1485902e+00 1.3946424e-01 -6.2773997e-01 -4.8928981e-01 1.1258829e+00 4.8657702e-01 -7.8579924e-02 -3.8800366e-01 -1.8368568e-01 -2.5779577e-01 1.5601336e-01 -5.5152573e-01 -4.0198634e-01 -4.2128074e-01 -3.0176381e-01 -6.2753360e-02 -3.7672243e-01 -6.4115235e-01 -4.0601710e-01 -4.5087495e-01 6.6329867e-01 -3.5856043e-01 -6.2314305e-01 -5.2008306e-01 2.7541791e-01 9.0005416e-02
2.0000000e+00 -1.3724395e+00 -1.2542074e+00 -1.3184585e+00 -1.1293622e+00 2.8992601e+00 3.4414021e-01 -6.9654121e-01 -6.3734727e-01 1.4070056e+00 2.0076662e+00 -1.8541254e-01 -1.5758199e-01 -2.3665395e-01 -4.5559114e-01 2.8064541e+00 -4.3671438e-03 -3.2904089e-01 6.4946526e-01 2.3522770e+00 4.0131005e-02 -1.1802026e+00 -1.2762431e+00 -1.1741939e+00 -9.7385398e-01 2.3071446e+00 -2.8349594e-01 -8.2627020e-01 -6.3930732e-01 1.2622641e+00 3.2552264e-01
1.0000000e+00 2.9829182e+00 5.3763430e-01 3.0287552e+00 3.3734211e+00 4.7251852e-01 2.0137656e+00 1.7853255e+00 2.5324752e+00 6.5491123e-01 6.5101909e-01 2.1161807e+00 -5.7415534e-01 2.0711788e+00 2.1905545e+00 -6.8402070e-01 3.7121056e-01 1.2653660e-01 6.7704091e-01 -2.1216571e-01 3.6504891e-01 2.8268443e+00 2.0400692e-01 2.9320818e+00 3.0964171e+00 8.0281313e-02 1.0466722e+00 9.2885581e-01 2.0235200e+00 4.1454704e-01 7.0733762e-01
2.0000000e+00 -8.1435156e-01 1.2574342e-01 -8.5136162e-01 -7.5877559e-01 -8.0063123e-01 -1.1410872e+00 -1.0512568e+00 -1.1157225e+00 -6.3752273e-01 8.9647885e-02 -9.7727322e-01 -2.4285615e-01 -9.3306301e-01 -6.8216475e-01 -9.4703137e-01 -1.0942132e+00 -9.2997877e-01 -1.2540652e+00 -6.8679345e-01 -5.6734065e-01 -8.9857040e-01 1.2258503e-01 -9.1982281e-01 -7.8171412e-01 -9.4547854e-01 -1.1261902e+00 -1.1843094e+00 -1.3138456e+00 -5.5612133e-01 -4.3311990e-01
2.0000000e+00 -1.1851678e-01 -1.4186930e-01 -1.3341643e-01 -2.3858922e-01 1.9924323e-01 5.0392284e-02 -4.3878765e-01 -2.8603323e-01 -3.5640009e-01 7.9844991e-01 -3.1065213e-01 5.8324938e-02 -2.8813713e-01 -3.0553948e-01 -1.0066372e-01 -1.6588791e-01 -3.6584519e-01 2.7962723e-01 -2.2306278e-01 -1.8119702e-02 -2.4004796e-01 -7.6900047e-03 -2.3325923e-01 -3.1410934e-01 4.4411921e-01 1.4853583e-02 -3.7750985e-01 2.1003229e-01 -8.3729387e-02 3.5267639e-01
2.0000000e+00 -1.2156636e+00 -8.3998944e-01 -1.1932403e+00 -1.0286809e+00 -1.0249825e-01 -3.8189096e-01 -8.2234202e-01 -6.3863697e-01 -1.5502586e+00 8.6649491e-01 -5.6077038e-01 -1.5484102e-03 -4.4060656e-01 -5.5217865e-01 5.6369655e-01 -2.8269705e-01 -7.0537310e-01 -8.1025952e-01 -2.7875889e-01 -1.1381729e-01 -1.0414573e+00 -4.3759761e-01 -9.8118164e-01 -8.8613414e-01 4.1781768e-01 -1.9061955e-01 -9.0120752e-01 -7.5107054e-01 -6.4509926e-01 4.5131655e-01
2.0000000e+00 -1.5780657e+00 -1.4403728e+00 -1.5421213e+00 -1.2331719e+00 5.1521779e-01 -5.3103910e-01 -7.9283784e-01 -8.7233045e-01 -4.8783405e-01 1.1996319e+00 -1.0050641e+00 -9.7530678e-01 -8.8959933e-01 -7.2788430e-01 2.8535193e-01 -4.3918776e-01 -4.6034270e-01 -7.2607270e-01 -5.5966102e-01 4.9209037e-02 -1.4073722e+00 -1.1769084e+00 -1.3094216e+00 -1.0635075e+00 1.3909745e+00 -1.9570866e-01 -4.6434503e-01 -4.4897485e-01 1.3305321e-01 1.1611932e+00
2.0000000e+00 -1.8952033e-01 -1.2557983e-01 -1.8655179e-01 -2.9518686e-01 7.9276301e-01 1.7926234e-01 -5.8743851e-01 -4.4879326e-01 -3.2354160e-01 5.2790180e-02 -7.4123088e-01 -1.1068467e+00 -7.0445788e-01 -5.3391723e-01 -8.7602849e-01 -6.1747539e-01 -5.5716121e-01 -7.1812443e-01 -8.4782786e-01 -7.5949233e-01 -1.9034815e-01 -8.4226587e-02 -1.5968821e-01 -2.8264270e-01 1.3164534e+00 3.6981954e-01 -3.2567908e-02 4.2777263e-01 9.9856584e-01 1.4985450e-01
2.0000000e+00 -5.0761623e-01 -1.6335193e+00 -5.3666849e-01 -5.3010974e-01 -4.5049726e-01 -7.8214621e-01 -7.4349680e-01 -5.7905287e-01 -4.4767367e-01 -6.6877029e-01 -1.0415172e+00 -1.3084203e+00 -1.0369204e+00 -6.9045939e-01 -1.1200384e+00 -9.1151026e-01 -7.6797356e-01 -9.8236397e-01 -1.1202545e+00 -9.1873615e-01 -5.5067175e-01 -1.0433765e+00 -5.9694432e-01 -5.5494338e-01 -1.3889814e-01 -2.9812716e-01 -4.4659419e-01 -1.1581690e-01 3.3851135e-01 -4.4475722e-01
2.0000000e+00 -5.3193513e-02 -1.4240833e+00 -6.8335918e-02 -1.7260604e-01 2.0239252e+00 -1.2869920e-01 1.5317924e-01 4.4445235e-01 6.0014708e-01 2.5125475e-01 5.0863855e-01 2.5730056e+00 6.0638318e-01 9.6871788e-02 9.9971423e-01 3.9077190e-01 5.2176832e-01 2.7143943e+00 -4.1073446e-01 6.5554594e-01 -3.4151840e-01 -1.6768389e+00 -3.7950770e-01 -3.9954390e-01 3.0822795e-01 -7.4978636e-01 -5.5789673e-01 -1.9956318e-01 -1.1983802e+00 -6.3261684e-01
2.0000000e+00 -5.8430006e-01 -1.3612525e+00 -5.8238962e-01 -5.9637733e-01 9.7067662e-01 -2.7007723e-01 -6.4016939e-01 -5.4010396e-01 -5.6450386e-01 4.6531296e-01 -5.5535657e-01 -1.2933613e+00 -5.7030458e-01 -4.7957301e-01 9.5344229e-02 -7.7955506e-01 -4.6133741e-01 -6.1804106e-01 -1.1167055e-01 -5.9041398e-01 -5.8380496e-01 -1.6133298e+00 -6.0588007e-01 -5.8131207e-01 8.6494377e-01 -5.7930091e-01 -5.2767234e-01 -6.1936047e-01 -1.9373847e-01 -1.8984446e-01
2.0000000e+00 -6.7518460e-01 -4.0250082e-01 -6.6229861e-01 -6.5980082e-01 7.7852992e-01 -1.3665882e-01 -4.5171927e-01 -1.1656677e-01 -7.7990952e-01 5.6312764e-01 1.1992663e-01 1.2521632e+00 1.4006434e-01 -2.1291228e-01 -1.5133244e-01 -4.0956630e-01 -4.8156320e-01 2.2123175e-01 -2.6544025e-01 -5.5864087e-01 -5.7345083e-01 3.7499291e-01 -5.5822273e-01 -5.7709308e-01 1.1096644e-01 -4.3807790e-01 -6.5048894e-01 -2.0717648e-01 -6.8392599e-01 -3.5332112e-01
2.0000000e+00 -6.9790574e-01 1.6995770e-01 -6.9030794e-01 -6.7885630e-01 3.7288690e-01 -1.8593266e-01 -5.8756406e-01 -7.0544339e-01 1.7298670e-01 2.5692516e-01 -7.1632733e-01 -6.2114685e-01 -7.2920941e-01 -5.4997848e-01 -5.9668383e-01 -4.5874910e-01 -4.4741146e-01 -1.0540606e+00 -7.3280328e-01 -4.2511815e-01 -6.0451321e-01 5.1015325e-01 -6.0349721e-01 -5.8008154e-01 9.9206785e-01 2.6803719e-01 1.7326336e-02 -5.0866311e-01 4.9381829e-01 3.0778958e-01
2.0000000e+00 -1.2703720e-01 -6.8873007e-01 -1.7337093e-01 -2.2579076e-01 -2.5550395e-01 -6.0248618e-01 -8.9490975e-01 -7.7689272e-01 -6.5942839e-01 -1.7686168e-01 -7.2354575e-01 -1.3367241e+00 -7.3911002e-01 -5.0795521e-01 -1.0710364e+00 -1.0199919e+00 -8.2281528e-01 -1.0899090e+00 -1.2110634e+00 -7.9353495e-01 -8.6806886e-02 -8.9193179e-01 -1.6862397e-01 -1.8841858e-01 -2.6163864e-01 -6.2255841e-01 -7.2724932e-01 -4.1973978e-01 -1.5329395e-01 -3.3946717e-01
1.0000000e+00 1.8014192e+00 3.2121706e-01 1.7600971e+00 1.8319175e+00 -3.4161413e-01 5.1091323e-01 7.9724925e-01 1.3562696e+00 1.2938263e+00 -1.2202183e+00 1.5462864e+00 9.4191042e-01 1.1395311e+00 1.3214869e+00 -7.0102139e-01 3.0246643e-01 2.9961626e-01 8.4249477e-01 9.2233987e-01 -4.0696208e-01 1.4414622e+00 2.3983256e-01 1.3325823e+00 1.3437781e+00 -9.9369802e-01 -5.5028880e-03 1.7756362e-01 7.1098734e-01 5.1646722e-01 -1.1130720e+00
2.0000000e+00 -8.9955582e-01 -3.8853842e-01 -8.7236863e-01 -8.2276790e-01 3.6274364e-02 -1.2926774e-01 -4.5410471e-01 -5.4268336e-01 -7.0323971e-01 1.8179215e-01 -9.1844310e-01 6.6431580e-01 -8.4207639e-01 -6.6548745e-01 8.2004028e-01 4.6398720e-01 4.0173990e-01 2.6989465e-01 -8.8657298e-01 -9.8687238e-02 -9.6276599e-01 1.3561253e-01 -9.1833352e-01 -8.3163884e-01 4.5726998e-01 -2.0770241e-02 -2.8731641e-01 -2.4356805e-01 -9.8968653e-01 -6.4604714e-02
1.0000000e+00 1.8241403e+00 3.6543133e-01 1.8877867e+00 1.8575144e+00 5.8638323e-01 1.3182463e+00 1.5028386e+00 2.1481449e+00 1.1514395e+00 -4.0771688e-02 1.0590431e+00 -4.1140870e-01 9.1082700e-01 1.0438254e+00 -8.2102626e-01 3.8108906e-02 2.7043808e-01 3.9155190e-01 -1.2862155e-01 -4.1830962e-01 1.6630405e+00 -3.2116573e-02 1.5768262e+00 1.6320758e+00 -2.4410428e-01 3.7681708e-01 8.2091153e-01 1.5256103e+00 2.8512459e-01 -4.5750286e-01
1.0000000e+00 4.0531172e-02 7.5870568e-01 7.4182175e-02 -7.1355985e-02 5.2945088e-01 2.0958471e-01 7.2191943e-01 3.2167299e-01 4.1759991e-01 -4.2210718e-01 -7.3076417e-01 1.1505600e+00 -4.8070404e-01 -4.7957301e-01 -3.0933885e-01 1.9665358e-02 4.8264303e-01 1.5634788e-01 -7.3038171e-01 -1.4715440e-02 -2.0277310e-01 1.3992804e+00 -8.8202202e-02 -2.6770045e-01 2.4685770e-01 1.2108892e-01 7.2544081e-01 3.2879975e-01 -3.2801426e-01 -2.4151168e-02
2.0000000e+00 -6.9222545e-01 1.1985214e+00 -6.4252731e-01 -7.0672851e-01 1.9385266e+00 9.6385359e-01 -5.4801590e-01 -9.3094245e-02 1.1660433e+00 1.5951434e+00 -3.9510764e-01 1.3809816e+00 -3.5051099e-01 -4.2654888e-01 1.9464193e+00 5.2937796e-01 -4.3912221e-01 9.5117524e-01 -5.9840614e-01 7.6750834e-01 -6.8113375e-01 1.0605653e+00 -6.2970874e-01 -6.9065425e-01 1.9476903e+00 4.5060929e-01 -6.3657612e-01 2.4657612e-01 -1.5814730e-01 8.7303092e-01
2.0000000e+00 -1.8172057e+00 1.4428634e+00 -1.8119171e+00 -1.3540463e+00 -1.0945445e+00 -1.0529628e+00 -1.1148728e+00 -1.2618196e+00 2.1314708e-01 1.4250309e+00 -9.9152421e-02 4.4478019e-01 -1.8517077e-01 -4.6637198e-01 1.8730830e+00 -8.8228003e-01 -1.0575007e+00 -1.9134475e+00 1.0022517e+00 1.1639157e+00 -1.4893769e+00 8.5375365e-01 -1.4920088e+00 -1.1120259e+00 -2.9670735e-01 -1.0869404e+00 -1.3058307e+00 -1.7450628e+00 2.5438676e-01 8.5529786e-01
2.0000000e+00 -1.8279982e+00 1.4312281e+00 -1.7970886e+00 -1.3779367e+00 -6.8890149e-01 2.9486637e-01 4.6713082e-02 -9.0998967e-01 8.2285463e-01 2.0856344e+00 -6.6976852e-01 4.7562403e-01 -7.0346782e-01 -6.2940465e-01 2.8097876e+00 2.1848261e+00 2.0101871e+00 2.9909239e-01 6.1471705e-02 1.4207484e+00 -1.5720028e+00 1.0117121e+00 -1.5718348e+00 -1.1549190e+00 1.1937130e+00 3.3165116e-01 3.2196908e-01 -9.8373295e-01 -1.7917844e-01 1.2554001e+00
2.0000000e+00 -7.3482758e-01 -1.1285458e+00 -7.1337445e-01 -7.1668287e-01 2.4763573e-01 1.4514968e-01 -2.6904444e-01 -5.9272368e-01 2.3298024e-02 7.1197607e-01 -4.5754698e-01 9.9996942e-01 -6.1287722e-01 -4.2852904e-01 1.7030761e+00 8.7421642e-01 7.8370880e-01 5.0996495e-01 -2.5938633e-01 6.4949392e-01 -8.3023317e-01 -9.7661056e-01 -8.4833680e-01 -7.4321584e-01 9.3432081e-02 -2.7013701e-01 -4.4371567e-01 -6.9168681e-01 -9.2497530e-01 -1.4440349e-01
2.0000000e+00 9.7334011e-02 1.3265101e+00 1.5821018e-01 4.2971441e-03 -5.6863189e-01 3.5361595e-01 1.5192374e-01 -2.5843367e-01 2.2044897e-01 8.6812677e-02 -5.4488986e-01 -2.5011352e-01 -1.2428200e-01 -3.7902519e-01 3.2341674e-02 1.1765788e+00 2.1208172e-01 -2.8571137e-02 1.6672659e-02 8.7606647e-01 -1.0186350e-02 9.8565712e-01 1.8582751e-01 -1.2601268e-01 7.1514135e-02 1.0555782e+00 6.3236885e-01 8.9742166e-02 4.6308046e-01 1.0171120e+00
2.0000000e+00 1.7401784e-01 1.4265739e+00 1.1248906e-01 3.8995196e-02 -9.6858168e-01 -6.1025629e-01 -5.9949128e-01 -4.8103574e-01 1.0361878e-01 -8.5022360e-01 -3.6839949e-01 3.0507571e-01 -3.4110541e-01 -2.8441784e-01 -7.5535693e-01 -7.6893604e-01 -4.1193345e-01 1.4499320e-01 -2.2306278e-01 -4.4213946e-01 4.9867584e-02 1.0768496e+00 4.1338975e-03 -9.5249210e-02 -1.1558908e+00 -7.4215268e-01 -5.3294961e-01 -7.7750405e-02 -2.8918752e-01 -7.9720182e-01
2.0000000e+00 -2.6052388e-01 2.0409197e+00 -2.9199870e-01 -3.3130696e-01 -6.8676653e-01 -6.7412277e-01 -7.3985586e-01 -4.1706666e-01 -6.7038122e-01 -7.0704559e-01 -6.1382577e-01 6.8971661e-01 -6.5693494e-01 -4.9475418e-01 -6.8935425e-01 -6.5715696e-01 -5.6080848e-01 -4.3458193e-01 -3.9983739e-01 -9.2743593e-01 -3.9328903e-01 1.8715273e+00 -4.4027081e-01 -4.4120643e-01 -1.1032878e+00 -7.3897198e-01 -7.9633365e-01 -5.3333020e-01 -6.9201490e-01 -1.0814850e+00
2.0000000e+00 -7.3074507e-02 3.2819826e-01 -9.0578626e-02 -1.9934060e-01 -4.1295968e-02 -4.8155409e-02 -6.5184551e-01 -6.5076014e-01 -6.9958877e-01 5.7872129e-01 -4.8064592e-01 -3.0817253e-01 -3.9110350e-01 -3.7880517e-01 -2.4766968e-01 -2.1004065e-01 -1.9044453e-01 -4.4366567e-01 -6.8316109e-01 -7.4100900e-02 -2.5247291e-01 -1.5099254e-01 -2.4100355e-01 -3.3748958e-01 -2.6163864e-01 -3.2166433e-01 -6.4521166e-01 -7.0280223e-01 -1.0543978e+00 5.3985135e-02
2.0000000e+00 -1.4407806e-01 9.1694624e-01 -1.9684934e-01 -2.3233219e-01 -2.7756523e-01 -6.9875970e-01 -7.4148800e-01 -6.3167260e-01 -5.3894726e-01 -6.7869351e-01 -2.1356438e-01 2.1617286e-01 -3.9605381e-01 -2.0015129e-01 -3.9100882e-01 -2.5084001e-01 -3.8739725e-01 -4.4317904e-01 3.9677575e-02 -4.5840426e-01 -1.9034815e-01 5.5574951e-01 -2.8836304e-01 -2.6506358e-01 -4.7205092e-01 -6.5245698e-01 -8.0257043e-01 -6.5270672e-01 -4.1860997e-01 -7.9886430e-01
2.0000000e+00 -1.0813249e+00 -6.8407594e-01 -1.0980909e+00 -9.3852287e-01 -1.4377420e-01 -1.0309791e+00 -9.8781654e-01 -1.1200817e+00 2.6791123e-01 -1.1165189e-01 -7.0297326e-01 -4.5332004e-01 -7.4752554e-01 -6.0212253e-01 1.5007638e-02 -1.0189300e+00 -7.2195161e-01 -1.0221053e+00 -5.9840614e-01 -4.4970448e-01 -1.0393865e+00 -6.3626704e-01 -1.0764963e+00 -8.7136767e-01 -1.6958327e-01 -1.0550062e+00 -1.0955072e+00 -1.3825175e+00 -3.5551653e-01 -5.5170975e-01
2.0000000e+00 -1.0983658e+00 -6.3055340e-01 -1.0758482e+00 -9.5018369e-01 -5.4016572e-01 -4.4878968e-01 -5.6772720e-01 -6.3296229e-01 -5.2069254e-01 6.1557899e-01 -1.0494574e+00 -3.5171678e-01 -9.2935028e-01 -7.2630018e-01 1.0763840e+00 2.9967195e-01 -1.9110768e-01 -1.3400742e-01 2.6972673e-01 7.9247292e-01 -1.1263612e+00 -5.9229922e-01 -1.0776878e+00 -9.1971027e-01 6.0192842e-01 -1.8871113e-01 -4.5043221e-01 -4.7623046e-01 -3.3933872e-01 6.0093925e-01
2.0000000e+00 -1.2622419e+00 1.1717131e-02 -1.2735612e+00 -1.0500117e+00 -8.1486432e-01 -1.0241566e+00 -8.2146317e-01 -1.0138104e+00 -8.4562651e-01 -6.3453353e-02 -3.9510764e-01 2.6516014e-01 -4.0199417e-01 -4.8617352e-01 1.3301242e-01 -7.9632192e-01 -2.8262106e-01 -3.5380152e-01 1.8012864e-01 1.3582859e-01 -1.1056529e+00 -1.4203756e-02 -1.1366637e+00 -9.0775647e-01 -5.4657193e-01 -1.0102220e+00 -8.5726220e-01 -1.1594479e+00 -5.6421023e-01 -2.6299334e-01
2.0000000e+00 -9.3931780e-01 1.1449988e+00 -9.5063001e-01 -8.3414431e-01 -1.0276490e+00 -7.2623934e-01 -9.2052189e-01 -1.0513407e+00 6.0014708e-01 6.8383825e-02 4.1299448e-01 1.2721210e+00 3.4550205e-01 -1.6142828e-01 4.0735688e-01 -3.7882706e-01 -6.3408550e-01 -9.5365286e-01 4.9856510e-01 -3.0937324e-01 -6.7077962e-01 9.4006086e-01 -6.9583331e-01 -6.5918761e-01 -5.2465399e-01 -5.7866477e-01 -1.0086720e+00 -1.2480667e+00 2.5600454e-01 -4.2591584e-01
2.0000000e+00 -9.2795724e-01 5.0970950e-01 -9.6628228e-01 -8.3727282e-01 -1.5692180e+00 -1.1763370e+00 -1.1148728e+00 -1.2618196e+00 -5.4990009e-01 -4.7030572e-01 -3.2075792e-01 1.5811385e-01 -3.7179731e-01 -4.3270936e-01 8.4604133e-01 -8.0694093e-01 -1.0575007e+00 -1.9134475e+00 1.1499675e+00 -5.9268349e-01 -9.5448269e-01 -1.4773567e-01 -9.8833024e-01 -8.2320086e-01 -1.4145226e+00 -1.1500455e+00 -1.3058307e+00 -1.7450628e+00 -7.1628161e-01 -9.9891540e-01
2.0000000e+00 -8.5127340e-01 7.3310794e-01 -8.4353549e-01 -7.8636338e-01 -4.9835821e-02 -4.2453179e-01 -5.0922104e-01 -6.7964940e-01 7.9729802e-01 3.8592713e-01 -4.5177224e-01 4.5385191e-01 -4.3169601e-01 -4.9475418e-01 -1.1820409e+00 2.8122840e-01 8.4758756e-02 -2.5242048e-01 1.0385752e+00 3.5105361e-01 -8.7993298e-01 4.2058917e-01 -8.7752692e-01 -7.8048358e-01 -1.0375339e+00 -4.8387995e-01 -5.5549797e-01 -7.6858113e-01 4.3396041e-01 -2.0092763e-01
2.0000000e+00 -3.8549012e-01 2.3597279e+00 -4.3740011e-01 -4.1805209e-01 -9.6787002e-01 -1.1750104e+00 -8.6415007e-01 -8.7516779e-01 -9.9531518e-01 -9.1118058e-01 -5.9289235e-01 2.7241752e-01 -6.8762684e-01 -4.7473263e-01 5.9803128e-01 -7.3484342e-01 -6.1717542e-01 -4.0408651e-01 -1.9037158e-01 -7.8256566e-01 -4.9683030e-01 1.6810001e+00 -5.7073278e-01 -5.0255759e-01 -3.9314631e-01 -9.4062827e-01 -8.9070094e-01 -7.5563852e-01 -7.9878842e-01 -1.0587645e+00
2.0000000e+00 -1.3616469e+00 6.1675458e-01 -1.3575892e+00 -1.1117287e+00 -2.8183516e-01 -9.1518559e-01 -6.1317620e-01 -9.3114073e-01 -4.3672084e-01 4.1994963e-01 -3.7489607e-01 1.2013616e+00 -3.6882712e-01 -4.9453417e-01 1.2997264e+00 -3.9894729e-01 2.6745395e-01 1.6608046e-01 2.0641102e+00 3.1322847e-01 -1.3303375e+00 -1.0213940e-01 -1.3225273e+00 -1.0279977e+00 -9.6739649e-01 -1.0896122e+00 -9.2236460e-01 -1.3546529e+00 -7.5349056e-01 -5.5503470e-01
2.0000000e+00 -3.5424856e-01 2.2410474e+00 -3.9003138e-01 -3.9984984e-01 -1.0767531e+00 -8.7368185e-01 -3.3709238e-01 -6.5746658e-01 -8.9673971e-01 -8.1053069e-01 -6.9864220e-01 2.5971711e-01 -6.7525107e-01 -5.1719593e-01 4.5702556e-01 -2.2065966e-01 2.3496007e-01 -6.7740980e-01 -4.3495016e-01 -3.7594547e-01 -4.9268864e-01 1.6386607e+00 -5.4869126e-01 -5.0079967e-01 -4.2383144e-01 -5.8693459e-01 -1.3571466e-01 -7.5639985e-01 -8.5541074e-01 -6.3871258e-01
2.0000000e+00 -1.0898453e+00 1.9362016e+00 -1.0832625e+00 -9.4847723e-01 -4.3128259e-01 -5.2611172e-01 -3.6170013e-01 -5.5558035e-01 -7.9816424e-01 -2.1655459e-01 -6.6868576e-01 1.8545254e+00 -7.0742806e-01 -5.6933998e-01 1.6697414e+00 1.0517635e-01 5.3536270e-01 8.7818089e-01 -2.5575397e-01 4.3237765e-01 -1.1242904e+00 1.5035004e+00 -1.1226644e+00 -9.1935869e-01 2.6439206e-01 -5.2968201e-01 -3.4632595e-01 -3.5533128e-01 -1.0916067e+00 -6.1833924e-02
2.0000000e+00 -1.1267672e+00 6.9893809e-02 -1.1219812e+00 -9.7606503e-01 2.8037183e-01 -5.5529700e-01 -1.0517841e+00 -9.7395874e-01 -7.5277448e-02 7.2636637e-02 -5.8134288e-01 1.5841882e+00 -6.0297660e-01 -5.1785598e-01 1.9564197e+00 -1.8209588e-01 -9.1910327e-01 -7.6467860e-01 6.2690832e-01 -5.7377092e-01 -1.1636360e+00 -4.5551043e-01 -1.1730024e+00 -9.3746519e-01 -2.5725505e-01 -8.5411327e-01 -1.2576155e+00 -1.4052052e+00 -1.0333666e+00 -9.1579167e-01
2.0000000e+00 -1.3360856e+00 1.9990325e+00 -1.3472916e+00 -1.0909668e+00 -1.0767531e+00 -1.0353380e+00 -1.1148728e+00 -1.2618196e+00 -2.5417367e-01 -3.1295167e-01 4.7759934e-01 3.1027940e+00 3.7223370e-01 -2.4701493e-01 1.5164018e+00 -7.9576302e-01 -1.0575007e+00 -1.9134475e+00 1.1499675e+00 -1.7812002e-01 -1.1967692e+00 1.3943950e+00 -1.2141069e+00 -9.6682233e-01 -1.0989042e+00 -1.1621321e+00 -1.3058307e+00 -1.7450628e+00 -6.8877934e-01 -7.8999777e-01
2.0000000e+00 1.3141571e-01 7.8895755e-01 1.8210050e-01 6.2880160e-03 -8.2767410e-01 5.4313075e-01 1.7703368e-01 -2.9815640e-01 -1.3056454e+00 -1.8820251e-01 -6.4883511e-01 -1.9749755e-01 -3.1783897e-01 -4.5757130e-01 -9.3303080e-01 1.1687543e+00 1.1235683e+00 6.9163978e-01 -5.0396491e-01 2.3114793e-01 -1.6342742e-01 2.5937381e-01 -4.0544860e-02 -2.5855930e-01 -1.3049329e+00 3.9971811e-01 4.5102246e-01 -6.2523807e-02 -1.0398377e+00 -2.1644405e-01
2.0000000e+00 -7.4334801e-01 1.0798409e+00 -7.1872918e-01 -7.1497641e-01 -2.6689042e-01 -4.2469966e-02 2.8123994e-01 -2.0297661e-01 -1.5466076e+00 4.1144401e-01 -6.0047169e-01 3.0610641e+00 -4.6040779e-01 -5.1411569e-01 3.8635603e-01 2.4266462e-01 8.4504929e-01 1.4174901e-01 -6.8558266e-01 3.5672738e-01 -7.8467501e-01 1.8698989e+00 -7.4408636e-01 -7.1438607e-01 -1.1259661e-01 -1.6317263e-02 4.3567039e-01 -2.7523937e-01 -1.2760337e+00 1.8698310e-01
2.0000000e+00 -2.1951951e-02 1.8291566e+00 -2.4262403e-02 -1.5497260e-01 2.0849473e-01 1.5652057e-01 -5.5467003e-01 -1.5164658e-01 -1.0026171e+00 -1.5418001e-01 -1.4679399e-01 4.9921051e-01 1.0861354e-02 -2.3095369e-01 7.1676603e-02 7.2760421e-02 -3.7081874e-01 7.2408171e-01 3.1202079e-02 5.7081764e-01 -2.0070228e-01 1.2201522e+00 -2.1032414e-01 -3.0567136e-01 -3.6246119e-01 -1.7726061e-01 -6.6967903e-01 -1.4931541e-01 -1.0527800e+00 -4.0775913e-02
2.0000000e+00 -8.3139241e-01 2.3457655e+00 -8.7731145e-01 -7.6474820e-01 -1.5564082e+00 -1.3031224e+00 -1.1148728e+00 -1.2618196e+00 -2.7441171e+00 -1.1025571e+00 -3.2869818e-01 4.8608932e+00 -4.0842957e-01 -3.8562570e-01 1.8434784e-01 -9.2777411e-01 -1.0575007e+00 -1.9134475e+00 -7.8979359e-02 -7.6478785e-01 -9.0064123e-01 2.0555408e+00 -9.5526796e-01 -7.7520985e-01 -1.7402233e+00 -1.2679858e+00 -1.3058307e+00 -1.7450628e+00 -2.1593419e+00 -1.3796221e+00
1.0000000e+00 3.1034466e-01 2.6366488e+00 4.7084380e-01 1.7636535e-01 6.0061632e-01 1.9777577e+00 2.0866448e+00 1.1702950e+00 1.1550905e+00 1.2364896e+00 -5.2323460e-01 -2.1506193e-02 -2.4952475e-01 -3.8914598e-01 -8.0535896e-01 1.2833278e+00 1.3825246e+00 6.9488397e-01 1.0021683e-01 8.8779226e-01 2.5902094e-01 2.7867095e+00 6.3857226e-01 6.0501856e-02 4.0905050e-01 3.4188372e+00 4.3072719e+00 1.8423235e+00 1.9223186e+00 3.1561626e+00
1.0000000e+00 1.9292256e+00 1.3497807e+00 2.1019757e+00 1.9684344e+00 9.6356007e-01 2.2601348e+00 2.8700750e+00 2.5402134e+00 1.2317603e+00 8.4948366e-01 2.0104308e+00 -3.4627375e-01 2.9166910e+00 1.7263184e+00 -2.1400165e-01 9.8487770e-01 1.5436678e+00 2.3429342e+00 3.3540235e-03 9.1464811e-01 1.6609697e+00 6.0785953e-01 2.1397785e+00 1.6496549e+00 3.6521461e-01 1.0453999e+00 1.8600551e+00 2.1255382e+00 4.5693062e-02 8.1927757e-01
1.0000000e+00 2.1109947e+00 7.2147260e-01 2.0607855e+00 2.3438560e+00 1.0418421e+00 2.1906045e-01 1.9472846e+00 2.3209646e+00 -3.1258877e-01 -9.3102704e-01 2.7820799e+00 7.1025346e-02 2.3795828e+00 2.6041866e+00 1.0863844e+00 1.9180514e-01 6.6600137e-01 2.0671777e+00 -1.1384163e+00 1.6797996e-01 1.9011854e+00 1.1769971e-01 1.7525626e+00 2.0153008e+00 3.7836537e-01 -2.7331771e-01 6.6451226e-01 1.6291512e+00 -1.3601583e+00 -7.0909067e-01
1.0000000e+00 1.7048544e+00 2.0851339e+00 1.6159314e+00 1.7238416e+00 1.0245823e-01 -1.7833042e-02 6.9304299e-01 1.2636692e+00 -2.1766424e-01 -1.0586114e+00 1.3004992e+00 2.2609384e+00 1.1568572e+00 1.2915646e+00 -4.2401016e-01 -6.9757905e-02 2.5220172e-01 8.0843074e-01 -1.8916080e-01 -4.9055563e-01 1.5367201e+00 2.0473986e+00 1.4219398e+00 1.4949586e+00 -6.9123037e-01 -3.9482039e-01 2.3657316e-01 7.3382724e-01 -5.3185462e-01 -9.7397828e-01
1.0000000e+00 7.0228425e-01 2.0455738e+00 6.7267578e-01 5.7795264e-01 -8.4048388e-01 -3.8679670e-02 4.6587533e-02 1.0577736e-01 -8.0911707e-01 -8.9558693e-01 1.8489241e-01 -2.5737090e-01 2.7669279e-01 1.8069830e-01 -3.7934168e-01 6.6127727e-01 5.1082650e-01 6.1215704e-01 -8.9141612e-01 3.6726743e-02 5.6136143e-01 1.3748538e+00 5.7900058e-01 4.2790561e-01 -8.0958728e-01 3.5073535e-01 3.2676660e-01 4.1406869e-01 -1.1045490e+00 -3.1840916e-01
1.0000000e+00 1.8383410e+00 2.3364572e+00 1.9825242e+00 1.7352180e+00 1.5257671e+00 3.2721438e+00 3.2969440e+00 2.6588657e+00 2.1371943e+00 1.0436954e+00 1.1579354e+00 6.8608793e-01 1.4385296e+00 1.0095027e+00 -1.7299998e-01 2.0177164e+00 1.3022846e+00 7.8572138e-01 3.2663363e-01 9.0405707e-01 1.9612393e+00 2.2379259e+00 2.3036006e+00 1.6531708e+00 1.4304268e+00 3.9048479e+00 3.1976047e+00 2.2899855e+00 1.9190830e+00 2.2196353e+00
2.0000000e+00 -1.8084012e+00 1.2217920e+00 -1.8143885e+00 -1.3477892e+00 -3.1120848e+00 -1.1507525e+00 -1.1148728e+00 -1.2618196e+00 -8.2006990e-01 -5.6103238e-01 -7.0278740e-02 3.8309250e-01 -1.5744905e-01 -4.6615196e-01 4.9342364e-02 -1.1635162e+00 -1.0575007e+00 -1.9134475e+00 7.5282996e-01 -3.8275400e-01 -1.4108926e+00 7.6418957e-01 -1.4327349e+00 -1.0758129e+00 -1.8590185e+00 -1.2075525e+00 -1.3058307e+00 -1.7450628e+00 -4.8138214e-02 -7.5120669e-01
