   1.0000000e+00   3.4560267e+00  -7.6590715e-01   2.2884150e+00   7.4051756e-01   1.0338571e+00   6.6698896e-02  -1.1947517e+00  -3.4959605e+00  -3.9943769e-01  -1.8902418e+00  -6.9445994e-01   3.4797081e-01   2.1297335e-01   6.7461454e-02  -9.8108763e-01   2.6580086e+00  -7.8809032e-01  -5.3473731e-01
   2.0000000e+00   4.4420381e-01  -3.1904649e-01   1.6846257e+00   6.7148045e-02  -4.3425233e-01   1.5376221e+00  -2.0228568e+00   4.9788949e-01   2.3328361e+00   1.1428338e+00  -4.7253367e-01  -2.7695286e-02  -1.1412651e+00  -6.3333538e-01  -5.3263920e-01  -7.1677603e-01   5.3137008e-01   9.1888556e-02
   2.0000000e+00  -6.6027747e-01  -6.7081260e-01  -1.5917754e+00  -5.7052065e-01   6.8328732e-01   9.7203626e-01  -5.4502897e-02   4.2124521e-01   8.5235163e-01  -1.3687777e+00  -1.4052969e+00   1.6552728e-01  -1.4890495e-01   8.1758635e-01  -1.3279515e+00   2.1788192e+00  -2.8321772e-01   6.0993772e-02
   2.0000000e+00   7.7244425e-01  -8.0814333e-01   1.8193960e+00  -6.1013644e-01  -8.5546988e-01   5.7089650e-01   6.9700954e-01  -1.1694704e+00  -6.0250884e-01  -6.9704343e-02   1.6033624e+00   3.9505316e-01  -1.8993666e+00  -8.1396637e-02  -4.4064800e-01   2.6997615e-01   1.6717650e+00   7.1705485e-01
   1.0000000e+00  -3.5012979e-01  -2.1617932e-01  -2.1627438e-01  -2.6446837e-01  -3.7870545e-01  -7.5935385e-02  -1.0815768e+00  -2.7623150e-01  -1.7865052e-01  -6.1041336e-02   1.0013164e+00   2.6900546e-02  -1.5004527e+00   5.1823272e-01  -5.3463147e-01  -2.4588447e-01  -5.3032411e-01   1.7385860e+00
   2.0000000e+00   6.5918740e-01  -6.8627829e-01   2.1252958e-01  -5.2627022e-02   4.6182538e-01  -4.2318362e-01   1.4848622e+00   1.1079372e+00  -9.1864139e-01  -1.4474962e+00   4.4442927e-02   1.3984124e+00   3.1115943e-01  -2.6133746e-01   4.3974804e-01   1.8497423e+00   1.1970698e-01   1.0893524e+00
   2.0000000e+00   3.5739045e-01   7.5572157e-01   4.9185409e-01  -4.2235640e-02  -2.2252402e-01   3.5213311e-01  -2.5100601e-01   2.4895920e-01  -9.0034781e-01   2.8532586e-01   2.1763822e+00   2.6444841e+00   4.9655122e-01  -8.4093233e-01  -8.6197918e-01  -1.0008410e+00  -1.3037716e-01   2.9519779e-01
   2.0000000e+00  -9.2486834e-01  -1.5900377e+00  -5.6541335e-01   1.0167783e+00   2.6009409e-01  -3.6517174e-01  -9.5336959e-01  -2.4745325e-01   1.6235866e+00   1.0012224e-01   1.8499747e-01   6.1636150e-01   2.7348906e-01   1.5600854e+00  -4.0667862e-01   3.3225539e-01   4.1671129e-01   8.2960928e-02
   2.0000000e+00   3.5679100e-01   6.4429292e-01  -9.6622793e-02  -3.0867834e-01   4.4144166e-01  -2.0732820e+00  -9.1857992e-01  -1.8957787e-01  -2.0447151e+00   6.5842529e-01   1.6576503e+00  -2.3305655e-01   7.8138476e-01  -1.8932885e+00  -3.7646082e-01   5.7114407e-01  -1.9421049e+00  -1.1390907e+00
   2.0000000e+00   1.5772223e+00   1.7809450e+00  -1.9122625e+00   4.1896671e-01  -5.7506295e-01   8.9160289e-02   1.4178318e+00   6.1281139e-01   9.7310081e-01   3.7291501e-01  -7.4684561e-02  -5.4779549e-01  -2.6427601e-01  -3.7898930e-01  -2.0818560e-01  -1.2492806e+00  -4.6286154e-01   1.5833819e+00
   1.0000000e+00  -1.1053464e+00  -9.7843677e-02   4.3328477e-01   5.9951994e-01   1.4342591e+00   7.8921799e-02  -2.6470573e-02  -7.4950790e-01   7.4933051e-02  -1.8748338e-01   7.4681619e-01  -2.0389119e-01   4.7726317e-02   3.5422869e-01  -1.7333378e-01  -1.6376647e+00   7.1897500e-01  -1.9448478e+00
   1.0000000e+00  -5.3523448e-01  -4.4833414e-01   9.8975629e-01   5.5668067e-01  -2.5397707e+00  -1.1738746e+00  -7.3055206e-01  -5.7289871e-01   2.0296822e-01  -7.7963769e-01   5.6808712e-01   2.1841722e-01   6.9599387e-01   6.6773738e-01  -7.9540976e-01   2.0980002e+00  -1.0323680e-01   1.0444362e+00
   2.0000000e+00   1.2985120e+00   2.9965447e-01  -3.9463080e-01  -7.2389203e-01  -4.6913603e-01  -9.2203355e-01  -2.2124965e-01   8.5728850e-01   3.1383543e-01  -3.3523880e-02   9.5686768e-01   3.0122970e-01  -1.4517272e-01  -8.0699446e-03   3.2511637e-01  -3.9642346e-01   6.3614411e-01   1.0645809e+00
   1.0000000e+00  -4.8412294e-01  -2.4857766e-01  -3.7157144e-01  -3.8960945e-01   1.0547259e+00   2.5932910e-01  -1.3150560e+00   2.3286578e+00   8.8820669e-01   6.7129087e-01  -1.7349358e-01   1.4675124e+00  -2.9747614e-01   8.0357772e-01   1.4520546e+00  -1.5148894e+00  -2.3133651e-01   6.9859173e-02
   2.0000000e+00   2.3757072e+00  -7.6342138e-01   2.7009170e-01  -9.9162194e-01   6.5587589e-02  -1.6802815e+00  -1.2607768e-01  -6.7261226e-01  -2.0723998e+00   1.6917002e+00  -4.0501588e-01   5.6257782e-01   4.8608539e-02  -1.0356026e+00  -2.0657835e+00  -1.3042913e+00   5.8493549e-01   3.8285258e-02
   2.0000000e+00   5.5848853e-01  -2.3526512e-01  -1.5893559e-01   1.2409148e+00   1.1163312e+00  -9.7622688e-01  -3.0364833e-01  -9.9873648e-02   9.1687552e-01   1.1900194e+00   4.4475406e-01  -1.4941528e+00  -8.0571310e-01  -9.5651516e-01   1.4791070e-01  -5.0122644e-01   1.3202685e-01   2.2549906e-01
   2.0000000e+00  -1.6300570e+00  -1.6807901e+00   5.8768385e-01  -9.9190863e-01   8.9074512e-01  -3.8618209e-01   2.6662143e+00  -1.0454843e+00   2.8889544e-01  -1.8651384e+00   1.2459460e+00  -1.0939363e+00  -1.3963919e+00  -1.1607998e+00  -2.0553578e+00   4.0367356e-02  -4.4688698e-02  -1.9376152e+00
   2.0000000e+00   1.4735395e+00   1.0610895e+00   1.4113995e+00  -8.9639648e-01   5.7701002e-01   8.7516120e-01   1.4887681e+00  -7.5984691e-01  -6.5035217e-01  -8.5113204e-01  -6.5261318e-01   1.3264329e+00   5.4541867e-01  -2.2082146e-01   1.1721141e-01  -1.9223938e+00   9.5695932e-01   2.9730275e-01
   2.0000000e+00  -4.0879858e-01  -1.0456404e-01  -3.1591836e-01  -2.5355747e-01  -2.1867894e+00  -1.9955023e+00  -2.2829821e-01  -4.3093222e-01  -4.5508907e-01  -1.9214967e-01  -3.7722913e-02   1.5225233e+00   2.7024773e-01  -1.2749117e+00   7.0451073e-01  -5.5100356e-01   1.8137505e+00  -1.0064086e+00
   2.0000000e+00   1.8473854e-01   8.7793687e-02   8.8766049e-01   2.1096951e-02   7.3669550e-01   1.2108717e+00  -1.1171388e+00  -6.6175445e-02   3.8497878e-02  -4.8439543e-01  -2.6377250e-01   4.5504444e-01  -1.1979560e-01  -2.3418089e-01   1.0563856e+00   7.5893423e-01  -5.1224912e-01   9.9889757e-01
   2.0000000e+00  -3.1071194e-02  -1.1053415e+00  -2.5066946e-01   5.8579943e-01  -5.6566288e-01   5.7554861e-01  -3.6905151e-01   5.6740493e-01  -1.5068464e+00   7.1172151e-01  -6.3154940e-01   3.2337294e+00  -6.3522546e-01   4.8063383e-02   8.2759642e-01  -1.0323199e+00  -3.3530261e-02  -8.9182277e-01
   2.0000000e+00   3.8049838e-02   1.5172422e+00  -4.6869915e-01   1.9362204e+00   1.2391870e+00   8.8880640e-01   2.7051064e-01  -4.5021594e-01   2.0573850e+00  -4.1611520e-03  -1.4294257e+00  -9.8007090e-01   7.5240374e-01  -6.3340090e-01  -1.3944253e+00   3.5202182e-01  -4.8394525e-01   3.5920536e-01
   1.0000000e+00   4.4420918e-01   2.7734453e-01   1.3981520e+00   6.7059649e-01  -4.0890874e-01   1.0781026e-01  -1.1312202e+00   6.1178324e-02   6.7649598e-01   1.4343932e-01   5.9356652e-01   3.8793986e-01   5.1585176e-01   1.9784102e-01  -4.8160986e-01  -4.7224962e-01   8.3694194e-01   6.5012164e-01
   1.0000000e+00   4.4417289e-01  -4.8392300e-01   8.5031652e-01   1.0972651e+00   6.3478415e-01  -9.3336010e-01  -1.5292734e+00  -1.8834867e+00   9.0292216e-01  -1.7328063e+00   1.3760693e+00  -1.3092666e-01  -5.8706725e-01   6.8294840e-01   7.1208601e-01  -3.1679457e-01   5.5035569e-01  -2.6901877e+00
   1.0000000e+00   3.7129310e-01   3.5650390e-01   2.7759140e+00  -7.2138182e-01   1.0202990e+00  -9.7644384e-01   3.7943696e-01  -7.1918648e-01   1.1236560e+00  -1.8007673e-01  -2.3913740e-01  -2.6898165e-02  -2.8294162e-01   6.6807860e-01  -1.9557602e-01  -1.2424263e+00   3.6894451e-01   8.3611569e-02
   2.0000000e+00  -1.4392620e-01   1.7701960e+00   1.3563446e+00  -5.5072942e-01   9.8462011e-02  -9.4170446e-01  -3.7765578e-01  -4.7522765e-01   1.0449084e-01  -1.7921456e+00   4.6638878e-01   1.5327540e-01  -9.1456596e-03   1.4678373e+00   1.0954887e-01  -1.5829139e+00  -2.2906581e-01   8.4431564e-01
   2.0000000e+00  -6.4002448e-01  -5.5928733e-01   1.0548013e+00   2.8293485e-01   6.0403216e-01  -7.7417137e-01   3.6036739e-01   2.4036191e-01  -4.7812021e-01  -1.3254457e+00   7.8279420e-01  -2.9597567e-01   3.1432918e-01   1.7037470e+00  -4.3940599e-01   6.2998852e-01   5.6433989e-01   3.8147842e-01
   1.0000000e+00  -7.2766690e-01   6.9303124e-01  -1.2496390e+00  -8.5967531e-01  -3.0191302e-01  -5.5850305e-01   1.4004184e+00  -8.0493828e-01   4.5443031e-01  -6.6774688e-01   7.2335416e-01  -2.2015997e-01   4.1998163e-01   1.9776010e-01  -1.3158168e+00  -1.1989468e+00  -7.0490029e-01  -1.3815765e+00
   2.0000000e+00   1.4770952e+00   6.5404973e-01  -1.0552922e+00   1.8673143e+00   4.5919890e-01  -5.8196877e-01   1.0239037e-01  -4.2077895e-02   1.0962077e+00  -1.5769204e+00  -3.2796193e-01  -6.2805802e-01   8.9173476e-01  -4.8372709e-01  -1.9368550e+00  -8.9040330e-01   3.5874612e-02   1.4287288e-01
   2.0000000e+00  -5.7428118e-01   1.3340882e+00   1.4081375e-01   1.6616664e+00   5.4672598e-01   1.6930456e-01  -1.4374550e+00  -1.0065573e+00  -6.2759508e-02   3.3581264e-01   3.3723487e-01   8.8041152e-01   1.1924687e+00   4.9646611e-01  -1.4678658e-01   1.3577031e+00  -9.2721229e-01  -9.5123859e-01
   2.0000000e+00  -2.1726965e-01  -1.0503324e+00   6.1518336e-01  -1.5372132e-01  -2.4663620e-01   5.3936009e-01  -4.1272118e-01  -2.4936269e-01  -1.7772612e+00  -3.7817045e-01   1.1466064e+00   8.8389059e-01  -2.6096766e-01   7.6777587e-01  -4.6024542e-01   1.5739605e+00  -1.5046294e+00  -5.5285367e-01
   2.0000000e+00  -4.6970579e-01  -4.9487760e-01   2.8458485e+00  -2.1781705e+00  -7.4874517e-01  -4.3509445e-01   1.2604284e-01   3.3100518e-01  -2.1306609e+00   2.3943673e+00   1.4132174e+00  -1.5443710e-02   6.6722012e-01   1.7410303e+00   1.3914016e+00   3.3336510e-01  -3.4606267e-01  -6.8109906e-02
   2.0000000e+00  -1.6705477e+00  -1.1416600e+00   1.3190770e-01   4.6940077e-01   4.0017793e-01  -7.6020689e-01   3.2186297e-01   2.4813074e-01  -1.8271944e+00   1.0535719e+00   5.3705875e-01   2.0442771e-01   8.2356540e-01   1.0601307e-02  -2.5416516e-01   3.5097813e-01  -1.2833456e+00  -7.0685820e-01
   2.0000000e+00  -1.3456168e-01  -2.0121128e+00  -1.0639306e-01   8.0446428e-01   3.3189645e-02  -3.5670332e-01  -1.8850189e-01  -1.6802758e+00  -1.4229577e+00   2.3056570e-01   7.4594532e-01   1.0650143e+00   1.5656119e+00   7.4978019e-01   3.0690680e-01   1.5492635e+00  -5.6445996e-01  -1.8918405e-01
   2.0000000e+00  -1.1655769e-01  -8.1172746e-01   1.2836486e+00   2.4213894e-02  -2.4822114e-01  -4.6216991e-01  -4.2078567e-01   1.7858825e+00   3.7260804e-02  -1.5422960e+00   3.4702226e-01   2.4227040e-01  -1.1383046e+00  -1.1184674e+00  -2.1236655e-01   8.4129877e-01   3.3575306e-02  -2.5836974e-01
   1.0000000e+00  -2.2789590e-01   4.8705485e-02  -1.4578101e+00   4.1364387e-01  -1.2969946e-01   2.3467852e-02  -1.9201077e-01   1.1313911e+00   1.5715378e+00   5.7543139e-01   1.2608347e+00   1.3486425e+00  -1.1857362e+00   5.0693759e-01   3.0079577e-01  -3.9312481e-01  -6.4172575e-01   5.2410456e-01
   2.0000000e+00   1.0880469e-01   1.1745104e+00   5.0387476e-01   1.2860756e+00  -2.5739578e+00  -5.8199598e-01   1.9993563e+00   1.8499580e+00  -1.1408973e+00  -4.9834048e-02  -7.8063851e-01   1.3837025e+00  -4.9946889e-02  -7.4124449e-02  -8.8017961e-02   1.1605546e+00  -1.3476809e+00  -2.3939602e-01
   2.0000000e+00   3.3030850e-01   8.0566525e-01   8.9254883e-01  -6.8020754e-02  -2.9981201e-02   1.1881054e+00  -1.1623862e+00   4.5177262e-01  -1.0357788e-01   4.3325719e-01   3.4817306e-01  -7.8176633e-01   2.7007325e-01   5.9422930e-01   2.2719536e+00   3.0640080e-01  -6.0057717e-01   3.3489319e-01
   1.0000000e+00  -5.1704616e-01  -5.0604503e-01   1.2031061e+00  -1.0786788e+00  -6.3294267e-02   7.3329717e-01  -1.3243457e+00  -1.3137186e+00   4.0712290e-01   1.0996301e+00   3.7359989e-01  -1.3668533e+00  -4.1945092e-01   6.9050439e-01  -1.3308107e-01  -5.0137267e-02  -5.2577274e-01  -1.3973025e+00
   2.0000000e+00   1.5506451e+00   1.6746177e+00  -6.6775514e-01   5.4409719e-01  -2.3139377e+00  -1.2707309e+00  -8.5288014e-02   1.6147789e-01   1.8470443e+00  -5.3983753e-01  -1.1995682e+00  -6.2257418e-02  -1.6527515e-01  -1.3032576e+00  -8.5922705e-01  -3.1518529e-01   5.3372195e-01   7.7562078e-01
   2.0000000e+00  -1.1487524e+00   1.5097142e+00   3.6195253e-01  -1.7198587e-02   8.7189367e-01  -9.9318272e-01   3.6078073e-02   1.4927380e+00   8.9174534e-01   8.0499783e-02   5.2888298e-01  -9.1659173e-02   8.8196051e-01  -1.7373385e+00  -8.7335012e-01  -2.6912456e-01   9.2335577e-01   1.2000696e-01
   2.0000000e+00  -2.2122127e-01  -1.3704878e-01   8.6391366e-01  -6.2739064e-01  -2.3584410e-02  -1.6534288e-02   8.9973221e-01  -1.5528495e-02   5.6122796e-01  -9.0035709e-02  -9.6829847e-01   1.3657434e+00   1.2487958e+00  -1.2907915e-02   1.5524531e+00   4.8689069e-01   9.9033771e-02   9.7862188e-01
   2.0000000e+00  -9.0651001e-01  -9.2189307e-02   8.9850320e-01   1.6057477e+00  -1.0760933e+00   2.3263492e+00  -5.1657112e-01  -7.8261294e-01   4.0794960e-01  -1.1713050e+00   3.5562799e-02  -2.0483150e+00   2.5304524e-01   4.8732028e-01   9.2352585e-02   2.7462557e-01  -2.2117316e+00   6.5146952e-01
   2.0000000e+00   9.7872885e-02  -7.4971526e-01  -1.3126169e+00   1.5345757e+00   1.1033142e-01  -1.1281329e-01  -2.5047241e+00  -5.4546527e-01  -5.0978592e-01  -9.6179346e-01  -1.8250625e+00   1.4364971e+00   2.2163471e-02   9.8159036e-01  -3.7763032e-01  -4.7379749e-01   1.2319121e+00  -1.6482916e+00
   2.0000000e+00  -3.1668499e-01  -1.5415492e+00  -6.1152304e-01  -1.2551439e+00   5.7485814e-01   9.4295133e-01  -2.4696702e+00  -1.8114821e+00   2.0050771e-01   4.5677050e-01   1.8428819e-01   1.9328733e-01  -6.8748416e-01   2.1799443e+00  -6.1992740e-01   2.4990752e-01   4.6812217e-01  -8.3647661e-01
   2.0000000e+00  -3.3435132e-01   2.0829534e-01  -8.3311515e-01  -4.0350536e-01   1.6100027e+00   3.3676098e-01   6.2758424e-01  -5.1181695e-01   7.7811034e-01   6.7893946e-01   2.6979124e+00  -9.1003327e-01  -6.9045012e-01  -6.6770339e-01   4.0033130e-01   1.0395368e+00  -7.5339191e-01   7.2377566e-01
   1.0000000e+00   1.5317033e+00   5.9613541e-02   1.6266345e+00  -1.3853128e+00   3.7166571e-01   9.7098863e-01   1.5746709e+00  -5.3505171e-01  -1.8553358e+00   2.3477481e-01  -1.0429980e+00  -1.8666214e+00  -3.5191778e-01   7.4933808e-01   6.3204943e-01   7.7441099e-01   5.0853344e-01   8.5764588e-02
   2.0000000e+00   2.3287227e-01  -5.0126726e-01   1.0694651e+00   9.3065491e-01  -3.0494042e-01  -1.6516797e+00   2.8327586e-01  -1.4046066e+00  -1.3275289e-01  -3.2716281e-01  -3.9045408e-01   6.7991704e-01   1.2414010e+00   9.9890821e-01  -4.1658585e-01   5.3290553e-01   3.6733295e-01  -9.5139034e-01
   1.0000000e+00   2.3799219e+00  -1.5565827e-01  -1.8846893e-01  -1.1366134e-01  -5.4281895e-01  -1.3585830e+00  -9.5237993e-01  -6.2018158e-01  -3.8575947e-01   8.7108748e-01   7.0033749e-01  -2.2525093e+00   6.7547772e-01   5.6574765e-01  -2.3782171e-01  -6.9553348e-01   7.3248516e-01   1.0752282e+00
   2.0000000e+00   1.0668864e+00   1.3236186e+00  -5.9072275e-01   3.6325544e-01  -4.7136462e-02   2.2633439e-01   1.3295734e+00   2.2426156e-01  -1.1406071e+00   2.4974184e-01   1.4741012e+00  -5.5005427e-01   5.2226061e-01   5.0390448e-01   2.0381830e-01   5.6435105e-01   7.3031892e-01   2.2285155e+00
   1.0000000e+00  -5.8027650e-01  -8.5507993e-01   8.3592697e-01   2.9780648e-01  -1.5325701e+00   7.6568314e-01  -1.3546792e-01   2.2591901e-01   1.2732498e-01  -6.9876873e-01  -1.1092610e+00  -4.9341507e-01   3.0461432e-01   6.1418481e-02   2.0311192e+00  -2.6584570e-01  -1.4422116e+00  -5.6355785e-01
   2.0000000e+00  -1.8481021e+00  -1.3657139e-01  -5.4944454e-01   2.2195909e-01   2.3740384e-01   1.0604561e+00  -1.6354272e+00  -1.6216572e+00  -4.6679090e-01   7.4893466e-01   9.9810511e-01  -5.8046487e-01  -6.6154467e-01  -1.9978475e-01   3.7080267e-01  -5.6459793e-01  -3.6616263e-01   1.4814664e+00
   2.0000000e+00  -9.6228714e-01   7.4442011e-01  -7.8266545e-01  -1.3576780e+00   8.0061791e-01  -4.5815539e-01  -4.9182983e-01   1.4174569e+00  -6.9516198e-01   2.7288882e-01  -4.3964429e-01   2.1726331e-01  -3.0728354e-01   7.9704623e-01  -5.9317220e-01  -4.7997211e-01   2.2514805e+00  -1.0043001e+00
   1.0000000e+00  -2.1817605e-01   4.6831172e-01   2.7588329e-01  -1.1368152e-01  -4.8797019e-03   1.4656395e+00  -8.0402645e-01   1.2503747e+00  -3.8957135e-01  -1.6205355e+00  -3.7941604e-01   1.8798642e+00  -1.9110461e-01   3.9148037e-01  -3.8082576e-01   2.1006077e-01   3.6560036e-01   9.7038076e-02
   2.0000000e+00   7.6140095e-01  -1.6143370e+00  -4.0422825e-02   5.6818463e-01  -4.9756019e-01  -9.2841623e-01   8.0605477e-01  -8.6547879e-01   7.2439326e-01   2.4256941e-01  -2.5143667e-01  -7.4034556e-01   9.3286539e-01   7.4731696e-02  -7.9097679e-01  -7.6747142e-01  -1.9460578e-01   2.7602772e+00
   2.0000000e+00  -1.3470147e+00   3.0685675e-02  -1.0620180e-01  -1.2216145e-01   6.8182604e-01  -1.1757581e+00  -9.0786993e-01  -1.0901247e+00   1.5413999e+00   1.6121203e+00  -2.1882598e-01   1.8060767e+00  -1.7371687e+00  -3.6166159e-01  -1.4042918e-01   1.2398516e+00  -5.8442241e-01   5.4637138e-01
   2.0000000e+00   4.4461037e-01   1.3897346e+00  -1.9382809e+00   1.1650177e-02  -4.5940305e-01   1.4360458e+00   1.3477366e-01  -1.0066324e+00  -8.6984421e-02   3.0344115e-01   6.7523624e-01  -7.0568117e-01   6.4912008e-01   1.2267586e+00  -2.7192803e+00  -5.2230137e-01  -9.5758102e-02   7.6515857e-01
   2.0000000e+00  -9.4967842e-01  -4.2965686e-01  -1.6577255e+00   3.5757766e-01  -9.7957996e-01  -2.9012272e+00   1.0852353e+00   3.9818978e-01  -7.6989693e-02  -1.0409867e+00  -1.0198775e+00   3.2415929e-01   8.7558521e-01   1.1777686e+00   9.7028473e-01  -3.7461973e-02   1.8723628e+00   6.3558216e-01
   2.0000000e+00   1.1244906e+00   1.5555674e+00  -2.1297341e-01  -2.4658263e-01   1.0555008e+00  -5.3170903e-01  -1.3318214e+00   3.7981295e-02   8.6611029e-01  -1.1129177e+00  -6.0939781e-01   3.6302782e-01   1.5865746e+00   7.9678078e-01   2.8108301e-01  -3.1065301e+00  -2.5139277e-04  -7.7701828e-01
   2.0000000e+00  -6.1391189e-01  -7.9979010e-01  -1.9437774e+00   3.1179067e+00  -1.2761741e+00   6.2261881e-01  -1.1886522e+00  -7.3575945e-01   4.4614139e-01  -8.8440339e-01   4.5847468e-01  -1.9106596e-01   9.1362279e-01  -1.0054696e+00   7.9879762e-01  -2.7731451e-01  -1.0423800e+00  -3.4250638e-01
   1.0000000e+00   2.0424393e-02   7.4827757e-01   5.4938563e-01  -1.3960394e-01  -7.8509940e-01  -5.5719973e-01   3.8442006e-01   4.8213595e-01   3.8876887e-01  -1.7985161e+00  -4.6455206e-01   1.3752056e+00  -3.7084264e-01   2.3474166e-01   8.1573049e-01  -2.2679959e+00  -8.6335718e-01   4.8265635e-02
   1.0000000e+00   2.6514491e-01   8.4498272e-01  -1.1409811e+00   9.7010283e-01  -2.5477229e-02   6.6044534e-01   8.7276339e-01   2.7123332e-01  -8.7680502e-01   1.1080080e+00  -8.9190414e-02   7.1166521e-01  -3.6969280e-01   1.1936709e-01  -1.3040713e+00  -3.2654672e-01  -1.6077431e+00   1.1065060e-01
   2.0000000e+00  -1.4900822e+00   1.1517233e+00  -1.1099286e+00  -5.8071367e-01  -2.4067535e-01   7.8451047e-01  -6.4305488e-01   2.3922582e-02  -9.9756275e-01  -8.0367492e-01  -3.8168441e-01   6.4373657e-01   6.2452788e-01  -1.7280867e+00  -3.7708548e-01  -1.7318520e-01  -1.1904816e-01  -9.4334718e-02
   2.0000000e+00   3.8700647e-01  -4.4316319e-01  -5.2835969e-01   5.1293724e-03  -1.2274094e+00   1.5178574e-01   1.4241714e+00   1.1046358e-01   1.6994591e-01  -1.6203209e+00  -1.5828025e-02   1.3735470e-01   4.5519487e-01  -3.2434562e-01   8.2917283e-01   1.5113075e+00   4.0983945e-02   2.3123958e-01
   2.0000000e+00   1.0578506e-01  -6.6593983e-01   1.2427770e+00  -6.0118935e-01  -1.3601204e+00  -7.7671051e-01   5.3724363e-02   1.4652575e-02  -1.8959292e+00   1.9623626e+00   1.7920424e+00   1.0550210e+00  -5.2789378e-01   1.5608736e+00   6.6512915e-01  -2.8834821e-01   1.1046730e-01  -5.9999972e-04
   1.0000000e+00   1.0716588e+00  -7.6965576e-02  -4.3827510e-01  -1.3721128e+00  -6.2170686e-02   1.0914157e+00  -9.6624004e-01   3.5579659e-01   1.8863461e-01  -5.6378838e-03   1.7819925e-01  -1.0348180e+00  -6.0352204e-01   9.0089698e-01  -2.2695530e+00  -7.5023388e-01  -1.2325609e+00  -1.5965346e+00
   2.0000000e+00   1.2932095e-01   6.0078474e-01  -2.8016641e-01   8.5171612e-01   4.5042358e-01  -1.0405121e+00  -8.7959830e-01   8.4762465e-01   8.0277169e-01   8.2136907e-01   1.1524419e+00  -7.1710314e-01   1.0076198e+00  -1.0134886e+00  -6.2939832e-01  -3.7233445e-01  -3.4011934e-01   2.8320805e-01
   2.0000000e+00  -9.8079904e-01   2.1885125e+00  -1.0484086e+00   1.3135018e+00   1.4389306e+00  -2.3385601e-01  -2.8522138e-01  -5.4827089e-01  -1.1276606e+00   1.3111739e+00  -6.9770617e-01   4.8197735e-01  -1.1084903e+00   1.8843707e+00   4.3127668e-01  -1.6710682e+00   3.9662429e-01  -6.9685460e-02
   1.0000000e+00  -1.7122744e+00  -4.3629379e-01   2.2352402e+00  -1.6952926e+00   7.0355798e-01  -4.0379181e-01   1.4485565e+00   1.7280877e+00  -3.6296376e-01   2.0544308e-01  -6.7289657e-01   1.2721994e+00  -1.3286050e+00   5.2192521e-01  -2.8806192e-01   2.3460826e-01   8.7353619e-01  -9.3441162e-01
   2.0000000e+00  -3.9215681e-01  -2.4722585e+00  -9.5409480e-01  -9.1793767e-01  -1.0129120e+00   1.6824537e-01  -4.8329481e-01  -1.3779612e+00  -8.8714166e-01  -1.0990079e+00  -4.1647742e-02   3.7434960e-01   4.6955004e-01   1.9012941e+00   4.8393010e-01  -5.8579090e-01   1.5238957e+00   2.7878143e-01
   2.0000000e+00  -2.9332961e-01  -4.2474076e-01  -6.8237066e-01   4.8769105e-01  -3.7270964e-01   1.6683575e+00  -4.7620831e-01  -2.4348759e-01   1.6447147e+00   5.7991698e-01   3.1600297e-02  -1.4380828e+00   1.1177333e+00  -1.1449266e+00   9.4250827e-01   2.2084798e-01  -9.3524648e-01   6.9412533e-01
   2.0000000e+00   1.2283970e+00  -2.5772632e-01  -9.1564187e-02   1.0363361e+00   1.7995642e-01   1.7926442e-01   8.9774664e-01   9.9683090e-01   1.4022156e+00  -1.3891477e+00   6.9072940e-01   1.1071312e+00   2.2242267e+00  -1.0819252e+00   1.7560722e-01   1.2440844e-01  -5.8834532e-01   1.0809961e+00
   1.0000000e+00  -3.3536506e-01   1.6266954e-01   5.4595873e-01   1.7403108e-01  -7.6375549e-01   8.0525517e-01   9.1427531e-01   1.7857607e+00  -1.1993350e+00   2.1379629e+00  -4.4339159e-01   6.5463570e-01  -8.7653908e-01   8.5930169e-02   3.1100916e-01  -1.1098987e-01  -4.3637800e-01  -1.8812978e+00
   2.0000000e+00   1.0464630e+00   6.4504821e-01  -3.5504894e-01  -1.0794435e+00   4.7161123e-01   7.7603397e-02  -7.8105069e-01  -5.8993338e-01  -1.0662001e+00   1.4644626e+00   8.3999670e-01  -1.0430505e+00  -9.3956183e-01  -1.8353137e+00  -5.4876273e-01  -7.8761095e-01   1.7389469e+00   1.0299641e+00
   2.0000000e+00  -7.1549979e-01   2.2112964e+00  -1.0728041e+00  -8.1323390e-01   1.9338222e+00   2.0683180e-01   7.4649648e-01   4.5901341e-01   3.0109719e-01  -3.1017318e+00   1.3006638e+00   7.2739814e-01  -4.8664622e-01  -1.4842007e-01  -4.2306546e-01  -1.3618582e-01  -7.2846142e-01  -1.3129679e+00
   2.0000000e+00  -3.9482929e-01  -1.1553214e+00   2.4625575e-01  -7.5216918e-01  -9.5605204e-02  -1.3011144e-01  -9.3269435e-01  -1.1793722e+00   6.7584425e-01   1.3705797e+00   1.1683678e+00  -1.6148983e+00  -7.3751780e-02  -9.5976693e-01  -1.5089469e+00   3.2041090e-01  -7.1908940e-01  -1.3452298e+00
   2.0000000e+00   3.5751451e-01   2.3376976e+00  -1.3047828e+00   8.1662466e-01   7.9090114e-01  -4.1006762e-01  -1.5099755e-01   1.2631620e+00   1.3604895e+00  -9.2205055e-02  -6.9490831e-01   3.9200425e-02   1.0164764e+00  -2.0884795e+00   1.0745623e+00   2.3491121e-01   1.6124095e+00  -8.8679780e-01
   2.0000000e+00   1.5907838e+00   4.5337310e-01  -9.0572763e-02   3.7457302e-01  -6.5995465e-01  -2.6610311e+00  -2.0081066e-01   1.3807068e+00  -1.5586078e-01  -3.8821106e-01   7.6839065e-01   4.2864288e-01  -2.2632666e-01   2.1931603e-01  -4.0162219e-01   1.0613095e+00   7.5742228e-01  -1.6046858e-01
   2.0000000e+00   1.4036502e+00   9.9998471e-01   1.0153333e+00   1.7992438e+00   1.7014125e+00   6.5471795e-01  -9.4186105e-01  -1.5473467e+00  -1.1316139e-01  -9.0962470e-01  -9.8500580e-02  -1.0699522e+00  -2.0675958e+00   4.6977383e-01   1.0293204e+00   1.3401857e+00  -8.6465031e-01   1.6963953e+00
   1.0000000e+00   6.6593271e-01  -3.2478839e-01  -5.2491388e-01  -2.5333640e+00  -1.6381908e+00  -8.8429177e-01  -6.3355168e-01  -6.9304998e-01  -5.3345584e-01  -1.8165870e-01   1.7043446e+00  -1.2633182e+00  -8.3470077e-01   1.5247292e-01  -9.0687951e-01   5.3474556e-01  -9.4656391e-01  -1.1217152e+00
   2.0000000e+00  -1.3782945e+00  -1.2519233e+00   1.8306973e+00  -1.4894652e+00   9.2929457e-02   1.8418122e+00   1.9288526e-01   2.2196819e+00  -1.7988403e+00   3.7811276e-01   5.8092986e-01   1.0615514e+00  -3.8844743e-01  -8.5330008e-01  -1.2695830e+00  -1.4816073e+00   1.1000692e+00   8.5045321e-01
   2.0000000e+00  -5.1887602e-01   1.2522514e+00  -1.0995360e+00  -1.1200284e+00  -1.0673778e+00  -7.1185108e-01  -4.6918584e-01  -3.7090024e-01  -1.5453678e+00   7.5468625e-01   7.7420669e-01   2.1081347e+00  -1.3423904e+00   1.1932117e+00   1.8600920e+00  -9.9762122e-01  -7.2684487e-01   1.0761944e+00
   2.0000000e+00  -9.9802150e-01  -8.9337565e-01   3.9607364e-01  -5.3108190e-01  -3.9766551e-01  -8.0301401e-01   5.9894623e-01  -4.0756074e-01   2.6071762e-01   6.7079017e-01  -5.0665313e-01  -2.0614224e-01  -9.7024597e-01  -4.1734537e-01   2.8219441e-01  -1.3792932e+00  -8.6005201e-01   9.6840664e-02
   1.0000000e+00   9.7100327e-01   1.7597145e-01   5.2325454e-02  -6.2258483e-01  -1.8244546e-01   1.5791289e+00   2.9811864e-02  -1.1906835e+00  -4.6537293e-01   7.2378332e-01  -1.2223189e-01   1.7662757e+00   4.4867927e-01   8.4097360e-01  -2.0822731e-01  -7.9667123e-01   1.3698129e+00   2.9364695e-02
   2.0000000e+00   2.4388177e-01  -5.0136761e-02  -1.1549821e+00   1.7233372e-02   4.6895320e-01   5.6833267e-01   1.1652925e+00   4.7574244e-01  -7.2230349e-01  -3.0908360e-01  -3.2761326e-01  -2.4949485e+00  -1.2477136e+00  -1.1375359e+00   1.2044869e+00  -1.2693863e+00   4.6415315e-01   9.8203162e-01
   2.0000000e+00   6.4645815e-01   2.2293302e+00   2.0216349e+00   6.1814683e-01   9.7810565e-01   2.2663468e+00   1.0709162e+00  -8.9960150e-01  -1.2280215e+00  -1.0141130e+00   1.4741290e+00   7.1535416e-02   1.0606676e+00  -2.2064109e+00  -1.1031013e+00  -1.2388235e+00  -9.5011498e-01  -7.0176243e-01
   2.0000000e+00   3.8195627e-01  -6.8432632e-01  -1.7857503e-01  -1.2351683e+00   1.2515467e+00  -3.1639964e-01  -1.2900414e+00  -3.8372952e-01   2.5915047e-01  -3.4538653e-01  -1.6330345e+00   4.9203645e-01  -1.3995706e+00  -7.3493404e-01  -5.1599700e-01  -5.9344649e-01  -3.2168529e-01  -9.5496756e-01
   2.0000000e+00  -1.4120740e+00   1.0180501e+00  -1.3448224e+00   1.4472910e+00   5.0516433e-01  -5.7151261e-01   9.7928702e-01  -4.1307951e-02  -7.3348917e-01  -4.7315452e-01  -4.0149165e-01  -3.7536792e-01  -1.4367943e+00  -8.0767521e-02  -5.2982105e-01   2.0647560e-02   7.0688522e-01  -5.8020988e-01
   2.0000000e+00   2.4874588e-01  -2.3539016e+00  -1.9720557e-01  -1.5545804e+00   6.4555586e-01   3.3519936e-01  -2.8499012e+00   2.1401815e-01   3.1665641e-01  -2.0260689e+00  -8.6734451e-01  -1.0986759e+00   6.4881076e-02  -3.9199536e-01   1.8689431e+00  -1.6703500e-01  -1.0847624e+00  -3.9882875e-03
   2.0000000e+00   8.2254988e-01  -3.8664935e-03   2.9153978e-01   8.3465509e-01  -6.5501528e-01   7.3872457e-01   1.9460007e-01   1.7072635e-01  -2.0603293e+00   4.8719304e-02  -5.4002181e-01  -2.1864887e-01   5.2484196e-01  -5.9581884e-01  -1.9280184e-01   4.1357204e-01   8.5434483e-01   2.1046375e-01
   2.0000000e+00  -1.4217922e+00  -1.8837625e-01   4.9229766e-01  -8.6269504e-01  -3.4295397e-01  -3.4359614e-01   7.8652073e-01  -1.2839841e+00   8.0942001e-01  -4.2496321e-01  -7.3237250e-01   2.1666803e-01   3.9098387e-01  -1.2077450e+00   1.6130256e-01  -4.8985328e-01  -9.3902846e-01  -7.8060439e-01
   2.0000000e+00  -1.4082983e-01   8.5180186e-01  -5.8296656e-02  -4.5749712e-01  -6.6319648e-02   9.5944366e-01  -1.2288251e+00  -5.8894775e-01  -3.2569489e-01  -5.5120966e-01  -8.1824338e-01  -5.6500049e-01  -1.9421073e+00  -4.9485436e-01   1.0733293e+00  -7.4773953e-01   1.2491671e+00   1.2393329e+00
   2.0000000e+00   1.1817669e-01   1.0813637e-01  -8.0274425e-01  -3.7787442e-01   2.3878615e-01  -1.3329544e+00  -4.5179918e-01  -1.8803019e+00   4.8166179e-01   2.9911707e-01   2.0930258e-01  -1.6813585e+00   7.3226907e-01  -3.1661641e-01  -2.5516145e-01   5.7855022e-01   6.6952844e-01  -1.0415537e+00
   2.0000000e+00   1.4942465e+00  -1.2645105e+00   1.0142049e+00   6.1921163e-01   2.4975708e-01  -8.6763135e-01   7.7646749e-01   2.5029106e-02   2.4611578e-01   1.0255216e+00  -1.1385678e+00  -8.8304918e-01   1.5821748e+00  -1.2996128e+00   2.9548397e-01  -1.9634442e+00   3.5987738e-01   2.6772116e-01
   2.0000000e+00  -1.3992040e+00   1.9395014e-01  -6.3787585e-01  -1.1044650e+00   4.9441426e-01   3.2329252e-01   9.8539595e-01  -1.3393634e+00   3.1508386e-02  -1.2902420e+00   1.7640204e+00   5.4144806e-01  -1.2103642e+00  -1.4571639e+00  -6.0169301e-01  -7.5052106e-01  -8.2126132e-01  -5.5389916e-01
   1.0000000e+00   2.8585187e-01   4.0892093e-01   5.0396540e-01  -3.9526669e-01   5.5253528e-01   2.5566109e-01   3.3002042e-01  -7.2698869e-01   7.6775258e-01  -1.1922275e+00   1.6670457e+00  -1.9940640e+00  -1.5226663e-03   7.5473923e-01   3.6215371e-01  -7.0847526e-01  -5.3840189e-01  -2.1775741e+00
   2.0000000e+00  -1.5247194e+00   1.0620369e-01   4.7347141e-01   1.5444574e-01  -6.5053092e-01   1.8278251e+00  -3.5960462e-01   1.4136355e-01  -8.6319291e-01   1.3725957e+00   8.0437296e-01  -1.5039610e+00   1.5434401e+00  -4.1479355e-01  -2.7143138e+00   9.4924531e-01  -2.1175531e+00  -2.3145050e-01
   2.0000000e+00   5.5461327e-02  -1.0595124e+00   5.9755748e-01  -1.7225695e+00  -1.0398160e+00   1.3324003e-01   1.2617753e-01   7.7358667e-01   7.3859575e-01  -1.8582231e-01   1.1177652e+00   1.8904931e-01   3.9080184e-01   1.4587118e+00   9.8743451e-01  -5.7159089e-01  -3.7880417e-01   1.1340761e+00
   2.0000000e+00  -2.0454314e+00   1.0887154e-01  -2.9157212e-01   5.0433545e-01  -1.5353352e+00  -4.0680745e-01  -9.0511764e-02  -1.6794576e+00   6.1736508e-01  -1.2905146e+00   9.3476922e-01  -1.0974310e-01  -1.6432103e-01  -5.9976025e-01  -7.1093333e-01   4.8628134e-01  -1.1910337e+00  -2.9692609e-01
   2.0000000e+00   1.5288031e+00  -1.0326041e+00   1.4434796e+00  -5.4373155e-01   7.7885760e-01  -4.8702501e-01   3.0467878e-01   3.6257793e-01  -2.5358884e-02  -1.9459245e-01   9.0055691e-01  -1.0430652e+00  -1.3181643e+00   1.8373387e+00   4.6400763e-01  -1.7849467e-01   3.2734175e-01  -1.6416684e+00
   2.0000000e+00   6.2440475e-01  -6.6881795e-01  -5.0780652e-01   1.2684030e+00   8.9551972e-01  -8.1998332e-01   2.6392127e-01  -5.1901279e-01  -6.5686354e-01  -1.0905356e+00  -4.4854717e-01  -1.4551077e+00  -2.0462238e+00   1.7592239e+00  -2.6516885e-01  -9.6634503e-01  -4.4679886e-01   1.0323797e+00
   2.0000000e+00  -4.5244571e-02   2.3303000e-01  -5.3810455e-01  -2.1032822e-01  -8.1774249e-01  -1.2889243e+00  -6.5714345e-01   7.0479062e-01  -6.5435463e-01   8.1034860e-01  -2.8512751e-01  -5.4209135e-01   2.3995198e+00  -9.5253439e-01   1.5675689e-01   4.4213101e-01   1.2497680e-01   6.8735295e-01
   2.0000000e+00   3.8752979e-01   1.1085546e+00  -1.3616957e+00  -1.9157685e+00   1.3406708e+00   1.5374273e-01   1.5650077e-01   1.3433529e+00   3.0008981e-01  -1.2576674e+00   6.4826636e-01  -4.4748253e-01   8.6360945e-01  -5.0059937e-01  -1.7795410e-01   2.8713429e-01  -1.3848581e+00   1.1550923e+00
   2.0000000e+00  -1.2774491e+00  -1.4744297e+00   9.9261205e-01  -2.4348586e-01  -4.0261393e-01   7.6315334e-01  -1.9412033e+00   6.8275306e-01   1.1086859e+00  -3.2406423e-01  -8.3594911e-01   2.9989679e-01  -6.7534641e-01  -4.3312416e-01  -6.7649198e-01  -1.2870110e+00   6.0357084e-01  -6.7967373e-02
   2.0000000e+00  -9.9612403e-02  -2.1533924e+00   5.7210548e-01   4.6132621e-01  -1.0124504e+00   1.1240856e-01   1.4720511e+00   1.0304626e+00   5.8284174e-01  -8.6853648e-01  -1.4010298e+00  -9.3716676e-01  -2.7576516e-01   1.3553122e+00   4.1850545e-01  -8.4635725e-01  -2.0307590e+00  -9.9430442e-01
   2.0000000e+00  -1.4893138e+00  -1.1968278e-01   4.8775544e-01   7.7490699e-01  -1.2095632e+00   6.2560212e-01   1.0478877e+00   3.5533827e-01   9.7033032e-01  -3.8008232e-01   1.3930942e+00   1.3875969e+00   7.6612334e-01  -1.8719849e+00  -9.9482456e-01  -4.2549245e-02   7.5336597e-01  -1.1910678e+00
   1.0000000e+00  -1.6587540e+00  -6.0865858e-01   5.6843264e-01  -1.3348500e+00   3.9631921e-01  -9.5946816e-01   2.6132708e-01   5.9653043e-01  -5.4580517e-01   1.5438272e+00  -1.2382111e+00   1.0309118e+00  -1.2419551e+00   4.0448930e-01   1.6878410e-01  -3.7587631e-02   1.2314231e+00   1.4829439e+00
   2.0000000e+00   1.1779722e-01   7.8200862e-02   9.3665280e-01   2.4676489e-01  -1.1476154e+00   3.8570331e-01  -8.8131819e-01   1.0209079e+00  -7.0501988e-01   2.0979557e-01   1.7201592e-02  -8.7352696e-01   3.6329679e-01  -1.5847213e-02  -8.0689772e-01   9.5297279e-01  -1.0752392e-01  -1.5807780e-01
   2.0000000e+00   5.5971183e-01   5.9933786e-01   3.2073258e-02   2.4326331e+00   3.5864232e+00  -1.2346622e+00   7.7775386e-02   7.4377048e-01   1.3792735e+00   7.3292206e-01   1.0444404e+00   1.0147688e-01   8.0522080e-01  -8.6405496e-01   1.3556698e+00   1.1149107e-01   2.4884522e+00  -5.5276494e-02
   2.0000000e+00   2.1240276e+00   2.0620475e-03   1.0412833e+00   9.5541089e-01   9.1681478e-01   1.6772546e-01  -1.5060546e-02   2.2610041e-01  -6.5426897e-01   2.5681522e-01  -2.2369098e+00  -2.0157106e+00   3.8198625e-01  -6.2281936e-01  -3.5323862e-01   1.2584196e+00   9.3052386e-02   1.3719388e+00
   2.0000000e+00  -3.1620535e-01  -8.8287187e-01  -1.7617159e-01   1.0401435e+00   1.4533863e+00  -9.6118279e-02  -7.9675088e-01   8.0542272e-01   5.0391581e-01   8.0695923e-02   3.2183594e-01   9.3363324e-01   1.8752881e+00  -5.4732910e-01  -5.6446636e-01  -1.0156992e-01   1.5957466e+00   1.8288703e+00
   2.0000000e+00  -3.3365711e-02   5.4372842e-01  -3.5165848e-02  -2.5071454e+00  -4.9537726e-01   1.2053587e+00   6.9641728e-01   1.6075191e+00   1.5734192e+00  -2.8674408e-01  -7.2029557e-01   1.0918121e+00  -2.7439387e-01  -2.1677269e+00   7.4875853e-01   1.1633946e-01  -9.2922547e-01  -5.5080053e-01
   1.0000000e+00   2.3389142e-01  -5.5876757e-01  -7.2915673e-01  -5.6678002e-01  -1.1674015e-01  -1.7587829e-01  -7.3481053e-01  -2.1923282e-02  -4.0022498e-02   1.6808404e+00  -5.6053481e-01  -1.5131131e+00  -2.0605837e+00   6.0302632e-01   3.7695698e-01   5.9370011e-01  -9.9929049e-01  -3.8100438e-01
   2.0000000e+00  -2.9414061e-01  -4.4583531e-01   5.8210485e-01  -1.9158289e-01   1.5740623e+00   1.1599905e+00   5.9930127e-01   2.0169554e+00  -1.8290115e+00   1.2916628e+00   1.2614892e+00   8.3063756e-01  -2.9165179e-01  -3.9445402e-01  -6.1973126e-01  -4.5871446e-01  -1.0640601e+00   1.1545492e-01
   2.0000000e+00   3.8830456e-01  -1.6490623e-01   1.2986177e-01  -1.7425223e+00   4.0455871e-01  -4.0101489e-01   2.4932748e-01  -1.1230950e+00   1.7315890e+00  -6.8172199e-01   2.8246779e+00   4.3155394e-01  -1.8363974e-02  -3.7033629e-01  -2.3538490e+00  -5.8853544e-01  -4.0769275e-01   9.3335954e-02
   2.0000000e+00   7.9740539e-02   1.4937616e+00   8.5935053e-01  -8.8403116e-01   1.0146803e+00  -1.8724338e-02  -7.9252799e-02   6.6531499e-01  -1.0255857e+00   1.1996820e-01   1.9587182e+00   8.7317288e-01   2.5253212e+00   1.2335519e+00   2.9760299e-01   9.6020918e-02   2.0959964e-01   1.0928145e+00
   1.0000000e+00   1.2529495e+00  -6.1327549e-01   4.6447294e-01   1.3470009e+00   1.7364756e-01   3.7750379e-01   6.1705357e-01  -4.6850658e-01   8.8091551e-01  -3.9290319e-01   7.6110823e-01   7.6552354e-01   1.2304038e+00   5.5952903e-01   3.4833006e-01   6.4300268e-01  -6.4082137e-01  -5.9961281e-01
   2.0000000e+00  -3.1751953e-01   5.6667171e-01   1.7096771e+00   4.9116882e-01  -2.1268845e+00   2.0688764e-01   3.5115025e+00   7.3706949e-01   1.4436683e+00  -1.3272899e-01  -2.1227009e-02  -8.5948568e-01  -9.2183004e-01   1.2680517e+00  -2.9237573e-01  -5.0101344e-01  -2.4760269e+00   7.7186086e-01
   2.0000000e+00   1.2206572e+00   9.4124201e-01  -6.2262589e-01  -5.6058159e-01   5.8366350e-03  -1.4673843e-01   5.8306842e-02   9.7826706e-01  -1.3735595e+00   4.4274945e-01  -4.8036566e-01  -4.3024366e-01  -1.3137282e+00  -1.4086854e-01  -7.8191546e-01  -1.8900150e-01  -7.5429797e-01  -3.1011341e-01
   2.0000000e+00   1.4791069e+00  -7.6090148e-01  -9.4571778e-01   2.5613698e-01  -3.8681805e-01  -2.1835001e+00  -2.5106079e-02   4.9159964e-01  -1.0088244e+00  -1.8217209e+00  -7.8967814e-01  -9.8483939e-01   1.9770075e-01   1.9423381e+00   1.0416928e+00   1.0219184e+00  -1.1066177e-01  -5.3427089e-01
   1.0000000e+00   2.1332839e+00  -1.5716824e-01   6.8254793e-01  -1.4339869e+00  -1.2789264e+00  -4.5760711e-01  -1.2404705e+00  -1.2020909e+00   1.2122988e+00   7.6165265e-01   1.3640253e+00   5.0081897e-01  -1.3559721e+00   2.6395587e-01   5.5966052e-01  -3.3391706e-01   8.9435304e-02   1.1641869e+00
   2.0000000e+00  -1.2147189e+00  -1.6859584e+00  -5.1285058e-01   5.6821196e-01   2.5026730e-01  -2.0476644e-01  -1.1539062e+00   1.4855934e+00   9.2400104e-01  -2.0586155e+00   4.2482373e-01   1.3191271e+00  -2.6304014e-01   5.3494918e-01   6.3855996e-01   1.6690537e+00   5.0262919e-01  -7.1971256e-01
   2.0000000e+00   4.6073028e-01  -2.0774904e+00   1.2825924e+00   6.8243156e-01   8.5742796e-03  -5.1365370e-01  -1.7939070e+00   1.5804250e+00   9.4942685e-01   9.4807055e-01  -1.2809643e+00  -6.0145104e-01   7.2759944e-01  -5.0688161e-01  -1.1415194e+00  -4.3266693e-02   9.5631174e-01  -7.1907269e-01
   2.0000000e+00   1.5841860e-01  -3.1330912e-01   3.7868206e-01  -2.5190804e+00   1.1147394e+00  -2.3956933e-01  -3.0052796e+00  -1.8427206e+00  -1.4656012e+00  -7.5743217e-01  -3.7321516e-01   6.4807985e-01  -2.3142453e+00  -3.9686748e-01  -1.2964073e-01  -1.0005899e+00   1.1297285e+00  -1.0727993e-01
   2.0000000e+00  -4.8067562e-01  -9.5729416e-01  -1.7792300e+00   9.5391786e-01   8.6918089e-01  -2.8443613e-01  -1.3867520e-01  -3.2635852e-01   8.2044143e-01   8.2096862e-01   2.1085709e+00   2.7299660e-01   8.7714529e-01   5.7667742e-01   2.6271446e-01  -1.6581989e+00  -1.5557699e+00  -2.5989118e-01
   2.0000000e+00  -2.8569905e-01  -2.9217372e-01  -1.9277220e+00   1.1666832e+00   1.0130547e+00  -1.3968009e-01  -3.1433181e-01   2.1307999e-01  -9.4255141e-01  -5.0732814e-02   3.6079753e-01  -1.9345318e+00   7.4546377e-01   1.5546916e+00  -7.9573140e-01  -1.2511444e+00   4.2476193e-01  -3.2565404e-01
   2.0000000e+00  -5.1650858e-01  -2.1211513e+00  -1.0136744e+00  -3.5657085e-01  -9.8060995e-02   8.6291864e-01  -5.5946694e-01   9.5766220e-01  -2.1004430e+00  -3.3445680e-01   1.0500365e+00  -1.1605381e+00  -1.1066121e-01   1.1149815e+00   1.6067196e+00  -4.6929564e-01   2.7898901e-03  -1.8398243e-01
   2.0000000e+00   6.5773740e-01   3.9481984e-01  -9.5928628e-02   4.5503673e-01  -6.6129762e-01   1.2649725e-01  -5.6590684e-01   8.8011076e-01   9.8340814e-01  -1.2658595e+00  -6.5283939e-01   5.6538656e-01   2.1832303e-01  -9.1616001e-02   2.8442930e-01  -1.3098143e+00  -8.4467573e-01  -4.7980173e-01
   1.0000000e+00  -9.8951208e-02  -1.5011917e-01  -9.3643521e-01  -7.7043845e-01  -1.6541116e-01  -1.5068822e+00   4.7664772e-01   7.5973509e-01  -1.1170275e+00   9.4692097e-01  -1.2566260e+00   9.3161545e-01  -1.1005750e-02   6.5110940e-01  -7.6538660e-01   7.3249563e-01  -7.7214691e-01   3.8336183e-01
   1.0000000e+00  -1.4462981e+00   1.6219660e-01  -8.1677309e-01  -1.5126450e+00   2.1948438e-02   3.5112172e-01  -2.4068221e+00  -3.9156365e-01   9.5984595e-01   9.2019839e-01   3.4701452e-01   2.3618354e-01   1.9987118e+00   6.4391373e-01  -7.4232976e-01   4.9045071e-01   9.6358974e-01   1.9038164e-02
   2.0000000e+00   1.4810433e+00   9.0422323e-01   1.6244431e+00   1.5286967e+00   2.3270617e-01   1.6886131e+00  -5.9795044e-01  -3.8987559e-01  -1.1007491e+00  -1.4658515e+00   1.2563473e+00   1.0893170e+00   9.9224051e-01   5.0411752e-01   5.1651859e-01  -7.6444826e-01   6.9772308e-01  -5.4932744e-01
   2.0000000e+00   5.4749216e-01   9.2883008e-01   7.7778616e-01   2.8770242e-01   7.8897437e-02  -4.0406743e-01   6.6423596e-01  -6.8500805e-01  -3.8955075e-01  -7.2527200e-01  -8.8049385e-02  -9.1553112e-01  -7.7087777e-01   1.6276722e+00   5.0213751e-01   1.0219939e+00  -1.2123805e-01   5.0120411e-01
   2.0000000e+00   7.9307911e-01  -1.0465051e+00   1.4861410e+00  -7.6843450e-02  -5.4719495e-01  -1.0980475e+00   7.9102889e-01   3.8426583e-01   4.0666281e-01   6.7257913e-01  -2.5047588e+00   5.9354223e-01  -2.0075780e-01   1.0307957e+00  -3.5812723e-01   3.6992154e-02  -1.3299557e+00  -8.2314742e-01
   2.0000000e+00  -1.1621968e+00  -4.3326779e+00  -1.5131544e+00  -7.8024208e-01  -3.3229516e-02  -6.0187387e-01   9.6606256e-01   1.2838818e+00  -2.1054106e-01  -1.1906827e+00   7.5551516e-01  -2.9205466e-01  -6.6508172e-01   1.2408087e-01  -1.5716404e+00   7.8732303e-01   2.0849888e-01   2.3624516e+00
   2.0000000e+00   6.2003415e-01  -5.8853416e-01  -1.0580856e+00   1.0840780e+00  -9.9401396e-01   5.1022901e-01   1.1756892e+00   2.5872041e-01   2.1234635e-01  -2.3536786e+00  -1.6309362e+00   3.5887901e-02   5.4023452e-01  -1.3492307e+00   6.6201545e-01   6.2300726e-01   2.5893150e+00  -1.1101308e+00
   2.0000000e+00  -7.8600166e-01  -5.1122781e-01   1.6165509e-01   8.5875611e-01  -1.8222683e-01   4.4128963e-01  -7.6597400e-01  -8.0941705e-02  -3.0818344e-01   2.8617881e-01   8.9424841e-02   2.1805883e-01   3.5524933e-01  -1.0464881e+00  -1.2318869e-01  -3.0980541e-01  -1.6254968e-01   1.1748456e+00
   2.0000000e+00   1.3836011e+00  -8.7059186e-01   4.9418643e-01  -2.3926718e+00   7.8683911e-01  -4.4024265e-01   9.7058049e-01  -5.9097228e-01  -5.1255122e-02  -8.0754983e-01  -5.2250668e-01  -1.4941222e+00  -8.0352239e-01  -1.1255118e-01  -6.6814092e-01   7.5955054e-01  -1.7712847e-01  -2.2166387e-01
   2.0000000e+00   9.0943301e-01  -4.1257821e-01   1.3658628e+00   8.6161426e-02   1.8277587e+00   1.3560937e+00   3.9267361e-01  -4.2900946e-01   8.5996254e-01   3.3559390e-01  -1.1500075e+00  -2.1494457e-01   8.7848923e-01  -1.2638044e+00  -6.5395396e-01   2.9631096e-01   9.2436691e-01  -7.7133977e-01
   2.0000000e+00  -2.3189909e+00  -6.4649217e-01   1.6458990e+00   4.7334708e-01  -1.7103574e-01  -2.0768691e+00   2.0664659e-01   3.0762731e-01  -2.2778936e+00  -4.5855260e-02  -1.5108368e+00  -1.0981155e+00  -1.4503773e-02   8.4865940e-01   4.3287868e-01  -1.4735680e+00   1.9482094e+00  -8.7361519e-01
   1.0000000e+00   5.9440079e-01  -7.3575097e-01   4.7267822e-01   6.5724740e-01  -6.8784115e-01  -1.2693771e+00  -2.4225769e+00  -1.1725750e+00  -1.0079709e+00  -1.8300401e+00   2.1522029e-01  -1.4039425e+00  -5.6642801e-01   1.7606621e-01   8.4014233e-01  -7.5899173e-01   4.4567808e-01  -2.2181942e-01
   2.0000000e+00   2.1613257e-02   2.5115539e-01   5.5147810e-02   1.3136694e+00  -1.7048408e-01   6.5413123e-01  -3.8950125e-01  -3.2815363e-01  -1.2290108e+00   1.5877319e+00   6.5329867e-01   6.4491292e-02   4.5450703e-02  -8.6910855e-01   3.7734482e-01  -1.0881696e+00   1.6366437e+00  -9.7371927e-01
   2.0000000e+00   6.3355163e-01  -6.9332277e-01  -6.1082306e-01   4.9359165e-02  -8.3840934e-01   1.1666841e-01   2.4354150e+00   3.7059353e-01   6.1940998e-01   1.0091474e-01   2.1136171e-01  -3.1121495e-01  -1.1769588e+00  -2.6076137e-01   2.5787223e+00  -1.7377394e+00  -1.1141241e+00   1.0589329e+00
   2.0000000e+00   5.7499303e-01  -2.8207704e-02   1.1310103e+00   2.1134138e+00   9.1407853e-02   2.4830443e-01   7.2159432e-01  -7.0629079e-01  -7.7612583e-01   9.3873084e-01  -7.0763039e-01   1.0303934e+00  -4.8865309e-01  -5.9494163e-01   1.7956792e-01   3.8305248e-01   2.9888159e-01  -2.6828106e-01
   2.0000000e+00  -1.9486372e+00  -1.4699059e+00   9.5373226e-01   8.8355904e-01   5.1569681e-01  -9.0810921e-01   1.4139413e-01   2.4527947e-01  -5.3964084e-01  -1.1137915e+00  -9.1180483e-01   1.8005772e+00   5.2410594e-02   1.1395049e+00   6.5463170e-01   6.4488873e-01  -4.0546101e-02   5.5784684e-01
   2.0000000e+00   1.5732029e+00   1.4518439e+00   1.0230542e+00  -1.3808811e+00  -8.3144585e-01  -6.0218698e-01  -5.5655797e-01   2.3998137e-01  -4.5432258e-01   7.5609828e-02   8.6986535e-01  -1.1878157e+00  -6.5004222e-01   1.0008230e+00  -2.0109217e+00  -9.2102555e-01   1.2127990e+00  -4.7728462e-01
   2.0000000e+00  -2.6715318e-01  -3.0060970e-02  -1.5650700e+00  -1.0726307e+00   1.1503768e+00  -1.2138972e+00   6.0752453e-01  -3.2393464e-01  -5.7144755e-01   7.5054605e-02  -4.6979236e-01  -1.1204037e+00   4.6924530e-01  -5.9282487e-01   1.7462969e+00   1.1346553e-02  -8.6540176e-01   2.1941376e+00
   2.0000000e+00   2.9036595e+00  -1.3127928e+00   5.0194775e-01  -1.3777839e+00   4.6691796e-01   7.0127816e-02   9.9140029e-01  -1.8978467e-01   1.9042820e+00   7.8006257e-01  -5.6987455e-02   7.7447294e-01  -6.0140155e-01   1.6814433e-01  -1.9272905e-01  -2.9184136e-01  -1.8082272e+00  -1.1110970e+00
   2.0000000e+00  -2.1888000e+00  -7.8797005e-01   1.0404617e+00  -3.9307091e-01   4.0248601e-01  -1.2262409e+00   5.7265875e-01  -1.0664145e+00   6.7851691e-01   4.0613245e-01   4.5261545e-01  -3.8129666e-01  -7.8741423e-01  -2.5424327e-01   3.7409232e-01  -3.5761391e-01   1.5409741e+00  -1.3431183e+00
   2.0000000e+00  -1.9150484e+00  -8.0607493e-01  -3.1872265e-02  -7.8768484e-01   9.6002418e-01  -7.6749839e-01   6.3475770e-01  -6.4143779e-01   7.3771863e-02  -7.5448901e-01  -1.4193674e-01   1.0122031e+00  -9.7258676e-01   1.5691214e+00   1.9614031e-01   1.6041216e+00  -6.2913925e-01  -1.2102672e+00
   2.0000000e+00  -6.5014629e-01   1.7003733e+00  -4.3423574e-01  -1.0946340e+00  -1.1918008e+00  -8.3834317e-01   3.1105797e-01   5.0780610e-01  -9.4238342e-01  -3.3984504e-02   1.0605073e+00   9.7704281e-01  -1.4353924e+00   8.2734742e-01   1.3149004e+00  -1.3663020e+00   3.6085018e-01   6.9843041e-01
   2.0000000e+00  -6.0950815e-01  -3.3828413e-01   3.3694059e-01  -1.1302904e-01   9.1079530e-01  -1.2656503e+00  -4.3546031e-01   1.2178409e+00  -9.8232816e-01  -3.9457956e-01   9.5844240e-01   4.0339571e-01  -4.5145040e-01   1.3877198e+00  -1.1359030e+00   1.8859398e+00   1.3382523e-01  -4.1872330e-01
   2.0000000e+00   1.0421388e-01   3.9320325e-01   3.1153012e-01   6.8719045e-01  -1.0597801e+00   1.6276603e-01  -2.2863010e+00  -6.0700888e-01   2.5055364e+00   8.8664669e-01  -5.1045584e-01   1.9808484e-01   1.8180354e-01  -1.8361396e-01   2.6516247e+00  -2.2495672e-01   6.9868080e-01  -8.7177964e-01
   2.0000000e+00   3.2404801e-01   6.9268619e-01  -1.9497217e+00   1.9706424e+00  -3.6838276e-02   8.4223430e-01  -5.2200993e-01   1.6786441e-01  -2.7619685e-01  -1.0029709e-01  -4.6519559e-02  -6.4197181e-01  -2.4409363e+00  -5.1692978e-01   1.2163689e-01  -2.4189520e+00   3.4311428e-01   1.1885058e+00
   1.0000000e+00   7.1621280e-01   2.2486749e-01  -4.6880743e-01   6.2414230e-01  -2.9927397e-01  -8.9592907e-02  -3.2776101e-01   1.0399887e+00   1.3193025e+00   1.5813118e+00   9.3160848e-01  -1.5057249e+00   7.1468815e-01   5.1932203e-01   1.3529124e+00  -6.8809767e-01  -7.9660151e-01   7.7364096e-02
   1.0000000e+00   6.6420076e-01   4.9836411e-02   6.9609286e-01  -5.5431883e-01  -1.9452907e-01   6.1363500e-01   8.3324923e-01   1.6440217e-01   7.4531166e-01   9.6849113e-01  -6.9085775e-01   1.6239568e+00  -7.5174677e-01   2.6050571e-01  -2.8694180e+00  -3.7175212e-01  -7.6793948e-01  -1.7459652e-01
   2.0000000e+00   6.0889691e-01  -1.2127078e+00  -1.9736809e+00  -1.0784798e+00   8.6825695e-01   1.0990521e+00   6.2753137e-01   7.0011006e-01   3.8050721e-01  -5.6022028e-01  -4.0831553e-01   1.4829073e+00  -9.2697462e-01  -2.4072695e-01   9.7127475e-01  -7.0168888e-01  -1.1803455e+00  -3.8362946e-01
   2.0000000e+00  -3.9489854e-01   1.0576981e+00   7.7791111e-01   1.8421100e+00   5.5363738e-01  -9.9707550e-01   7.0147012e-02   6.3905985e-02   3.2559139e-01  -5.0432214e-01   3.4912828e-01  -9.8560491e-01  -1.1556034e+00   2.3347364e-01   4.8670939e-01   9.3807432e-01  -2.0661401e+00  -8.6577150e-01
   1.0000000e+00  -2.4255505e-01  -8.3453890e-01   6.6071647e-01   1.2467745e+00   2.1663306e+00   1.2260794e-02  -7.5540415e-01   8.3294690e-02  -2.6617859e-01   9.6932948e-01  -1.8175055e+00   5.7916241e-01   1.1438768e+00   4.9213899e-01   5.3406692e-01   1.6903529e+00   1.2480381e+00  -2.2034922e-01
   2.0000000e+00   1.4067606e+00   9.2895497e-01   5.5848437e-01   6.0605558e-01  -1.9230140e+00   2.3220756e-03   6.5022681e-01   2.1698619e+00   9.4066078e-01   1.2228411e+00   8.3821344e-01  -6.0917420e-01  -1.3457988e+00   6.2788037e-01   5.7289936e-01  -3.7248964e-01   1.9787336e-01   1.8095960e+00
   2.0000000e+00   1.0719426e+00  -8.2548079e-01  -2.9129125e-01   2.0154823e+00  -8.5978624e-01  -6.7216732e-01  -3.3023554e-01  -1.3536462e+00   8.3495641e-01   9.6109694e-01   2.9316554e-01  -5.2525573e-01  -2.5897043e+00   8.5637693e-01   1.2361774e+00  -7.0806740e-01  -3.8007874e-01  -1.0579976e+00
   1.0000000e+00   6.6622855e-01  -6.4176463e-01  -3.3315229e-01   6.8695682e-01   6.2106212e-01  -4.0888720e-01   1.1864006e+00   2.0596513e+00  -8.7963524e-02  -1.5140212e-01   1.4175156e-01   1.7120259e+00  -1.6470121e-01   4.6777122e-01   1.6844738e-01  -9.4728885e-01  -5.3660646e-01   1.3425371e+00
   1.0000000e+00  -7.3580918e-01   7.2933647e-01   1.2156219e+00  -1.1762664e+00  -1.8293416e+00  -2.1615239e-01   8.2724199e-01  -3.8400342e-01  -6.7160421e-02  -6.7803048e-01   5.9633388e-01  -3.5577742e-01   9.0648902e-01   4.6747028e-02  -3.4418749e-01   3.6732240e-01   6.2965276e-01   4.8896497e-01
   2.0000000e+00  -1.2024252e+00  -5.4214160e-01  -7.7678571e-02   1.0785296e+00  -3.1236075e-01   1.1447184e+00  -2.2274375e-01   6.4011212e-01  -1.5635255e+00   9.5668053e-01   8.6891266e-01  -7.2194334e-01  -1.0932950e+00   1.2887589e+00  -1.4094460e+00  -1.6458676e-01   1.3368124e+00   1.1513291e+00
   2.0000000e+00   8.0726436e-01   1.4867294e+00   1.1665624e+00  -1.8087991e+00  -1.1914997e+00   8.3901698e-01   1.1217706e+00   8.4805213e-01   5.5757788e-01  -2.0528603e-01  -7.1416793e-01  -3.2024050e-01  -1.2647811e+00  -3.2475236e-01   4.8204997e-01  -6.7722565e-02   1.4065038e-01   6.7391439e-01
   1.0000000e+00   1.9469756e-02  -5.3864036e-01  -1.5603466e+00  -5.7221656e-01  -3.9673676e-01   9.0628455e-01  -5.2067793e-01   2.2944259e-02  -3.0257028e-01   3.7635295e-01   4.8594758e-02  -1.7383188e+00   1.0099068e+00   7.3503657e-01   3.1110254e-02  -1.5946592e+00  -6.9081774e-01   1.9393645e+00
   1.0000000e+00  -5.0955049e-02   2.5350080e-01  -4.1038747e-01   2.1155512e+00  -1.2009412e+00  -8.7829653e-01  -1.9429304e+00   1.4088491e-01   1.0972542e+00   4.1701778e-01  -1.8250207e+00  -3.4430521e-01  -4.5425000e-01   2.3389090e-01  -1.3569761e+00  -1.5906997e+00   1.1664673e+00   1.0643831e-01
   1.0000000e+00  -6.3747129e-01   6.4084619e-01   2.2151181e+00  -1.6255732e+00   1.1161843e+00   4.2810799e-01  -2.6061095e+00  -1.3032284e-01   1.1618380e+00  -8.8268681e-02  -3.0510711e+00  -4.4627294e-01  -7.7436131e-02   4.6741455e-01   1.2234834e+00  -5.0607099e-01  -2.7681963e-01  -2.3386422e-01
   2.0000000e+00   5.9896801e-01  -1.2620587e+00   7.1517515e-01  -2.8316517e-01   4.3659634e-01   3.7284581e-01   2.5819248e-01  -2.1778167e-01   8.6476957e-01  -1.4053426e+00   2.1082981e-01  -4.6177267e-01  -1.0257430e+00  -1.6227243e+00   6.5707941e-01  -7.7738307e-01  -1.4390761e-01   4.3002028e-01
   2.0000000e+00  -1.0859109e+00   1.1556410e+00   1.2517451e+00  -2.4915496e-01  -1.5801132e+00  -3.3976104e-01   1.5370924e+00  -2.6015142e-01  -2.8544585e-01   1.1139856e+00   3.0324715e-01  -3.7353005e-01   5.3209024e-01   2.3151556e-01  -2.0951188e+00   2.0949114e-01  -1.8628054e+00   1.2750480e+00
   2.0000000e+00  -6.9858140e-01   3.7000490e-01  -3.7063029e-01  -2.8244535e-01   1.8671427e-02   2.0509302e+00   4.6883511e-01   2.3764075e-01  -1.4208709e+00   1.0188923e+00   2.6640840e-01   1.6081308e+00  -3.3706314e-01  -5.9282355e-01  -2.0063364e+00  -1.2417531e+00   1.7528247e+00  -4.1384532e-01
   1.0000000e+00  -8.4474976e-01   7.8380117e-01  -1.0376961e-01  -1.5745874e+00   1.1177100e+00   3.1271466e-01  -1.0291022e+00   3.7552205e-01   6.1845438e-01  -2.4645113e-01  -1.0782856e+00  -1.4050791e+00  -1.3280013e-01   2.9503918e-01  -9.0502055e-01   4.6724957e-01  -3.8669684e-01  -1.3827205e+00
   2.0000000e+00  -2.5880661e-01   4.8714227e-01   1.0642876e+00   1.7731339e+00  -8.5551672e-01   1.8517526e+00  -9.1403247e-02  -7.4185657e-01   8.6961855e-01  -6.9904601e-01   1.4153699e+00   1.4229523e-01  -6.9656862e-01  -3.3204218e-01  -1.4488837e-01   1.4783746e+00   3.3146221e-01   1.3581248e-01
   2.0000000e+00  -5.4093583e-01   1.9175996e+00  -8.0691038e-02  -1.0209311e+00  -5.1129753e-01   2.1036218e-02   6.5526545e-01  -4.0095953e-01   6.2325385e-01  -4.3802599e-01  -1.9261154e-01   8.6566944e-01  -1.5073955e+00   1.0602857e-01  -6.6981436e-01   1.0075230e+00  -1.0708493e+00  -1.0606046e+00
   2.0000000e+00  -4.3402536e-01   1.8894467e+00   4.2500135e-01   1.5768101e-02   4.2536855e-01   1.3200850e+00  -3.2158390e-01  -1.8095654e-01  -8.6403065e-01  -1.5991588e+00  -2.6105816e+00  -1.1550030e+00   4.5927841e-01  -1.6548250e-01  -7.6573550e-01   7.0454665e-01   1.7746746e-01  -7.8230495e-01
   2.0000000e+00   6.7315683e-01  -1.5992825e+00  -6.1929241e-02   9.8971731e-01   9.3077337e-01  -2.7822499e-01   8.8630374e-02   1.7332000e+00  -6.7380799e-01   8.9597439e-02  -3.1313424e-03   2.5075787e-01  -2.4667866e-01   5.4804714e-01   1.6497226e-01   3.3953850e-01  -1.1594460e+00   1.0606921e+00
   2.0000000e+00  -4.4614483e-01  -1.9527858e+00   1.0893836e-01  -1.4086532e+00  -1.0586357e+00  -9.9306087e-01  -2.7198151e-01   5.5062368e-01  -1.0179853e+00   3.4074133e-02  -1.1292822e+00   4.8283522e-01   1.6347126e+00   1.9318429e+00   1.6808777e-01   4.8184653e-01   4.0663839e-01   1.1078694e+00
   1.0000000e+00   7.6270632e-01   4.1499983e-02   1.8618291e+00  -1.1275422e+00  -5.1005570e-01  -9.0428421e-01   2.0906959e-01  -1.4231359e+00   5.6026935e-01  -1.5982443e+00   6.4948952e-01  -7.0914873e-01   4.4319152e-01   4.6264576e-01   9.1391312e-01   2.5980763e-01   1.0754708e+00   1.8018070e+00
   2.0000000e+00  -9.4567514e-01   7.0935710e-01  -4.2514814e-01  -4.3373220e-01   7.9553803e-01   6.4276227e-01   1.1500202e+00  -2.3388481e-02  -8.5565280e-02   1.7145518e+00   8.5780599e-01  -3.5166325e-02  -2.8574672e-01  -5.6073685e-01  -8.3858799e-01   1.0730640e+00  -9.7283628e-01   3.8867041e-01
   2.0000000e+00   6.9131983e-01   3.0357925e-01   8.6499508e-01   8.6565730e-01   1.1688646e-01   1.0414543e+00   8.9865502e-01   3.8212431e-01  -1.2113769e+00  -2.3151283e-01  -1.0579227e+00   1.9311178e-01  -8.4658288e-01  -4.7699939e-01  -1.1267761e+00   1.3996861e+00  -4.7821749e-01   1.3561707e+00
   1.0000000e+00   8.5332152e-02   1.0112703e-01   2.2689112e-02  -1.3513484e+00   7.4184994e-01   2.3707720e-01  -1.2138777e+00  -3.4387785e-01   4.4276393e-01   6.0103227e-01  -4.5675561e-01  -7.5904341e-01  -1.3100386e+00   1.8905324e-01   3.8807432e-01  -6.0094096e-01   6.4530099e-01  -6.5834038e-01
   1.0000000e+00  -6.0325460e-01   6.1784780e-01  -2.8352086e-01  -1.3070692e+00   6.6519613e-01   1.0797163e+00  -9.9894831e-01   4.1720785e-01  -8.7355414e-01  -1.8123489e+00  -8.8721685e-01  -9.1487322e-01   6.5220348e-02   3.6641660e-01  -1.0486621e+00  -9.4477733e-01   1.1262693e+00  -9.6077871e-01
   2.0000000e+00  -5.3049500e-01   3.4294277e-01   1.5523508e+00   2.0734207e+00  -2.3068936e+00  -9.4360932e-01  -1.3459631e+00  -3.1238320e-02   4.9058788e-01   1.1113491e-02   7.8567098e-01   5.6856329e-01  -5.7954432e-01  -2.1079549e-01  -2.0619632e+00   2.7501074e-01  -1.4720300e+00   2.6625349e+00
   1.0000000e+00  -4.9977502e-01  -1.3401910e-01   9.0890387e-01  -4.0553997e-01   9.2751322e-02   3.6246455e-01  -5.5390408e-02   9.1094449e-01  -9.1010563e-01  -7.5520571e-01  -4.2787239e-01   7.2687554e-01  -6.9959382e-01   2.0215472e-01  -7.2353345e-01   1.5296049e+00   2.2234228e-01  -6.1046822e-01
   2.0000000e+00   1.7419659e+00   4.1364339e-01   3.3081496e-01   5.9803081e-01   1.1450261e-01  -9.7298048e-01  -3.1773802e-01   2.5527044e-01  -9.7477490e-01   2.1607619e+00   1.4512619e-02   8.7565681e-01   2.1479640e-01  -4.4677935e-01   4.8000063e-01   1.5359803e+00  -5.7659657e-01  -1.2191720e+00
   1.0000000e+00  -4.8943202e-01  -1.2514900e-01  -4.4653601e-01   1.5905672e+00   1.4500549e+00   6.1483447e-01  -2.5403597e-01  -5.6070424e-02  -1.8661439e-01  -9.1670781e-01  -8.3159230e-01   5.8261255e-01   1.3820460e+00   7.4216977e-01   2.4764973e-01   3.6479281e-01  -5.3458060e-01   8.9010858e-01
   2.0000000e+00  -3.9780636e-01   1.1067824e+00  -1.3468253e+00  -1.3959095e+00   1.2626149e+00   6.1257595e-01   1.3650122e-01   1.6993251e-01  -2.0426812e-01   9.6358176e-01  -5.4276285e-01   1.1040342e+00   1.0062018e+00  -2.0963397e+00   4.9636435e-01   4.7166904e-01   1.5097629e+00   5.1881879e-02
   2.0000000e+00   1.0693555e+00  -2.2698449e+00   6.3698368e-01  -7.1217363e-01  -5.4669374e-01   1.4055545e+00  -5.4033578e-01  -8.7764007e-01   7.0174716e-01  -8.8840428e-02   5.0885403e-01  -1.7650862e+00  -1.9576800e+00  -1.1254254e+00   1.3331059e+00   8.7396461e-01   1.8386166e+00   7.9635357e-01
   2.0000000e+00   5.8084814e-01   1.1348537e+00   4.7210597e-03  -8.0635356e-01   7.4421909e-02  -6.1802728e-01  -2.9718676e-01   6.9041357e-01  -6.3654474e-01   3.6752768e-01   8.4674733e-01   2.5732885e-01   2.0869954e-02   1.0816670e+00  -1.5318979e+00   1.4024449e+00   4.8703376e-01  -1.6455719e+00
   2.0000000e+00  -2.6795943e-01   1.8441534e-01  -5.2283622e-01  -4.4398683e-01  -1.6212044e+00  -2.1786822e-01   2.8114291e-02  -9.2751793e-02  -8.6844465e-01   2.8922547e-02   2.4004010e-01  -4.3684391e-01  -5.6113882e-01   1.3075059e+00  -1.0058451e+00  -5.1524316e-01  -2.1362958e-01  -9.9002900e-01
   1.0000000e+00  -2.2464919e-01   1.5305657e-01  -1.3014747e+00  -3.1216811e-01  -1.5371215e-01   1.5186620e+00   1.6351189e-01  -8.2535450e-03   7.6930437e-01   1.2083615e+00   1.4763907e-01   2.6201683e-01   5.4004180e-01   7.0261356e-01   2.3869074e-01   1.8072138e+00   3.2216959e-01   1.2500773e+00
   2.0000000e+00   6.3570978e-01   1.6167049e+00  -6.8868012e-01   1.7592935e-01   6.0472654e-02   1.0838199e+00   7.4182113e-01   1.8635237e-01  -4.8273535e-01  -1.3446106e+00   8.7036007e-01  -1.3427064e+00   1.1957839e+00  -1.2127626e+00   2.5207622e+00   1.4513134e+00  -8.9503376e-01  -1.7057145e+00
   2.0000000e+00  -4.1225921e-03   1.2152055e+00   6.5815206e-01  -1.5253667e+00   6.8290200e-01   1.3511903e+00   1.2395992e+00   5.9134774e-01  -1.6495244e+00   2.1122754e-01   5.7830803e-02   1.1743874e+00   2.1933203e+00  -1.3231594e+00  -1.3784256e-01   1.1139077e+00  -7.2403157e-01   1.5547486e-01
   2.0000000e+00  -8.7709825e-01  -6.5311720e-01   2.0599360e-01   1.6100075e-01   4.0372444e-02   6.2897695e-01  -5.7635108e-01   6.9925472e-01  -3.1998184e-01  -1.4526807e+00   6.0616074e-01   3.0909787e-01   7.4518988e-01  -9.9083490e-02  -3.0200572e-01   1.6688773e-02   8.3376616e-01  -6.2809455e-01
   1.0000000e+00   3.7435418e-01   6.1833578e-02   2.3150932e+00  -2.8405212e-01  -2.6751275e+00   3.9595931e-01   1.4076697e+00   2.9740933e+00   1.2521472e+00  -4.1416907e-01   1.0867248e+00  -1.1152726e-01  -1.8248060e+00   1.2410405e-01  -6.8446545e-01  -8.8805129e-01   2.0680980e-01  -8.9133000e-01
   2.0000000e+00  -1.3794659e-01   1.1343971e+00   5.1962274e-02   9.9042087e-01   3.7106895e-01  -4.8632703e-01  -1.0300053e+00   7.6574306e-01   9.5076837e-01  -1.8986204e+00   9.3805152e-01  -6.1137262e-02   1.2710174e-01   3.9352418e-01  -7.9487147e-01   1.2326267e+00  -8.4804718e-01   3.5089735e-01
   2.0000000e+00  -1.9353634e+00   6.9063012e-01   6.1407895e-01   7.4846891e-01  -4.8386126e-01  -9.0746135e-01   3.1884021e-01   6.4340149e-01   6.3605298e-01  -6.8315100e-01  -1.3327849e+00  -8.2305464e-01  -9.0613631e-01  -7.1344353e-02  -1.0830652e+00   3.7378119e-01  -2.2063038e+00   8.9735158e-01
   2.0000000e+00   7.2122145e-01   9.4753706e-01  -5.9483384e-01   1.2618479e+00  -3.3366802e-01   1.1156565e+00   9.0804049e-01  -1.6975585e-02   1.5637899e+00   9.3095948e-02   2.3658778e+00  -5.0370594e-01   3.8836600e-01  -1.7524512e+00   3.3787795e-01  -1.8920717e+00  -3.8351833e-01  -2.1437805e+00
   2.0000000e+00   5.9132774e-02  -1.9636527e+00  -1.0853561e+00   3.6350937e-01  -1.8604835e+00   2.0942405e+00  -4.2954032e-02   5.2790648e-02  -1.8987296e-01   7.7088135e-02  -2.9873859e-01  -5.9044790e-01  -4.3951924e-01  -1.7031842e-01   8.2544293e-01   2.5531065e+00  -5.0461195e-01   5.0322445e-01
   2.0000000e+00  -1.9982126e-02  -1.4415839e+00   4.8220622e-01   5.2497616e-01  -2.9008655e-01   8.4461758e-01  -9.3512236e-02  -7.6053507e-01   1.4151954e-01  -3.4933000e-01   1.2638939e+00  -1.2498820e+00  -1.1708597e+00  -2.0785225e+00  -1.0602242e+00  -9.1849590e-01  -1.5171625e+00  -3.7995901e-01
   2.0000000e+00   4.0698511e-01  -1.0907758e+00  -5.2123387e-01   3.8973138e-01   2.4810976e-02  -9.9500171e-01  -7.4489656e-01   1.3939622e+00  -2.4483112e-01  -9.7466514e-01   1.1177815e+00   1.2482425e+00  -2.0091520e+00   7.0957894e-01   8.7852477e-01  -1.3230147e+00   1.0047428e-01  -2.4391878e+00
   2.0000000e+00   2.5403376e-01  -2.0365823e+00  -4.0495661e-01  -1.0713627e+00  -5.2448420e-01   4.2819907e-01  -1.0360368e+00  -1.4000580e+00   2.0539928e+00  -6.0023539e-03   6.9715463e-01   1.2182392e+00   5.1177070e-01   1.3648452e+00   1.1214160e+00   7.8617912e-01  -4.7309216e-01   4.6535006e-01
   2.0000000e+00   5.8898738e-01  -1.2107393e+00  -2.0320946e-01  -1.1561456e-01   2.2359862e-01   1.4177589e+00   1.3513340e-01   1.0614561e-01   2.3555894e-01  -9.5117143e-01   1.1785718e+00  -1.2527052e+00   1.7075207e+00   1.8195612e-02   1.1513678e+00   5.8859515e-01   7.1428022e-01   4.1493430e-02
   2.0000000e+00  -2.0977253e-01  -4.3936989e-01   8.7315359e-01   1.3733614e+00   1.4264548e+00  -6.6306581e-03   9.0220125e-01   8.1154089e-01  -1.3427051e+00  -9.7526396e-02   2.5725502e-01   1.3424878e-01  -2.5689363e+00  -6.0726934e-01   1.0115479e+00   1.0510529e+00   6.6076916e-01  -2.9172327e-01
   2.0000000e+00   8.6585280e-01  -7.9696446e-02  -3.2659035e-01  -3.8378547e-02  -1.3187210e+00  -7.8366578e-01   1.1985089e+00   4.1215797e-01  -7.8240235e-01  -1.5325725e+00  -2.0311675e+00   2.3348515e-02  -4.6802647e-01  -1.9010634e+00  -1.5465475e+00  -5.3714446e-01   1.6990177e+00   1.3147160e+00
   2.0000000e+00  -6.2455536e-01   6.3584875e-01   1.2871411e+00   9.3901151e-01  -1.5639309e+00  -1.2234733e-01   3.5172632e-01  -1.2690033e+00   1.3871435e-01   1.0332348e+00  -2.9050255e-01  -2.4660887e-01  -4.5225151e-01   1.2331866e+00   7.8794491e-02  -6.3669268e-01  -1.5157724e+00   2.3828341e-02
   2.0000000e+00   2.2349762e-02  -5.0514291e-01  -9.1959680e-02   1.4642837e-01   1.2748152e+00  -8.1096985e-01   2.1276426e+00   1.1764089e+00   1.2666382e+00   1.9247646e+00  -6.6789862e-01  -4.3555222e-01  -8.0808791e-01   1.1511237e+00  -3.9595770e-01  -4.7106880e-01  -5.0607657e-01   5.6198887e-01
   2.0000000e+00  -1.0549276e-01  -1.2164721e+00  -7.3140957e-01   1.4935391e+00  -1.2381402e+00  -1.5311893e+00   6.5005787e-02   1.4495845e+00  -1.1436425e+00  -5.4828894e-01   5.1212381e-01   7.1854789e-02   4.5957237e-01   4.6795407e-01   1.8024754e+00   7.7825415e-01   8.5767382e-02   9.1485084e-01
   2.0000000e+00  -2.2809569e-01  -2.5736784e-01   1.3622689e+00  -1.8671883e-01  -1.9140944e+00   1.0374887e+00  -6.4566127e-01   2.8228356e-01  -1.3288283e+00  -4.8110239e-01   1.9128627e+00  -3.0523158e-01   1.1866528e+00  -5.2351933e-01   1.2548720e+00  -6.5467045e-01  -1.5423349e+00   4.0715420e-01
   2.0000000e+00   4.4527509e-01   9.8677547e-03  -1.6919153e+00  -8.6602107e-01   1.7928639e+00  -4.0200789e-02  -1.7752132e+00   4.2198702e-01  -1.1006093e+00   4.8983755e-01  -5.7539931e-01   2.1527977e-01  -1.4377176e-01   1.0087100e+00   1.1466023e+00   4.7077455e-01   9.2506173e-01  -7.5347153e-01
   2.0000000e+00  -1.5389669e+00   6.3148221e-01  -4.1650719e-01   1.5458491e-01  -9.0593371e-01   1.9128193e+00   3.7738923e-01  -7.0243455e-01   2.1435562e+00  -2.5391310e-01   9.4481480e-01   1.2787744e-01   3.3429785e-01  -4.3054574e-01   7.2609427e-01  -1.9925249e+00   1.9739950e-01   6.4855799e-01
   2.0000000e+00   2.1860318e+00   1.6439745e+00  -7.8686847e-01   6.7775338e-02  -9.0462812e-01  -2.2376168e+00   1.7139748e+00   7.6155379e-01   1.4054834e+00  -1.6526137e+00  -2.3013055e-01  -1.7314594e+00   1.1071888e+00  -9.2239081e-01   1.1609572e+00   8.7655591e-01  -2.7358497e-01   1.4855362e+00
   2.0000000e+00   1.5164146e-02  -8.9702336e-01  -2.1937627e-01  -5.6638873e-02  -4.4955101e-01   1.1863324e+00  -1.3493727e+00   7.3150786e-01   1.0903212e+00  -1.6923753e+00  -1.6881799e+00  -1.0268769e+00  -3.3600454e-01  -2.4025140e+00   4.5576460e-01  -2.1727092e-01  -1.4141206e+00   9.5960917e-01
   2.0000000e+00  -1.0458502e+00  -1.0412580e+00  -3.1068421e-01   2.3839405e-02  -1.7434784e+00  -5.0131272e-01  -1.2246021e+00   1.2722363e+00   9.8528166e-01  -1.3142992e+00  -6.8736744e-01  -1.3381904e+00  -2.5768275e+00   2.8161223e-01   1.5810403e-01  -3.7719671e-01   1.7996478e+00  -1.4408063e+00
   2.0000000e+00  -1.9016148e+00   1.1357806e+00   1.0294773e-01   1.7039088e-01  -5.7946762e-01   2.5659021e-01   1.8138128e-01  -1.4030880e+00   4.8698821e-02   1.8550913e+00  -8.2974423e-01  -1.1325692e+00  -2.2495769e-01   1.2136147e+00   1.2848204e+00  -1.5991652e+00  -2.6370162e+00   9.8289367e-02
   2.0000000e+00  -1.3492398e+00  -3.2781485e-01  -6.9331354e-01   6.0827145e-02  -1.9344659e+00   6.2014705e-01   6.2398194e-01  -2.8170898e-01  -1.2321378e-01  -3.7352414e-01   1.3030081e+00  -4.7614674e-02  -1.1513056e+00  -1.8131757e+00  -1.1222682e+00  -8.3570530e-01   1.1406447e+00  -6.7166297e-01
   2.0000000e+00  -4.8597314e-01  -1.2974452e+00  -2.8635432e-01   1.7160353e+00  -8.4222054e-01   3.1099979e-01  -3.3413264e-01  -3.6304215e-01   1.5983095e+00   1.2127890e-01   8.7166298e-01   3.0291948e-01   1.1785182e+00   3.3945942e-01   8.8796766e-01  -6.1163409e-01   5.5968490e-01   2.3814855e+00
   1.0000000e+00  -2.3717957e-01  -4.1698287e-01   1.4087714e+00   1.8887422e-01   1.4630494e+00   5.0056298e-01  -4.9021986e-01   2.6685977e-01   1.0646030e+00  -1.3151793e-01   6.7595913e-01   1.3240409e+00  -3.8634514e-01   5.6169907e-01   7.9695170e-01  -2.2377691e-01  -5.5412545e-01  -1.4215833e-01
   1.0000000e+00   7.5900716e-01   5.8708913e-01   1.4238378e+00  -2.8132336e+00   4.1514124e-01   7.2464629e-03  -1.0486867e+00  -1.7560126e-01   2.0462719e-01  -1.6271510e+00   1.1715185e+00  -6.5792288e-01   1.0323831e+00   2.9452202e-01   4.8913385e-01   2.0786493e-02   1.6652444e-01  -6.6551532e-01
   1.0000000e+00   1.1112260e+00   4.1267157e-01  -3.5334103e-01   1.7051446e-01   2.1428165e+00  -5.4566855e-02   1.2440319e+00   5.9396015e-02   7.1914173e-01  -1.7798017e-01   4.0295317e-01  -1.4617215e-01  -4.3538972e-02   3.4621667e-01   7.3825743e-01   1.2635049e-01  -1.5151479e-02  -1.9716195e-01
   2.0000000e+00  -8.2033978e-01   8.5667267e-01  -3.8144976e-01   2.1350846e-01   1.0499952e+00   7.5520066e-01   4.9885022e-02  -1.5448159e+00   1.0580495e+00  -1.3236014e+00  -1.7323624e+00   1.3965253e+00   1.6412219e-02  -1.7147199e+00  -2.9844602e-01  -1.6950281e-01   1.8558889e-02   2.3220196e+00
   2.0000000e+00  -1.4829367e+00   6.2783688e-01   1.1091357e+00   1.2184414e+00  -1.7490931e-01  -1.2353592e-01  -1.6710334e+00   5.6056612e-01  -3.9212255e-01  -2.0771009e+00   1.2776042e+00   9.7358930e-01   8.8629027e-01  -1.2862977e-01  -6.2814695e-01   2.6100713e-01   7.2516334e-01  -1.2718589e-01
   2.0000000e+00  -8.3545004e-01  -5.4607824e-01  -1.9080597e+00   2.0205614e+00  -9.7217855e-02  -9.1314318e-01   2.7442016e+00  -1.0673098e-01  -7.3713336e-01  -1.3847311e+00   1.1932816e-01  -3.0007367e-01   2.8085899e-01   1.5344068e+00   2.4442244e-01  -3.3184501e-01  -4.4446500e-01  -3.4430202e-01
   2.0000000e+00   2.3078605e-02  -2.0073164e+00   9.7266968e-01   2.3691899e-02  -1.3172888e+00   8.4670281e-01   1.1860430e+00  -2.9970673e-01  -1.0790778e+00   1.9582086e-01   9.4271927e-01   4.2880602e-01   7.8186234e-01  -9.7539215e-01   7.8192310e-01  -1.0998074e+00   6.0423606e-02  -9.0023881e-01
   2.0000000e+00  -1.9280388e-01  -7.5576822e-01  -1.6625489e+00  -9.8183326e-02  -4.7150825e-01   5.8312916e-02   3.7544925e-01  -2.0685245e+00   1.4338657e-01   5.3260791e-01  -1.7286561e+00   2.8383981e-01  -6.5278063e-01  -1.6971728e+00  -1.8467355e-01   1.2602509e+00   5.4710493e-01  -1.2328454e+00
   2.0000000e+00  -1.5055097e+00   1.0207259e+00  -3.4212963e-01   9.0736130e-01  -3.9480303e-03   1.3330950e+00  -8.5360178e-01  -1.2727866e+00  -2.3150997e+00  -1.0028251e+00   1.3497216e+00   1.0188885e+00   1.3021060e+00   7.5183570e-01  -8.3957035e-01  -3.3262506e-01  -2.2730865e-01  -5.8502568e-01
   1.0000000e+00   4.7752325e-01   6.5454628e-02   4.1671766e-01  -5.9144521e-01  -1.2947054e+00  -7.3801668e-01  -1.6663796e-02   1.1636092e+00  -2.2449312e-01   6.3957629e-01   1.3144793e-01   1.2421364e+00   8.6591702e-01   5.9270972e-02  -3.0326063e-01  -6.3037249e-01   4.8612865e-01  -1.4029962e+00
   1.0000000e+00   1.4794900e+00   4.8304526e-01   1.8367096e-01   1.7651946e+00  -4.0133047e-02  -2.9026153e-01  -5.8684250e-01  -1.0317108e+00  -6.3002764e-01   5.4162859e-01  -6.3717679e-01  -2.1643407e-01   9.5518467e-02   1.5286109e-01   2.8924328e-01  -1.0580077e-01  -5.7918908e-01  -7.1731285e-01
   1.0000000e+00   1.0229119e+00  -1.6396968e-01   1.7981431e-01   1.4630485e+00   1.0319655e+00   5.9498256e-01   1.0653883e+00  -3.6187315e-01  -1.0668176e-01  -8.9695139e-01  -1.0584460e+00  -2.2217250e-01  -1.7003666e+00   2.4565049e-01   4.1500308e-01   1.4212152e-01   2.0172944e-01  -3.9294261e-01
   1.0000000e+00  -1.5790994e+00   1.2647796e-01   2.2956347e-01   2.0724488e+00   5.8912189e-01   1.6209665e+00   9.9879632e-01  -1.2079671e-01   1.4498613e+00  -6.7708978e-01   1.9424038e-01   1.0632338e+00   9.7658948e-02   9.6533886e-01   2.2176347e-01  -3.9693997e-01  -6.3623578e-01   5.2567909e-01
   2.0000000e+00  -2.5867001e+00  -8.2823890e-02   4.6476155e-01   7.8115366e-01   8.6016307e-01   7.8558377e-01   3.8608116e-01   3.9456773e-01  -1.8524654e+00   1.1333537e+00  -4.7150074e-01  -9.2671779e-01   1.9682889e-01  -9.8673267e-01  -1.7695147e-01  -3.3394577e-01   1.0027996e-01  -7.9633583e-02
   2.0000000e+00   2.1595718e+00   1.3846186e+00   1.7543371e-01  -4.8971919e-01  -3.7173193e-01   2.1390182e-01  -5.7694651e-01   1.3376492e+00   1.5730170e-01   8.9141111e-01  -5.2079374e-01   1.8858036e+00   2.8691742e-01   5.3940170e-01   3.3163657e-01  -2.6133073e+00  -4.8268316e-01  -4.0610688e-01
   1.0000000e+00  -1.1373772e+00  -2.6543226e-01  -2.6366799e-01  -1.1871900e+00   8.0953792e-01   3.8862901e-01   5.3414269e-01   4.2517602e-01   6.7227236e-01   5.4360799e-02   2.4758567e+00  -2.3078346e-02  -9.6482588e-01   5.8812751e-01   1.3820361e+00   1.0079474e+00   1.7610193e+00  -5.2415282e-01
   2.0000000e+00  -4.5161584e-02   1.0769224e+00   6.8780311e-01  -4.7369798e-01   2.3186132e-01   1.7308207e+00   1.0668543e+00  -1.8219667e-01  -7.7325526e-01  -1.0220442e+00  -1.5844616e+00   6.2114626e-01  -6.5066739e-02   8.8308835e-01  -1.0730279e+00  -1.3869579e-01  -3.7808895e-03  -1.3862490e+00
   2.0000000e+00   1.9267630e+00   7.4048246e-01  -1.4304084e+00  -1.2307547e+00   7.7891826e-01  -6.9779824e-02  -1.9507616e-01  -1.1965785e+00   8.1655758e-01  -3.6974879e-01  -8.9484137e-01   1.4250046e+00  -3.2886164e-01  -6.7029645e-01   1.0683619e+00  -1.4122516e+00  -1.5617179e+00  -1.2010851e+00
   2.0000000e+00  -2.2163243e-01  -1.6186971e+00   1.2760619e+00  -1.1778523e+00  -6.7543544e-01  -2.7304283e-01   5.6270972e-01   1.0137388e+00  -6.1281047e-01  -1.0226602e+00   5.1549312e-01   1.5042287e+00  -6.5102804e-01   4.6031445e-01  -2.6304143e-01  -1.2247263e-01   1.2993245e+00   4.0152056e-01
   2.0000000e+00   1.6053343e+00   5.7513408e-01   9.7107127e-01  -1.2602204e+00  -1.1539931e+00   6.0888930e-01   2.2499312e-01  -1.9163450e-02   1.1679883e+00  -1.0786441e+00  -3.9103805e-01  -1.3914644e+00  -5.9811414e-01   8.3644167e-01   4.8036043e-01   9.3621638e-02  -1.2151287e+00   3.4627949e-01
   2.0000000e+00   7.7413234e-01   5.6224800e-01  -4.5377148e-01  -1.5959967e+00  -8.0445853e-01   5.3195832e-01  -1.6737192e+00  -1.0290707e-01   2.1428673e+00   1.8065192e-01  -6.4821633e-01  -2.0674326e-01   4.3037910e-01  -9.8006278e-01  -3.3826719e-01  -2.5863587e-01  -6.9049293e-01  -9.5065438e-01
   2.0000000e+00   7.8564662e-01   9.7814983e-01   2.8029564e-03  -5.7487338e-01   1.2536118e-01  -3.9884774e-01   8.3459554e-02  -5.9130255e-01   1.5174235e+00   9.8352408e-02  -8.5386890e-01  -4.3223896e-01   8.3897753e-01   4.2554264e-01   1.7001040e+00   4.7253299e-01   7.4640343e-01  -2.9263279e-01
   2.0000000e+00   3.3370343e-01  -1.3920268e-02  -3.0973919e-01  -1.0436778e+00  -2.6898480e-01  -5.6094646e-01  -1.5800036e+00  -1.0695974e+00   1.8544821e+00  -9.9290747e-03  -4.8874782e-01  -5.9393669e-01   5.1661861e-01  -2.8376902e-01  -8.1292822e-02   7.1188720e-02   1.5242641e+00  -9.4347517e-02
   2.0000000e+00   4.3836639e-01  -1.6453327e-01  -7.6109957e-01   1.9130602e+00  -4.0187010e-01  -1.8137399e-01   1.0642940e+00   4.2186178e-01  -8.4954221e-01   2.0086278e+00  -6.8969773e-01   1.9124569e+00  -1.3733705e-01  -5.4790415e-01  -6.2768707e-01  -3.0304900e-01   6.8526773e-01   1.0454302e+00
   2.0000000e+00   8.8949334e-01  -4.9414654e-01   8.0241359e-01  -4.5693899e-02   1.8552097e+00   1.5477312e+00  -9.0295024e-01   1.1492009e+00   4.3527928e-01  -2.0750466e-01  -8.0717408e-01   1.0478750e+00  -6.5686379e-01  -6.4063497e-02  -7.1176299e-01   3.0317794e-01   4.4710063e-01   6.9632772e-01
   2.0000000e+00   1.0523584e+00   3.3353447e-01   5.3218496e-01  -7.5711385e-01   8.1944310e-02  -3.7701249e-01   4.1455027e-01   2.3007202e-01   1.1910906e+00   5.0699240e-01  -1.4498585e+00  -7.8141223e-01  -1.5664112e+00  -7.9483526e-01   8.5009641e-01  -2.4513909e-01   9.0160510e-01   2.6349735e-01
   1.0000000e+00   9.9196876e-01  -3.4062537e-01  -5.1875774e-01  -1.9277599e+00  -2.5334501e+00  -1.0501694e+00   1.9443189e-02   4.0217737e-01   1.9340118e+00  -4.1099619e-01  -8.5635247e-01  -4.3888409e-01  -9.8871331e-01   3.3464461e-01   3.0553363e-01  -1.1968543e+00   6.6882937e-01   2.3355617e+00
   2.0000000e+00   9.0703632e-01  -1.1516420e+00   7.5402607e-01   4.5022585e-01   9.9784552e-02  -1.1301813e-01  -3.2121228e-01   1.5918740e+00  -2.4345750e+00  -5.6692870e-01  -1.2926253e+00  -1.3978421e+00   7.8928721e-01   2.8667513e-01   1.6832908e+00   3.9715558e-01  -2.2611458e-01  -3.1167462e-01
   2.0000000e+00  -3.7499239e-01   2.8525165e+00  -2.8261633e+00  -6.2259489e-01   1.8095015e+00  -1.1031882e+00  -7.6160364e-01  -1.2556558e-01   1.3243031e+00   1.3788645e+00  -1.4718420e+00   6.6039970e-01   3.9846310e-01  -1.7351230e+00  -1.0939412e+00   8.5503655e-01   3.5806572e-01   1.3324080e+00
   2.0000000e+00   2.0686031e-01  -8.2787229e-01   3.8364762e-01  -2.8204663e-01  -9.4817268e-01  -1.7946381e-01   1.2965912e+00  -5.8014878e-01  -1.8881264e+00  -8.7003671e-01   1.1204611e-01  -7.8317198e-01  -1.9846183e-01   1.9464634e+00   8.1386202e-01  -4.2263410e-01  -2.1969604e-01   9.7708423e-01
   2.0000000e+00   1.3334983e+00   7.5294722e-02  -2.6825059e-01  -7.4070611e-01  -5.2098474e-01   7.7107796e-01  -1.6145499e-01   1.2233016e-01  -8.0364199e-01  -1.3232669e+00   4.8517862e-01  -4.2591181e-01  -1.3527129e+00  -1.0920689e+00   1.8822345e-01   2.0271797e-01  -9.8084620e-01  -9.3037684e-01
   2.0000000e+00  -1.1617177e+00   1.6529290e+00   1.4433845e+00   1.0659719e+00   2.7412871e+00  -5.4892129e-01   4.6566465e-01   1.4144227e+00  -2.8968120e+00  -9.4473989e-01   5.3041833e-01   1.8459703e+00   1.3366281e+00   1.0153606e+00  -1.7348823e+00  -1.6846454e+00  -8.9182746e-01  -1.1834917e+00
   2.0000000e+00  -1.8276849e+00   8.4901200e-01  -9.4438028e-01  -1.5199691e+00  -1.5856379e+00   1.1697236e+00   3.3144780e-01  -1.1610344e+00  -1.1234997e+00  -1.4371708e+00  -1.2485752e-01  -1.0416697e+00   1.2821541e+00   1.9060665e+00   5.5615608e-01   1.8227390e+00   2.8468323e-01   1.8516686e+00
   2.0000000e+00  -8.6471129e-02   4.5395305e-01  -7.0581419e-01  -7.0148576e-01  -4.4139654e-01   2.7507719e-02  -1.4853709e-01  -1.9120929e-01   9.2995624e-01   1.6575416e+00  -1.7076026e-01  -1.7014664e+00   9.2061429e-01  -5.2851600e-01  -1.1637834e+00  -1.0579150e-01   1.4443708e-01   7.6218360e-02
   2.0000000e+00  -5.0605284e-01  -1.1288840e+00   4.8687843e-01  -1.2666273e-01   8.8570636e-01  -8.8824129e-01   1.9240323e+00   1.3412536e+00   1.1420619e+00  -8.4117723e-01  -4.0625944e-01   9.5485262e-01   1.3540267e-01  -7.8097566e-01  -3.2477445e-01   3.2089098e-01   3.2116260e-01   7.9385113e-02
   2.0000000e+00  -1.4637812e+00   1.1895860e+00   3.7557812e-01  -1.3277952e+00  -1.6397736e+00   6.1022063e-01  -1.2526173e+00   7.5196517e-01  -1.5322834e+00   2.0083505e-01  -1.0311199e+00  -2.2640060e-01  -1.9255325e+00   1.0210785e+00   7.0914248e-01  -2.7569548e+00  -4.6905499e-01   2.8547840e-01
   2.0000000e+00   2.3078186e-03  -9.9004692e-01   3.9955201e+00   2.3894042e-01   1.3409816e+00  -2.7071114e-01   1.5097551e+00  -6.8608021e-01  -2.6088883e+00   2.8213722e+00  -9.0453022e-01  -5.7606243e-02  -1.3110815e+00  -4.9785545e-01  -6.2148777e-01   1.6978149e+00  -2.0323880e+00   1.4853270e+00
   2.0000000e+00  -6.8508440e-02  -8.5189576e-01  -2.0919937e-01  -1.6809326e-01  -1.5736193e-03  -1.3614321e+00   1.5667545e+00   8.0418863e-01  -5.4260836e-01   1.3390492e+00  -5.2528185e-01  -1.4016571e+00  -5.9842286e-01  -2.5091568e-02  -5.1141627e-01   1.2107405e+00  -1.6076502e-01   1.1534041e+00
   2.0000000e+00  -7.5055986e-01   1.0408093e-01   1.5801804e+00  -7.4529748e-01  -7.5066037e-01   1.0319629e+00   4.1072484e-01  -7.4441779e-01  -6.4539123e-01  -8.1410258e-01   2.7176290e-01  -1.0143537e+00  -7.4990803e-01  -3.7368949e-01  -3.6872319e-01   3.4360526e-01   4.3215446e-01   4.2026711e-01
   2.0000000e+00  -3.9110738e-01  -1.7655546e+00  -2.2521623e-01   1.5764226e+00   6.4563827e-02   1.6409834e+00  -1.9512772e-01  -1.0890210e+00   1.5144522e+00  -6.4372209e-01  -1.5044243e+00  -5.1512695e-01   1.5729379e+00  -3.0686215e-01  -4.2423373e-01   9.3865303e-01  -8.1034289e-01  -1.1898353e+00
   2.0000000e+00   4.4293282e-02   1.0085779e+00  -4.3209400e-01  -4.3689456e-01   1.4028063e+00   4.2925016e-01  -5.5015769e-01  -7.6527723e-01  -1.4701650e-01  -1.0396146e-01   1.5759324e+00   1.7151549e+00   1.6600876e+00  -3.8445682e-02  -2.3390135e-01   2.1430321e-01   4.2553700e-01  -8.6086714e-01
   1.0000000e+00   5.1788746e-01   1.5166791e-02  -2.1718188e+00  -1.4802383e+00   8.6120539e-01  -1.1208295e-01  -9.7864559e-01  -4.5881418e-01   1.2833563e+00   1.2123820e+00  -1.3628372e+00   9.5188875e-01  -6.5891688e-01   4.6767368e-01  -1.4825145e+00  -7.0311753e-01   8.0952327e-01   1.3024231e+00
   2.0000000e+00   7.1022721e-01   5.0070006e-01   2.0558703e-01  -2.5191143e+00   3.4205531e-01   1.8600797e+00  -8.8020463e-02   1.6315314e+00  -5.2399120e-01  -6.4556044e-01   8.9278321e-01  -1.8777105e+00  -2.7341252e-01  -2.9909132e-01  -1.1468231e+00  -1.1214846e+00  -4.4293369e-01   3.1669348e-01
   2.0000000e+00  -1.8055768e+00  -1.6223661e+00   1.4431303e+00   3.9772144e-01  -1.3943478e-01   8.6362924e-01  -1.3432606e+00  -9.9819969e-01  -9.0711194e-01  -1.4219643e+00  -5.5385423e-02   1.8793350e-02   7.7599545e-01   6.0341458e-01   2.4860596e-01   1.1321950e+00   1.3086976e-01  -4.5146998e-01
   2.0000000e+00   4.3891644e-01  -7.0764734e-01   2.1984964e-01  -7.7412450e-01  -1.0504453e+00   6.3188092e-02   5.4826562e-02  -1.0804378e+00  -2.4347433e+00  -3.6790144e-01   1.6420899e+00   1.6577342e+00  -1.1846336e+00  -1.0142532e+00  -4.8038064e-01  -2.1172910e-01   1.9106811e-01  -1.1893565e+00
   2.0000000e+00   1.6581132e+00   7.5794069e-01  -5.9039387e-01   9.0341679e-01   5.0274636e-01   9.6846272e-01  -5.2640315e-01   1.3065686e+00   2.6581950e-01  -5.0116036e-01  -5.9658285e-01  -3.3318490e-01   1.6789405e+00  -2.5373035e-02   1.1804316e+00   1.6569331e+00  -2.4193310e-01  -5.7994538e-01
   2.0000000e+00   4.3499099e-01   2.9930319e+00  -1.8648299e+00   5.1578846e-01   7.6821376e-01  -9.2752259e-01   1.9318162e+00  -1.0898536e-02   1.4986985e-01   7.4437396e-01   2.6631716e-01   3.9503560e+00  -1.0166127e+00  -4.3947147e-01   2.5788539e-01   1.4853346e+00   3.4080653e-01   1.4783320e+00
   2.0000000e+00   1.9961425e-01   1.1431724e+00  -8.5764930e-01   1.0490824e+00  -7.9813466e-01   8.7351286e-01  -1.3262640e+00  -9.2478800e-01  -1.3407776e+00  -8.9171327e-01   2.5312271e-01   2.4302027e-01   1.0494579e+00  -1.0434325e+00  -5.3180670e-01   5.9932759e-01  -1.0208258e+00  -1.9135208e+00
   1.0000000e+00  -9.8750448e-01   4.9272124e-01   2.2746754e-02  -9.8857959e-01   5.4301120e-01  -3.8015628e-01  -1.0124944e+00   1.6465942e-01   5.8850094e-01  -2.4303492e+00   5.8207180e-01  -1.1254491e+00   1.5246078e+00   5.1798737e-01  -7.8241929e-01  -2.1881022e-01   4.0345927e-01   4.9233797e-01
   2.0000000e+00   1.5786934e+00  -2.9564104e-01   4.5910256e-01   1.5458647e-01   6.7132835e-01  -1.1974211e+00   7.1364741e-01   8.8869039e-02  -2.6855933e-01   1.5680204e+00  -1.8121127e+00   7.8461171e-01   1.9535041e-01  -1.9796804e+00  -1.2413157e-01  -8.7876646e-02  -6.3464466e-02  -2.8324453e-01
   2.0000000e+00   1.2057449e+00  -5.8602722e-01   1.0137195e+00   4.2486740e-01   1.1423602e+00  -1.0045514e+00  -1.3872700e+00  -1.7983384e-01  -3.1485547e-01  -6.1597846e-01   5.2673961e-01  -1.3035521e+00  -3.6385169e-01  -3.9304037e-02  -2.0594262e+00  -6.9809079e-02  -4.7667796e-01  -5.2604441e-01
   2.0000000e+00  -4.5149015e-01  -1.3015185e-01  -4.8652575e-01   1.2231857e+00   2.2763282e-01  -1.4843794e-01   2.1976962e-01  -3.2937619e-01   1.0856770e+00  -2.5287934e-01   5.1887540e-01   9.3209633e-01   4.0068776e-01  -3.9776718e-01   7.8309038e-01  -1.5578034e+00  -7.3309186e-01   1.6244589e-01
   1.0000000e+00  -6.1594471e-01  -1.5707772e-01  -3.3966855e-01   8.5319053e-01   5.4722283e-01   1.4915756e+00  -4.9416431e-01  -1.1463824e-02   3.2657132e-03   1.0222334e+00  -3.0405350e-01   7.7382231e-01  -1.6020958e+00   6.7727386e-01  -1.6635034e-01   4.0926590e-01  -6.7483539e-01   1.6056501e+00
   2.0000000e+00   1.7821791e+00  -8.1070461e-01  -1.2178229e+00  -7.2161977e-01   9.9499977e-01   6.8657417e-01   1.4827638e+00   1.4593654e+00   1.1563301e+00   1.4720032e-01   2.9403788e-01   1.2092021e+00  -1.3034285e+00  -5.0546962e-01   2.9016660e-01  -7.9389851e-01  -5.3404809e-02  -3.2147389e-01
   2.0000000e+00   6.8521881e-01  -7.3931346e-01  -1.1469379e-01  -8.6324586e-01   2.9330263e-01   1.3610554e+00  -1.2095327e+00   9.1444911e-01   1.1569645e+00   1.1220248e+00   5.7491042e-01  -9.6101762e-01   1.9774983e+00  -9.4437204e-01   2.4700815e-01   1.1148462e+00  -3.2118604e-01  -5.3793107e-01
   1.0000000e+00   9.3524546e-01  -7.9904706e-01   8.2731528e-01   4.9419090e-01   1.0082546e-01  -4.7343312e-01   1.9748845e+00   2.9778670e-02  -3.4142156e-01   1.4987791e-02  -8.1551423e-02   1.8468737e-01  -1.1647825e-01   2.9235561e-01  -1.7145540e+00  -1.7308414e+00  -1.9304965e+00   4.6368432e-01
   2.0000000e+00   4.9116801e-01  -9.3439753e-01   1.6170810e-01  -1.7631905e+00  -1.3499857e-01   3.8248479e-02   1.5956661e+00  -6.8942187e-02   1.2364380e+00  -7.6748550e-01   9.4775626e-01   1.7977561e-02   5.7440132e-01   5.2574648e-01  -1.4886563e+00  -9.6969976e-01   1.3542331e-01   1.5945765e+00
   2.0000000e+00   1.9801248e-01  -1.0785062e+00   9.4434726e-01  -1.6654046e-01  -6.4965921e-01   3.1888632e-01  -1.5270220e-01  -9.7719160e-03  -1.5022809e+00  -6.5628634e-01   9.1756785e-01   1.8175028e-01  -6.1240152e-01   7.5982528e-01  -5.8369059e-01   2.8628617e-01   1.7070920e+00   3.1310327e-01
   2.0000000e+00  -1.8874670e-01   1.9721109e+00  -1.7050476e-01   2.6383634e+00  -6.5619416e-01  -7.6041389e-01  -4.9130247e-01  -2.9711567e-01   8.6038406e-01   2.8776469e-01   6.2443223e-01   1.0399829e+00  -2.0069866e+00  -8.6570488e-01  -9.4131166e-01   2.4644305e-01  -8.3375607e-02  -2.3920517e+00
   2.0000000e+00  -1.3212840e+00   6.1590377e-01   3.8640262e-01  -6.2585266e-01  -1.3781981e-01   2.4580651e-04   9.3411298e-01  -5.2739375e-01  -7.7320857e-01   5.8012696e-02  -1.6018174e+00  -1.4899440e+00  -1.0801005e+00  -7.4564422e-01  -5.3106915e-01   3.2669908e-01  -5.9104809e-01   1.3432278e+00
   2.0000000e+00  -1.1003994e+00  -1.3020282e+00   9.4373941e-01  -6.1773487e-01  -1.0226181e-01   8.7371920e-01  -6.8475717e-01   1.6053631e+00   5.2324668e-01   8.9219714e-01  -4.6659503e-01   7.6134763e-01  -1.5358039e+00  -8.9346574e-02  -7.2974668e-01  -1.4523040e+00  -4.4794127e-01   9.0443274e-01
   2.0000000e+00   1.5790863e+00  -1.2835191e+00  -5.8779272e-01   8.0563113e-01   2.0600122e-01  -2.1090318e-01   8.6434353e-01  -2.3392625e+00  -6.5375493e-01  -8.2163801e-01  -1.1666854e+00   9.9726039e-01   1.2709999e+00  -5.6177422e-01   6.2021913e-01  -9.8162715e-02  -1.3530567e+00   1.7974573e+00
   1.0000000e+00   9.1537271e-02   2.8966656e-01  -3.2158697e-01  -2.6055364e-01  -5.4079190e-01   2.8377586e-02  -2.0420930e+00  -3.7534690e-01   1.3719942e+00   1.1842293e+00  -1.1515714e+00   8.6852626e-01  -6.7092218e-02   7.5269972e-01   1.7969907e-01   1.3491904e+00   1.2533385e+00  -1.3924637e+00
   1.0000000e+00   1.3870528e-01  -4.5094302e-01  -2.0526449e+00  -8.6205802e-01  -1.7790637e+00   9.6709288e-01  -2.1461601e-01   6.2765881e-01  -1.2759945e+00  -3.4674882e-01  -1.5866065e+00  -4.1079867e-01   1.4095971e+00   3.5767039e-03  -1.0914464e+00  -9.9716601e-01   9.8849481e-01  -4.0243527e-01
   2.0000000e+00  -3.9100118e-01   1.1776658e+00   1.1923827e+00   2.9172574e-01  -9.6293299e-01   1.8180078e+00  -2.6131963e-01  -6.5023255e-01  -1.0367138e+00  -5.3312091e-01   9.8235501e-01  -1.9023441e+00   4.7817875e-01   2.4240534e+00   1.1723256e+00   1.7964873e-01  -1.3032743e-01   2.3726319e+00
   2.0000000e+00  -9.9108900e-01   2.7575737e-01  -5.9164450e-01  -4.2091512e-01   1.6106215e+00   2.3544125e+00  -1.3648701e-01   1.6989783e+00  -5.4901127e-01  -8.4264812e-01  -1.9425590e+00   5.1624852e-02  -1.1984713e+00   2.1473433e-01   1.0698704e+00  -1.2922232e+00   1.6008853e+00  -7.1988912e-01
   2.0000000e+00   1.1257697e-01  -9.0667475e-01  -6.0278141e-01  -1.6668512e-01  -1.3836016e-01   1.1063035e+00  -6.8345736e-01  -8.6639257e-01   2.6074846e-01  -5.5758775e-01  -2.9983646e-01   2.3197878e-01  -2.3774559e+00   8.5626015e-01  -2.0145663e+00   6.9379007e-01   1.5056445e+00   2.1582584e+00
   2.0000000e+00  -8.7799713e-01   1.9009490e+00   6.4602137e-01  -1.7382084e+00   3.5884923e-01  -6.2246094e-01   5.5568560e-01  -1.6107014e-01   1.7025362e-01  -3.1344100e-01   1.5730395e+00  -2.3713147e+00   4.0094142e-01   1.0998614e+00   1.0937047e+00  -1.5572129e+00  -3.2863019e-01   1.0687420e+00
   1.0000000e+00  -1.5829640e-01   9.2908016e-01   4.5998835e-01  -2.3082707e+00   7.0598982e-02  -1.8846286e+00   7.7684197e-01  -2.5654297e-01  -4.6482826e-01  -7.7546982e-01  -6.1256579e-01  -5.3317905e-01   2.2602095e+00   3.0118550e-01  -8.3002831e-01   3.7344488e-01  -3.3044596e-01   1.3866868e+00
   2.0000000e+00  -4.5862531e-01  -1.5643801e-01  -4.5896257e-01   1.3581539e-01   3.4418794e-01  -3.8845288e-01   4.4779556e-01  -1.4610673e+00  -7.2740225e-03   9.0929264e-01  -1.5645314e+00   5.9974036e-01   3.5542736e-01  -2.3216484e+00   3.0157537e-01  -2.0439468e-01   9.6105546e-02   3.3409829e-02
   1.0000000e+00  -1.7214211e+00  -2.1658535e-01  -8.9393329e-01   7.6254269e-02  -2.4232670e+00   1.1112067e+00  -1.8499853e-03  -1.4609428e+00  -1.1128759e+00   4.5124131e-01   1.7753891e+00  -9.0570759e-01  -1.2564486e-01   1.8138264e-01  -1.3263990e+00  -5.4941843e-01  -1.6542305e+00  -8.0556601e-01
   2.0000000e+00  -1.1874766e+00   1.2208922e+00   7.8949857e-01  -4.1040583e-01   1.1759706e+00  -2.4154453e-01   1.2955222e+00   2.2988945e+00  -4.1499603e-01   5.7622611e-01   1.1434841e+00  -3.3207071e-01   4.1213039e-01  -1.1575421e+00  -1.8777935e+00  -1.1417072e+00  -2.4935092e-01  -6.7253471e-01
   2.0000000e+00  -5.9731571e-01   9.8694227e-01   6.8118965e-01  -2.1928151e+00   3.4601591e-01  -8.6983902e-01   1.7003215e+00  -2.3300331e+00  -6.2593369e-01  -1.4875558e+00  -6.4525688e-01  -1.0003720e+00   2.6253687e-01  -1.9247491e-01  -1.3894390e+00  -1.5605826e+00  -3.1993350e-01   1.6339087e-01
   2.0000000e+00  -2.2032569e+00  -1.9536182e+00   2.9973619e-01   3.8283522e-01  -1.8363624e+00   6.1571966e-02  -2.1136674e+00   1.1186811e+00  -8.2070027e-02   1.1483700e+00   1.5093435e+00   1.3867874e+00   1.4999477e+00   4.0522533e-01   8.3999305e-02   1.4273597e+00  -2.2465814e-01   1.1034637e+00
   2.0000000e+00   7.5468960e-01  -1.7048036e+00   1.4162221e+00  -4.8457139e-01   3.5021441e-02   3.8322636e-01   1.3840540e+00  -9.5763800e-01  -8.1712026e-01   2.6160593e+00  -4.4171455e-02  -1.7221180e-01   6.2207743e-01  -2.6556102e+00   5.9000860e-01   6.2510289e-01   1.8707107e+00  -5.2899978e-01
   2.0000000e+00   1.2765169e+00  -8.3924066e-02  -8.5863561e-02  -4.2969479e-01  -1.5241527e+00   1.0546931e-02  -8.8530364e-01   5.0835623e-01   1.9972525e+00   2.4774891e-01  -1.4209029e+00   8.4579118e-02  -2.8302110e-01  -2.5585016e-01  -1.0820205e+00   8.2856899e-01  -6.7425001e-01  -9.1110731e-01
   2.0000000e+00   5.5162598e-01  -1.3748547e+00  -1.4168557e+00  -3.5530509e+00   8.6041088e-01   2.0851717e-01   2.1812218e-01  -1.8901291e+00   7.1095185e-01  -3.4801437e-01  -2.4814537e-02   1.1117387e+00  -1.6860323e+00   7.4069675e-02   3.0717998e-01   1.7036611e+00   1.1445666e+00  -1.6826751e+00
   1.0000000e+00  -1.2109156e-01   3.7552008e-01  -2.1182738e+00  -7.8824256e-01   8.9768384e-02   1.3908090e-01  -5.8481338e-01  -1.7832676e+00  -4.2006257e-01   2.1776681e-01   6.9581416e-01  -6.5144750e-01  -1.1121039e+00   1.2882955e-01  -3.6572375e-01   1.0048446e+00  -5.3805204e-01  -1.2533007e+00
   1.0000000e+00   4.5446501e-02  -4.9997836e-01   1.2122363e-02   5.4829182e-01  -7.9885266e-01   4.3890796e-01   1.0649413e-01   6.0419067e-01  -2.5199208e-01   2.7739432e-01   8.6969583e-02   1.2572259e+00   8.3302839e-01   1.5872781e-01  -5.4372311e-01  -6.8512861e-01   2.5495682e-01   1.9955063e+00
   2.0000000e+00  -1.9168813e+00   7.3964935e-01  -1.1641947e+00  -5.3336085e-01   1.3866970e+00  -2.4798128e+00  -9.1448337e-01   4.4417151e-01   6.4718915e-01   5.3539490e-01  -1.7670716e+00  -4.1094622e-01   6.1437379e-01  -1.5523515e+00  -2.0187226e+00   8.5598391e-01   2.0528559e-01  -5.8597682e-01
   2.0000000e+00  -6.3524371e-01   9.8415356e-01   2.8628614e-01   1.2910839e+00  -6.1962624e-02  -3.9369108e-01  -1.6690852e+00  -8.8837261e-01  -6.2280486e-01  -9.5709420e-01  -4.6949241e-02   5.6510221e-01   9.6402969e-01   4.9562500e-01   3.1959913e-01  -8.4190504e-01  -8.6038339e-02   1.9395966e+00
   2.0000000e+00  -5.5926349e-01   8.5914459e-01   7.1183830e-01   3.3148881e-01   1.0718262e+00   5.6025884e-01   1.6116186e+00   7.0082044e-01  -9.6989989e-01   8.3078630e-01  -1.3634698e-01   9.4483108e-01   1.4049083e+00   8.8599087e-01  -2.2739017e+00  -4.7925513e-01   1.3876094e+00   1.1751920e+00
   2.0000000e+00  -8.2625058e-01   1.0384048e+00   1.8011696e+00   7.8486393e-01   2.4763150e-01   1.3329227e+00   7.1914609e-01  -1.3030783e+00   9.0700933e-01   2.1144455e+00  -3.8814471e-01   1.3908511e+00   1.1645760e-01  -1.0923970e+00  -2.3850872e-01   8.5889385e-01  -5.7735049e-01   4.3863407e-01
   2.0000000e+00   1.2538973e+00  -1.1192574e+00   1.1085934e+00  -3.7153391e-01   3.6968364e-01   1.3494620e+00   1.1535371e+00  -8.1362136e-01   2.1713868e+00  -9.5507109e-02  -9.3882123e-02   2.4607998e+00   1.2245273e+00  -1.2126552e+00  -1.1362707e-02   1.4072635e+00  -9.9767902e-01  -5.8348066e-01
   2.0000000e+00   1.0494657e+00   8.7660103e-02  -5.5732666e-01  -2.0990263e-01   5.0865852e-01   1.6605725e-01   6.1402441e-01  -9.7101594e-01   1.5464267e+00   2.1021613e+00  -1.0728542e+00  -5.3790039e-01  -7.5657600e-02  -1.1197695e-01   1.5084019e-01  -1.0271385e-01   8.8022632e-02   1.3796369e+00
   2.0000000e+00  -1.5781850e+00   7.2715391e-02  -1.8428913e-01  -1.3273020e+00  -1.3458297e+00   1.4537524e+00  -2.5044892e-01  -1.0181705e+00   7.7536373e-02  -1.1382337e+00  -1.0930592e+00  -1.9203746e-01  -2.2835066e-01  -1.5915935e+00  -2.4426982e+00   3.4413195e-01  -8.3892118e-01   1.1305382e+00
   1.0000000e+00   1.1593441e+00  -2.4196275e-01   1.1777848e+00  -2.0481003e+00   1.8658850e+00   7.4728291e-01   1.4632074e+00   1.2802219e+00  -3.1050746e-01  -3.0017148e-01  -6.4997823e-02  -7.0357480e-01   4.7002295e-01   3.7547398e-01   1.1906999e+00  -4.4641363e-01   6.2879405e-01  -4.6121829e-01
   2.0000000e+00   2.7886884e-01   3.3420527e-01  -1.0462915e+00   1.1313567e+00   5.6917989e-01  -8.9375941e-02  -5.4576111e-01  -5.6168660e-01   3.2104838e-01  -1.2165032e+00  -3.1450885e-03  -1.2298195e+00  -1.7604250e-01  -8.9855177e-01   3.9702571e-01  -9.1426262e-01   1.1475968e+00  -2.0370719e+00
   1.0000000e+00  -1.7520538e-01  -5.7632831e-01  -4.2576573e-01  -7.2652176e-01   7.2008688e-01   1.2165057e+00  -5.7098573e-01   5.7465283e-01  -2.0106053e-01   9.8915852e-01   2.6042827e-02   1.7463529e+00  -4.2806756e-01   4.7754322e-01  -1.5736848e-01  -1.5760940e+00  -1.6296103e+00   1.7753706e+00
   2.0000000e+00   2.6272981e+00   1.7220699e+00   6.7605067e-01   2.9510986e-01   4.1119577e-01  -1.0695649e+00  -9.8833140e-01   1.5171494e+00   9.9346103e-01   1.1397772e+00  -3.0345733e-01   3.0777534e-01   2.9858920e-01  -1.5145078e+00  -1.1378527e+00   1.8697877e-01  -9.2864209e-01  -5.9898253e-02
   2.0000000e+00   9.7058437e-01   1.6537393e+00  -7.0325057e-01   1.5968910e-01  -4.1878311e-01   2.5700428e-01  -1.4432556e+00   3.8838849e-01   9.5493757e-01   6.7456439e-01  -6.0531579e-01   8.3424857e-01  -9.3838855e-01   5.0609518e-01   2.2495186e+00  -9.5849872e-01   1.7968763e+00  -2.4991349e-01
   2.0000000e+00  -2.1466801e+00   1.3049862e+00   3.2650881e-02  -9.9566022e-01  -1.2454071e+00   1.1423288e+00   1.9023491e-01  -4.0121644e-01  -3.2356010e-01  -4.6781207e-01  -8.3821451e-01  -1.8273019e-01   8.0320906e-01  -8.4154362e-01  -5.9810677e-02   1.2314301e+00   2.4305215e+00  -6.1776897e-01
   2.0000000e+00  -9.1058715e-01  -1.5411048e-01   5.4503169e-01   2.2674729e+00   8.9377046e-01   4.4875717e-01  -1.3315919e+00  -7.1315256e-02  -9.2318230e-01  -1.4375685e+00   6.9936973e-01  -3.9775781e-01  -4.9549955e-02  -8.7849418e-01   4.4008929e-01   5.9996023e-01   3.1988622e-01  -1.3668083e-01
   2.0000000e+00   2.3911785e-01   1.8288183e+00   1.7857767e-01   1.7850796e-01   1.2286386e+00  -2.1751454e-01  -1.5652663e+00  -2.3637852e-01   8.8069424e-01   1.3545153e+00   7.7791366e-01  -2.0022460e+00  -4.1910012e-01  -7.9165487e-02   1.8969688e+00  -1.2728652e+00   4.5663181e-01   1.1089431e-01
   2.0000000e+00   4.0111702e-01  -1.4209293e-01   1.1686738e+00  -6.3652263e-01   1.2900940e+00   3.6332115e-01  -1.5034483e+00   7.5702961e-02  -1.0809295e+00   7.0006502e-01   3.9619347e-01   2.8257146e-01   2.6189676e-02   1.6017189e+00  -2.0429144e+00   4.3308514e-01  -5.2770577e-01   9.7745592e-01
   1.0000000e+00  -1.3848221e-01   3.2343285e-01   2.6286972e-01  -5.6288933e-03   3.8575817e-01  -8.7193272e-01   1.1702095e-01   8.2371362e-01   2.2069561e+00  -1.4248312e-01  -4.0027512e-01  -2.4093281e+00   7.3516817e-01   5.2100723e-01   1.1434473e+00   9.8527634e-01   9.9002264e-01   2.1806384e-01
   2.0000000e+00   1.5006524e-01   3.5729899e-01   5.1128485e-02   1.2887540e+00   1.5135754e+00  -8.8354780e-01   3.4871424e-01  -1.3161539e+00  -4.3710836e-01   3.0088811e-01  -1.1331420e-01  -7.3169244e-02  -5.4992253e-01  -2.2130678e-02  -6.8660444e-01   1.2699824e+00   4.1757921e-01  -1.2569759e+00
   2.0000000e+00  -3.4351421e-01  -3.6747859e-01   1.3826669e+00  -1.0289324e+00   2.0067486e+00   1.4576574e+00  -6.5522321e-01   1.7788931e+00   5.5505897e-01  -9.7443715e-02  -1.7429032e-01  -4.3782778e-01  -5.5975822e-01  -1.3130355e-01   1.9749996e-01   8.7584090e-01   1.8112974e-01   2.9059873e-01
   2.0000000e+00   1.0315752e-01  -1.2239577e+00  -4.0553460e-02  -1.1059401e+00  -9.6986061e-02   5.6010962e-02  -3.4510388e-01  -1.4508663e+00   4.9254435e-01   6.7766707e-01  -6.7820639e-01  -6.6142514e-01   5.0628296e-01  -9.3343003e-01   4.7125744e-01  -9.7269566e-01  -7.5149221e-02   1.6738967e-01
   2.0000000e+00  -1.2242524e+00   6.7598250e-01   5.2358946e-03  -7.9072877e-01   7.9243096e-01  -6.0466714e-01   6.8573193e-02   5.4672971e-01   5.7598192e-01  -2.0792186e+00  -3.1122914e-01  -1.2154480e+00   6.7779078e-01  -5.5503871e-02   8.4057006e-01   5.2915367e-01  -4.7872427e-01  -9.3625636e-01
   2.0000000e+00   4.4861698e-01  -2.1516469e-01  -1.0414595e+00  -1.0299371e-01   8.1703253e-01   1.9608376e+00   1.1047572e-01  -1.1643972e+00  -2.8796578e-01   3.6136111e-01  -1.1177247e+00  -7.2165155e-02  -7.0631848e-01   1.2160169e+00   6.9733738e-04  -2.0156844e+00  -1.8633918e+00   1.3778666e-01
   1.0000000e+00  -1.3327088e+00  -1.0277013e-01  -1.6870751e-01   9.7488010e-01   4.7957839e-01  -1.0762919e+00   3.9638833e-01  -3.5103881e-02   7.1016869e-01   8.1766910e-01   1.0100690e+00  -1.1977173e+00  -1.0695614e+00   7.0237649e-01   5.8714504e-01  -1.5515761e-01   5.9877782e-01  -2.3963992e-01
   2.0000000e+00   1.5974667e-01  -1.4957763e+00  -1.1522529e+00  -1.0522771e+00   1.1207151e+00  -8.8422573e-01   7.2890951e-02  -3.4865666e-01  -2.1348559e+00  -8.8954719e-01   3.4681536e-01   4.4339030e-01  -9.8361405e-01  -3.2728332e-01   1.7426542e+00   5.4117314e-02   7.2828849e-01   2.6719717e-01
   1.0000000e+00   7.4583502e-01  -3.1024260e-01   1.3361214e+00  -1.1631008e-02  -1.1177381e+00   5.7185490e-01   1.4876195e-01  -9.8025989e-01  -1.3263558e+00   3.6027354e-01   1.1733551e+00  -5.5100245e-01   1.1568026e-01   5.8927901e-01   8.8463000e-01  -8.8837625e-01   2.5961955e-01  -1.1204458e-01
   1.0000000e+00   9.5821107e-01   4.9483075e-01  -1.2691667e+00   8.1237949e-01  -4.1682241e-01   1.7907935e+00   3.6807476e-01   1.1397911e+00  -4.0376726e-01  -1.0770273e+00  -2.3625413e-01   2.0805708e-01  -1.7480686e-01   4.0046674e-01   1.0285857e+00  -1.2931755e+00   4.9596351e-01  -1.7939537e-01
   1.0000000e+00  -8.2061183e-01  -3.3213705e-02   8.5243393e-01   7.7622797e-01   1.4189800e+00   5.1087988e-01   3.6758230e-01   4.7103316e-01   9.7222560e-02  -8.7978485e-01   1.9938608e-01  -2.9837056e-01   4.3480220e-01   2.3794071e-02  -4.0819468e-01   6.1036876e-01  -1.6175157e+00   2.2786208e-01
   2.0000000e+00  -1.3245877e+00  -6.4056304e-01  -1.8173007e-01   5.9535440e-01   6.6499785e-01   4.0091665e-01  -5.9852993e-01  -8.1609250e-01   1.5706273e+00  -1.7272327e-01  -4.6472469e-02   9.8035406e-01  -1.3575818e-01  -1.1600522e+00  -8.9405529e-01  -4.5442655e-01   1.4665110e+00   5.8042939e-02
   2.0000000e+00  -1.1482895e+00   4.5598469e-01   5.6383050e-01   6.0994108e-01  -1.3433822e+00   7.3595758e-01   1.4314739e+00  -1.7477815e+00   8.6930855e-01   8.1472336e-01   1.6296857e+00  -5.8435599e-01   8.5538971e-02   2.7424867e+00  -5.1590598e-01  -9.9596839e-01  -1.1289740e+00   6.1831738e-01
   2.0000000e+00  -1.4967906e+00   9.8314307e-02  -2.0277614e-01   8.6991091e-01  -2.1766056e+00  -7.3991442e-01  -6.4555250e-01   9.9568062e-01  -5.7434073e-01   5.8297756e-02  -3.1974005e-01  -8.7841175e-01  -1.5718014e-01  -4.3352294e-02  -4.3470605e-01   1.0254108e+00  -9.5015615e-01   9.8959744e-01
   2.0000000e+00  -7.6353934e-01  -9.5110081e-02   8.2474566e-01   5.2255546e-01  -4.8767021e-01   9.4255776e-01   1.5530785e-01  -1.4234336e+00   6.2906102e-02   5.4352501e-01   3.8237359e-01   1.7744447e+00   7.6259637e-01  -1.0437685e+00  -2.9485493e+00   1.6313893e-01  -1.4907505e-02   1.3549958e+00
   2.0000000e+00  -8.8685757e-01  -1.0267534e+00   1.6441772e+00   6.7032691e-01  -1.2590855e+00  -5.4463273e-01   2.1355304e-01   1.2157134e+00  -9.9780162e-01   3.0245430e-01  -1.0284668e+00  -2.7356164e-01  -9.7011865e-01  -9.6653960e-01  -8.4011417e-01   1.3419473e-01   3.8029856e-01  -5.9033609e-01
   1.0000000e+00  -6.7797572e-02   2.3465128e-01   3.5976415e-01   2.7353600e-01  -7.1332716e-01  -5.9979324e-01   8.5915746e-01   5.2481651e-01   1.9718036e+00   1.6172431e+00   1.5322007e-01   3.4279323e-02   1.1244268e-01   6.1063206e-01   8.3437943e-01   1.5926522e+00   9.0751261e-01  -1.6371002e+00
   1.0000000e+00   1.0230653e+00   4.6959505e-01  -5.6474294e-01   6.7997245e-01   1.8576181e+00  -8.7740054e-01  -6.5372339e-01   2.4796436e-01  -4.2789611e-03  -5.6744950e-01   2.2903075e-01   2.3242149e-02  -1.5210656e-01   4.7784338e-01   3.8739597e-01   2.3732949e+00   1.6194933e+00   6.9451884e-01
   2.0000000e+00  -5.5255985e-01   8.7920119e-01  -8.1038458e-01   1.0041374e+00  -1.0600245e+00   6.5548346e-01  -2.1785608e+00   1.7429151e+00   7.2050861e-02  -6.5385374e-01   5.8467183e-02   3.0210290e-02  -1.4368546e-01  -5.5482152e-01   7.1276241e-01  -1.2586199e+00  -3.2527454e-01   4.2577254e-02
   2.0000000e+00   6.0972823e-01  -1.9586263e-02  -2.8862469e-01   3.3385388e-01   2.3124392e-01  -1.4058534e+00  -1.8246370e+00   1.4250822e+00   7.6974394e-01  -7.6414661e-02   5.4321690e-01   1.1502697e+00   2.8856903e-01  -1.2272287e+00  -6.2633729e-01  -1.2600505e+00   4.4047606e-01  -2.9537638e-01
   2.0000000e+00   7.3919111e-01   6.4737545e-01   9.8891705e-01  -2.0523181e+00   1.8022238e-01   2.2462018e+00   1.2717139e+00   1.1363579e+00   2.8636683e-01   2.7436109e+00  -1.1177997e+00  -7.9203241e-01  -1.2634709e+00   1.0553643e+00  -1.6606001e+00   2.9189983e-01  -7.2113802e-01   1.9822290e-01
   2.0000000e+00   4.3367383e-01   1.7469978e-01   1.4143002e-01   6.7076885e-01   1.5910625e-01  -2.3889937e-01  -1.6804811e-01  -1.8669893e-01  -1.4649170e+00  -1.3534920e-01   6.5554082e-02  -9.1973102e-01  -4.2077923e-01  -2.9459022e-01  -7.9803490e-01   1.3181156e+00  -5.8402371e-01   5.7883195e-01
   2.0000000e+00  -5.3814710e-01  -7.9936288e-01  -6.0006175e-01  -1.1559457e+00   3.9105910e-01  -8.5071772e-02  -3.2080144e-01  -6.0155240e-01   1.3431747e+00   7.5310809e-01   8.2623466e-02  -1.1393086e+00  -5.7088265e-01  -3.1433894e-01  -1.0274077e+00   5.9380016e-02   2.2803253e+00   2.1455222e-01
   2.0000000e+00  -2.9101786e-01   1.4400502e-01   1.0793732e+00  -8.0082931e-01  -1.7436587e-02  -2.7793996e-01   2.3084885e-01  -5.1900030e-01  -4.9806793e-01   1.7955185e-01  -1.6885755e-01   6.6816378e-01   9.3649206e-02   1.4370699e+00  -9.6847531e-01  -1.3661422e+00  -1.1558549e+00  -8.7047737e-01
   2.0000000e+00  -1.0932014e+00   4.8900595e-01  -1.4854636e-01   2.4121601e-02  -6.2876718e-01   3.3428994e-01  -8.5682216e-02   6.9736179e-01  -1.0347374e+00  -3.5122297e-01   8.9317246e-01   9.3347857e-01   5.4573538e-01  -2.4769984e-01  -1.0143333e+00  -4.8241419e-01   2.3560038e-01  -1.1111524e+00
   2.0000000e+00  -8.0295414e-02  -1.5410343e+00  -4.5562557e-01  -3.8182747e-01   8.1746734e-01  -2.7439667e-01  -1.6139468e-01  -8.8410825e-01  -1.5179952e+00   7.6738611e-02  -1.2784278e+00   4.0253443e-01   6.7414923e-01   2.1130264e+00   2.8149571e+00  -6.0437532e-02  -2.8957325e-01   1.0166083e-01
   2.0000000e+00   4.7153536e-01  -1.4782887e+00  -4.9241733e-01  -1.2214179e+00   7.6154816e-01   8.9152421e-01   2.7065772e-01  -3.1348832e-02   1.0828123e+00   2.2703595e-01   1.8399030e-01  -1.4622472e+00   8.1650349e-01   5.5345890e-01  -4.3020174e-01   6.6434533e-01  -5.8889321e-01  -3.8818408e-01
   2.0000000e+00  -5.6607811e-01   4.4489191e-01  -2.2435615e+00   6.8053532e-01  -2.3422982e-01   1.0633971e+00  -8.6835661e-01  -2.9600878e-02   1.0667652e+00   1.8615759e+00  -6.9228867e-01   3.9332836e-01  -4.4743362e-01  -4.6123033e-01  -5.0370702e-01   2.9539442e-01  -7.0434752e-01   7.5358607e-01
   2.0000000e+00  -8.3504479e-01   6.9525505e-01   3.4636420e-01   2.7027057e-01   1.4897081e-01   6.9936201e-01   3.7876294e-01   9.0908739e-01   5.1297189e-01   1.0712877e+00   3.0406057e-02  -1.2989509e-01   1.3030097e+00  -8.7013689e-01   2.8625792e-01   4.6987644e-01   1.1677453e+00  -9.4864658e-01
   2.0000000e+00   3.3840409e-01  -5.4887821e-02  -3.0056423e-01  -1.6019359e+00  -1.0219481e-02  -5.6858579e-01  -2.4846818e-01   3.3239741e-01   9.0540975e-01  -7.0251197e-01  -8.3189062e-01  -1.0972712e-01   6.0177230e-01  -8.4929221e-02  -1.9116125e+00   1.2404346e+00   1.1827314e+00   1.3189367e+00
   2.0000000e+00   1.0332820e+00  -1.4083224e+00   1.5223258e+00   5.8468743e-01   4.4838476e-02  -1.5439423e+00  -2.7200760e-01   7.6834214e-01  -2.3567183e-01   1.8121579e+00  -1.6068041e-01  -1.6485778e+00  -6.7073515e-01   7.7828456e-01   6.0140884e-01   1.3889589e+00   5.7432143e-01   9.1316312e-01
   2.0000000e+00   8.5456078e-01   1.2535571e+00   6.4392039e-01  -8.9570704e-01  -2.7060318e-01   6.8963050e-01  -1.8384105e+00  -2.5979080e+00  -2.5348837e+00  -4.2837532e-01   1.0724810e-01  -1.6083984e+00   5.7882566e-01   3.1484073e-01   5.9102850e-02  -4.5465376e-01  -1.8531089e+00   1.0077233e+00
   1.0000000e+00  -6.9899921e-01  -1.7551086e-01  -5.9272472e-01  -1.7736623e+00   3.8176614e-02   1.4323219e+00   2.4937037e+00  -5.7982503e-01  -8.1303231e-01   6.1031731e-01   4.6242547e-01  -1.4905487e-01  -1.2996435e+00   4.5971785e-02  -1.9364619e+00   2.0620062e-01  -4.3831593e-01  -8.7135540e-01
   2.0000000e+00   5.6853400e-01  -2.0854117e+00  -8.0889296e-01   7.6239658e-01  -1.0837180e-02  -1.1650834e+00   4.8046094e-01  -3.2365831e-01   9.2021858e-02  -1.7243091e+00   1.3010308e-02  -6.3720057e-01  -1.0493883e+00   1.2030057e+00   1.4963035e+00  -2.2701500e-01   6.9700689e-01   2.0406957e+00
   2.0000000e+00   1.7940266e+00   1.3606904e+00   5.7540908e-01   1.1250359e-01   8.4791019e-01   1.2152359e-01   1.4880838e-01   3.0039249e-01   7.0579811e-01  -8.7089595e-01  -5.5851256e-01   7.0761055e-01  -2.7214011e-01   1.0710826e+00  -9.0934169e-02   4.1255988e-01  -8.6781403e-01  -1.5256434e+00
   2.0000000e+00   2.0484530e+00  -1.7775054e-02  -5.8002330e-01  -2.0734815e+00  -1.0432065e+00  -3.8520838e-01   1.5394669e+00   3.7528217e-01  -2.5995952e-01   2.7571745e-01  -4.6337231e-01   5.5835535e-01  -1.4499175e+00  -6.9344242e-01  -7.8216421e-01  -8.5967660e-01  -6.4114857e-01  -2.4338947e+00
   2.0000000e+00   6.2387934e-01  -1.2250721e+00  -1.5435934e+00   1.8550546e-01  -6.6325494e-01  -7.6555791e-01   4.2122265e-01   1.0902949e+00   8.4391556e-02  -4.7759147e-02   1.3034980e+00  -8.1719176e-01   9.2857834e-01  -3.2024944e-01  -6.8414226e-01  -1.1996284e+00   1.1331908e-01   1.6653431e-01
   2.0000000e+00   1.1889882e+00   4.6672704e-01   1.1764762e+00   8.2939078e-02   7.4341361e-01  -1.1873255e+00  -7.9137359e-01   2.0519646e+00  -6.1670157e-01  -2.4166417e+00   5.5793415e-01   1.7763872e-01   9.7454367e-01  -4.5405372e-01  -6.8333150e-01  -7.0109639e-01   1.2666267e+00   4.4043759e-01
   2.0000000e+00   3.3949965e-01   1.0652433e+00   1.5846880e-01  -1.7456132e+00  -7.7344418e-01   2.8148977e-01   1.1725240e+00   9.3468485e-01   2.5294412e+00  -9.4985788e-01   4.1399429e-01  -5.7563478e-01   1.3546756e-02   2.0941439e+00   7.0390129e-01  -1.3397914e+00  -1.8599019e+00   7.3572448e-01
   2.0000000e+00   7.3792950e-02  -6.6138856e-01  -6.5992434e-02   9.1484143e-02   2.3889729e-01  -8.5119504e-01  -4.5816450e-01  -3.8157865e-01  -1.6643762e+00   1.0339656e+00   1.8227223e+00   3.4963711e-01   6.7588175e-01  -2.6856377e-01   1.1993514e+00   8.5399896e-01   4.1764132e-01  -7.1755029e-02
   2.0000000e+00   4.0582226e-01   5.1636838e-01  -9.8797886e-02   6.5743198e-01   1.8641666e-01  -8.1798625e-01  -9.7989565e-01   2.1067772e+00   3.6257470e-01  -6.4018760e-01   2.5223650e-01  -1.3499815e+00  -4.0286800e-01  -4.6273532e-01   8.0048145e-01   4.2299015e-01  -8.0223511e-01   7.1636258e-01
   2.0000000e+00  -8.4848999e-01   8.6581285e-01   1.0320691e+00   3.3834668e+00  -1.1146315e+00   1.2342522e+00   2.2830285e+00   1.8761957e+00  -2.7789432e-01  -9.3359974e-02   6.2099889e-01   6.0726236e-01   6.8632595e-01  -9.3656870e-01   5.1165719e-01  -1.2699754e+00   1.1227211e+00  -1.1401641e+00
   2.0000000e+00   1.5286096e+00   9.6702985e-01  -7.8416720e-01   1.1455380e+00  -1.6810810e+00  -6.8218316e-01   2.6216268e-01   5.7282551e-02  -9.5900522e-02  -3.0406954e+00  -1.1622458e+00   1.3957967e-01  -9.3412852e-01  -8.0901755e-01   1.4647484e-01  -5.7848356e-02   4.8696533e-01  -1.0807012e-01
   2.0000000e+00  -5.8504153e-01   5.3909119e-01   1.2315658e-01  -7.5080100e-01  -4.5918657e-01  -1.3188510e+00   8.9396764e-01  -3.9337318e-01  -1.0476981e+00  -1.3403606e+00  -3.7758970e-01   1.0086335e+00   3.3432816e-01  -1.8385010e+00  -3.6791614e-03  -9.1338103e-01   9.3668223e-02  -9.5678665e-01
   1.0000000e+00   4.5664607e-01   2.3256738e-01   2.0857019e-01  -5.1269132e-01  -9.9197514e-01   1.0574325e+00  -1.5320243e+00   4.5224749e-02  -9.0144986e-02   1.4981338e+00   2.1150836e+00  -9.9527829e-01   2.1298694e+00   5.3924075e-01  -8.4885810e-01  -1.2389675e-01   2.7938306e-01   4.4051269e-01
   2.0000000e+00  -1.0784157e+00  -5.5821365e-01   1.1309821e+00  -1.7530308e+00   1.2943593e-01   2.0144725e-01  -1.3040753e+00  -1.2237085e+00   3.9593200e-01  -3.1001612e-01   1.0984272e+00  -6.8727363e-01   6.0680537e-01  -1.7168181e+00   1.5162503e+00  -1.4516096e-01   2.1953735e+00   3.1477969e-01
   1.0000000e+00   5.1862419e-01  -9.3183029e-01   3.3877477e-02   5.2478196e-01   5.9748915e-01  -1.6963126e+00   5.8917322e-01   1.0471407e+00  -9.2211736e-02   7.5564309e-01  -7.1781871e-01   1.1800830e+00  -1.0137119e+00   1.3763213e-01   6.0511407e-01  -1.6775287e+00  -1.7214251e+00   1.6543414e+00
   2.0000000e+00  -1.7057924e-01   3.3979351e-01   3.8071033e-01   1.7674905e+00   1.7851482e+00  -1.9602926e+00   4.3361161e-01  -2.1052897e-01  -1.7260611e+00   2.8063257e-01   5.1253162e-02  -1.1688400e+00   2.4156594e-01  -4.9734112e-02   1.2322503e-01   1.0673197e-01   1.6615505e-02  -1.0338512e+00
   2.0000000e+00   6.8576870e-01  -9.0379076e-01   3.1922695e-01  -8.8635245e-01   6.9991522e-01   4.1903206e-01   1.0579244e+00   3.7745068e-02   1.1281495e+00  -1.8431412e+00  -1.3205519e+00  -3.3208727e-01  -1.4776130e+00  -5.9327302e-01   1.4334418e+00  -1.3887604e+00   7.8358639e-01  -1.0391258e+00
   2.0000000e+00  -4.9143379e-01  -4.5461880e-01  -2.4157561e-01  -4.2642178e-01   1.7380726e+00  -2.1475351e-01  -1.9392688e-01   1.4166547e+00  -2.2735088e+00   8.6453603e-01  -1.0556802e+00   2.0512577e-01   2.3927242e+00   1.1241618e+00   3.8298020e-02   6.3208050e-01   8.8258338e-01  -1.2894146e+00
   2.0000000e+00  -1.2341687e+00  -3.5567511e-01  -1.9368702e+00  -1.4348023e+00  -3.3913708e-01  -2.8125251e-01   4.9543339e-01   6.5617082e-01  -8.6204911e-01   1.6272993e-01   4.0661603e-01  -6.4328090e-01  -3.1606560e-02  -2.6331351e+00  -3.7720152e-01   4.8338289e-01   2.2798682e-01  -1.1408235e+00
   2.0000000e+00   4.2790007e-01   1.8684623e-02  -4.5350035e-01   1.0515915e-01   2.4901615e-01   9.6140534e-01  -8.0591538e-01   1.8920761e-01   9.8422814e-01   3.0576858e-01  -5.4825751e-01   6.3874613e-01  -5.5227986e-01  -1.3418403e+00   5.8678587e-01  -2.0709387e-01  -1.3054330e+00   2.4606209e-01
   2.0000000e+00   9.9434507e-01   1.0573069e+00  -1.1788689e-01   2.7677535e-01  -2.6629131e-01  -4.2228672e-01  -5.3121435e-01   2.3089758e+00   4.7168116e-01   2.7073087e-01   6.5707351e-02   1.8818177e+00   1.3580673e+00  -2.9046875e-01  -3.3356620e-01   3.9239193e-01   1.7775789e+00   8.3800793e-01
   2.0000000e+00  -9.6091535e-01   1.2882773e+00   1.1416354e+00   1.1388912e+00   7.3789220e-01   5.1313191e-01  -4.0698889e-01  -8.9319161e-01  -8.0657371e-02  -1.2609407e+00  -1.1210948e+00  -6.4689318e-01   3.9513816e-01   1.3759955e+00  -8.9707786e-01   2.4680188e-01  -7.4314695e-01   4.3608406e-01
   2.0000000e+00  -9.1278836e-01   4.6999083e-01   1.3683773e+00   2.2144669e-02  -7.4269874e-01   1.0399065e+00   1.3464250e+00   1.2564730e+00   5.7924779e-01   1.2056836e+00  -5.5982513e-01   9.8335798e-02   1.0711096e+00  -3.5286624e-01   1.0560195e+00  -1.0602842e-01  -1.5227714e-01   1.8657259e+00
   2.0000000e+00  -2.2736105e+00   6.5116586e-01   1.5268881e+00  -1.0202078e-01  -5.7693456e-01  -1.0718864e-01  -5.4812176e-01  -3.6893419e-01   1.4669048e+00  -1.2893130e-01  -7.5699777e-01   2.0584900e+00   2.9012035e+00  -7.6588311e-01   1.7195479e-01   1.2898024e-02  -8.6047745e-01   6.6978491e-01
   2.0000000e+00  -3.4345182e-01  -1.1620298e+00  -7.8669385e-01   1.4857696e+00  -2.9631504e-01   7.1754458e-01  -1.0605880e-01   1.2468675e+00  -3.9935845e-01   2.2735963e-01   6.2255963e-01  -9.4984985e-01   8.5838436e-02  -7.6589023e-01  -1.4519923e+00   2.9897607e-01  -1.3538654e+00  -4.4855533e-02
   2.0000000e+00   3.1882369e-02  -1.1212485e+00   1.1097713e+00  -2.8419887e-01  -1.1339342e+00  -6.4742991e-01  -1.6445028e+00  -6.4978116e-01   9.4472202e-01   3.7556426e-01   8.1926242e-01  -1.9330757e+00  -4.5515359e-01  -9.1843565e-01  -1.8549814e-01   1.6042326e+00  -5.3181972e-02  -1.0189959e+00
   2.0000000e+00   9.2389244e-01  -1.2857041e-01   1.1184183e+00   5.1613420e-01   4.7929809e-01  -2.5556615e-01  -1.2397661e-01  -1.7447240e+00   1.6800849e+00   3.3849595e-01   2.8872740e-02  -3.9708110e-01   2.7015781e-02  -4.5756815e-01  -1.2252813e+00   5.4099845e-01  -1.6962386e-01  -7.2624767e-01
   2.0000000e+00  -1.0283168e+00   2.3651177e-01  -1.0991956e+00   9.3519311e-01  -2.1523592e+00  -1.4603363e+00  -1.1868269e+00  -1.2079902e+00   3.4754402e-02   4.5254645e-01   1.5553195e+00  -3.4286120e-01   1.3280175e-01  -5.4975940e-01  -7.2688274e-01  -1.3498837e+00  -3.1943311e-01  -7.7368147e-01
   2.0000000e+00   1.0045546e+00   1.3935170e+00  -7.5069643e-01   2.9337951e-01  -1.5392749e+00  -3.7294861e-01   8.6641129e-02  -1.6231189e+00  -2.1522191e-01  -2.8049816e-01   1.0096638e+00  -1.6740737e+00  -5.1147963e-01   1.1171299e+00  -1.7134416e+00  -2.6626540e-02   1.6497525e+00   8.7477624e-01
   2.0000000e+00   1.3311712e+00  -1.2800880e+00  -1.4816797e-01  -3.5632449e-01  -8.6717174e-01   1.6519489e+00   1.2347954e+00   2.3219328e-02   1.2577545e+00  -1.0728053e-01  -6.5402676e-01  -8.8962759e-02   9.6044179e-01   8.1553134e-02  -1.0608776e-01  -2.9537496e-01   7.2812500e-01  -6.7237660e-01
   2.0000000e+00   1.0003753e+00  -1.2446924e+00   2.5300519e-01   1.0204974e+00  -4.2468405e-01   9.1482183e-03  -6.0685191e-01  -6.0904970e-01  -5.1161088e-01   1.0813544e+00   1.8722921e-01   6.1242375e-01  -7.5794193e-01   1.9056140e+00   6.0158377e-01   4.2441096e-01  -1.0411243e+00   1.0909543e+00
   2.0000000e+00  -3.6243551e-01  -1.5376671e+00   3.5486100e-01   6.5005377e-02  -1.1998453e+00   1.1219285e+00   9.2368055e-01  -2.2576811e+00   1.2296794e-01  -6.3279960e-01  -5.2555197e-01  -1.5933758e+00   6.7719389e-02   8.0259706e-01  -9.0314346e-01  -2.3897255e-02  -2.2160203e-01   6.3094213e-01
   1.0000000e+00   8.1944964e-01   4.5473672e-01  -1.5482708e+00   9.3219953e-01  -2.1514618e-01  -5.9737761e-01  -1.4896587e+00  -8.3248959e-01   1.4106553e+00  -1.0100843e+00  -4.3158456e-01   1.7852160e+00   6.6693960e-01   5.2736146e-01  -1.5607865e+00  -1.7336236e+00  -1.1754209e+00   4.3786761e-01
   2.0000000e+00  -3.9286579e-02  -1.8247127e+00   2.3572553e+00   6.8387503e-01   6.1738265e-01   4.0989548e-01   9.7157298e-01  -1.4328399e+00   1.4523664e-02   1.1470371e+00   4.1369318e-01  -4.0608359e-01  -8.2363104e-01  -7.5762022e-01   9.6075159e-01   1.9723965e+00  -1.0776550e+00  -1.3004305e+00
   2.0000000e+00  -1.9726869e-01  -3.6711505e-01   1.9000878e+00   1.0695841e+00  -1.2610399e+00  -1.4148543e-01  -1.2757440e+00   1.5556756e+00   8.1309690e-01   2.1031588e+00  -1.2067465e-01  -5.4673088e-01   3.6639472e-01  -2.8346393e-01  -2.5170908e-01  -2.6830092e+00   9.6043999e-01  -1.7622788e-01
   2.0000000e+00   5.0104051e-01  -4.9123219e-02  -6.0370316e-01   2.0828522e+00   8.4875138e-01  -4.3405369e-02  -4.1781333e-01  -1.2751530e+00   2.2742369e-01  -1.8221238e-01  -2.2003853e-01  -4.0688313e-01   1.5417105e+00  -7.6065500e-01   1.4669890e-02   1.9079946e+00  -1.7934134e+00  -7.0065560e-01
   1.0000000e+00   5.6498048e-01  -3.4703339e-01  -2.4486318e-01   1.3890627e+00   2.1909719e+00  -8.7476974e-01  -1.4305284e+00  -1.5437466e-01  -1.7743690e-01  -2.0228003e-01  -8.7089288e-01  -9.5021093e-01   9.7103525e-01   4.3303663e-01   2.2058330e-01   1.3743376e+00  -4.4081696e-01   8.3813856e-02
   2.0000000e+00  -1.8779429e+00  -9.5753577e-01   8.6163686e-01  -1.3819157e-01   1.8519712e+00   5.7792550e-01  -1.8910130e-01   1.0912011e-02  -1.9712978e+00  -4.2979148e-02  -9.7143361e-01   2.1150992e-01  -4.5939831e-01  -2.2877354e+00   1.3969132e-01  -8.9207397e-02   2.2739475e+00   1.3239887e+00
   2.0000000e+00   1.7343272e-01   3.1340520e-01   3.6557179e-01   5.4818912e-01  -9.2337035e-01   1.8300002e-01  -1.9413582e-01   1.1583951e-01   5.9349303e-01   5.4894983e-01   2.2599194e+00   3.9791985e-01   6.1453835e-01  -4.3962175e-01  -5.5091970e-01  -7.4732510e-01   1.9392997e+00  -1.1681818e+00
   2.0000000e+00  -7.0192147e-01   7.4400257e-02  -2.3837958e-01   8.8750914e-01  -4.2517413e-01   6.8963969e-01  -1.0596272e+00   2.7650313e-01  -6.7218739e-01   2.6564576e-01  -2.5369460e-01   1.2307202e-01  -1.2316650e+00  -7.1818762e-01  -3.9849671e-01   4.8378976e-01  -3.5341420e-01  -5.2846298e-01
   2.0000000e+00  -9.9375550e-01   1.0057671e+00   1.0394486e+00   4.4775234e-01   6.6619871e-01  -2.8465124e-01   6.8965533e-01   1.1449216e+00   1.4191382e-01  -2.2567958e-02   1.4237279e+00  -1.6271086e-01  -3.1765428e-01   3.2125611e+00   2.3980015e-01   3.3457290e-02   2.5764447e-01   2.4356628e+00
   2.0000000e+00  -1.4952358e+00   2.3348698e+00   1.4768662e+00  -1.3785524e+00  -3.6991128e-01   2.0046228e+00  -1.2526266e+00  -3.4076193e-01   4.7278372e-01  -1.0684519e+00   8.6939241e-02  -2.9743394e-01   1.9451683e+00  -1.5476789e+00  -1.0520821e-02   1.1516534e+00   7.8944311e-02  -1.1081741e+00
   2.0000000e+00  -3.4825609e-02   6.8595051e-01  -1.7383289e+00  -1.0356176e+00  -1.3985936e+00   1.4527440e+00   1.6211036e+00  -3.2346648e-01  -8.9726836e-01   6.6290516e-01  -5.4236004e-01  -2.7996851e-01   4.8883109e-01  -3.7660361e-01  -1.2602461e+00  -1.1733953e+00   1.5431207e+00   1.0572165e+00
   2.0000000e+00  -3.0930286e-01   4.9164794e-01   3.6670170e-01  -1.4984665e+00  -4.4168366e-01   3.0241018e-01  -2.1503580e+00  -1.6223000e+00   1.6593820e+00  -4.2318894e-01   2.4235713e-01  -1.8426535e+00  -1.2507994e+00   1.6214347e+00   1.2909420e+00   1.6397379e-01   6.4772337e-01  -1.7015836e+00
   2.0000000e+00   1.5501417e-01  -1.0493428e+00  -2.7965107e-01  -7.3201124e-02   4.1614898e-01  -1.2626947e+00  -1.6977047e+00  -1.3487973e+00   4.2115368e-01  -9.0168946e-01   4.1137828e-01   6.6830656e-01  -1.7074934e-01   8.4218615e-02  -4.3184158e-01  -3.9658964e-03   1.0073867e+00   3.2129908e-01
   2.0000000e+00  -1.5466869e+00  -1.2525832e+00   1.1562014e+00   1.5394076e+00   5.8605004e-01   1.0057576e+00  -8.1559342e-01  -3.3019982e-01   7.7250306e-01  -1.4338186e-01   3.4500103e-01  -1.1518401e+00   6.4276750e-01  -2.0969175e+00  -6.4974357e-01  -3.5915994e-01   1.1641005e+00   1.8862278e+00
   2.0000000e+00   2.2520412e+00   7.6996248e-02  -6.4797041e-01   3.6441600e-01   1.3746736e-02   2.5650632e+00   1.1068430e+00  -5.9888456e-01  -1.6399085e+00   5.6848969e-01  -1.4984624e+00  -1.2871764e+00  -1.4321472e+00  -2.7486745e-01  -1.2279584e+00  -5.7567589e-01  -3.5419574e+00  -9.3173053e-01
   2.0000000e+00  -3.8857124e-01   1.8548317e-01  -1.5253209e-01  -1.8603474e+00   5.8498015e-01  -4.2415935e-01   3.7304723e-02   2.6131360e-01  -8.5136718e-01  -9.3117880e-01  -1.3116784e+00   6.4741870e-01   1.3736120e-01   2.2499214e+00  -1.6206236e+00  -4.2443896e-02  -1.0872639e+00  -3.1516179e-01
   2.0000000e+00  -1.2607357e-02  -1.1357806e+00  -5.3368740e-01  -8.7958251e-01  -2.7109900e-01   8.8253229e-01   1.4339643e+00  -5.9243424e-02   2.0151805e-01  -7.2817861e-01   9.0838649e-01   2.3177506e-01  -5.1883512e-01   6.1474002e-01   1.5572148e+00  -1.8689926e+00  -1.3135138e+00   7.5218349e-03
   2.0000000e+00  -3.4647217e-01   1.7124677e+00  -9.5189561e-01  -5.1883862e-01  -6.1795037e-01  -4.5550532e-01   1.2494396e+00  -4.2492690e-01   4.9108253e-01   1.3386778e+00   7.1178207e-01   3.5292244e-01  -1.3122452e+00   2.1049564e+00  -1.3638064e+00  -5.9817466e-02  -1.2227597e+00  -8.2699605e-01
   2.0000000e+00   5.1839059e-03  -1.0018973e+00   3.6956614e-01   2.5525607e-01   1.4642645e-01   1.2791682e+00   2.7413526e-01   2.0023233e+00  -1.4788956e+00  -1.5695801e+00  -9.6034537e-01   4.7117750e-01   2.5218399e-01   1.0779059e+00   5.8768744e-01   2.2267733e+00   2.0767474e+00   1.9840307e+00
   2.0000000e+00   5.7111690e-01   1.7877660e-01  -4.9418660e-01   1.2544210e+00   8.0798283e-01   1.7801703e+00  -5.4730671e-01   9.0476770e-01   8.5832934e-01   2.9122684e-01   1.4068115e+00  -1.3554946e-01   1.7710847e-01  -3.9957503e-01   7.0705171e-01   3.4426281e+00  -1.3466533e+00   9.1416734e-01
   2.0000000e+00   5.0795452e-02  -3.7226834e-02   3.6487405e-01   8.0482728e-01   2.2735593e+00  -4.6973707e-02   2.1454015e-01  -2.6017655e-01  -1.1729967e+00  -6.8341877e-01   2.0452128e-01  -7.3566605e-01   1.3043979e+00  -2.0663631e-01  -1.6153556e+00  -1.3183879e+00  -1.6359646e-01   7.8354647e-01
   2.0000000e+00  -2.4330676e-01  -9.1518242e-03   4.9426716e-01   1.6199936e-01  -1.4564791e-01  -3.8780933e-01  -1.7100293e+00   8.2500639e-01   1.0451051e+00  -7.1493993e-01  -3.1395561e-01   1.5723865e+00  -4.0641971e-01  -1.5916003e+00   1.3829865e-01  -8.6609358e-01  -2.8644498e-01   5.9080196e-01
   2.0000000e+00   5.2095915e-01   2.0829007e-02  -2.1395946e+00  -9.6869350e-02  -8.1108342e-01   2.0074061e+00   1.6561511e+00  -2.3211627e+00  -2.2425573e-01   1.9135025e+00  -1.0658450e+00   9.7597859e-02   7.6830893e-01   6.4039799e-01  -1.4073285e+00  -7.5018087e-01   9.2742013e-01  -6.5630537e-01
   2.0000000e+00  -3.6488120e-01   2.7811942e-02  -6.7680745e-01  -8.1262140e-01   1.7811557e-01  -1.1540653e+00  -3.3528602e-01  -1.0906350e+00   1.2743800e+00  -1.6121099e+00   6.4392356e-01   2.0739040e-01   1.9067089e-01  -1.1337766e+00  -1.9686250e-01   1.0751525e+00  -1.0938015e+00  -1.5741270e+00
   2.0000000e+00   1.4395296e-01  -1.7747270e+00   7.5797113e-01   4.3969545e-01  -6.3223423e-01   4.9812645e-01   2.1154114e+00  -1.4342854e+00  -8.2882681e-01   1.9088584e+00   8.7657262e-02   7.6028113e-01   3.5666672e-01  -9.5311199e-01   5.8422461e-01  -2.6246838e-02   1.2569245e-01  -6.5562386e-01
   2.0000000e+00   7.1596776e-02   1.1740193e+00  -6.8323642e-01  -2.2965256e-01  -1.8523452e+00  -4.0557362e-01  -8.9250917e-01  -4.4070256e-01  -5.1715174e-01   7.9955664e-01   1.5655500e+00   7.7223497e-01  -6.9191578e-01   1.3425386e+00   4.9424416e-02  -9.9375142e-02   1.3238774e+00   8.0611911e-01
   2.0000000e+00   1.3475291e-01   9.8621762e-01   6.6489789e-01   2.0624246e+00   1.0262899e+00   2.5240072e+00   6.3911996e-01   3.6008461e-01   1.9203660e+00   1.2194525e-01   2.6918358e-01   4.1407519e-01  -1.2709241e+00   4.2709764e-01  -2.5474029e-01   1.1135571e+00  -2.8204963e-01   1.9080180e-01
   2.0000000e+00  -3.1461515e-01  -1.0778785e+00  -9.3549806e-03  -1.8890321e+00  -6.9575911e-01  -1.6516496e+00  -1.1541073e+00  -9.7580755e-01  -8.0982381e-01  -4.5453259e-01   1.2035044e+00   1.3364764e-01  -1.5762749e+00  -1.2542335e-01   6.2928462e-01   8.2705853e-01  -1.6822217e+00   1.1160972e+00
   2.0000000e+00  -1.1888577e+00  -8.8520943e-01   1.6294358e+00  -7.3279596e-01   2.4362548e-01  -8.9084056e-01   5.9642163e-01  -1.8956494e+00   1.0400593e+00   2.4470758e-01  -1.6269218e+00  -7.0338522e-01  -7.9085701e-01   1.0610355e+00  -9.2187377e-01   8.5943483e-02   6.8318585e-01  -3.9328950e-01
   2.0000000e+00   1.6383480e+00  -1.0479924e-01   3.6728525e-01   1.4765472e+00   9.1784257e-02  -3.2435635e-01   7.1070730e-01  -2.5645765e-01  -1.6308458e+00  -1.8979724e+00   6.2738927e-01  -1.0393730e+00   6.7300652e-01  -1.3119652e+00   1.3690149e-01  -1.0112250e+00  -1.2887873e+00   8.2363161e-01
   2.0000000e+00  -2.2118330e-01  -5.7465820e-01  -1.5243793e+00  -6.5068687e-01  -1.0824614e-01   5.9021650e-01   1.4850860e+00   2.4575838e-01   5.7891468e-01  -5.5031182e-01   1.9198168e-01   1.1009263e+00   8.2252334e-01   1.4916943e+00  -1.1437074e-01  -1.3188374e+00  -2.2857791e+00  -1.7566906e+00
   2.0000000e+00  -1.3321017e-01  -9.3130834e-01  -9.9158753e-01  -1.7550592e+00   3.9700314e-01  -2.0743276e+00   6.7785221e-02  -6.7435068e-01  -9.1830482e-01   8.3076077e-01   1.7786643e+00  -6.9806505e-01  -4.4963720e-01  -2.4563267e-01  -4.7044587e-01  -4.5856256e-01  -1.8637414e+00   1.0151212e+00
   2.0000000e+00   4.5187921e-01   2.9628928e-01   8.0686750e-01   6.7812124e-01  -2.6981792e-02   2.6072067e-02  -9.3610479e-01   2.3854574e+00  -4.6262983e-01   9.2044044e-01  -9.1821060e-01   7.0150857e-01   4.7474716e-01  -8.0691204e-01   7.0691689e-03   2.2674622e-01   1.6694924e+00  -3.3034769e-02
   1.0000000e+00   1.5562518e+00   5.9302170e-01   2.9394195e-01   8.3612871e-01   4.6723903e-01  -1.3980644e+00   4.2749163e-01  -4.4461197e-01  -5.1594293e-01   6.8395248e-01   1.7756900e-01   1.1502437e+00  -1.3431615e+00   6.7866665e-01   5.4009444e-02   1.2101440e+00  -8.1823719e-02  -1.5278964e-01
   2.0000000e+00  -1.5380580e-01   1.0293343e+00   1.2367971e+00  -2.0319019e-01   3.1930243e-01   1.4839335e+00  -1.8915951e-01  -9.6363393e-01   5.2524429e-01   5.6139725e-01  -1.6061058e+00  -1.0188803e+00  -4.7221057e-01   1.3601981e+00  -5.2358022e-01   2.7656676e-02   1.7820761e+00   1.7553251e+00
   2.0000000e+00  -1.7266090e-01  -1.2845160e+00  -8.0772568e-02  -1.0001632e+00   2.5511594e+00  -6.3350965e-01  -1.2475223e+00   2.6527283e+00   4.4408500e-01  -1.2643332e+00   8.3841253e-01   1.4306445e+00   9.0453764e-03   8.1563614e-03   5.3670498e-01  -4.5154881e-01  -9.6942770e-01   3.5140409e-01
   1.0000000e+00   2.5519288e-01  -7.0183653e-01  -5.9671966e-01  -1.8341748e+00  -1.9102763e+00  -1.1990061e+00   4.6868160e-01  -1.6175687e+00   6.7666496e-01   7.9287409e-01  -2.7069684e-01  -1.5490041e-01  -7.7582732e-01   2.3377781e-02   6.6055135e-01   1.6363894e+00  -7.7003672e-01  -1.1846040e+00
   2.0000000e+00  -2.4673866e-01  -7.2653377e-01   1.9039591e+00   6.0561397e-02  -9.5607482e-01   1.8978156e+00  -4.2561181e-01   3.0335402e-01  -1.8857722e+00  -2.2543890e-02  -9.9167481e-01  -1.3048848e+00  -4.4830581e-01  -9.8634581e-01  -2.6437810e-01   5.6897253e-01  -3.9064142e-01   1.8312471e+00
   2.0000000e+00  -9.6572174e-01  -5.0640851e-01  -5.8543632e-01  -1.0407022e+00   8.8780739e-01   1.0916346e+00  -5.3516987e-01  -8.7955651e-01   7.5346293e-01  -2.1453861e+00   5.3856533e-02   5.6562585e-02   1.1816063e+00  -9.0961169e-02  -1.8392640e-01  -3.9906765e-01   2.2071888e-01  -6.9976634e-01
   2.0000000e+00   2.2326625e+00   1.9897099e-01  -1.1577940e+00   9.5122932e-01   9.8912538e-02   8.3833589e-02  -3.6933912e-01  -3.3862505e-01  -1.3639227e+00   4.3858052e-01  -1.2272938e+00  -1.5603014e-01   4.9765063e-01  -8.3210476e-01  -4.9855985e-01  -1.0806077e-01  -1.9563320e+00   1.8198544e-01
   1.0000000e+00   1.5303512e+00   7.0877877e-01  -3.1614077e-01   4.0038992e-01  -1.1272506e+00   3.0989993e-01   7.2320262e-02  -1.2651056e-01  -1.1028921e+00   1.5225241e+00   5.8497877e-02  -2.1911396e-01  -1.5137638e+00   1.8627591e-01   3.4457355e-02   5.1823892e-01   8.2360514e-01   1.1872332e+00
   1.0000000e+00  -1.6544786e+00   6.1434245e-01  -1.2136208e+00   1.3519945e-01  -9.8728542e-01   1.6678691e-01   3.7316183e-01  -4.3683192e-01  -9.7483149e-01   1.8077241e+00  -1.3941470e-01  -4.8514956e-01   1.6581007e+00   2.3318689e-01  -3.9901997e-01  -2.7068548e-02   2.3688931e-01   5.3851094e-01
   2.0000000e+00  -1.2603731e+00   1.0592525e+00  -4.6766169e-01   4.7409177e-01   4.0856400e-01  -6.4386962e-01   1.9413957e-01   7.7614354e-01  -9.3552584e-01   2.0299908e+00   3.0201743e-01   1.9397732e-01  -4.2666212e-01   3.2449739e-01  -2.0675848e+00   5.0676792e-01  -1.3305068e+00   1.2338407e+00
   2.0000000e+00   8.0769747e-01   1.4722180e+00  -1.3951425e+00  -4.0921637e-01   4.8354119e-01   7.9893413e-01  -8.7316809e-01  -1.3105600e-01   1.3343100e+00  -5.0415550e-01   1.5278280e+00   5.0402523e-01   8.6708358e-02   4.1986743e-01   5.4924396e-01  -2.0789531e-01   6.7379197e-01  -1.3967720e+00
   1.0000000e+00   6.6417891e-01  -1.7798959e-01  -4.6423203e-01   4.9547230e-01   5.7872718e-01   6.1866758e-01   1.9321640e+00   8.2596776e-01   1.2087931e+00  -7.5919111e-01  -1.3511642e-01  -1.1542353e+00   7.5384852e-01   7.2448029e-02   4.4498080e-01  -2.3184360e-01   6.8081070e-01  -1.0428163e+00
   2.0000000e+00   4.4082983e-02  -1.1300662e+00  -5.9744103e-01   2.9775322e-01  -1.5499405e+00   1.0968994e+00  -8.2674837e-01  -1.0199927e+00   6.1343206e-01  -3.0342465e-01   1.2925735e+00  -1.1443215e+00  -1.2401657e+00   1.0816657e+00   6.4714574e-01  -9.0911313e-01  -1.2489440e+00   5.6325336e-01
   1.0000000e+00   4.0626762e-01  -6.3108220e-02  -1.0036756e-04   1.8963583e+00  -1.9383490e-01   5.6354548e-01   4.3893166e-02  -2.0429635e-01   1.5346281e+00  -9.4867502e-02  -2.4569686e-01  -1.2148110e+00   6.0305511e-01   4.4665926e-01  -5.2756437e-01   4.5482055e-03  -4.0252264e-01   1.0862969e+00
   2.0000000e+00   1.3773644e+00  -7.1714987e-01   1.1857740e+00   8.6991261e-02  -5.0419302e-01   4.3832565e-01  -1.9566350e+00  -1.0993639e+00  -2.1790504e+00  -1.9096369e+00  -9.5207245e-01  -4.9661081e-01  -1.9718074e+00  -2.2445561e-01  -8.9637755e-01  -1.1098736e+00  -1.0827734e+00  -2.3759572e-02
   1.0000000e+00   1.4303444e+00   3.1553323e-01   8.1189031e-02   1.6788006e+00   1.4048910e+00   5.4055677e-01  -1.2171395e+00   1.6344963e+00  -3.1057604e-02   4.2649534e-01  -3.4371334e-01   5.5950143e-01   8.6755810e-01   7.1754971e-01  -1.6803005e+00   1.5414681e-01   3.4885203e-01   7.4707223e-02
   2.0000000e+00   1.1685253e+00   2.2647273e-01  -1.0252272e-01  -5.7708320e-02  -8.8089884e-01   5.9461053e-01  -4.0746642e-01   1.4695094e+00  -1.7059497e+00   8.0314457e-02  -5.8764315e-01  -1.8305873e+00  -5.6380520e-01  -4.5300129e-01   4.2544068e-01   1.6383733e+00   2.7359821e-01   7.1979938e-01
   2.0000000e+00   7.1284478e-01   1.4041831e+00   6.8946771e-01  -2.3776297e-01   5.5403018e-01  -1.0878897e+00  -2.2520859e-01  -5.5037149e-01   2.3736688e-01   8.9018026e-01  -6.9347496e-01   7.8159971e-01   9.0189609e-01   1.4623963e-01  -1.3933729e+00  -1.0917960e+00   8.8119285e-01  -3.7216474e-02
   2.0000000e+00  -2.1306839e+00  -2.1900456e-01  -4.8027170e-01  -5.0728465e-02  -4.4448269e-01  -5.1528229e-01  -1.7866117e+00  -2.1627003e-01   2.1400898e+00  -5.5926907e-01   1.3463285e+00   1.1779214e-01  -3.8532228e-01  -9.0410758e-01  -5.6169585e-01  -2.3850514e-01   1.8622648e-01  -1.8937845e+00
   2.0000000e+00  -1.1634912e+00   8.5726653e-01   3.1516560e-01   1.5898437e+00  -1.2931860e-01   1.3607203e+00  -1.0416858e+00  -6.2619580e-01   4.8231279e-01   2.8585409e-01  -1.0183723e+00   1.7317443e+00  -1.0570955e-01  -1.9144365e+00   7.9567969e-01   1.4907616e+00   8.4148727e-01  -5.5257150e-01
   2.0000000e+00  -6.9496270e-01   1.1113055e+00   2.3533384e-01   6.6402577e-01   6.0090948e-01   8.7215585e-01  -3.8727574e-01   3.0078287e-01  -1.5337205e+00  -3.0965373e-01  -7.7590295e-01  -2.2905573e+00  -2.2558129e+00   8.7666721e-01   1.8496147e+00  -4.0642622e-01  -1.6365434e-01   1.0508544e+00
   2.0000000e+00   1.5848798e+00  -9.4360823e-01  -8.6801467e-01   2.9202297e-01  -8.3707117e-01  -2.1051845e+00   5.4365623e-01  -5.7402414e-01   5.7703811e-01   4.9881393e-01  -5.2066346e-01  -6.8424035e-01  -2.1432284e+00  -1.0724853e-01  -5.2985006e-01  -8.7910304e-01  -1.3629010e+00   1.2090007e+00
   2.0000000e+00  -6.5874707e-01  -1.4602918e+00  -1.2893786e-01  -2.4007411e-01   5.1679356e-01   1.2687158e+00  -3.0556770e-01  -2.0535634e+00   4.0409964e-02   3.8398897e-01  -4.7967788e-02  -7.4857007e-01  -3.2456803e-01   1.0984798e+00  -1.0224519e+00   1.6349811e-01  -9.5653361e-02  -1.0995166e+00
   1.0000000e+00  -5.6469863e-01   8.2797374e-02   1.2917499e+00  -2.0768190e-01   1.5254115e+00   7.6968346e-02  -2.3609692e-01  -2.2350889e-01   1.2053594e+00   1.4779548e+00   1.0409157e+00   5.2213882e-01   5.7859501e-01   9.3193624e-01   2.3801022e-01  -2.7765107e-01  -3.8965298e-01  -1.2915316e+00
   2.0000000e+00   7.1775780e-01  -3.0221079e-01   8.6511542e-01  -4.0431010e-01  -9.6308229e-02  -1.2731077e+00   6.8174186e-01  -5.5109048e-02   1.7421760e+00   3.1564156e-01  -5.5375860e-01   9.1553110e-01  -1.4154341e+00   1.4954606e+00  -6.4637798e-01  -8.6832359e-01   1.9438333e+00   3.3016652e-01
   2.0000000e+00   9.2412795e-01  -1.2659744e-01   5.4534367e-01   2.4120560e-01   1.5245911e-03   7.5306462e-01  -3.3084907e-01   3.0382448e-01   5.8607474e-01  -8.6486425e-01  -5.4496603e-01  -1.0646150e+00  -1.8522080e-01   1.8285789e+00  -1.2196670e-01  -1.9617064e+00  -1.6066000e+00  -3.5997697e-01
   2.0000000e+00  -1.9541765e+00   1.8749269e+00   5.9241697e-02  -7.8632834e-01  -6.9360896e-01   1.9220137e-01   1.9430313e-03   1.3465850e+00   1.9784832e-01   2.0811841e+00   1.0970600e+00  -1.3564858e+00  -1.8395522e+00  -1.1220663e+00   1.3727436e-01  -1.1847130e+00   1.1295583e-01  -5.4916142e-01
   1.0000000e+00   1.1487754e+00  -1.6228687e-01  -1.7563660e+00   8.6377663e-02   8.8166892e-01  -1.8812674e-01   1.9003815e+00  -7.5914849e-01  -1.5002970e-01   1.3735019e+00  -1.1918674e+00   1.3638715e+00   1.2989591e-01   9.0946964e-01  -2.2039958e-01   7.6385327e-01  -5.4871007e-03   1.4337963e+00
   2.0000000e+00  -1.1675507e+00  -2.3245572e+00  -9.0709011e-01   1.0888605e+00   7.3285919e-01   3.8579547e-01   1.2024207e+00   5.8282876e-01  -1.0469395e+00  -1.0044665e+00   8.3234414e-01   5.8950770e-01  -2.2352241e-01  -1.3329093e+00   1.8574344e+00   3.8064591e+00  -1.1758268e+00  -1.3680399e+00
   2.0000000e+00  -1.7912672e+00  -4.9813020e-01   4.8131879e-01  -4.4830434e-01   1.6587158e+00   2.3042208e+00  -4.3709944e-01   1.1830041e-01  -5.4218568e-01   2.6659259e-01  -4.5947363e-01  -3.1162972e-01  -1.0018370e+00   5.3595974e-01   7.0274869e-01  -2.7641583e-01   1.0721854e+00   1.0030465e+00
   2.0000000e+00   1.4166207e+00  -2.5630308e-01  -1.4461949e+00  -9.3118373e-01  -3.1873317e-01  -6.3741956e-01   6.9101756e-01  -4.3421004e-01   6.1175505e-01  -2.1289463e-02   1.5167529e+00   1.0665250e+00   6.0409554e-02  -7.4501046e-02   8.5660111e-01   8.9319109e-01   7.1318770e-01   1.7994781e-01
   2.0000000e+00  -4.7308688e-01  -1.5695189e+00   9.2571011e-01  -8.4824092e-01  -2.4786571e-01   9.6385419e-01  -2.0174976e-01  -1.2801222e-01   2.6288747e+00  -5.0738274e-01  -4.9222176e-02  -4.6179472e-02   1.0732306e+00  -2.2312838e-02  -2.2424741e-01   2.0923236e+00  -3.6325171e-01  -9.7445236e-02
   1.0000000e+00  -1.1745380e+00  -3.0752033e-01  -6.5262429e-01  -8.3440236e-01  -2.0464390e+00   1.2523057e+00   2.6185948e+00   6.3611736e-01  -3.3743526e-01  -2.5033857e-01  -1.3595055e+00   3.3848933e-01  -9.2614899e-01   2.0956973e-01   3.3772925e-01   4.3730996e-01  -1.5414349e+00   3.1906882e-01
   2.0000000e+00   6.7018479e-01   2.1017046e+00  -9.7480975e-01  -4.1561094e+00  -4.6349565e-01   2.8432923e-01  -1.4415095e+00  -6.6663473e-01   1.6604304e+00  -5.2223868e-01  -6.7517131e-01  -1.7848036e-01  -1.1355315e-01  -6.5334653e-01   1.2888254e+00  -1.0676676e+00   4.5537082e-01   1.0382318e+00
   2.0000000e+00  -1.9450471e-01  -8.7684992e-01  -6.0125748e-01  -9.5408163e-01   1.3563003e-01   4.8361497e-01   1.4327123e+00   5.0911369e-01  -6.7790298e-01   1.6179427e+00  -2.1373858e+00   1.5048126e+00   1.1702686e+00  -1.4094211e+00   8.2975431e-01   7.0714041e-01  -3.2701410e-01   7.0670654e-01
   2.0000000e+00   1.2189464e+00   1.2846028e-01   4.9175734e-01  -2.5018631e+00  -9.2178412e-01   1.3945824e+00   8.4665783e-02   7.2630651e-01   3.6128729e-01   8.6829157e-01   7.2887723e-01  -1.5441207e+00   3.7005647e-02  -7.3663036e-01   4.4021417e-02  -4.9498740e-01   4.6833340e-01   1.4326724e+00
   1.0000000e+00  -2.3256293e+00   6.0894283e-02  -1.2734455e+00   1.5291034e+00  -8.6015632e-01   5.3054738e-01  -9.1583770e-01   6.1520397e-01   1.9712496e-01   7.0174175e-01  -3.1067506e-01  -1.0964698e+00  -1.6724873e+00   1.7851014e-02   1.1971389e+00   9.5429645e-01   1.3124617e-01   6.0064777e-01
   2.0000000e+00   1.3450083e+00  -5.7066645e-01  -2.5043993e-01  -1.7684651e+00  -1.2225538e-01   7.1452789e-02   7.0322613e-01   5.9374404e-01  -7.9499575e-01  -1.2545442e-01   1.0785419e+00  -9.4339070e-01   3.4797414e-01  -8.7968944e-01  -1.4556890e+00   4.7562375e-02   8.7534589e-01   1.4025513e+00
   2.0000000e+00  -2.1383345e-02   1.2783147e-01  -1.6261517e+00   1.5376689e+00   1.5709756e+00   7.0715279e-01  -5.6205730e-01  -1.1932775e+00  -1.7862852e+00   4.8613640e-02   6.2098825e-01   1.4834596e-01   1.9981130e+00   1.4929273e+00  -7.0819094e-02  -4.6794282e-01  -9.9746452e-01  -1.2887470e+00
   2.0000000e+00   1.4444073e-01   1.9266557e-01  -2.8349823e-01  -1.3785707e-01  -6.1230561e-01  -5.1644209e-01  -9.6413192e-02   7.1423718e-03   1.0742977e-01  -9.7741119e-01  -1.7022313e+00   5.9888418e-01  -9.1180893e-01  -8.0372540e-03  -4.0581268e-01   6.6937104e-01  -2.1553791e+00   7.2198987e-01
   2.0000000e+00   7.6819790e-01   1.3537460e+00  -1.2844430e-01  -1.0317854e+00  -1.1627880e+00  -4.7215607e-01   7.2024818e-01   5.5086173e-01   8.7208270e-02   3.9803316e-01  -6.9225853e-01   4.0020774e-01   6.4858909e-01  -8.8231208e-01  -9.5904108e-01  -1.4385335e+00   4.0736733e-01   2.0882375e-02
   1.0000000e+00   6.0161522e-01  -2.0956969e-01   2.6186412e-01   1.2883789e+00   7.8698598e-01   1.2803977e+00   2.0787541e-01  -2.5112458e+00  -5.6951105e-01   1.9753521e-01  -3.1437762e-01  -2.6509998e-01  -3.0090058e-01   5.5804394e-01  -1.9960190e+00   4.3062718e-01   3.4913487e-01  -1.8378502e-01
   2.0000000e+00   9.6431858e-01  -2.3829988e-01  -9.0788434e-01  -1.0427291e+00   2.7302721e-01  -1.0186687e+00   1.2131109e+00  -4.5084440e-02  -1.6164333e-01  -1.4163008e+00   1.7666881e+00  -8.9130466e-02  -4.1206279e-02  -4.0243038e-01  -3.4128020e-01   2.4288499e-01   1.7707092e+00   1.2029432e+00
   2.0000000e+00   1.1325595e+00  -6.6457303e-01   9.0748894e-01  -5.4692416e-01   8.6159390e-01   1.0000745e+00   1.4341948e+00   3.0121566e+00   3.0844691e-01  -5.3355241e-01  -5.5776471e-01   3.2924110e-01   8.6476889e-01  -1.4649519e+00  -1.0175542e+00   1.3780954e+00  -1.0225241e+00   6.3264749e-01
   2.0000000e+00   5.7738558e-01  -8.9275844e-02  -7.6636193e-02   7.0773215e-01   5.5449907e-01  -8.5111135e-01  -1.5326693e+00   1.1849187e+00   5.8334997e-01   1.3747270e+00   7.7730104e-03   1.1052007e+00   1.4470350e+00  -5.9087636e-01   2.2872943e+00  -6.3741648e-01   1.3424618e+00  -1.9896993e+00
   2.0000000e+00   8.3609535e-01   1.2058900e+00  -1.9518337e+00  -1.0909502e+00  -2.0686992e-02  -1.0927282e-01  -1.2076525e+00   1.4003680e+00  -2.7784413e+00  -2.2150644e+00  -1.8205476e+00   9.0498895e-01   5.0590218e-01   1.9453963e-01  -3.1674583e-01  -8.3744229e-02  -6.5762675e-01   7.3603816e-01
   2.0000000e+00  -9.0948536e-01  -8.6247492e-01  -1.6610278e-01   1.2913121e+00  -4.6906626e-01  -1.4765247e+00  -1.0913003e+00  -1.5282042e+00   8.2469582e-01  -1.1295004e-01   1.7497644e+00  -1.7277301e-01  -1.5476782e+00  -6.1328151e-01  -1.0919448e+00   1.5273795e+00  -2.9911558e-01   6.7439991e-01
   2.0000000e+00   1.0865528e-01  -5.9999936e-01   6.2161328e-01  -4.2371351e-01   1.1365368e-01   3.2040725e-01   7.1181277e-01   2.1380821e+00   3.5192183e-01  -3.4509220e-01  -1.3503440e-01   5.7024566e-01  -1.5731480e+00  -1.6706108e+00   9.2075223e-01  -2.2005767e+00   1.0489300e+00  -3.1418893e-02
   2.0000000e+00  -1.0912747e+00   1.0128252e+00   7.3906492e-02   4.1032624e-01   5.0762425e-02   3.1347854e-01  -1.3025167e+00   5.7330680e-01   8.7901984e-01  -1.5556372e-01  -7.8716914e-01   5.0009275e-01   7.8100569e-01   1.3378650e+00  -7.0770392e-02   6.9060863e-02  -3.3097535e-01  -1.1896483e-01
   2.0000000e+00  -8.0793495e-01   3.5105075e-01  -3.4358680e-01   8.5191852e-01  -8.9158038e-01   8.0641782e-01   9.4142645e-01  -2.6331960e-02   1.6708727e+00  -1.6925646e+00   4.2549239e-01   1.9136897e-01  -1.8292221e+00  -1.1271367e+00  -2.4765701e+00   2.8402010e-01   1.3739492e+00  -1.7960823e+00
   1.0000000e+00  -6.8418058e-01  -3.2689113e-01   5.5376204e-01  -2.6655135e-01  -3.6797668e-01   1.6714936e-01   4.5326975e-01   8.6849097e-01  -1.1404831e+00   1.3086533e+00   4.8225375e-02   1.7347081e+00   3.1101987e-01   8.5433959e-01   9.5927450e-01   2.4299068e-03   1.5728943e+00   1.6001286e-01
   2.0000000e+00   1.5584889e-02   1.5305204e+00  -1.7100836e+00  -3.5025274e-01   7.3675601e-01  -1.8028108e+00   4.8945038e-01  -1.5470569e+00   1.5110341e+00   6.9593316e-01  -8.2443614e-01   1.4547075e-03   7.5605781e-02   1.3585793e+00   9.4805108e-02  -2.9209366e-01   3.1186951e-02   1.8839918e-01
   1.0000000e+00   5.4442592e-01  -5.9662225e-01  -1.2749117e+00   2.0401919e+00   1.1166802e+00  -1.9193224e+00   2.0029757e-02   2.1860852e-01  -6.2283703e-01  -9.9826000e-01  -3.1684058e-01  -4.2178342e-01  -4.3364937e-01   2.7145387e-01  -3.6460184e-01   1.2605386e+00   1.1449416e+00  -2.0102800e+00
   2.0000000e+00   2.3564800e-01  -1.4011859e+00  -1.6249885e+00  -5.7525295e-01   9.3161329e-02  -4.8517543e-01   1.1152700e+00  -7.0062029e-02   3.6563316e-01  -3.6115321e-01   1.2115342e+00  -1.3733514e+00  -9.2891507e-01  -1.6177767e+00  -3.3201560e-01  -2.5464647e-01   1.3237093e+00   2.5652922e-01
   2.0000000e+00  -4.4849324e-01  -8.5925416e-02  -6.3610071e-01   1.2222974e+00   3.7264602e-01   2.5448765e+00   8.1101746e-01  -1.0429847e+00  -1.1925313e+00   1.8645389e+00  -2.7053077e+00  -4.6128079e-01  -7.9670163e-01   1.2806514e+00  -8.1268189e-01  -1.5185626e+00   4.4010019e-01  -4.0190157e-01
   2.0000000e+00   5.3365487e-01   9.5814153e-01   7.0480750e-01   1.1531108e+00   1.3162954e+00   5.9877629e-01   1.5976339e+00  -1.4027127e+00   8.2073375e-01  -6.0483528e-01   5.0676325e-01   4.7012253e-01  -3.8427392e-01  -1.2905952e+00   1.8591100e+00  -1.2371671e+00  -4.8343508e-01   2.5965472e-01
   2.0000000e+00   8.2272860e-01   7.5337514e-01   4.4278067e-01  -5.3308668e-01  -1.3459317e+00   2.0750797e+00   2.2170206e-01  -1.9456029e-01   1.8534024e-01  -8.2108503e-01  -2.0132982e+00  -1.3455574e+00  -4.9955053e-01  -1.4124779e+00   1.1209715e+00   3.7472199e-01   3.7735981e-01  -1.6291707e+00
   2.0000000e+00   1.9588522e+00   1.6380439e-01   2.8864179e-01   1.6509713e-01   1.1366462e-01  -5.2159893e-02  -1.7191835e+00   1.7705073e+00  -1.4335406e-01   9.2720314e-01   8.5765294e-01   6.4081127e-01   2.5211323e-01  -1.5756665e+00   1.2993369e+00   4.2336278e-01   1.8393329e-01   2.7061807e-01
   2.0000000e+00  -6.7027888e-01   1.9132678e-01   1.0651387e-01   7.7209140e-01   5.7213640e-01  -1.3048592e+00  -6.9274423e-01  -1.2545607e-01  -1.3052794e+00   1.3486110e-01   1.1245950e+00   1.0591979e+00   8.3573438e-01  -9.9817752e-01   1.7149527e+00  -1.3438003e-01  -1.0541471e+00   2.8681882e-01
   1.0000000e+00   1.6490082e-01  -5.1581886e-01   1.5585548e+00  -1.6952176e+00   6.2752551e-01   4.2485127e-01  -1.2721548e+00  -5.0113271e-02   5.8140650e-01  -9.3850189e-02  -1.0156995e-01  -9.8284686e-02   1.5556230e+00   5.4972105e-01   4.0994772e-01   3.1284896e-01   9.2747194e-01  -6.3037001e-01
   2.0000000e+00   7.8321349e-01  -7.7379142e-01   9.2804748e-01   8.2783190e-01  -1.0976998e+00  -1.2881309e+00   4.4471596e-01   1.5398396e+00   9.7887531e-01  -3.0788834e-01   6.1435312e-01  -3.1557751e-01   1.7154800e-02  -4.7983363e-01   9.7890665e-01   7.7188593e-01  -5.5363576e-01  -2.8018931e-01
   2.0000000e+00   7.5981724e-01   1.0702432e+00   1.0905867e+00   1.3053991e+00   3.8468562e-01   3.2560549e-01  -1.4691955e+00   5.0432155e-01   1.2285133e+00  -9.7716385e-01  -1.4000180e+00  -8.5153900e-01  -9.8289653e-02  -4.8453211e-01  -3.8668529e-01   4.8956487e-01   2.5193928e-02  -1.7299199e+00
   2.0000000e+00   1.9677188e-01  -1.3204419e+00  -1.7303395e+00   9.9889349e-01  -8.0055806e-01   2.6560806e+00   4.9960771e-01  -5.3475921e-01  -1.7210923e-01   3.7609242e-01  -7.8818121e-03   1.1795938e+00   3.7090213e-01   1.1855166e+00   8.3698197e-01  -3.9053578e-01  -2.1584997e-02  -7.5363138e-01
   2.0000000e+00   2.1455089e+00   1.3989606e+00  -6.2950647e-01   1.7508365e+00   3.3917513e-01  -8.0975522e-01  -1.6939418e+00  -2.5391599e-01   9.2997009e-01  -3.8640073e-01  -7.6609874e-01   1.1939550e+00  -1.2373137e+00   2.7288458e-01   7.4204496e-01  -2.4712978e+00   9.2444967e-01  -1.0749167e+00
   1.0000000e+00   1.1247716e+00   6.5432149e-01  -4.1205947e-01   2.9549903e-02  -1.1338939e+00   9.4915982e-01   3.1265355e-01   4.4483571e-01  -1.9776885e+00   1.0781197e+00  -1.6395207e+00   2.8484152e-04   8.8901462e-01   5.8460578e-01  -1.0378540e+00   1.8755861e-01  -7.5332167e-01   2.0009203e+00
   2.0000000e+00  -4.6950908e-01   2.0409166e+00  -4.6816062e-01   3.7935292e-01  -8.2436995e-01   2.7820076e-01   2.0100935e-01   7.6116461e-01  -3.3175207e-01   8.5307126e-01   1.0597069e+00   1.2229264e+00   5.9409499e-01  -1.7197693e+00   9.2259389e-01  -3.0702986e-01  -8.3885870e-01  -1.0151543e+00
   2.0000000e+00  -1.6563076e+00   1.0563805e+00  -1.1910483e+00   4.4506524e-01  -1.2059939e+00  -2.4609390e-01  -4.6247815e-01  -7.0571226e-01   1.7793654e+00   1.6144768e-01   3.3642154e-01   7.4284260e-01  -1.7904274e+00  -1.0048076e+00   1.4656214e+00   5.6700566e-01   1.7925606e+00  -5.0028739e-01
   2.0000000e+00   3.6038324e-02  -2.2291845e+00   2.1000990e+00  -7.5099358e-01   7.1205376e-01  -1.3007980e+00   7.7429364e-01  -1.9939088e-01   9.4867295e-01  -2.3215120e-01   1.1191866e-01  -3.5030679e-01   1.4962412e+00   9.8946403e-01  -1.0869028e-01  -8.7610226e-02   3.3527594e-01  -2.1399196e-02
   2.0000000e+00   1.0460823e+00   8.9091394e-01  -6.8496730e-02  -8.7168040e-01   4.3217952e-01  -4.9062467e-01  -2.1600525e+00  -1.2085341e+00  -2.2434619e-01  -1.0600825e+00   3.6456709e-01  -2.8139092e-01   5.2589057e-01  -1.3307267e+00  -4.5886499e-01  -1.1978614e+00   4.8456246e-01   1.3085732e+00
   2.0000000e+00  -9.9266644e-01   2.3207114e+00   6.0941765e-01  -5.9402144e-01   2.1029380e-01  -1.3899580e-01   9.8083033e-01   9.5284786e-01  -4.2259534e-01   1.5942801e+00  -2.7134796e-01   9.4813811e-01   9.2179278e-01  -1.4146002e-01   6.9148264e-01   5.2581642e-01   1.1581417e+00   7.4042667e-01
   1.0000000e+00   2.1313342e-01   4.0795530e-01  -6.1220703e-01  -1.7295009e+00  -1.0693875e-01   3.9070083e-01  -2.5938810e+00   9.6521440e-01   3.3746940e-01   9.4164326e-01  -4.5306083e-01   2.8471364e+00   1.4414213e-02   2.4523458e-02   1.0082689e-02   5.9372236e-01   8.0082452e-01  -1.8793907e-02
   2.0000000e+00   9.9941265e-02   6.1386220e-02  -2.3255552e-01   3.5950606e-02   2.7924500e-01  -2.3918841e+00   8.3272358e-01  -7.7730985e-01  -9.2483747e-01  -2.0391194e-01  -1.4369964e+00  -1.2077236e+00  -5.5926034e-01  -4.1807517e-01  -1.8401932e-01   1.5508012e+00   6.6345363e-01  -6.1021577e-02
   2.0000000e+00  -1.2354169e+00   4.6763090e-01   3.7616402e-02  -1.9947020e-01  -1.2370610e+00   7.6801788e-01   7.5950297e-01  -8.2746875e-01  -7.5309797e-01   2.5415381e-01   9.7411010e-01  -1.7246572e-01   6.0411019e-01   1.7968675e+00   2.2763603e-02   3.3277435e+00   8.0256120e-01  -3.5802945e-01
   2.0000000e+00   2.1356245e-01  -6.5565145e-01   6.8000406e-01   1.4426871e+00  -6.8217209e-01   3.4520229e-01   2.7471205e-01  -9.6688184e-03   7.5486409e-01   1.8454036e+00   1.9304897e-01   1.3788978e+00  -2.3356353e+00  -8.0052707e-01   8.9779853e-02  -6.4429973e-01  -1.1579113e-03  -3.4777849e-01
   2.0000000e+00   3.3096606e-01   3.0933532e-01  -7.5689189e-02  -1.0338392e+00   2.0670124e+00   5.2409136e-01   1.2031854e+00  -7.7927151e-02  -2.1096384e-01  -8.9756674e-01  -2.0988699e-01  -2.0440144e-01   8.7670263e-01  -2.7402166e-01   9.4537442e-01  -6.8241911e-01   9.6192611e-01   6.0042233e-01
   2.0000000e+00  -6.7830299e-01  -2.4740348e+00  -7.9329399e-01  -2.0731635e-01  -7.8006424e-01   3.7801836e-02   1.0179957e+00   8.8009586e-01  -3.3591160e-02  -6.8363801e-01  -1.0722260e+00  -6.2855797e-01  -1.3599211e+00  -9.1492634e-01  -2.9512364e-01  -3.2667947e-01   4.7172789e-01  -7.9791844e-02
   2.0000000e+00  -3.6241258e-01  -1.0952961e+00  -2.0646308e-01  -5.5061602e-01   1.3961542e+00  -3.5574174e-01   2.7200149e-01   1.5942286e+00  -4.3794267e-01   1.7284020e+00   9.3567231e-01   1.4075370e-01   1.4788967e+00  -1.6393342e+00  -1.0873895e+00   6.1787490e-01  -9.5994386e-01   1.3428034e+00
   2.0000000e+00   9.6553185e-01   6.3875842e-01  -3.5022476e-01  -3.2120145e-01   5.2693787e-01  -3.5015428e-01  -1.5206593e+00  -2.1045750e+00  -2.4512468e-01   3.5266691e-01  -1.2966617e+00  -5.4653118e-01  -6.5504777e-02  -1.1339023e+00  -5.0344345e-01  -1.4829599e-01   7.8205163e-01  -7.1929110e-01
   2.0000000e+00  -5.6446396e-01   7.1538795e-01  -1.7079551e+00  -1.6019354e+00  -3.0147294e-02  -1.5952714e-01  -6.3199434e-01  -9.9548286e-02   5.6474937e-01  -1.5069172e+00   1.2086939e+00  -3.4838980e-01  -1.0920493e-01  -1.6759500e-01  -7.1199620e-01  -9.8767017e-01   2.8604902e-01  -8.5832385e-01
   2.0000000e+00   6.1608841e-01   1.4737340e+00  -1.2898908e+00  -3.9626620e-01   7.2181209e-02   8.7567828e-01  -1.2928394e+00   4.7863660e-01  -5.9638756e-01   7.5582305e-01   2.0082236e+00   1.7538504e+00  -1.6416766e+00  -2.2365898e-01   4.4704632e-01  -1.2753906e+00  -1.4272051e+00   3.3595677e+00
   2.0000000e+00   1.2388744e+00   6.5918285e-01  -1.4077929e+00   4.5492914e-01  -1.9025255e-01   1.6177995e-01   7.2527096e-01  -3.7787822e-01  -1.1566493e+00   3.9520017e-01  -1.6062750e+00   1.1439691e+00  -1.1235846e+00  -5.0600473e-01   1.5761320e+00   1.3349699e+00   4.0234052e-01   1.7523944e-01
   2.0000000e+00  -4.7646739e-01   5.2136409e-01  -4.9655915e-01  -5.9955827e-01   1.6917507e-02   2.9552720e-01  -5.0670776e-01  -2.7609953e-02  -3.5113899e-01  -5.1199589e-01   2.2117868e+00  -4.3415340e-01  -8.6098982e-02   1.5487556e+00  -5.6582729e-01   3.1056159e-01  -2.1155731e+00   4.4101105e-01
   2.0000000e+00   8.7527068e-01  -7.5432103e-01  -1.0917375e+00  -8.0439509e-01  -3.4117412e-02  -7.8179924e-02  -2.7201945e+00  -4.5608265e-01  -3.5881890e-01  -1.8201256e+00   1.1227382e+00  -1.0228143e+00   1.2152269e-01  -7.4426477e-01  -1.4736593e+00   1.3152169e+00   2.0310858e+00   1.8701026e+00
   2.0000000e+00   4.6357304e-01   2.2758259e-01   9.0055388e-01  -5.5542600e-01  -2.0653035e-01   9.2253065e-01   1.3103867e+00   1.7692245e-01   1.5542085e+00   1.0702774e+00   1.4788999e+00   6.1340821e-01   1.6843076e-01  -7.4347340e-01   1.1855441e+00   9.2600156e-01  -1.6891091e-01   7.0922551e-01
   2.0000000e+00   8.2234872e-01   7.9226844e-01   2.3285236e+00  -7.8758615e-01   5.5115609e-01   7.8045303e-01   1.1524424e+00   7.7873356e-01  -6.8913704e-01  -1.2363929e+00  -7.3206644e-01   1.3697524e+00   6.9475902e-01   7.2368410e-01   4.5438234e-01   1.7452571e-02  -1.7580730e-01   1.8930155e+00
   2.0000000e+00   1.3501774e+00   8.5428114e-01   1.3291035e-02   3.8563364e-01  -2.4908944e-01   1.8062137e+00  -1.2758876e+00  -9.5750413e-01  -1.1210278e+00   2.5635744e+00   4.9054716e-02  -1.7480867e+00  -4.7988406e-01  -1.1620961e-01   3.0886430e-01   1.2415483e+00  -1.7803628e+00   4.8087540e-01
   2.0000000e+00   2.5031957e-02  -8.9340359e-01   6.5484933e-01  -1.0432994e+00  -4.5314350e-01  -1.4520961e+00  -1.2515089e-01  -3.5173171e-01   1.5439322e+00  -6.0700865e-01   3.0798872e-01   2.9615373e-01   1.0731659e+00  -1.9383161e+00  -9.0621192e-01  -1.1122126e+00  -1.3283010e+00  -2.7442943e-01
   2.0000000e+00   9.4804967e-02  -4.8133846e-01   1.1057156e+00   5.9207008e-01   5.0777588e-01  -3.1873981e-02  -2.8658401e+00   7.3000298e-01  -4.0026073e-01   1.2502880e+00   8.0130492e-01   4.5113165e-02   1.9442336e+00  -1.6682397e+00  -4.6665879e-01  -1.6184517e+00  -8.2627372e-01   2.9802410e-01
   2.0000000e+00  -1.7271558e+00  -2.3132195e+00   4.5648036e-02  -1.9139509e+00  -4.6053419e-01  -2.3246839e-01   5.9411381e-02   2.3283597e-01  -4.3671874e-01  -1.9715791e+00   1.6078754e-01  -3.0534966e-01   8.0602766e-01  -1.2465891e+00  -5.8449624e-01   1.7504233e+00  -1.2622079e+00  -2.8154378e-01
   2.0000000e+00  -1.1866095e+00  -3.7999784e-01   2.8972465e-01   9.7867174e-01   5.2395647e-01   5.6823232e-02   5.6474114e-01   8.5575823e-01   1.5860095e-01  -1.2611315e+00   2.1474696e-01   1.2498831e+00  -1.2294644e+00  -9.4791578e-02   2.6169396e-01   1.3142145e+00   3.9750595e-01   1.4337740e-01
   2.0000000e+00  -6.8457455e-01  -6.9489554e-01  -8.8026046e-01   6.9108805e-01   7.4442720e-01  -2.0476796e-01  -1.2011155e+00   7.0048105e-01   1.0417914e+00  -1.1181248e+00   5.1792527e-01  -1.3341622e+00  -1.9439680e-01  -9.8433173e-01   8.2357047e-01  -2.5181609e-01   6.1816169e-02   4.8875268e-02
   2.0000000e+00   1.4586928e+00  -9.5273538e-01   1.2510772e+00  -1.4602572e+00   2.5415839e-01  -1.5207207e+00   4.4490651e-01   4.5482260e-01   1.6198390e+00  -4.3718221e-01   2.8220742e+00  -6.3057262e-01  -8.6950680e-02   9.3181882e-01  -3.9597240e-02  -1.2788432e+00  -1.3120932e+00   1.4172130e-01
   1.0000000e+00  -2.2551780e-01  -2.0848357e-01  -1.7680694e+00  -4.8461552e-01  -5.1901714e-01  -1.6215323e+00   1.3254058e+00  -2.5672466e-01   7.5744378e-01   4.2944698e-01  -3.6674739e-01   5.6488946e-01  -6.6282358e-01   9.0114776e-01   5.9152212e-01  -2.9974588e-01   9.2664628e-01   1.1774581e+00
   2.0000000e+00  -1.4219582e+00   8.3037415e-01   3.0930459e-02  -2.0163158e+00   5.6061806e-02  -5.8000171e-01   1.0561703e+00  -8.8738667e-01  -1.3358936e+00   7.4545249e-01  -1.8877049e-01   1.0295054e-01  -1.6955307e+00  -6.1969812e-01  -5.6325563e-01  -2.8129869e-01   8.7297236e-01   5.5352342e-01
   1.0000000e+00   3.0124799e-02  -2.7212416e-02  -6.4292393e-01  -6.0192711e-01  -3.8122116e-01   4.4006503e-01   7.6585232e-01  -3.7472714e-01   9.0722629e-02   3.7392278e-01  -3.1875173e-01   3.1140917e-01  -4.0876346e-01   4.1497827e-01   6.7737935e-01  -5.2338319e-01  -4.0498574e-01  -1.0202232e+00
   2.0000000e+00   1.0203146e+00   9.5153526e-01   1.4908891e-01  -4.2466926e-01   1.1292483e+00  -1.3802062e+00  -2.8098450e-01  -1.0456991e+00  -7.4763976e-01  -3.4106443e-01   2.0484180e-01  -8.1091304e-01   2.0635152e+00   1.1076692e+00  -6.6421818e-03   1.7488360e-01  -4.2241563e-01  -8.9935358e-02
   2.0000000e+00   6.5301125e-01  -5.9500249e-01   4.3521906e-02   2.3090296e+00  -1.2364533e+00  -1.0929730e+00   6.0495423e-01  -1.3895718e+00   6.1608718e-02   1.1843077e+00   1.6820129e+00   2.4995191e+00   6.0509305e-01  -1.9138714e-01   1.7734455e+00   8.1978769e-01   6.7349844e-01   1.5040384e+00
   1.0000000e+00   1.4105552e-01   8.9008093e-01  -3.0912970e-01  -1.7184807e+00   8.5922189e-01  -3.6033845e-01  -1.8794443e-01   2.0188821e+00  -3.8854086e-01   3.6167617e-01   1.1713631e+00   7.0982228e-01  -9.0883523e-02   7.9604587e-02   1.2982798e+00   1.3857079e+00   9.0763794e-01  -4.6982464e-01
   2.0000000e+00   2.6121594e-01  -9.9075674e-01   2.9750254e-01   6.9044121e-01  -1.2214260e+00  -1.6285723e+00  -1.9069863e-01   1.2344785e+00   1.0625139e+00  -2.0447179e+00   3.3529885e-01   5.8735931e-01   2.7691801e-01   4.9604413e-01  -1.1179038e+00   1.4107438e+00  -1.5264327e-02  -2.0284688e+00
   1.0000000e+00   1.0067030e+00   7.3377727e-01   3.0461936e-01  -7.5527515e-01   1.7096673e+00  -3.7730871e-01   1.4034778e+00  -2.0736941e-01   1.0368362e+00  -5.2047197e-01   8.2950023e-01   6.0842866e-01   1.3773234e+00   1.4361233e-01   1.5358902e+00  -3.5198990e-03   1.0430220e-01   3.8430777e-01
   2.0000000e+00   1.4106003e+00  -4.7427237e-01   2.1454753e+00  -1.6733040e-01  -6.7453286e-01   7.7751009e-02  -4.5366403e-01   1.2630565e+00   1.1519966e+00  -3.6354729e-01  -4.1179601e-01  -4.8216505e-01  -1.1544930e+00  -6.9892650e-01   7.9971675e-01  -1.0359716e-01  -1.1346471e+00  -1.9234883e-01
   2.0000000e+00   4.8178046e-01  -2.6285072e+00  -1.5331995e+00  -1.5123205e+00  -2.6749587e+00  -1.4081569e+00   1.1115594e+00   7.9360446e-01   6.0424590e-01   1.8798617e-01  -3.4927238e-01  -3.4435059e+00  -1.0852153e+00  -1.1787781e+00   7.2072713e-02   4.7823666e-01  -2.6991481e+00   7.0064385e-01
   1.0000000e+00   5.0470458e-01  -1.3176026e-01  -7.2828595e-01  -5.3794466e-01  -2.6355291e-01   4.4635704e-01  -5.2146430e-01   3.0118966e-01  -6.8909497e-01   1.6974934e-03   8.4401556e-01  -1.0393322e+00  -2.1707600e+00   7.6572433e-01   1.1737780e+00  -3.1194201e-01   1.0791957e+00   4.3570366e-01
   2.0000000e+00   1.1365591e+00   1.2197357e+00  -7.7802803e-01   1.2427308e+00  -1.0784020e-01   5.2998301e-02   4.9245851e-01  -9.4210500e-01  -1.4948346e+00   9.1939235e-01   3.3747029e-01   1.2131859e+00   8.6557565e-02   7.2822679e-01  -1.3153275e-01  -2.9845921e-01  -1.0740194e+00  -6.9986182e-02
   2.0000000e+00  -6.5825981e-01  -1.2970549e-01   4.7434764e-01   7.9739800e-01   6.2998222e-01  -2.1477828e-02  -2.5947675e-01  -5.4955510e-01  -1.5003651e-02  -1.8490291e-01   3.2295342e-01  -9.2778035e-01  -1.0680766e-01  -1.5782842e+00  -2.0470893e+00   1.6550771e+00   1.3318739e+00  -3.1549252e-01
   2.0000000e+00  -5.7659144e-02  -8.5203900e-01  -1.2248404e+00   1.6398252e+00  -6.1941907e-01  -8.7124591e-01  -5.1201303e-01  -2.9929534e-01   4.6076537e-01  -2.2730766e-01   4.8756881e-01  -1.5054654e+00  -1.0693029e+00  -5.0250512e-01  -6.7205014e-01  -3.5490251e-01   2.0170191e+00   1.4002674e-01
   2.0000000e+00   4.2628332e-01  -1.4098297e+00  -8.8505312e-01  -6.1865041e-01  -1.4830903e-01  -1.1911633e+00   8.0716823e-01   6.5736382e-01   7.4662434e-01   1.4944260e+00  -7.5204245e-01  -5.9434676e-01   5.6643561e-02   3.9986811e-01   6.2827195e-02   1.9553866e+00  -1.1972001e+00  -2.3760695e+00
   2.0000000e+00  -2.0650708e-01  -1.4912338e+00  -1.5015192e-01  -4.5449874e-01  -9.1081273e-01   4.2966913e-01   1.3876239e-01   8.4627017e-01   1.5021867e+00   4.0599675e-02   3.8616231e-01  -2.2153069e+00   3.3654708e-02  -1.3375687e-02  -1.0739777e+00  -1.9033407e-01   3.3649447e-02   2.4059087e-01
   2.0000000e+00  -1.1340938e+00   5.3328181e-01  -1.4177790e+00  -3.0961042e+00  -1.3063730e+00   1.1868649e+00   1.0440105e+00  -5.4354185e-01   5.6934215e-01  -2.0672111e-02   1.0536222e+00   7.1053746e-02   7.3168363e-01   1.1739576e+00  -1.0551138e+00  -2.4567465e-01  -7.6847731e-01  -4.9162582e-01
   2.0000000e+00   1.3099469e-01  -1.5346895e+00   3.6839620e-01   8.3448950e-01  -1.0400100e-01  -8.3352130e-01  -7.4893873e-01  -4.2238834e-01  -1.1208291e+00  -1.1261918e+00   3.7297898e-01  -5.0461532e-01   1.2899792e+00   7.6690095e-01  -7.5053247e-01   2.0663186e+00  -8.5490400e-01   1.4407485e+00
   2.0000000e+00  -4.6679316e-01  -6.4956948e-01  -1.0263033e+00  -6.1913665e-01  -5.9418595e-02  -1.2861661e+00   1.1829497e+00   4.2455149e-02  -4.9982657e-01   7.0945562e-01   2.7144947e-01  -3.6780486e-01   2.1939811e-01   1.0645889e+00  -1.2746382e+00   4.6933935e-01  -1.5888802e+00   1.3764155e-01
   2.0000000e+00  -2.5148937e+00   9.9410780e-01   2.2901850e+00   6.4632363e-01  -1.8292038e+00   8.3535427e-01   8.9972028e-01  -1.3085422e+00   1.3576235e+00  -9.5630458e-01  -2.7387191e-01  -1.6840328e+00   3.3430401e-01   1.9225902e-01  -3.5040069e-01  -9.4254002e-01   2.2246305e+00   2.7121582e-02
   2.0000000e+00  -9.7902268e-01  -1.6179203e-02  -5.8161439e-01   4.2496715e-01  -1.7980333e-01   1.1751775e+00   7.7676028e-01  -8.7178934e-01   1.8605238e-02  -1.9828987e-01   2.2429011e-02   6.9460449e-02   2.8677683e-01   1.0405009e+00  -2.8200967e-01  -1.0575442e+00   2.4318408e-01   6.1042358e-01
   2.0000000e+00   4.0779437e-01  -1.0646664e+00  -1.5904451e+00   2.3764125e-01   1.8498166e-01   1.6460707e+00   3.4195246e-01  -1.0226507e+00   5.6310327e-01   7.7957076e-02  -1.3235111e+00  -1.4153563e+00   2.0035442e+00   4.4256358e-01   8.3404047e-01  -4.6031560e-01   6.2716261e-01   8.3450144e-01
   2.0000000e+00   1.1076636e+00   4.3751175e-01  -1.2646131e-01   7.9744448e-02   1.0133441e+00   2.8533612e-01   8.7166428e-01   1.3166354e+00  -3.9991591e-01  -4.8640666e-01  -9.4894770e-01  -2.0066082e+00  -8.1665969e-01   1.1477479e+00   8.4791277e-01  -5.8273651e-01  -8.5463886e-01   1.4904058e+00
   2.0000000e+00   1.5782370e+00  -3.6332506e-01   5.9145690e-01   1.1053851e+00  -6.6471248e-01  -1.7767330e+00   1.1132858e+00   5.8207140e-01   3.8728495e-01  -1.2061142e+00   5.0818704e-01   1.1014647e+00  -1.0569964e+00  -7.9212539e-01  -1.4610507e+00  -1.4342342e+00   3.8400276e-01  -1.3906990e+00
   2.0000000e+00  -5.5371653e-02   1.1109853e-02   1.7140744e+00   4.8943265e-01  -1.8355616e+00  -3.7745168e-01   4.6636109e-01   1.5622603e+00   5.1940789e-01  -2.9534240e-01  -1.6112753e-01   1.8274226e+00  -3.2084526e-01  -7.6416383e-02   5.4531132e-02  -2.1232790e-01   2.2640040e+00   6.4800298e-01
   2.0000000e+00   1.3311697e+00   5.5289274e-01  -1.6332404e+00  -7.9425277e-01   9.2716588e-01   1.4088325e-01   2.9071939e-01  -4.5924225e-01   7.8831551e-01   5.5546550e-01   2.6775378e-01   2.2122241e+00   9.5636495e-02  -2.7140121e-01  -2.3202835e+00   2.5767696e-01  -1.3761217e+00  -8.1735043e-01
   1.0000000e+00  -6.7985846e-01   7.2014775e-01   1.0195046e+00  -1.6952579e+00   4.7650756e-01   2.4556688e-01  -3.6028349e-01   1.8098097e+00   5.0754694e-01  -1.8385589e+00   1.4787204e-03  -9.1349293e-01  -1.1468743e+00   6.8088082e-01  -6.1647039e-01   8.2768723e-01  -1.2894363e+00  -9.9502250e-01
   1.0000000e+00   8.1769028e-01   7.1540579e-01   1.3158676e-01  -7.8282000e-01  -1.1176203e+00   1.8307178e-02  -8.9778901e-01   5.8494557e-02  -6.3110610e-01  -4.8695327e-01   1.8362959e+00  -1.6524782e+00   4.8359445e-01   1.1283140e-01   5.8866907e-01  -9.5652010e-01   7.4311044e-01   4.1683137e-01
   2.0000000e+00   4.5863235e-02   1.5838691e+00  -1.4624255e+00   6.8677716e-01   6.2267277e-02   7.6864408e-01   1.6770617e+00   1.7435796e-01   9.3588533e-01  -2.7810865e-01  -2.9743133e-01  -6.2832629e-01   1.5598424e-01   4.0304470e-01  -2.2560323e-01  -6.7421485e-01   5.8226513e-02  -1.4693105e+00
   1.0000000e+00  -5.2224094e-02  -4.3100322e-01   4.0385246e-01  -4.5392432e-01  -4.0408731e-01  -3.7598957e-01  -8.0793657e-01  -8.0373247e-01   1.3094022e+00   4.1850803e-01   1.7296971e+00   1.5031349e+00  -8.8168946e-01   7.6141941e-01   7.4028114e-01   1.5123361e+00  -1.1588814e+00  -1.0545153e+00
   2.0000000e+00  -6.7505010e-01   1.5526792e+00  -6.6983577e-02  -8.1451680e-01   3.0020923e-01  -2.4223419e-01  -2.5254432e-01  -7.1864699e-02  -4.8387489e-01   1.9174260e-01  -1.1548812e+00   2.5130780e-01  -1.1679584e+00  -1.3606278e+00  -2.6390805e-01   5.2567607e-01  -2.9709308e-01   4.3789405e-01
   2.0000000e+00  -1.0631464e+00  -3.9894468e-01   9.1894213e-01   1.8877184e+00   4.7250088e-01  -5.8380051e-01  -1.2609979e+00  -2.3267777e-01  -1.2419826e+00  -7.4503878e-01  -9.8190102e-02  -8.2814568e-01   7.0254493e-01  -7.3015029e-01  -1.7816411e+00  -5.9167259e-01   1.3864054e+00   1.6752147e-01
   2.0000000e+00  -9.0377695e-01  -2.9108779e+00  -9.2286906e-02   8.0787194e-01   4.4580896e-01   9.0044931e-01  -7.0091362e-01  -1.4997679e+00  -1.6941640e+00   4.9871272e-02  -1.9196266e+00   1.0275193e+00  -2.2095785e+00  -6.6317268e-01  -2.3585079e-01   2.6340025e-02  -1.2423176e+00   2.8295737e-01
   2.0000000e+00  -2.8973817e+00  -5.3970111e-01   1.0476131e+00  -1.0666691e+00   2.5555514e-01   4.7313273e-01   2.0579104e+00  -7.7160084e-01   2.6616837e-01   1.8808737e+00   6.6919403e-01   2.6815302e+00  -7.7862452e-01  -5.8963887e-01  -1.3568832e+00  -1.0899827e-01   1.3158461e-01   1.3926418e-01
   2.0000000e+00  -6.7587833e-01  -1.1958663e+00  -1.5886318e+00  -1.0491044e+00  -8.8624863e-01   8.8057477e-02  -4.5318077e-01   1.8762496e+00  -1.0125507e-01   6.1488139e-02  -1.2672857e+00   4.0137522e-01   1.0781606e+00  -1.4717427e-01  -2.3874604e-01  -9.3468019e-01  -3.5302664e-02  -6.1653775e-01
   2.0000000e+00   4.2960078e-01  -7.5446399e-01  -7.8131968e-01  -7.4238136e-01   1.8271385e-01  -1.7416585e-01   7.9136460e-01  -1.2656237e-02   1.2469593e+00   1.6506979e+00   5.1611689e-01  -7.3399510e-01   2.9000969e+00  -9.3523870e-01   3.5074650e-01   4.1310076e-01  -7.9728079e-02   3.8483926e-01
   2.0000000e+00  -1.8265937e+00   7.3175908e-01  -7.0582017e-01  -6.1395951e-01  -1.2796812e+00  -8.4913556e-02   1.0245989e+00  -6.7991955e-01  -5.5983457e-01  -1.4397579e+00  -8.8935743e-01   2.6949133e-01  -4.0192568e-01  -3.0091255e-01   1.2198045e+00   1.5880776e-01  -5.6720222e-01   1.9495901e-01
   1.0000000e+00  -1.6961326e+00  -8.0353032e-01   8.9287812e-02   3.3979681e-01   2.0727876e-01   1.4293735e+00  -1.7627118e+00  -3.9710128e-01   2.3119013e-01   2.4262296e+00   9.0475003e-01   2.2182404e+00  -2.5607604e-01   4.2736787e-01   1.2727783e-02   2.5548558e-01   4.8492481e-01  -1.9638662e+00
   2.0000000e+00  -4.8560091e-01   1.4439698e-01   2.4820633e-01   6.1213868e-01   4.6544891e-01   2.2095319e-01   1.7283566e-01  -3.7581923e-01   4.4773035e-02   2.5460794e+00  -5.2802378e-01  -3.5181435e-01  -2.0201756e-01   1.9512081e+00   1.1908196e+00   6.3489148e-01   3.3519085e-02   2.9729865e-01
   2.0000000e+00   1.0735884e+00   3.9964232e-01   1.9439058e+00  -4.0832198e-01  -8.3442733e-01   2.4234311e-01   9.9061151e-01   9.8412625e-01   9.8855359e-01   3.3834845e-01   9.6081796e-01   1.0682453e-01   2.7560383e-02  -6.1768389e-01   4.9339117e-01   1.6226154e+00   6.5503244e-01   9.4615805e-01
   2.0000000e+00  -4.6701833e-01  -1.2709621e+00  -5.0311386e-01  -9.2452326e-01  -1.4545084e+00   5.0870365e-01  -1.2807221e+00   9.6835579e-01   2.0748599e+00  -1.5778261e+00   3.8776248e-01   5.4698417e-01  -1.9757395e-01   2.0847662e+00  -6.1344658e-01   6.1600032e-01   2.3706213e-01  -1.2271395e+00
   1.0000000e+00   1.7864749e+00  -1.9797651e-01   1.7142562e-01   3.8289686e-01  -2.3750400e-01  -8.9053440e-01   4.2884469e-01  -9.7163410e-01  -1.5177086e+00  -9.1082719e-01  -5.6364109e-01   8.0282540e-01  -6.9549785e-01   5.1890480e-01  -7.0500124e-01  -9.3222421e-02   1.3927521e+00   2.0646397e-01
   2.0000000e+00  -1.1030551e-02  -2.5369966e-01  -1.0702222e+00   1.6339553e+00   7.5952574e-01  -2.3242486e+00  -8.8070440e-01   1.7037758e+00   1.5956159e+00  -4.6892256e-01   3.0510786e-01   1.2101833e-01   4.8924167e-01   1.5846691e+00  -1.2691881e-01   3.6739090e-01  -4.1286146e-01   5.3133688e-01
   1.0000000e+00  -1.3658522e-03   2.3613803e-02   5.0458552e-01  -1.7168363e+00   6.5322229e-01   1.0554806e+00   8.8178141e-01  -9.0116930e-01   2.9746734e-01   2.6483904e-01   3.1063858e-01   5.5922756e-02  -4.6738122e-01   9.5299408e-01   1.2210477e+00  -7.0199247e-01   1.6442604e+00  -1.5417293e+00
   1.0000000e+00  -1.3090694e+00   7.7947330e-01   5.0722366e-01  -2.4045223e-01   2.4162500e-01   3.2360174e-01   2.7069310e-01   1.9936611e+00  -9.0588621e-01   5.6616609e-01  -1.5511656e+00   4.1232706e-01   1.0090425e-01   1.6894460e-01  -7.6518562e-01   1.0037388e-02   3.0318183e-01  -1.5259473e-01
   2.0000000e+00  -2.3487246e-01  -1.8785576e+00  -1.8962160e+00  -2.5514785e-01  -7.2066914e-01  -1.8333545e-01  -9.3457659e-01  -2.3551251e+00   3.5398303e-01   1.4003965e+00   3.2827167e-01  -1.3565977e+00   1.4477566e+00  -4.0508194e-01   9.0616001e-01   6.9205976e-01   3.5884213e-01   3.6875068e-01
   2.0000000e+00  -1.9013897e+00  -5.1871839e-01  -8.1318350e-01  -9.6699869e-01   4.7348442e-02   3.1281477e-01  -9.9838266e-02   9.7643455e-01   6.7128515e-01   3.5626207e-01   2.2470647e+00   1.3909255e+00   1.6954309e+00  -3.7368812e-03   2.0885085e-01   1.5284960e-01  -9.4620538e-01  -8.5915923e-01
   2.0000000e+00   7.0606937e-01   1.5440607e+00  -1.8801533e+00  -8.1420920e-01   5.7668566e-01   4.1683885e-01   1.9352010e+00  -7.2848694e-01  -1.2352569e+00   4.8258694e-01  -5.8048836e-01  -5.9202266e-01  -1.0078370e+00  -1.2489353e+00   1.7364027e-01   3.3391680e-01  -7.0625056e-02  -2.0051455e-01
   2.0000000e+00   1.5851090e-01   6.9521061e-01  -1.3365538e+00   3.2333627e-01   1.1907257e+00   9.3882309e-01  -7.8476956e-01  -1.2595617e-02  -2.3107539e-01  -1.1792251e+00   6.2523155e-01   7.5705454e-01  -1.4596702e-01  -6.4386595e-01  -1.9076623e-01  -1.0136704e+00  -1.8193781e-01  -1.7482649e-01
   2.0000000e+00   7.4734269e-01   1.0783651e+00   1.2011785e+00  -3.1237984e-01   3.1056111e-01  -3.5365176e-01   2.6153690e+00  -7.6108751e-01   1.3226057e+00   8.6546482e-01  -7.8449029e-01  -3.8576310e-01   2.3943226e-01  -2.5948827e-01  -4.8869045e-01   1.9882830e+00  -6.2680945e-01   1.3899080e+00
   2.0000000e+00   5.5843582e-01  -1.3685879e+00   1.4806721e+00  -1.5707689e-01   1.3559305e+00   1.9575409e+00   4.6984072e-01   6.9602777e-01   1.6970106e-01  -5.7398518e-01   1.0401993e+00  -3.6339820e+00   1.4931829e+00   3.6340431e-01   1.7679991e+00  -9.7148585e-02   1.1178400e+00   1.8172500e-01
   2.0000000e+00   1.0607512e+00   4.1194174e-01  -2.4168074e+00  -3.4791595e-02  -3.9182321e-02   1.7446365e+00   1.5418333e+00  -3.8695174e-01  -3.4798759e-02   7.9606271e-01  -7.9594874e-02  -1.0062321e+00   1.4307851e+00  -1.2952203e+00   6.6289205e-01   2.3841345e-02  -1.5102180e-01  -1.7439296e+00
   1.0000000e+00  -1.2796144e-01  -6.5691588e-01   1.0122482e+00  -5.6633954e-01  -9.5738368e-02   9.8256931e-01  -1.5898862e+00  -2.3314366e-01  -1.1046073e+00   2.0422396e-01  -1.4428696e+00   8.1497697e-02   1.0160081e-01   3.0544430e-01   4.8929599e-01   7.1663510e-03   1.0697660e+00  -1.3342931e+00
   2.0000000e+00  -1.0599898e+00   5.1585663e-02  -1.7395822e-01   4.4602446e-01  -2.1917132e-01   1.0438747e+00  -2.0537994e-01   3.2825799e-01   1.7688629e+00   1.7403765e-01  -9.4038439e-01   8.2472517e-01  -1.0465626e+00  -1.5063646e+00   6.1760176e-01   8.6723374e-01   4.3201881e-01   9.2683561e-01
   2.0000000e+00   1.2434869e+00  -1.5725584e-01   1.7356911e+00  -9.1409041e-01  -5.5969683e-01  -9.4291391e-01   7.1142416e-01  -3.2909099e-01   1.4179541e+00  -1.1619116e+00  -1.2320930e-01  -1.1370793e-01  -3.5359600e-01   1.2210827e+00  -6.8579103e-02   2.5021926e+00   3.4698840e-01   1.0744935e+00
   2.0000000e+00   1.1023723e+00  -9.3182235e-01  -1.0694800e+00  -1.0563316e+00   7.8997727e-01  -1.0906310e+00  -9.9865698e-01  -9.3475939e-01  -1.5176951e+00   1.0019358e+00  -1.1068289e+00  -2.2747697e-01  -2.2895767e-01  -5.4172159e-01  -1.0823014e+00  -5.7399940e-01   2.8471437e-01  -7.8886678e-01
   2.0000000e+00  -3.2989199e-01  -1.5839423e-01   2.1251237e+00   1.0462466e+00   3.0461548e-01   4.0257082e-01   4.7858083e-01  -1.5736056e+00   9.7971109e-01  -5.5323611e-01   4.3589363e-02  -1.5212834e+00   4.4400993e-01  -1.1061338e+00  -3.0757665e-02   4.7451486e-01   3.5317841e-01   2.3904125e+00
   2.0000000e+00  -3.1716482e-01   3.9739970e-01  -1.4388563e-01  -1.1228173e+00   4.0322499e-01  -2.5589588e+00   1.5127907e+00   1.8581555e+00  -2.4693409e-01  -5.9627149e-01   1.3638661e+00   1.8628113e+00  -1.1579477e-01  -1.0466811e+00  -1.3940248e-01  -5.2558667e-01  -1.7380517e+00  -2.3003674e-01
   2.0000000e+00  -2.4965015e+00   1.1526417e-01  -2.6272839e-02  -4.6143090e-01  -2.6294486e-01  -4.9297321e-01  -4.6733964e-02   4.0855604e-01   4.7143928e-01   5.0220894e-01  -4.9107251e-01   1.3009304e+00  -6.2327334e-01  -8.6142972e-01   2.3785921e-01  -1.4895403e+00   8.6179222e-01  -5.3597941e-01
   2.0000000e+00   1.0319843e-02  -4.4933760e-01   7.1460236e-01   1.6341706e+00  -3.3220750e-01  -1.1184119e-01   4.7010388e-02  -1.3982068e+00  -1.4654094e+00   3.1071458e-01   5.7164286e-01  -7.6004887e-01   7.2751281e-01  -7.6644600e-01  -7.4400186e-01  -2.3308209e-01   5.5036610e-01   8.0089767e-01
   2.0000000e+00  -2.6445887e-01   3.8553864e-01  -3.7320113e-01   8.5158029e-01  -3.3787125e-01  -2.3917479e-01  -6.3402732e-01  -7.9677265e-01   4.0820082e-01   1.9054858e+00  -9.2614323e-01   1.4581950e-01   3.1566356e-01  -6.3912427e-01  -9.3747917e-01   3.9425042e-01  -4.6118741e-01   2.6472452e-01
   2.0000000e+00   5.1960186e-01  -7.1570573e-01   1.4998447e+00  -9.7734204e-02   1.9386858e+00  -5.5584233e-01  -1.3568117e+00  -5.8032394e-02  -1.1598528e-01   2.0971090e+00  -1.1285526e+00   2.6125159e-01   1.6260042e+00  -4.6439147e-01  -1.0111130e+00   3.6251731e-01  -8.7384740e-01  -1.6264015e+00
   1.0000000e+00  -2.3852127e-01   3.6943837e-01   1.9461613e-01  -7.3945867e-01  -7.0729240e-01  -1.1284689e+00  -3.0230172e+00   5.0717101e-01   8.5647727e-02  -2.0286369e+00   4.6683965e-01  -1.1711432e+00  -1.9907281e-01   8.7291111e-01  -4.5024437e-01  -1.2514567e+00   1.9910868e-01   5.1257418e-01
   2.0000000e+00   1.8966401e-01   2.4713407e-01   2.4114008e-01   3.5986318e-01   1.2256547e+00   3.6060413e-02  -1.2577212e+00  -1.1090920e+00   4.5509893e-01  -1.1933489e+00   7.7785484e-02  -1.0352486e-01  -1.6510774e+00  -4.6584477e-01   1.7823323e+00   4.4713871e-01  -1.0677586e+00  -6.9165893e-01
   2.0000000e+00  -2.1090740e-01  -1.5641464e+00  -1.2219307e+00  -3.1341615e-01   1.3847899e+00   2.0665867e+00  -4.0198618e-01  -1.1579773e+00   8.3810876e-01   1.8902017e+00   1.2443190e+00  -1.1725330e+00   1.3532748e+00   1.6416591e+00  -1.3655220e-01   1.3304712e+00   8.3259774e-01  -2.7418632e-01
   1.0000000e+00   2.2822550e-01   5.1417094e-01   9.4291642e-01  -7.6520448e-01  -1.6455079e+00   3.7827219e-01  -3.8309156e-01  -1.5537741e+00  -8.2963192e-01   7.6007434e-01   6.6774552e-01  -7.2640988e-02   1.4406169e+00   7.4477987e-01  -8.7236708e-01  -5.3096421e-01  -1.0067624e+00   5.1416611e-01
   2.0000000e+00  -5.1793752e-01   7.7406439e-01   4.3740865e-01  -7.0892010e-01  -1.2593825e+00   1.9013834e+00  -4.5085234e-01   5.3339716e-01  -8.3390088e-02   3.0504181e-01   1.3880422e+00   5.3776441e-01   1.1579284e+00  -3.1950414e-01   3.9902113e-01  -1.9414456e+00  -5.8356226e-01   6.1410969e-01
   2.0000000e+00   2.4380571e-01   1.2637633e-03   2.9291925e-02   1.3650568e+00   9.0167902e-01   1.4063028e+00   3.5403593e-01   1.2556842e+00   1.7608371e+00   4.7469396e-01  -7.8409560e-01  -1.3909502e-01   2.6003048e+00  -1.3858244e+00  -1.9274186e-01   1.9707792e+00  -6.1464909e-01   6.3392517e-02
   2.0000000e+00   7.7696484e-01   1.5815000e+00   5.6364610e-01  -8.0368333e-01  -3.5578970e-02   7.5287214e-01  -1.6928410e+00   2.7001547e-01   1.1728150e+00   2.6319757e-01   7.2873867e-01  -3.9789200e-01   2.7964934e-01   1.3541808e+00  -9.2648216e-01   2.0349647e+00  -8.2518953e-02   6.1641025e-01
   2.0000000e+00  -1.3753212e+00  -9.8334067e-01  -9.5835093e-04  -2.3463248e-01  -2.2197788e-01  -6.1019989e-01  -8.6031351e-01   9.2050158e-01   1.1650687e+00  -9.7055142e-01   1.7411806e-01   1.1682547e+00   3.1350727e-01   7.2347567e-01  -9.8858079e-01  -8.7722808e-01  -2.0736055e-01   5.4368087e-01
   2.0000000e+00   8.9052962e-01  -6.4484063e-01  -2.0458775e+00  -4.6844199e-02   1.0341132e-01   2.0204108e-01   8.4693386e-01  -1.5398567e+00  -9.7555299e-01   8.0760973e-01   2.6525588e+00  -1.2754252e+00  -4.6661173e-01  -3.7463287e-01  -2.7192968e-01  -6.4635017e-01   1.0733964e-01  -2.5982256e-01
   1.0000000e+00  -2.1869032e-01  -6.9886249e-01   6.1273833e-01   1.4314798e-01  -5.3403353e-01  -5.5669931e-01   2.0056040e-01  -6.8348898e-02  -4.0551685e-01  -1.5684756e+00   2.0332498e-02   1.1374663e+00   9.9232622e-01   3.2235314e-01   2.2410906e+00  -2.2497111e-01   2.8208200e-01   4.9128962e-01
   2.0000000e+00   2.6057669e-01   2.0181440e-01  -2.0700938e+00   1.6882075e+00  -1.8369518e-01   2.2764524e-01  -1.5797184e-01  -5.6157763e-01   1.7680935e+00  -8.6769859e-01  -4.2842271e-01   5.0267463e-01   1.0610703e+00  -3.7416641e-01   1.8048030e+00   1.1487869e+00   1.7007726e+00   2.0530288e+00
   1.0000000e+00  -5.1355313e-01   6.0110190e-02  -1.9020742e-01  -6.1144531e-01  -1.9275074e+00  -1.3095252e+00   1.3920889e-01   1.8495604e-01   1.4355930e+00  -9.8982108e-02   3.9540113e-01  -2.1708561e-01  -1.9251709e-01   4.5453706e-01   8.6681095e-01   1.0801370e+00   5.3539194e-01  -8.9094680e-01
   2.0000000e+00   1.3162268e+00  -1.1946048e+00   3.8171451e-01  -1.2429706e-01  -5.2275975e-01   8.9145297e-01  -9.6962464e-02  -1.6196596e+00   1.0180553e-01  -6.1155235e-01  -6.7491410e-01   5.9305580e-01  -2.3468656e-02  -3.3239258e-01   6.3282183e-01  -6.8558762e-01  -1.1360881e+00   1.0489772e+00
   2.0000000e+00  -9.6360825e-01   1.0742389e+00  -1.4926199e+00   7.1877786e-03   2.1877355e-01   4.4082737e-01   1.7576367e+00   6.1115952e-01   1.0908693e+00  -2.0318261e-01  -2.3617342e+00   7.3340323e-01   3.5978581e-01  -9.1795018e-01   1.1518953e+00   2.0591160e+00  -1.2577913e+00  -1.4403665e-01
   2.0000000e+00  -2.2659584e+00  -8.8594870e-01  -8.9278962e-01   1.9286860e+00   6.2878917e-01  -6.3931705e-01   1.6340888e-01   9.2398395e-01   1.1665020e+00   3.0041127e-01  -6.5514382e-01   1.4124205e+00   2.6496266e+00  -6.0809073e-01   1.1730382e+00   1.0380537e+00  -2.2570020e-01  -1.5047757e+00
   2.0000000e+00   1.6541603e+00  -2.1953818e-01   1.1469578e+00   1.4288456e+00   3.5654183e-01   6.2460834e-01   1.4430875e+00   5.3340954e-01   9.3040707e-01  -3.7055685e-01   3.5697598e-01   1.1792334e-01   8.5124406e-01  -2.9391753e-01  -2.7042654e+00   3.4205385e-01   1.5190348e+00   7.7209390e-02
   2.0000000e+00   4.3968736e-01   1.8814972e-01   3.3726007e-01  -2.8964069e-01   1.5049246e+00   1.4402959e+00  -2.4872642e-01   1.7505804e+00   7.3505679e-01  -3.9409900e-01  -1.3584715e-01  -2.6768983e-01   1.9917441e+00   1.9016833e+00  -1.6894245e+00   2.9686274e-01  -1.0752289e+00  -2.7954292e-01
   2.0000000e+00  -3.0708491e-03   1.0820152e+00   4.6259376e-01   6.2770824e-01  -4.5932710e-01   3.3509131e-01   1.5539877e+00   1.5427134e+00  -2.9258083e-01  -1.2599256e+00  -6.7922169e-01   5.5051244e-01   1.2259382e+00  -1.3612381e+00   1.6842549e-02  -9.5102571e-01   7.8997198e-01  -2.5995703e-01
   1.0000000e+00   6.0058301e-01  -4.2452113e-01  -3.0772632e-01   3.6927393e-01  -7.5477880e-01  -2.3980932e-01  -8.4064725e-01  -1.4884336e-01   1.8819916e-02   8.5580826e-01  -2.0380338e-01  -9.6162115e-01  -1.5416411e+00   7.3806741e-02  -2.9926799e-01   1.0467137e-01   7.0704221e-01   2.2468034e+00
   2.0000000e+00   9.3965425e-01  -8.4745510e-01  -6.3408649e-01   1.3670415e+00   7.3299857e-01   1.4569741e+00   1.3635293e-01   1.2003738e-01  -4.7201905e-02  -4.5468371e-01   1.4088614e+00  -1.0401247e+00   1.2924111e+00  -1.4567548e+00   1.1239452e-01   2.2976387e+00   2.1161334e+00   2.4752624e-01
   1.0000000e+00   2.0031479e+00   4.0072279e-01   3.9065297e-01  -1.5360258e+00   8.8779475e-01   2.7097344e-02  -5.8102949e-02   9.6463401e-01  -9.6912324e-01  -1.5541732e+00  -1.2555238e+00   7.8586753e-01  -1.4722411e+00   3.8554283e-02   1.6974391e+00  -6.6260067e-01   6.8003481e-02   8.4128799e-01
   2.0000000e+00  -3.3957782e-01   4.3384966e-01  -2.5190206e-01  -1.6626971e+00  -1.0949515e-01   4.1211035e-01   1.2925168e+00  -8.3428133e-01  -4.6248215e-01   5.8162854e-01   8.7582075e-01   2.9103459e-01   9.6018941e-01  -6.4332998e-01   5.3614177e-01   1.9439622e-01   7.1041458e-01  -1.4241023e+00
   1.0000000e+00  -1.8950177e-01  -1.7387728e-01  -4.2507502e-01  -9.4540049e-02   2.1676811e-01  -6.1435792e-01   5.3278529e-01   2.7855643e-01  -3.4615486e-01  -3.2578321e-01  -1.4350206e-01   1.1165817e+00   1.3576011e-01   7.0098716e-02  -7.9370231e-01   1.1959515e+00  -1.8072582e+00  -8.9783834e-01
   2.0000000e+00   2.3218228e+00  -1.1487150e+00   1.0244091e+00  -3.5854553e-01   3.7164315e-01   4.8631812e-01  -9.5432701e-02   1.2948202e+00   1.9931492e+00  -2.8420600e-01   2.6155323e-01   3.5791890e-01   3.4630877e-01  -1.8568936e+00  -1.0290192e+00  -1.5027454e+00  -1.4540337e+00  -9.9482212e-01
   2.0000000e+00  -8.4527618e-01  -4.0034745e-01  -1.2264185e+00   6.6450163e-01  -1.4432354e+00   1.8469601e-01  -3.7454687e-01  -5.3533014e-01  -3.4634208e-01  -9.2699742e-01  -9.1172987e-01  -2.1793601e-01   1.8249142e+00  -7.6093585e-01   5.3357086e-01  -5.0098679e-01  -2.9698420e-01   9.2648903e-01
   2.0000000e+00   2.3966558e-01   7.1908071e-01   1.8730147e+00   2.0775898e+00   8.5858544e-01   3.3753791e-01  -8.2763811e-01   1.1497540e+00   1.0975348e+00   1.1615301e+00  -4.6886065e-01   2.0724484e-01   1.7930054e+00  -9.7798631e-01  -6.6483152e-02   1.6822527e+00  -9.7918026e-01   4.6706085e-01
   2.0000000e+00  -1.2865813e+00  -1.5804432e+00  -3.9752343e-01  -1.1093621e+00   1.0030461e+00   1.3286619e+00  -2.1496595e+00  -7.4055062e-01  -8.9973854e-01   4.4241835e-01   6.3564203e-01  -1.8633613e+00  -8.4925255e-01   1.6079224e-01  -2.0034641e+00   9.9887302e-01   3.3906359e-01   2.7756014e-01
   2.0000000e+00  -5.4703093e-01   3.0283033e-01   9.2792924e-01   2.2289300e+00   6.3188443e-01   4.1147397e-01   8.7781625e-01   1.3405144e-01   5.3338894e-01  -1.3793761e+00  -5.7136753e-01   1.1906722e+00  -1.3575147e+00  -1.0584359e+00   6.6030648e-01  -2.9997428e-01   4.0776140e-01   8.3332189e-01
   2.0000000e+00  -1.6047982e+00  -5.1776569e-01  -5.8243571e-01  -8.6074029e-01  -3.7825309e-01   3.8213569e-02  -5.0425241e-01   1.1514938e+00   1.3367561e+00   7.1424019e-01  -2.9477479e-01  -1.0368560e-01   1.2827813e+00   2.1509057e+00  -1.4436526e+00  -8.2310053e-01  -1.4109693e+00  -1.8958808e-01
   2.0000000e+00   1.2765776e+00   6.5526372e-01  -7.0291110e-01   1.5654725e+00  -8.7733392e-01  -2.4104812e+00  -3.6072340e-01  -4.9617994e-01  -1.2684395e+00  -6.9945116e-01  -1.3230363e+00   1.3265213e+00   9.1513210e-01  -1.3188044e+00   6.3555469e-01   3.8622801e-01  -1.3830693e+00  -1.1912377e+00
   2.0000000e+00   1.2647547e-01  -1.1211655e+00  -1.2553733e+00  -9.3156110e-01  -1.2529254e-01   1.1777250e+00  -6.8824555e-01  -8.0902831e-01  -1.6284091e+00  -8.5675995e-01  -5.2538570e-01  -1.2973923e+00  -2.5351361e+00   4.6535390e-01   1.2326010e+00   6.2498257e-01  -1.1348823e+00   3.0610515e-01
   2.0000000e+00  -2.0178707e+00  -6.5565398e-01   8.5376285e-01   1.0086806e+00  -2.3820739e+00   1.6614097e+00   7.7522012e-01   4.5481482e-01   1.0284288e+00  -2.3791971e+00   7.6319366e-01  -5.9446203e-01  -3.8829378e-01  -4.9762794e-01  -7.2553337e-01   4.8435471e-01   1.5530507e-01  -3.1459797e-01
   2.0000000e+00  -1.5980220e+00  -4.2120096e-01  -9.4980494e-01   3.0061739e+00  -1.1698765e-01   1.4280673e+00   1.1312083e+00  -1.2154616e-01   9.2591851e-01  -4.7278911e-01   1.1046250e-01   1.0216345e+00   2.1407430e-01  -1.1236292e+00   9.7474715e-01  -1.8078650e-01   1.0143319e-01   8.5401016e-01
   2.0000000e+00  -1.3328143e+00  -8.7907722e-01  -7.3274309e-01   8.0857234e-01  -1.9246876e-01   1.1343548e+00   2.7528844e-01   2.9026752e-01   2.6744008e-01   5.4833899e-01  -1.0296879e+00   1.5938453e-01   1.3831329e+00   1.0870400e+00  -5.0622254e-01   8.7959475e-01   3.0057040e-01  -8.0059697e-03
   2.0000000e+00  -4.6577438e-01   9.4462710e-01   2.0839430e+00  -1.3538529e+00   3.9101701e-02   2.7781845e-01   9.5223574e-01   3.4554724e-01   1.0003604e+00   5.8424593e-01   2.6183940e+00  -7.4630000e-01   8.3869077e-01   1.2229006e+00  -1.8029892e-01  -3.7578316e-02   1.5571782e-01   5.0923177e-01
   2.0000000e+00  -2.3168273e+00   2.4915455e-01  -4.4752850e-01  -4.4530170e-01  -9.2444077e-01  -2.1084051e+00   1.0394551e+00   2.5112911e+00  -1.0311270e+00   1.1267320e+00  -1.2961510e+00   2.9708472e-01   3.8732966e-01   1.4289745e-01  -1.0526358e+00   1.5975640e+00   3.5101630e-01   9.3499583e-01
   2.0000000e+00  -1.7193328e+00  -2.6648353e-01   1.0373597e+00  -7.0777539e-01  -1.1809428e-01  -2.6404960e-01   8.0191843e-01   6.9116030e-01   4.4042929e-01  -1.5735761e+00  -7.5811095e-01   3.3324493e-01   1.1529988e+00  -3.8363479e-01   2.0362576e+00  -1.0913484e-01  -7.4098780e-01   4.9349323e-01
   2.0000000e+00  -5.6057448e-01  -1.2572815e+00   5.1018444e-01   6.9694051e-02  -7.7801268e-01   1.4320691e+00  -5.8043089e-01  -4.0844063e-01  -9.1854678e-01   1.2136074e+00   3.6319535e-01   5.6762495e-02  -7.3541282e-01   2.3264202e-01  -7.9128055e-01   1.1816460e+00  -7.3963538e-01   1.1450491e+00
   2.0000000e+00  -5.8530914e-02  -3.1235269e-01   5.6078640e-01  -1.2691792e+00   7.2977448e-01   2.3516338e+00   1.7238756e+00   1.2622433e+00   3.2160398e-01  -2.2401322e+00  -5.6759818e-01  -7.9414246e-02   3.8046378e-01   9.5386237e-03   8.1923458e-01   1.1775808e+00  -1.0715108e+00  -1.1968856e+00
   2.0000000e+00   1.4468168e-01  -8.7600577e-01  -1.0494512e+00   1.0846910e+00  -1.6181644e+00   2.7718245e-01   1.6228075e-01  -1.1818151e+00  -1.5309801e+00   2.2101971e-01  -6.0417087e-01   4.0029065e-02  -1.6022981e-01  -1.5885261e+00   4.3036519e-01   1.2218741e+00   8.3623975e-01  -8.8618109e-01
   2.0000000e+00   8.2150964e-02  -1.3519483e+00   1.2818020e+00   5.3111775e-01   1.7667110e+00  -5.9827435e-01  -5.6085499e-01   3.9591657e-01   5.9725708e-01   4.6911754e-01   1.2917891e-01   1.5831289e+00   1.2755579e+00   1.5805305e+00   2.5212817e-01   5.5247079e-01   9.2375674e-01  -6.6850141e-01
   2.0000000e+00   3.9988506e-01  -8.2095699e-01  -7.3765492e-02  -2.0499924e+00   3.4503702e-01   2.2820001e-01   3.4119082e-01  -9.1363601e-01   3.9564933e-01   8.5403987e-01  -2.1266434e-01   8.6918226e-01   4.8546652e-01   1.1114592e+00   9.6148696e-01  -1.8033852e+00   1.4886770e-01  -3.6127372e-01
   2.0000000e+00   2.0311293e+00   9.6541466e-01  -1.1606150e-01  -7.6131343e-02   1.2188900e+00   1.7077159e-02  -1.1633886e+00   6.5369417e-01  -1.0292611e+00  -1.0957331e-01   2.5936956e-01   3.5459979e-01   1.6702334e-01  -1.3327463e+00   4.1203735e-01   1.1045891e+00   1.8282348e+00   1.9443545e+00
   1.0000000e+00  -5.7749713e-01   1.9038153e-01   5.7413352e-01   2.6733237e-01   3.9630155e-01  -1.2448431e+00   3.4890438e-01  -6.2358585e-01  -4.1247611e-02   1.5302591e+00  -1.1059352e+00   1.5885791e+00  -3.8840492e-02   6.9770005e-01   3.7835431e-01   7.2056180e-01   2.5843242e-01  -6.0732113e-01
   2.0000000e+00   3.0160592e-01  -3.1509021e-01   1.6127474e+00   1.3612659e+00   8.7843714e-01   4.8059429e-01  -1.5690166e+00   9.6176973e-01   3.9293630e-01  -8.8934085e-01  -1.3543283e+00   6.1474860e-01   2.7770222e-01   1.0225956e+00   8.0549265e-01   1.3848265e-01  -7.8511604e-01   2.0094591e+00
   2.0000000e+00   1.3926935e+00  -5.9778944e-01  -1.7785379e+00   2.6069055e-01  -9.5804313e-01  -3.5710742e-01  -9.4509501e-01   2.4476582e+00   8.5714027e-01  -1.9372687e+00   6.5047471e-01   1.7378784e+00   1.2295844e+00   8.4992272e-01  -1.8776338e-01  -4.3625559e-01  -6.8899370e-02  -1.4546093e+00
   2.0000000e+00  -4.4396976e-01  -2.3998365e-02  -1.9684594e+00  -5.6574859e-01  -8.0846986e-01  -6.9756564e-01   3.9266167e-02   1.1386277e-01  -7.7700969e-01  -2.6771386e-01   2.9667639e-02   1.2631543e+00  -4.6560760e-01   1.0492408e+00   1.2303992e-01   2.6005077e-01  -6.3830707e-01  -7.9763902e-01
   2.0000000e+00  -2.6224698e-01   1.0790275e+00   1.4044562e+00  -2.8327924e-01  -6.7086053e-01   1.6691588e+00   5.2279887e-01   1.0814260e+00  -6.5803566e-01  -4.7669799e-01  -6.2676475e-01  -5.1711717e-01  -5.3739664e-01   1.0832206e+00   6.1105428e-01  -2.3443198e+00  -1.8625354e+00  -4.3262913e-01
   1.0000000e+00   2.2036712e+00   1.7516643e-01  -2.5387919e+00  -6.4628588e-02  -7.0879362e-01  -1.1054997e+00  -5.1280725e-01   1.9787131e-01   8.0695181e-01   4.9850923e-01  -3.3719884e-01  -5.6664427e-01   6.7518412e-01   7.6414648e-01  -8.7163220e-01   8.2047749e-01  -2.8662549e-01  -4.6872187e-01
   2.0000000e+00  -5.6539302e-01  -2.0040994e+00   2.5474196e+00  -7.0194294e-01  -1.0706572e-01  -8.7485492e-01  -1.9246446e-01   6.0906483e-01   8.1452504e-01  -9.2289245e-01  -1.1890294e-01  -6.2078415e-03  -1.5611274e+00   1.8189926e-01  -1.5535522e-01   7.4568190e-01   3.2359985e-01   4.3288677e-01
   2.0000000e+00   1.0731851e-01   4.5554921e-01   4.6857229e-01   1.3517510e+00   2.5769078e-02   1.2359277e+00  -2.0379589e+00   5.1173403e-01   2.8628483e+00   3.6361554e-01  -3.8098726e-01   7.6321555e-01   2.4288346e-01   1.1383626e+00   1.6382872e+00   2.0493341e+00  -5.1469751e-01  -1.7166377e+00
   1.0000000e+00  -2.2547498e-01   1.0534855e-01  -1.7212958e+00   2.0239536e-01  -3.6295931e-01   1.3219563e+00  -1.0432530e+00   2.5960806e-01  -1.8858377e+00  -9.0983399e-01   2.5345114e-01  -1.5369711e-01   8.5382774e-01   1.5783294e-04   6.0058811e-01  -1.4578869e+00  -6.6189298e-01   1.2996736e+00
   2.0000000e+00   1.5457635e-01   1.8375334e-01  -1.8947938e+00   9.5491598e-01   6.4701701e-02  -6.8493586e-01   1.1964824e+00  -1.0355230e+00   4.6166652e-01  -4.3030109e-01  -7.3077401e-01  -1.8255684e+00   5.5544576e-01  -3.1009795e-01   1.7036314e+00  -7.7449372e-01  -1.2328627e+00  -8.4231616e-01
   2.0000000e+00   6.2618614e-02   8.6646367e-02  -8.3251261e-01   1.4242156e+00  -8.6754089e-01  -5.5092244e-01   5.3154295e-02  -8.6189198e-01   1.1382242e+00  -6.6274260e-01  -1.5237381e+00  -2.2777891e+00  -5.7396891e-01   1.9636569e+00  -2.2012281e-01  -2.0574758e+00  -6.9491519e-02   1.3124219e+00
   2.0000000e+00   1.5916309e+00   1.1805697e+00   2.4869784e-01   2.9584336e-01  -2.1731501e-01  -1.8438026e+00   2.1127140e-01   1.2301160e-01   1.0509393e+00  -4.7191751e-01  -1.5786014e+00  -6.0148363e-02  -1.1896350e-01  -1.0446285e-01   1.5944324e-01  -3.7556352e-01   1.6471489e+00  -2.0956599e+00
   2.0000000e+00  -9.3007097e-01   1.9750206e+00  -7.2292758e-01  -5.7752528e-01   5.1716233e-01  -9.4960554e-02  -1.0252239e-01   4.7116324e-01  -1.2242948e+00  -4.6784825e-01   9.1508038e-01   3.2797815e-01   1.4963342e+00   2.0553203e-01   4.6465960e-01   7.7899559e-01  -1.4561881e+00  -6.4506544e-01
   2.0000000e+00   2.0863368e+00  -1.4439920e-01   5.0890085e-01  -2.4770452e-01   3.3045967e-01   1.1571923e+00   1.1486025e+00  -2.2910596e+00  -9.7486123e-01  -2.0626003e+00   2.4963271e-01  -1.5769019e+00  -5.3833614e-01  -1.4372893e-01  -5.0577803e-01  -5.7103875e-01   8.7108147e-01  -1.0435367e+00
   2.0000000e+00  -1.8448470e+00  -1.8911520e+00  -3.8233619e-01  -7.4419006e-01   2.6442820e-02  -4.8759683e-01   1.8915697e+00   7.0277574e-01   2.4681379e-01   6.0735273e-01  -4.7686353e-01  -7.5988940e-01   3.6777721e-01  -1.3539782e+00  -4.8615743e-01  -3.9424093e-01   2.1411316e-01   5.7942690e-01
   2.0000000e+00   1.2035397e+00   1.8753507e+00  -1.5504119e-01   2.8594192e-01   5.9092034e-01   1.0059460e+00   6.8324758e-01  -2.4217874e-01  -1.2640240e+00  -3.4158375e-01   3.5234966e-01  -9.8636781e-01  -6.5453349e-01   5.1885340e-01  -4.2805025e-01  -1.0171409e-01   2.3575882e-01   1.3092674e+00
   2.0000000e+00  -9.6647189e-01  -8.7948324e-01   3.8340401e-01  -6.1244683e-01   1.0423824e+00  -9.9252251e-01  -5.9577520e-01   2.4165964e-01   1.1459527e+00  -5.5296838e-01  -9.0925707e-01   7.5989209e-01  -9.9170702e-01  -2.4259991e-01  -7.2094435e-01   4.2250092e-01  -1.2379499e+00  -3.5847554e-01
   2.0000000e+00   4.2430328e-01   4.0873947e-01  -9.1390454e-01  -9.1148951e-01  -6.1235930e-01   1.9958954e+00   7.2081786e-01  -1.1118324e+00  -1.2523549e+00   3.6239349e-01  -4.2137995e-01   7.9510990e-01   3.4921558e-01  -8.8373877e-01   1.1387214e+00   2.3626293e+00   1.3160149e+00  -6.3557611e-01
   1.0000000e+00   8.9443620e-02   1.2642240e-01   8.5354310e-01   2.6504719e-01   7.3412356e-02  -7.6073028e-01   2.9709473e-01   3.7216484e-01   3.8980884e-01   5.1532695e-02   1.4802593e+00  -5.5572692e-01  -3.5229952e-01   3.5259918e-01  -1.4280829e-01   1.1314430e+00   1.7364457e+00   2.2511002e-01
   2.0000000e+00   7.7762859e-01  -9.8532665e-01   2.2850061e-01   5.3301377e-01  -4.7935973e-01  -2.6730114e-01   1.3108379e+00   9.1444210e-01  -9.6788846e-02  -7.6774351e-01  -1.2453080e-01  -3.7025108e-01   1.0154099e-01   1.6127431e+00  -4.3749293e-01  -8.1263861e-01   1.0342912e+00  -1.1094085e-01
   2.0000000e+00  -5.0440278e-01   8.4696948e-01  -1.5935252e+00   1.7011351e-01   2.6728226e-01   9.2789483e-01   1.6530248e+00  -1.6472713e+00   2.7487118e-03   1.2423105e+00  -2.7837590e-01  -1.7144865e-01   1.8152625e+00   1.1158314e+00   1.0556741e+00   5.7104416e-01   6.1945600e-01   9.8982433e-01
   2.0000000e+00  -1.8631816e-02  -1.1931653e+00   6.2299213e-01   1.0812662e+00  -8.6176278e-01   1.0567909e+00  -6.3023599e-01  -4.8543553e-01   9.4102961e-01   4.0792640e-01   1.1742902e+00   1.3347459e+00   4.1842524e-01   6.4342803e-01  -1.8897849e+00  -8.7355045e-01   1.8421590e-01  -6.2992586e-01
   2.0000000e+00  -3.1412817e-01  -3.2204328e-01  -2.9967762e-01   4.0857291e-01   6.9188974e-01   2.7163138e-01   3.9310042e-01  -3.7431539e-01  -1.1444350e+00  -4.2406192e-01   1.2815857e+00  -1.3911459e+00  -7.8790283e-01  -5.6581334e-01   1.0832746e+00  -6.2179276e-01  -5.9380512e-01  -1.6571901e-01
   1.0000000e+00   7.0487387e-01   1.7258483e-01  -3.4843874e-01  -9.9650540e-01   1.2155357e+00   5.9517775e-01  -1.0235495e-01  -1.5884828e-01  -5.4027044e-01   6.3120739e-01  -3.6989344e-01   1.0857442e+00   1.1874660e+00   2.6622774e-01   1.8848448e+00  -1.4939895e+00  -4.7380524e-01  -9.7097768e-01
   1.0000000e+00  -1.0556787e-01   5.6344052e-01   3.4270816e-01  -3.2358731e-01  -1.7175403e-01   8.4566641e-01   1.8309221e-01   6.7982308e-01  -1.1347964e+00   4.7363361e-01   1.8138868e+00   5.1027646e-01  -2.1983531e+00   1.2118079e-01  -6.8623908e-01   1.6557757e+00  -1.0805062e+00   3.0883795e-01
   2.0000000e+00   1.7345028e+00   7.6161117e-01  -1.4749379e-01  -8.3086133e-02  -1.7672915e+00  -1.7943910e+00   8.0971978e-01   2.3636497e-01   4.8416396e-01  -2.1535917e+00  -1.3198686e+00   5.1510911e-01   2.0975428e-01   1.5783854e+00   7.0031327e-01   9.4042581e-01   3.1108194e-01   2.7387875e+00
   2.0000000e+00   3.1665844e-02  -7.9357421e-01  -1.8929534e+00  -1.0371271e+00   3.4041150e-01   2.9186165e-01   3.3215485e-01  -4.1282837e-01   3.3434898e-01   1.1471584e+00  -9.1333119e-01   9.2293100e-01  -3.6101090e-01  -2.2921898e+00  -9.9318820e-03   5.6975713e-01   9.7747639e-01   7.3550084e-01
   2.0000000e+00   2.5598386e-01   1.0019952e+00   5.1167845e-01  -3.3470798e-01   6.7463533e-02   7.1589213e-01  -1.1960679e+00  -3.1070146e-01  -5.7947055e-01   7.3938754e-01  -8.0945757e-01   9.4579252e-01  -9.9861717e-02   5.4898874e-01  -6.2759349e-01   2.9612872e-02  -2.6166129e-01   4.9442754e-01
   1.0000000e+00   8.1785819e-01  -5.5090913e-02   1.0358535e-01  -1.4729219e+00  -2.4936382e-01   3.5180981e-01   3.8741632e-02   1.6253851e+00   1.1226445e+00   1.1415428e+00   9.0302689e-01   1.0348599e+00  -5.5232301e-01   6.5322586e-01   8.7527308e-01  -5.8835221e-01   6.1815858e-01   4.0965374e-01
   1.0000000e+00   4.0575863e-02   2.6686938e-01   6.4592934e-01   1.9572552e-01  -1.1863088e-02  -1.4506556e+00  -1.3844282e+00   7.9648824e-01   7.3572937e-01   2.9737224e-01  -4.2857554e-01   6.1355499e-01   2.0251381e+00   1.5436921e-01  -1.1818098e+00   1.4861522e+00  -1.1333084e+00  -3.2542301e-01
   2.0000000e+00  -6.6181761e-01  -4.1077288e-01  -4.1033551e-01   5.7144754e-01  -1.8089970e+00   6.1365488e-01  -4.2930949e-01  -8.3165152e-01   2.6771299e+00   1.7626427e-01   5.5828521e-02   6.8235891e-01  -2.9178609e-01  -7.7138230e-01  -8.2690475e-01   8.1902335e-01   1.0985087e+00   6.4608560e-01
   2.0000000e+00   1.3607490e+00  -7.1286430e-02   9.4296782e-03  -3.2151075e-02   4.4353913e-01  -4.8033137e-01   5.7564634e-01   2.4187970e-01   6.6152451e-01   3.1649601e-01  -1.8018192e-01  -2.3361247e-01   1.0114473e-01   2.6650600e+00   1.2993161e+00  -4.2115711e-02   1.4311959e+00  -3.2222901e-02
   2.0000000e+00  -7.3941606e-01   8.8141701e-02  -4.5476546e-01  -9.9054975e-01  -4.7856741e-01   6.9808385e-01   4.5335563e-01  -6.4854998e-01  -5.7785749e-01   1.0017478e+00  -8.2564644e-01  -1.2986341e+00   6.0639714e-01   1.8935973e+00  -1.1048176e-01  -2.5100086e-01   6.4275883e-01   1.7975498e-01
   1.0000000e+00  -5.3813115e-01   8.8459587e-01   1.7095397e-01   4.2538747e-01  -1.9707895e+00  -1.5883946e+00  -9.1481409e-01  -6.0907622e-01  -3.9355681e-01  -1.9428247e+00   1.9825161e-01  -2.5829242e-01  -2.2116402e-01   2.6724204e-01   4.6627262e-01  -5.3738121e-01   1.0744111e-01  -2.6162322e-01
   2.0000000e+00   5.9909285e-02  -1.4079579e-01   5.3000594e-01  -2.7390303e-01   1.7980634e+00  -3.3719604e-01  -3.9215995e-01   1.2292976e-01  -1.1562158e+00   1.0284351e+00  -1.3301645e+00   5.4151917e-01   1.6273542e+00  -7.3853487e-01   7.4892388e-01  -5.5189073e-01   1.7813089e+00   8.6770409e-01
   1.0000000e+00  -7.4696141e-01   7.2957415e-01   7.8438167e-01   8.2479611e-01  -1.4135842e+00  -7.7557150e-01  -1.8060878e-01  -6.7932598e-01   2.2467947e-01   2.1929752e-01   9.4409662e-01   1.7720696e+00  -3.8243353e-01   1.5531941e-01   7.6399888e-01  -7.2616421e-01   6.4570467e-01  -1.8725946e-01
   2.0000000e+00  -2.2261390e-01  -4.4109439e-01  -2.5794496e-02   5.1493791e-01  -5.4062349e-01  -1.9703882e+00  -7.0847702e-01  -4.5926701e-01   2.0171725e+00  -9.2313358e-01   7.3626216e-01  -9.7023359e-01  -1.4544119e+00  -1.1147946e+00  -3.8124960e-01  -1.2236748e+00   1.7145479e+00   9.5923234e-01
   2.0000000e+00  -8.2392860e-02   2.6400093e-01   9.3230703e-01  -7.3263854e-01  -2.9102326e-01   6.3068632e-01   1.2790171e-01  -5.0546587e-02  -1.1214728e+00  -7.3881709e-01   7.2718887e-01  -3.7229510e-01   2.3397393e-01   1.2728567e+00   6.3364095e-01  -9.1990722e-01  -1.7186343e+00   5.1267556e-01
   2.0000000e+00   3.1611786e-01   1.0699940e-01   1.1586885e+00   6.3213645e-01  -1.4518258e+00   1.2487212e+00  -8.2960933e-01   1.3165218e+00   5.0727019e-01  -1.5698900e-01  -1.8594986e+00  -4.6066680e-02  -7.2575613e-01  -3.5504570e-02  -1.8419615e+00  -8.0371675e-01   1.2413397e+00   6.2792574e-01
   2.0000000e+00  -9.6991233e-02   6.4403428e-01  -2.0951005e-01  -2.5344899e+00   5.5672408e-03  -9.0119879e-03   1.6016621e+00   2.5081990e-01   6.0163754e-01   9.6538008e-01  -1.4592651e+00  -1.5933088e+00   1.1007104e+00  -2.8004426e-01  -5.7217319e-01   4.6008904e-01  -1.1360492e+00  -1.1139139e+00
   2.0000000e+00   7.9085253e-02  -1.0952621e+00  -5.3016037e-01  -8.7000356e-01   5.4638236e-01  -2.7321214e+00  -5.7194573e-01  -1.3679575e+00  -6.2130339e-01   5.3232753e-01  -9.8550617e-01  -1.1142021e-01   5.3238595e-02  -1.2022866e-01  -5.3337820e-01  -9.9708320e-01  -2.4102592e+00  -2.9240804e-01
   2.0000000e+00   1.2391381e+00  -5.7540089e-01  -1.0311242e+00   1.0480007e+00   1.8111601e+00   5.3160710e-01  -3.7065448e-01  -2.5404981e-02   1.6089936e-01   1.7387094e+00  -1.3621255e-02  -6.6848209e-01   1.4445261e+00  -1.4845028e+00   7.3694640e-01   4.2678981e-01  -3.3612392e-01  -2.5721374e-01
   2.0000000e+00   2.5475312e+00   8.3830095e-01   3.6085142e-01   2.9389483e-02  -4.9723480e-01   1.3042134e-01   8.4846077e-01  -2.2245746e-01   1.4401429e-01  -1.2254916e+00   2.5746585e-01   4.9459110e-01   1.5504967e+00  -1.4525991e+00   1.2644601e-01  -1.1773353e+00   9.0375836e-01  -1.2063782e+00
   2.0000000e+00  -1.5101084e+00  -1.4537302e+00  -4.9274525e-01  -7.2348127e-01  -1.2954077e+00  -4.7640766e-01   1.2130814e+00  -6.5002049e-01  -1.0574841e+00  -1.5078914e-01  -2.3282869e+00   8.2021546e-02   9.0021221e-01   1.7757841e-01   3.4363380e-01   1.1591714e+00  -8.1197384e-01   1.1741109e+00
   2.0000000e+00  -3.5098026e-01  -1.6813358e+00  -9.5662143e-01  -2.1071865e+00  -1.0100605e-01   1.8268373e+00  -1.1707116e+00  -8.7861768e-01  -2.6668844e+00  -1.0009336e+00  -5.3140138e-01   6.0209175e-01   5.5575463e-01   5.6107642e-01   1.3716774e+00  -4.4575679e-01  -2.0307099e+00   8.6489542e-01
   2.0000000e+00  -7.1847434e-02  -7.1609475e-01  -1.2611408e-01   1.2930568e+00  -9.7152931e-01  -5.6675204e-01   1.6178017e-01  -1.2896932e+00   1.6949311e+00   4.9166261e-02  -1.7523327e+00  -1.6008792e+00  -6.5110988e-01  -1.4704750e-02  -8.7743219e-01   1.8981260e-01  -9.6256931e-01   9.6471483e-01
   1.0000000e+00   2.0068886e-01   7.8433898e-02   1.1008093e+00   1.2939968e+00   5.0909578e-01  -8.1126519e-02   9.3164610e-01  -6.0344677e-01  -2.3143933e+00  -9.6069999e-01   3.6947793e-01   1.7675233e+00   2.4372892e-01   3.4593583e-01  -1.3888635e+00  -9.8791100e-01   5.1246494e-02   6.5244801e-01
   2.0000000e+00  -2.3733105e-01  -8.7576387e-02   1.3372897e+00  -3.3285021e-01   1.8665289e-01  -1.9301547e+00   6.5129145e-01   8.5784646e-01   1.3120590e-02  -7.7674808e-01  -1.4270017e+00  -1.7168099e+00   1.1280736e+00  -1.2830721e+00  -1.2525692e+00   3.2009239e+00  -1.1861699e+00  -6.7094694e-01
   2.0000000e+00  -6.0821638e-02   1.5996739e+00   5.2655075e-01  -1.5590893e+00   8.1642727e-01   9.7534401e-01  -4.4549003e-01   3.2424026e-01  -8.0333870e-01   7.8224620e-02  -8.5992553e-01  -7.2312022e-01   3.9796138e-01   6.2228101e-01  -6.4780792e-01   1.4506492e-01  -1.9752927e-01  -3.9203427e-01
   2.0000000e+00  -1.5741478e+00  -9.2388622e-01   1.6714547e+00  -2.7831641e-01  -1.3391543e+00  -1.1978148e+00  -8.0381145e-01   1.0619505e-01   8.3397175e-02   8.9172927e-01   1.1666363e+00   9.9396176e-01  -8.8942796e-01   1.5923384e+00  -2.4494824e-01  -2.2766139e+00  -5.2458217e-02  -1.1818899e+00
   2.0000000e+00  -6.4595053e-01   8.1407592e-01  -3.1788032e+00  -8.0895347e-01   7.1057401e-02   6.8407321e-01   2.1392907e+00   9.5459468e-01  -7.0670568e-01   1.2499419e+00  -1.6842641e+00   4.5581811e-03   3.6110481e-01   9.8553445e-01   4.7791202e-01   1.0383143e+00  -3.7104792e-01   9.3154133e-01
   1.0000000e+00  -4.9799227e-02   2.7546163e-01   9.9752297e-01   1.1557974e+00   2.2722473e-01   6.2469792e-01   1.3085481e-01   1.1292361e+00  -3.3386532e-01   7.2272685e-01   8.6082459e-01  -1.2176344e+00   9.0767144e-01   1.7513177e-01  -1.8963064e-01   2.0887077e+00   8.5779783e-01  -6.3171589e-01
   2.0000000e+00  -1.0520579e+00   8.7466509e-01  -7.5104183e-01   2.2797078e-01   5.2255377e-01  -8.9157396e-01   1.2314412e-01  -5.2424093e-01   3.4504315e-01   4.0966506e-01   9.5136338e-02  -1.2459347e+00   1.4314021e+00  -1.0453864e+00   1.4947926e+00   3.5134041e-01  -3.7714948e-01  -1.0436159e+00
   2.0000000e+00   1.4939344e+00  -9.3590068e-03  -7.9154730e-01  -2.0590588e+00  -1.8381232e-01  -2.0836780e+00   2.3552268e-01   4.5497017e-01  -1.2604464e+00   1.5923195e+00  -2.7942325e-01  -4.2806843e-01   4.6006711e-01  -1.2228057e+00  -4.5954403e-01  -5.1462116e-01  -5.0499389e-01  -4.5909746e-01
   1.0000000e+00   1.4052906e+00  -2.5169419e-02  -1.1085431e-01   9.7986368e-02  -1.1971322e+00  -2.0886977e-01  -1.7472085e+00   7.7782338e-01   3.4067832e+00  -6.8356326e-01   6.2054201e-01   8.1815538e-01  -9.1563298e-01   5.2098061e-01   1.0987175e-01  -4.5221185e-02   3.6374589e-01  -1.1711756e+00
   1.0000000e+00   1.7680786e-01  -4.3202657e-02  -3.5382862e-01  -3.5622865e-01  -1.7190551e+00   6.4917217e-01   1.3142207e+00   4.8109130e-01  -8.4355571e-01  -2.4013845e-01   1.6140388e+00   8.0233725e-01   1.4146111e+00   6.2344046e-01   5.6896518e-02  -2.3100239e-01  -1.7603611e-01  -3.8162203e-01
   2.0000000e+00   2.8050395e+00   1.4760205e+00   7.4069886e-02   2.4808797e-01   1.4060738e+00  -2.2270814e-01  -6.1989821e-02   7.2843412e-01  -1.6662843e+00  -4.0287586e-01  -7.9497451e-01   8.1129718e-01   2.8487624e-01   9.5571886e-01  -6.6652577e-01   5.4766099e-02  -6.3829787e-01  -1.5818095e-01
   2.0000000e+00  -4.8514164e-01   2.1248838e-01   9.5036291e-01  -6.9674030e-02   1.4161779e-01  -5.1437268e-01   6.5459488e-02   2.2431481e+00   3.7559084e+00  -1.3224154e+00  -1.4061191e-01  -5.8608699e-01   8.3523531e-01  -3.4012286e-02   3.6794231e-01  -5.6393720e-01   1.3425120e+00   9.5148896e-01
   2.0000000e+00   4.3002585e-01  -4.3694738e-01  -1.1970442e+00   1.3695152e+00   5.0727907e-01   9.0120307e-01   1.3758044e+00  -9.1617698e-02   1.9325530e-01  -1.0208948e+00  -2.3574082e+00   1.9461106e+00  -6.3180163e-01  -9.1524218e-01  -6.2039994e-01  -5.2021165e-01   3.6033595e-01  -2.8459059e-02
   2.0000000e+00  -2.8060086e-01  -2.0247534e+00  -1.3952755e+00   6.1511247e-01  -9.8756737e-01   1.4213937e+00   1.2863103e+00  -7.7456041e-01   5.8535080e-01   1.5698794e+00  -1.5812277e-01   4.5098742e-01  -1.3386141e+00  -2.6830617e-01  -4.5534546e-01   9.2424423e-01   1.0163450e-02   6.9051309e-01
   2.0000000e+00   1.1266663e+00   1.5341539e+00   4.5432582e-01  -5.9921794e-01   1.2146234e-01  -5.3875901e-01  -1.7655442e+00  -8.6443861e-01  -8.3534713e-02  -4.9455473e-01  -2.1993969e+00  -7.9750641e-02  -5.0801182e-01   1.8714866e+00  -1.4261462e+00   8.3474141e-01   3.5404401e-01  -2.2531530e-01
   1.0000000e+00   1.9366330e+00  -2.3362973e-01  -2.6915455e-01  -1.1509466e+00   1.1204635e+00  -2.3999817e-01  -4.2155878e-01  -1.0582097e+00  -1.7113116e-01  -1.3956652e+00   1.5392934e+00   6.4864781e-01   1.8286613e-01   9.2884106e-01   1.4448729e+00  -2.2729240e+00   2.1472107e-01  -7.3123099e-01
   2.0000000e+00  -8.4326147e-01   9.1286486e-01  -8.5543879e-01   9.1388779e-01   2.0886219e+00  -2.0408807e+00  -1.6102505e+00  -6.7263248e-01   1.2078936e+00  -8.0355906e-01  -2.9256187e-01  -1.0996735e-01  -2.9000895e-01   1.5134242e+00   3.1326030e-01  -5.5411219e-01  -1.6550671e+00  -1.6140517e-02
   2.0000000e+00  -5.8678538e-01  -5.3636527e-01   1.3497467e+00   3.3134925e-01  -3.7517611e-02  -1.4709998e-01  -2.6908645e-01   1.3335118e+00   7.7145031e-01   1.5257872e+00  -1.3922909e+00   2.4844969e-01  -8.9178122e-01  -1.7765720e+00  -2.0183591e+00  -6.7770768e-01  -9.2799271e-01   2.0527368e+00
   2.0000000e+00   1.2027687e+00  -5.0006326e-02   2.6266491e-01   1.9167761e+00   2.4556447e-01   9.5650560e-01   2.1492504e-01  -2.0317783e-01   1.9796976e-01   1.3010477e-01   3.7187933e-01   5.1101856e-01   2.6207418e+00  -6.3587349e-01  -6.8814970e-02   4.4170915e-02   7.9820869e-01   1.4583537e+00
   2.0000000e+00   2.1500870e-01  -3.9666428e-01   3.2744172e-01  -1.0724012e+00   1.7903974e-01   1.6246651e+00  -3.2613313e-01  -7.9257387e-02   1.2889884e+00   2.9185970e-01  -1.3245656e+00  -1.7803076e-01   1.1518642e+00  -2.0958206e-01   1.4086154e+00  -8.6576823e-01   9.9355486e-01   2.3855286e-01
   2.0000000e+00   1.7389251e+00  -5.8838155e-01  -8.7069088e-01   6.8745739e-01  -5.4854070e-01  -1.0095036e+00   1.5186066e-01  -5.8017192e-01  -7.1303812e-01  -1.4006619e-01  -1.3855661e-01  -9.0423591e-01   1.6173274e+00  -1.2692813e+00   4.5773065e-01   3.2094305e-01  -1.3420068e+00  -1.7601659e+00
   2.0000000e+00   1.6328018e+00  -3.7985118e-01  -7.5926553e-01  -2.3553634e+00  -1.1811941e+00   1.9910091e+00  -1.1865927e+00   8.3441671e-01   6.2549311e-01   1.0401731e+00   7.4402845e-01  -7.4135905e-01   5.0686249e-02  -1.5079071e+00   3.0082929e-01   7.3331849e-01   2.6490136e-01   7.2955753e-01
   2.0000000e+00  -1.1723989e+00  -9.8330664e-01  -1.7950621e+00   5.4849289e-01  -1.5356002e-01   2.0696417e+00   5.3607990e-01   8.5644896e-01  -6.7315087e-01  -2.4407208e-01   1.8091524e-02  -4.1927316e-01   2.6552415e-01   4.4723505e-01  -1.5192187e+00   1.5298210e+00   2.3057314e+00  -9.9587590e-01
   2.0000000e+00  -8.0241447e-01  -2.2124817e-01   7.4649595e-01   5.7135392e-01  -6.2699515e-01  -1.0834536e-01   6.8326049e-01   5.6102065e-01  -7.2453744e-02  -9.3349314e-02   1.1511540e+00  -6.8830095e-01   1.1363372e+00  -2.5154679e-01  -1.1035740e+00   5.1752190e-01   1.4135997e+00   1.1278429e+00
   1.0000000e+00  -1.5013224e+00  -3.9443152e-01  -1.7063442e-01   2.0825475e+00  -8.7335966e-01  -9.3421388e-04  -1.0110118e+00   2.1491433e+00   6.8927820e-01   5.8773415e-01  -3.6303613e-01  -7.4899469e-01   7.9499169e-01   6.8009235e-01   1.5483658e+00   1.6262471e+00  -7.4879754e-01   5.7931304e-01
   2.0000000e+00  -1.2981971e-01   7.7550916e-01  -2.2909559e-01   2.5232839e-01  -7.6094147e-02   1.1387369e+00   4.3860411e-01   8.4630699e-01  -2.4518445e-01  -1.3592973e+00  -3.7576380e-01   1.1791214e+00  -2.0976032e-01  -1.2924625e-01  -2.7957783e+00   1.9507845e+00   6.3306359e-01   4.0191678e-01
   2.0000000e+00   4.5424800e-01   7.6532562e-01  -1.0518981e+00  -5.6181843e-01   6.2288733e-01  -1.1102204e+00  -2.9873084e-01  -1.0191638e+00  -3.4595729e-01  -8.3263966e-01   2.3226194e-01  -6.8224506e-01  -8.6884581e-01   9.6397414e-01  -2.9559640e-01  -5.7276551e-01  -1.4519915e+00  -9.8409367e-02
   2.0000000e+00   1.9319007e+00   7.1428704e-01  -6.0793069e-01  -1.1318287e+00   1.8864609e+00   1.1700646e+00   7.5992723e-01  -6.3753836e-03   2.5201258e-01   8.5352069e-01  -8.6511371e-01  -1.3793940e+00  -1.7422742e+00  -3.8268818e-01  -1.0972090e+00   1.3467329e+00  -7.4657840e-01  -5.0202548e-01
   1.0000000e+00   6.0190326e-01   7.8808931e-02   1.0060574e-01   3.9124246e-01   4.1952471e-01   1.2536926e+00  -8.7828002e-01  -3.1056109e-01  -3.0559177e-01   4.7849333e-01   1.3125235e-01  -1.1338554e+00  -2.5225904e-01   2.9244731e-02   5.0177898e-01  -5.5581970e-01  -1.9396288e+00   4.5760072e-01
   2.0000000e+00  -3.0033749e-01   7.9100200e-02  -6.4447612e-01   7.6570428e-01   9.2833205e-01  -2.0952987e+00  -1.6003761e-01   2.5519556e-01  -7.4720911e-01   5.8210047e-01   2.6950299e-01   4.6413743e-01   1.8187033e-01   2.2868309e-01  -3.3220671e-01   9.4198045e-01  -4.0988171e-01   1.1136050e+00
   1.0000000e+00  -7.3942839e-01  -1.8722725e-01   1.9983549e-01   6.5918668e-01   1.1110749e+00   1.2444430e-01  -5.0636964e-01   7.8515006e-01   4.9769193e-01   2.3034045e+00  -8.5067347e-02  -7.7880081e-03   1.2112489e+00   3.9083509e-01   9.3926382e-02  -7.4657758e-02  -6.3584321e-01   1.2452708e+00
   2.0000000e+00   1.2407050e+00  -1.4635517e+00   1.8270074e+00   8.3861065e-01   8.3341585e-01  -1.9882158e-01   1.2682357e-01   9.2175035e-01  -1.6781735e+00   1.0646440e+00   9.4591881e-02   7.3198655e-02  -6.3549883e-01   2.7845229e-01  -7.8861294e-01  -1.0490034e+00  -8.4401797e-01   7.8334914e-01
   1.0000000e+00   1.2182517e+00   2.5585269e-01   2.0050486e+00  -1.4649242e+00   1.2794183e+00   1.0430847e+00   4.9359191e-01   3.3868939e-01   1.1762614e+00   5.8436889e-01  -5.6130607e-01   9.1270453e-01   1.8864896e+00   3.4449123e-01   1.5315201e+00  -8.9286222e-02  -1.5829462e+00  -6.6192979e-01
   2.0000000e+00  -5.4110773e-01  -4.7868452e-01  -1.4506907e-01   2.2363901e-01   4.9534989e-01   1.5602878e+00   1.2598730e+00   7.7810162e-01  -1.0937683e+00  -1.2604130e-01   3.0561778e-01   7.0723372e-01  -1.9849906e+00  -1.5987541e-01   2.0778902e+00  -1.6100983e+00   2.1635233e+00   4.0993309e-01
   2.0000000e+00  -1.3461141e+00  -1.3223478e+00   1.3219358e+00   8.1563751e-01  -1.3194460e+00  -3.3069790e-01   1.6059389e-01   9.0350689e-01   1.2277531e+00  -1.4921064e-01  -9.2369968e-03   1.9024933e+00  -2.7227451e-01   1.1471376e-01   6.7582672e-01  -1.9174823e+00  -2.8319850e-01   4.7144750e-02
   1.0000000e+00  -7.1325615e-01   8.3823309e-01   1.7895074e+00  -7.4176493e-01  -8.1630620e-01  -1.0820104e+00   4.3746536e-01  -1.6589038e+00   1.9732196e-01   1.2894162e-01   2.3147937e+00   6.2019909e-01   4.1274898e-01   4.9745122e-01  -4.0998694e-01  -9.7198334e-01  -9.2833779e-01   1.4465396e+00
   2.0000000e+00   4.2296895e-01   3.6328853e-01   6.0739835e-01  -2.3120804e-02  -7.7397777e-01  -1.7307785e-02  -1.2089192e+00  -4.3985785e-02   3.3914259e-01  -6.3876686e-01  -2.1498887e+00   7.4355875e-01   3.2553361e-01  -1.0158546e+00  -1.7610530e-01   5.8795019e-01  -7.0688315e-01  -3.3772789e-01
   2.0000000e+00  -1.1757573e+00   4.6492269e-01   1.2601515e-01   3.1941052e-01  -3.1941208e-02   3.4643817e-01  -2.0818908e-01  -8.0833576e-01  -1.4921221e+00   4.7216317e-01   2.7857489e-01   5.6528047e-01  -1.2862750e-01  -1.9987149e-01  -1.8315557e-01   6.2887982e-01  -1.9295299e+00   7.5807471e-01
   2.0000000e+00   5.4253208e-02   2.4859801e-01  -1.7264352e+00  -5.8705495e-01   7.5966596e-01  -7.7240406e-02  -1.2960520e+00  -1.0919683e+00  -7.1063514e-01  -1.9184768e-01  -2.0168867e-01  -9.1865746e-01   2.2848801e-01   1.0797165e+00  -2.6724885e-01  -1.0150080e+00  -1.0830697e+00  -1.2894382e+00
   2.0000000e+00  -2.9195153e-01  -2.6129078e-01  -1.4281838e+00   1.3785647e+00  -9.3390193e-01  -7.9290048e-01   7.9476838e-01   2.0797506e-01  -1.9027939e+00   5.7639661e-01  -5.2716508e-01   4.8382596e-01  -2.1521425e+00  -1.6257367e-01  -5.8656608e-01   4.4233360e-01  -3.5854805e-01  -2.0835291e+00
   2.0000000e+00  -4.6143518e-01  -1.6773895e+00  -8.1994761e-01  -2.4288279e-01  -1.0882955e-02  -5.7558294e-01   2.2569893e-01  -1.0232743e-01   1.1989067e+00  -2.3145831e+00   1.4529939e+00   3.6711133e-01  -7.1947665e-01   8.2848350e-01   1.8214862e-01  -1.2675090e+00  -1.8225942e+00  -9.5362756e-02
   2.0000000e+00   1.4616888e+00  -1.7520579e+00   5.5982860e-01  -4.4070650e-01   9.3915963e-01  -4.0777983e-02  -2.4278125e-01   3.7645810e-01  -5.0810140e-02  -1.9217439e+00   8.8668165e-01  -1.5367337e+00  -6.7050285e-01   6.6799984e-01   8.3682312e-01  -1.7524195e+00   6.3235966e-02   6.1942769e-01
   2.0000000e+00   5.6749330e-01  -4.4861260e-01   1.3631670e+00  -1.4634085e+00  -1.3923189e+00   3.0444497e-01   3.1024865e-01  -8.7175516e-01  -9.3358256e-01   2.6387556e-01  -9.5082177e-01  -1.5946854e-01   2.7096458e-01  -3.7753484e-01  -1.2849586e+00   1.1137268e-01  -2.2458519e-02  -3.0995996e-01
   1.0000000e+00  -4.2441632e-02  -4.9605090e-01  -3.1724500e-01  -3.9056567e-01   4.5173855e-01  -4.8737528e-01   8.3603947e-01  -2.3726400e+00   1.0145312e+00   1.2325611e+00   3.2514833e-01  -8.2589964e-01  -2.2279916e+00   6.3019251e-01   1.5842258e+00   8.3468541e-01  -6.6603263e-01  -1.9212422e-01
   2.0000000e+00   4.5555883e-01  -4.0189643e-01   5.4984718e-01   8.6124323e-01   9.7318794e-01  -9.3462496e-01  -5.3747796e-01   3.2530289e-01  -1.0984966e+00  -4.2427199e-01   1.0225505e+00   7.0229854e-01   1.1798671e+00  -3.4269913e-01   1.4821925e+00  -5.2460828e-02  -4.9237085e-02  -7.7624265e-01
   2.0000000e+00   2.3534319e-01  -3.4774205e-01  -1.1690811e-01  -3.9725140e-01   1.9493458e-01   1.0086520e+00   1.0659455e+00  -8.6697173e-01   1.2017435e-01  -6.1522496e-01  -3.0842712e-01  -1.1121108e-01   1.8470984e+00   1.4107919e+00  -1.6833199e+00  -8.5727761e-01   1.3740353e+00  -6.2330413e-01
   2.0000000e+00   1.6941631e+00   3.0836880e-01   1.3124191e+00  -8.6436076e-01  -1.1086419e+00  -6.2537349e-01   1.1940356e+00  -1.7610416e+00  -8.9828141e-01   3.6588757e-02  -4.9854267e-02  -1.1994967e+00   1.8602382e+00   1.4653118e+00  -6.1599477e-01  -8.2611331e-01   1.7334052e-02   3.4324793e-01
   2.0000000e+00   1.6865658e+00   6.5716655e-01   3.6079750e-01   1.5875108e-01  -3.7386107e-01   8.2070536e-01   1.5732186e+00   7.1073511e-01  -3.7878728e-01  -2.1622654e-01  -9.5634114e-01   7.0774365e-01  -1.7418340e-01  -1.6877567e+00  -3.1049406e-01   1.1416964e+00   5.5674090e-01  -8.7528014e-01
   2.0000000e+00  -7.1175932e-01   3.1202921e-01  -1.1627250e+00   1.2155075e+00  -9.3639508e-01   1.2170735e+00  -1.7620864e-01  -1.4451862e+00   5.4612006e-01  -1.3886137e+00  -3.6172041e-01  -4.9553072e-01  -8.0405459e-01   2.5073126e+00   2.3039339e-01  -1.6417011e+00   2.9575898e-01   1.6270348e+00
   2.0000000e+00   3.7995516e-01  -8.6065529e-01  -1.6199791e+00  -2.8074597e-01   8.1156936e-01  -2.1117927e+00  -1.3432506e+00  -3.4473849e-01   1.2066604e+00   1.5839682e+00  -8.3915402e-01  -3.1426766e-01   1.7045682e-02  -1.0792188e+00  -4.5676667e-01   1.4570575e+00   2.2617742e-01  -2.4423463e-01
   1.0000000e+00  -5.9685077e-01  -3.4387651e-01   1.4639631e+00   5.9825610e-02   1.9609777e-01   5.9697019e-01  -8.9407975e-01   1.5039750e+00   7.3676523e-01  -4.2484780e-01  -3.0665850e-01  -9.1100660e-01  -1.0936018e+00   2.2775483e-01  -1.6822748e+00  -2.0914765e-01   6.7676742e-01  -5.2749035e-02
   2.0000000e+00  -9.0875941e-01  -1.9304463e-01  -6.5070090e-01   1.4641045e+00   1.2903273e-02   1.0501525e+00   1.2073924e+00   3.2184268e-01   3.1846764e-01  -3.3845565e-01   6.8521552e-02  -1.0249735e+00   5.1439943e-01  -4.1316864e-01  -6.4676602e-01  -1.4933347e+00  -6.8838855e-01   1.8004644e-01
   2.0000000e+00   1.0045224e+00  -3.2197709e-02   8.6454293e-02  -6.8944862e-01  -7.2539736e-02   5.9814307e-01  -3.3899761e-01  -4.7567059e-01  -1.4988158e+00  -8.6669345e-01  -1.6707068e+00   1.0440722e+00   8.7645174e-01  -3.6075962e-01   7.8898600e-02   8.4969970e-01  -7.4582875e-01   1.1701963e+00
   1.0000000e+00  -9.1146590e-01  -6.0045128e-01  -1.2738744e+00   3.9865341e-01   9.8917934e-01   1.3812727e+00  -9.9559353e-01  -6.6363863e-02   1.5120624e+00   4.1419789e-01  -2.9804715e-01   9.9282746e-01  -1.0623650e-01   4.6469283e-01  -1.6926916e-01  -1.1290074e+00  -1.2180694e+00  -4.4704781e-01
   2.0000000e+00  -1.4247642e+00   2.8427354e-01   1.5160427e-01  -2.5891305e-01   8.7107025e-01  -6.0257174e-01  -5.9505805e-02  -8.1623919e-01  -5.9966860e-02   5.2854691e-01   1.4967520e+00   1.7637300e+00   6.0459451e-01  -2.7073448e-01   1.1045877e+00   6.0118455e-01  -5.5124885e-02  -2.3326168e+00
   2.0000000e+00  -1.8116532e+00  -1.0384773e+00   1.1295691e+00   9.3718764e-01  -3.9755417e-02   3.8748515e-01   2.4924801e+00  -1.5745121e+00   1.2953770e-01  -3.9888822e-01   3.0441089e-01   3.4275898e-01   2.1932417e+00   4.8211548e-02   2.3235035e-01  -2.1794854e+00  -4.5327424e-02  -4.4296164e-01
   2.0000000e+00   1.9089121e+00   6.7845699e-01  -7.8246206e-01   1.9985951e+00  -3.1643627e-02   6.6853070e-01   1.1262491e+00  -1.3728083e+00  -2.6842607e-01   9.9845925e-01   5.3213629e-01   1.0794179e+00  -1.0783000e+00   1.0607825e+00  -1.0097296e+00   2.8929693e-01   1.1547887e+00   3.4348095e-01
   2.0000000e+00   1.6470891e+00  -4.7603504e-02   6.5732055e-01   1.5333970e-01  -7.7382488e-01  -4.5148869e-01  -4.1848284e-01   4.9013827e-01   8.7487236e-02  -1.1205360e+00   3.0650561e-01  -1.0162472e+00   2.5741697e-01  -1.8895871e+00  -1.4502246e+00  -6.1291760e-01   9.4865223e-01   6.8701812e-01
   2.0000000e+00   4.5355944e-01  -5.4245262e-01  -2.2937826e-02  -3.6293386e-02  -4.0353173e-01   3.0136034e-01   4.2932045e-01  -9.8093186e-01   1.0805581e+00   1.9924903e-01  -1.6006047e+00  -1.1628491e+00  -9.1880935e-02  -1.0339456e+00  -1.4624265e+00   1.3946954e+00   2.0576446e+00   1.1864121e+00
   1.0000000e+00  -1.2383394e+00  -7.5598882e-01   9.6668836e-01   3.5815124e-01  -1.5689678e-01   6.6858063e-01   1.7736102e+00   1.4199823e+00   5.1302103e-01   1.4701658e+00  -7.6954865e-01   4.0091874e-01  -2.2822509e-01   4.9933645e-01  -1.6641418e-01   2.0942016e-01  -7.6249332e-01  -7.0805735e-02
   2.0000000e+00   1.5244537e+00  -1.0377005e+00  -7.4387785e-01   2.3477762e-01  -1.1023389e-02   4.8223036e-01  -2.3684586e-01  -1.8224308e+00  -7.8323270e-01  -4.2106319e-01   6.0203661e-01   1.0503185e-01  -1.1392412e+00  -1.1531251e+00   1.3250618e+00   7.4411172e-01   2.8494833e-01   9.8585408e-01
   1.0000000e+00   1.6809993e+00   4.7266593e-01   3.2651268e-01   2.6550126e-02  -6.4395295e-01   1.1139708e+00  -1.0141310e+00   9.3011133e-01   1.5015377e+00   5.4039769e-01   1.9564652e+00  -7.9154129e-01   1.0960060e+00   4.0939833e-01   1.0505993e+00   5.9672276e-01   3.4353358e-01  -4.6827256e-01
   1.0000000e+00   1.0696536e-01   9.5746556e-02   2.0258740e+00   3.8033767e-01   4.0783847e-01  -4.1127643e-02  -9.6105786e-01  -6.0761949e-01   5.6605776e-01   1.1447292e+00  -1.3985959e+00  -1.4486961e-01  -7.2952455e-01   4.6637555e-01  -5.2419071e-01   2.9647913e-01   4.5774697e-01   6.0701819e-01
   2.0000000e+00  -5.1874965e-01   1.3851926e+00  -6.4432064e-01   1.5383254e+00   3.8586144e-01  -1.8577410e-01   4.9989075e-01  -1.2916720e+00   4.0357507e-01   5.3845826e-01  -4.9279089e-01   7.5998094e-02   5.4449153e-01   7.6137643e-03  -1.0005402e+00  -4.3383053e-01  -1.5325608e+00  -2.9942541e-01
   2.0000000e+00   1.3913419e+00   1.1946968e+00  -4.4508954e-01  -3.0464850e-01   1.8348533e+00   4.4143686e-01  -1.9275657e-01   8.5325205e-01  -5.0408850e-01   7.8217852e-01  -6.1625498e-01   8.6522467e-01  -1.4976507e+00   2.8227367e-01   1.1157249e+00   1.3656778e+00   7.4244821e-02  -4.1910724e-01
   2.0000000e+00   1.7202944e+00   1.7632116e+00   3.6095696e-01   8.2352237e-02  -5.8872408e-01   5.7953392e-01   1.2726397e+00  -6.2219290e-01  -7.6258987e-01   1.3364850e+00  -1.3922584e+00  -1.5690112e+00  -3.9341053e-01   6.2831682e-01   3.2830292e-01  -4.9159470e-01  -7.9485985e-01  -1.2675953e+00
   2.0000000e+00   2.5111198e-01   1.2097288e+00  -6.3482185e-02   4.0767108e-01   6.1673260e-01  -1.8249813e+00   4.8279313e-02  -3.7863353e-01   9.3084460e-01   8.1697081e-01   8.1134471e-01  -6.2109606e-01  -7.9604600e-01  -5.2635796e-01   6.4823435e-01  -1.4047417e-01   2.4286998e-01   1.3774127e+00
   2.0000000e+00  -1.3340068e+00  -1.3537099e+00   4.7302874e-01  -1.7514660e+00   6.0553169e-02   7.6167961e-01  -7.4264280e-01   4.5400027e-01  -6.2205567e-01  -1.4728109e+00  -2.2087802e+00  -4.6759938e-01   1.8552528e+00  -3.3678368e-01   5.4394959e-01  -3.1938453e-01   1.7151134e+00  -2.1200500e-01
   2.0000000e+00  -1.1728309e+00  -9.2713049e-01  -2.5693434e-01  -1.3016001e+00   1.7685111e+00   1.9387338e-01  -1.2112536e-01  -8.8427576e-01  -3.6006816e-03  -1.1397986e+00   6.5800564e-01   7.2075492e-01   6.4151040e-01  -9.8016547e-01  -3.1660008e-01  -3.7497964e-01   5.8047291e-01  -1.9860038e-01
   2.0000000e+00  -1.2491518e+00  -3.9954174e-01   1.1024197e+00  -4.9470565e-01  -3.4389366e-01   3.7435018e-01   7.6386474e-01   5.5308384e-01   1.7402350e+00  -4.4908986e-01  -1.7598497e+00  -1.0204911e+00  -1.7906353e+00  -1.3963141e+00  -8.4270428e-02   4.2949072e-01   4.1125393e-02   1.0436348e+00
   2.0000000e+00  -6.1773328e-01  -1.4252995e+00  -3.2116715e-01  -4.2121965e-01  -1.2046554e+00   6.8210801e-01  -1.0479573e+00  -6.2669080e-01   1.9789502e+00  -6.7816799e-01  -6.3195102e-02   3.7047167e-01  -2.0685417e-01  -8.3319448e-02  -1.2441817e-01  -8.8123046e-01  -8.4547572e-01   1.7037493e+00
   2.0000000e+00   4.8462425e-01  -2.4292680e+00   1.1993737e+00   2.4486083e-01   1.1762044e+00   9.7876889e-02   5.3477105e-01  -2.0658226e-01  -1.7368152e+00   4.1737822e-01   4.7076705e-01   8.3926114e-02  -3.4429131e-01  -3.5357402e-01  -1.9678764e-01  -6.1352234e-01   4.0038744e-01   5.6738361e-01
   2.0000000e+00   6.2561010e-01  -4.3563100e-01   5.9174315e-01  -1.6700891e+00   1.4358785e+00  -2.8237408e-02  -7.4614814e-01  -3.1347465e-01   3.1929370e-01   1.1783233e+00   1.1830570e+00   5.9083667e-01   1.0794074e+00  -7.8276281e-01   7.8540665e-02  -2.4632884e-01   1.5732122e+00   1.2656397e+00
   2.0000000e+00   4.4989838e-01  -1.5185957e+00  -3.2526472e-01  -1.1976371e+00   1.1064032e-01  -2.4057898e+00  -4.0697089e-01  -2.4053048e-01  -7.3452385e-01   2.2016385e-01   6.3419108e-02  -1.3107962e-01  -8.5022861e-01  -4.5293356e-01   5.0673780e-03   3.7529967e-01  -1.5000235e+00  -7.3301258e-01
   2.0000000e+00  -5.9038568e-01  -2.1895892e+00   9.8188893e-02   1.4638478e+00  -7.6834404e-01   1.7649865e+00   1.0573604e+00   4.8575586e-01   5.3096895e-01   1.1423341e+00  -1.8164745e+00   5.2780501e-01  -1.6655612e+00  -4.2319235e-01  -1.3407795e-01   1.6796605e+00   4.4541126e-01   1.9240424e-01
   2.0000000e+00  -1.0532788e+00   5.1819412e-01   1.3012929e+00  -3.2762409e-01  -6.1891982e-01   9.5271324e-01   1.4385683e-01  -5.2160866e-01   1.6083826e+00  -5.9797560e-02   1.0523926e+00  -1.2515705e+00  -6.7035378e-01   9.5595371e-01   7.7440128e-01  -1.0973709e-02  -1.1484538e-01   4.0811659e-01
   2.0000000e+00  -5.0100815e-01   1.4540693e-01   1.9116704e+00   1.4971898e+00   5.2784222e-01  -1.4495512e-01  -1.1211832e+00   1.5857547e-01   1.9740899e-01  -3.8766732e-01  -1.3907883e+00   8.9736124e-01   1.9241797e+00  -1.8026609e+00   1.9917512e-01  -1.9848833e-01  -3.8794570e-01   5.5944594e-01
   2.0000000e+00   2.1943535e+00   1.9669548e-01  -1.5432772e+00  -1.4019135e+00  -6.3327536e-02   3.6532922e-01   1.0800403e+00   1.3524779e+00  -1.8214811e+00  -9.5302220e-01  -3.4622888e-01   1.7878192e+00   1.3395917e-01   1.3406495e+00   5.6456234e-01   6.9704301e-01  -5.7629719e-01  -2.0918077e-01
   2.0000000e+00   6.4588089e-01   1.6527840e-01  -2.1559706e-01   1.3310448e-01   2.2284710e-01  -2.4512912e-01  -1.2058986e-01   2.0695391e+00   9.8841428e-01  -6.5238045e-02  -1.0688403e+00   9.3660421e-03   1.4285800e-01   1.2189470e+00   8.1355211e-01  -3.3889215e-01   7.0967880e-01  -2.4286666e-01
   1.0000000e+00   8.4998686e-03  -1.0452084e-01  -4.9079659e-02  -2.9181881e-01  -4.0786807e-01   1.5143807e+00  -4.0217835e-01  -1.4668397e-01   6.3210671e-01  -1.1631954e+00   6.0460517e-02   8.1071670e-01   3.3542120e-01   5.9585674e-01   2.2221268e-01   9.3858843e-01   5.0839595e-01  -5.2123973e-01
   1.0000000e+00   7.1091192e-01  -1.8632389e-02   2.1208742e-01   1.5892485e+00  -1.3688417e+00   6.3705225e-02   1.4672229e+00  -3.9795716e-01   2.1958449e-01  -5.1742404e-02  -1.0081149e-01  -5.7571386e-01  -9.8049983e-01   7.8926485e-01   6.6355456e-01  -8.8751285e-02  -7.2724520e-01   1.5587803e+00
   2.0000000e+00  -2.3306293e-01   5.7730616e-01  -4.0616973e-01   9.5534120e-01   2.7936980e-01   1.0825799e+00   3.5021055e-01   1.9992343e-01  -9.1160372e-02  -1.2383859e+00   1.1114454e+00   1.4753893e-01   1.3930180e+00  -9.7300187e-01   4.4512522e-01  -8.7845466e-01   1.2901091e+00   1.0385241e+00
   1.0000000e+00   5.6870376e-02   3.5885755e-01  -3.2019279e-01  -2.2881321e-01  -5.5436758e-01   3.0791248e-01   8.2655004e-01   9.5669616e-01  -1.5668312e-01   6.6447578e-01  -1.3411218e+00   7.8897870e-01  -1.4295117e+00   4.2788281e-01   1.2106521e+00  -5.1723221e-01  -7.1725451e-01   1.4769340e+00
   2.0000000e+00  -1.1830301e+00  -4.9146392e-01   1.7885177e+00   1.5749446e+00   4.1828620e-01  -6.6670410e-01  -1.5202173e+00  -9.0252895e-01  -7.2021841e-01   1.2723909e+00  -3.1390673e-02  -3.0686869e+00   8.2273276e-01   9.9891591e-01  -9.7167926e-01   2.3282328e+00  -6.7022441e-01   9.5999269e-01
   2.0000000e+00  -1.3103214e+00  -1.1146430e-01  -1.4250288e+00  -4.1906525e-01  -3.9367256e-01  -3.8756122e-01   7.4704728e-01  -3.0832140e-01   1.2773177e+00   7.1431095e-01   9.2141950e-02   1.4288106e-01   4.9081206e-01  -1.1415970e+00   1.0057520e+00  -7.9851974e-01  -1.3046277e-01  -1.2039478e+00
   1.0000000e+00   3.5232866e-01   9.3036061e-01   5.9361328e-01  -1.7879106e+00   1.2522776e+00   2.2228885e-01  -2.8937236e-01   1.3541089e+00   4.2918676e-01  -1.9365679e+00   1.7164844e-01   4.2557324e-01   1.3478404e-01   2.2069354e-01   6.8749477e-01   3.5165388e-01   2.1174177e+00  -3.6546228e-01
   1.0000000e+00   3.3487512e-01   4.9027792e-01  -1.7189774e+00   1.1275816e+00   1.9233999e+00   1.1193873e+00   9.9078673e-01   9.2008642e-01   8.4299145e-01  -2.6129015e-01   2.0209062e+00   3.2761807e-01   9.7764663e-01   5.9716813e-01   9.4786545e-01   9.7053407e-01  -1.2162246e+00  -1.2813594e-01
   2.0000000e+00  -6.6376369e-01   7.4785879e-01  -1.1886627e+00  -1.8381259e-01   5.8577659e-03   1.2738451e+00  -1.5252241e+00  -1.0272461e+00   2.2133305e-01   9.3886865e-01   8.8355371e-01  -2.6440727e-02   1.5672160e-01  -1.0421448e+00   2.2778766e+00   1.7137197e+00  -3.1232425e-01   1.0613845e+00
   2.0000000e+00  -5.5485824e-01   5.0377205e-01   2.1462615e+00   2.0576840e-02  -1.2169857e+00   5.1975827e-01  -3.9412888e-01  -1.1666790e+00   2.1968314e-01   2.0608237e+00   8.4958646e-01  -9.4726562e-02   4.1500050e-01   1.3436913e+00  -2.7180843e-01  -7.0295080e-01   1.9645160e-01  -2.3798163e-01
   2.0000000e+00  -4.2332578e-02  -1.2988783e+00  -1.8416554e+00   3.2723337e-01  -9.0743870e-01   8.9331228e-01   9.4974708e-01  -2.9755727e-01   4.0889321e-01   1.1680681e+00   1.0823678e+00   6.7414144e-01  -1.0422185e-02  -1.6153553e+00  -1.5115442e+00   2.3997850e-01   1.3272218e+00  -1.1127030e+00
   2.0000000e+00  -9.6730237e-01   3.9519985e-01   1.5219902e+00   1.2544159e+00   1.3370058e+00   3.6731407e-01  -1.2160549e+00   2.6195089e+00   1.2660285e+00  -5.6271288e-01   1.1063360e+00  -2.3559792e-01   1.0329334e+00   1.0965080e+00  -1.1061809e+00  -2.1903129e+00   1.8601130e+00   1.5672706e+00
   2.0000000e+00  -1.4849609e+00  -6.5801602e-01   2.0192130e-01   1.5423018e+00  -1.6563014e+00   1.2086322e+00   1.7250491e+00  -1.1961565e+00   9.1645518e-01   1.1586328e-01   3.5731077e-01   2.0315175e-01   3.9738677e-01  -9.7841334e-01  -8.4734641e-01   3.3524177e-01   6.4988390e-01  -2.2471613e-01
   2.0000000e+00   1.2625551e+00   1.7506572e+00   6.2223332e-01   7.6029157e-01   3.9071754e-01   6.8893064e-02   8.3255059e-01   5.4639722e-01   1.2478095e-01  -9.5719205e-01   1.5831526e+00   4.8043195e-01   6.3208671e-01   1.0528853e+00  -6.3947851e-02  -3.8380887e-01   8.3138711e-02  -1.0966505e+00
   2.0000000e+00   1.2073513e+00   4.5886536e-01   6.7436401e-01   6.8761275e-01  -7.7934964e-01   4.6438345e-01   2.4591526e-01   5.0871086e-01  -2.4464005e-01  -7.4907877e-01   1.3918250e+00   3.9227401e-01  -2.7794998e-01  -4.0900094e-01   6.9873315e-01   1.5804422e-02  -3.1651011e-01  -1.6044807e+00
   1.0000000e+00  -7.6721047e-01  -4.1700827e-02  -1.4977235e+00   1.4237007e+00   1.8413421e-01  -3.2509518e-01   1.1029869e+00  -8.2134030e-02   2.9276096e-01  -1.4213942e+00  -1.8660890e+00  -2.8409699e-01   6.4355736e-01   2.4849265e-01   1.5709430e+00   8.8635980e-01   6.8197025e-01   8.0106802e-01
   2.0000000e+00  -7.6183229e-01   5.2253764e-01  -4.3414042e-01   6.0218621e-01   2.9096164e-01   6.0788861e-01   1.4581984e+00  -1.1635805e-01  -1.0795547e+00  -1.8518728e-01   8.8630329e-01  -1.3460129e+00   1.8623266e+00  -7.4265523e-02  -1.9492783e-01   6.3292863e-01   1.6491085e-01  -5.4394009e-01
   1.0000000e+00  -1.2881420e-01   2.5092214e-01   2.1892754e+00  -6.9951800e-03   5.4388483e-01   5.0003826e-01  -8.6740791e-01  -1.6686418e+00   4.2161321e-01   2.5938017e-01   1.1333178e-01  -4.6154257e-01   6.6771564e-01   6.4138223e-01   1.4104506e+00  -4.7128526e-01  -5.3439088e-01  -1.3510041e+00
   2.0000000e+00   6.4249875e-01  -1.0725968e+00   6.0901149e-01  -1.5318486e+00   1.4011717e+00   3.7348958e-01  -4.4159457e-01   1.5943348e-02   4.9128991e-01  -1.4714294e-01  -7.9983807e-01  -1.4272831e+00  -1.6931624e+00   4.1123420e-01   1.1512511e+00   4.6424461e-01   4.3517263e-02  -3.4214889e-01
   2.0000000e+00   3.4815338e-02   1.1028749e+00   3.5358457e-01  -2.0591154e-01   6.3452990e-01   3.8605133e-02  -9.1750565e-01  -1.7743486e-01  -9.2524892e-01   3.9644160e-01  -7.4534542e-01   5.1704387e-01   9.3079631e-01   3.2626622e-01  -5.2069320e-01  -5.7955074e-01   8.7779192e-01   1.3841905e+00
   2.0000000e+00   3.9468734e-01  -8.2062219e-01   7.1308112e-01  -7.1422059e-02   3.9319220e-01  -1.6533566e-01   8.3454426e-02  -4.2876534e-01  -1.0924899e+00   5.2965708e-01  -1.3750229e+00   2.3444302e+00   6.6754339e-01  -2.6133067e-02  -8.3434931e-01   1.5411102e+00  -4.6113166e-02  -9.3840085e-01
   1.0000000e+00   2.2253724e+00  -6.5807919e-02  -1.7626921e+00  -3.6792368e-02   1.1899875e+00   6.6980869e-01  -3.1721016e-01   2.2521544e-01   2.6732861e-02   5.6813976e-01  -1.1357115e-01   1.1180680e+00   1.2102098e+00   7.5194071e-01  -1.1798811e+00   3.1038995e-01   1.9836260e-01   8.2555897e-01
   2.0000000e+00  -7.0690103e-01  -7.8821152e-01  -5.3569082e-02   1.3461898e+00  -9.7909292e-01  -1.7836928e+00   2.2208991e-02  -2.0644240e-01  -6.0963669e-01  -2.4034250e+00   1.4850265e+00  -1.4193932e+00  -6.5122860e-01  -2.2802096e-01   3.3400978e+00  -5.6355617e-01  -1.9582405e+00   3.8792884e-01
   2.0000000e+00  -2.2569668e+00   1.9416723e+00  -5.7425950e-01   3.2771791e-01   6.3831519e-01   1.1293061e+00  -1.3727553e+00   4.7083171e-02  -1.3492787e+00   1.2984970e-01   3.5819799e-02   2.1842007e+00  -1.1934908e+00   5.5419375e-01  -1.5079980e+00   6.0997678e-01  -4.7562562e-02  -1.9556049e-01
   1.0000000e+00  -1.5645141e-01  -3.2273849e-01   1.0865858e+00  -1.2142968e-02  -9.1370709e-01  -2.4377987e-01  -4.6595342e-02  -2.1615972e+00   3.7830582e-01  -2.0402496e+00  -6.6547571e-01   2.1676420e+00   3.5380702e-01   6.5862768e-01   4.6520752e-01   4.9283522e-01   8.6670680e-04  -4.3118187e-01
   2.0000000e+00  -1.4311784e-01  -1.1963252e+00   5.7642728e-01  -2.9413396e-01   6.3302185e-01   1.0021676e+00   1.5419223e+00  -4.0815350e-04   5.0542864e-01   9.3067093e-02   7.6141863e-01  -1.2463336e+00  -1.0274608e+00   1.0051651e+00   1.3008523e-01   2.3715461e+00   1.5175333e+00  -2.8438021e-01
   2.0000000e+00  -2.0634446e+00  -3.3724113e-01   7.7111646e-01  -1.7208733e-01  -3.8767016e-01  -3.2356512e-01  -3.2018146e-01   6.0532551e-01   2.3231476e+00   4.4745694e-01   4.3724362e-01   2.0163546e+00   7.1939909e-01  -4.4392435e-01  -5.3162670e-01  -5.7740055e-01  -4.4453134e-01   1.1683637e-02
   2.0000000e+00  -1.4726733e+00  -8.8533106e-01   4.8820381e-01  -1.1778751e+00   6.3202080e-01   3.8072877e-01  -9.0288260e-02   1.2941525e+00   1.5396455e-01   2.2487318e-01  -6.7033075e-01   5.4626629e-01   1.4185779e+00  -8.2589812e-01  -1.1240156e+00   1.5593152e+00   7.6115159e-01   2.1395174e+00
   2.0000000e+00   8.9071073e-01  -1.1174064e+00  -7.2241088e-01   1.6682930e-01   8.3046961e-01   9.1725523e-01   1.0025468e+00  -2.4610279e+00   1.7296044e+00  -9.2218162e-01   2.5035887e-01  -4.1856764e-01   1.9778475e+00   8.5418413e-01  -6.2854780e-01   7.1305247e-01   2.2567021e+00   1.1317417e+00
   2.0000000e+00  -6.2816851e-01   2.7161613e-01   5.8090715e-01  -7.1410338e-01   4.7226472e-01   7.5818295e-01  -5.6821996e-01  -1.3969621e+00  -5.7388845e-01  -2.0616705e+00   1.0996673e+00   1.1728481e+00  -6.4784934e-01  -3.2746532e-01   1.4213823e+00   4.4417002e-03   7.6605238e-01   7.4066660e-01
   1.0000000e+00   1.3194504e-01   6.2597622e-01  -1.6682321e+00  -1.6543002e+00  -2.5908989e+00   1.3960779e+00  -1.1479428e+00   3.9976432e-01   1.1315256e-01  -6.5293870e-01   1.2132697e-01  -7.9312074e-01   1.8226491e+00   6.6085461e-01  -1.3369659e-01   9.6924822e-01  -1.3184071e+00   4.6053798e-02
   2.0000000e+00  -4.2049399e-01  -5.3619233e-01  -1.5434444e+00   1.0941505e+00   1.9700558e+00  -2.2840727e-01  -3.2098265e-01   8.7187210e-01  -4.0221129e-01   8.2986602e-01  -2.5063251e-01  -2.9534486e-01  -1.0063843e+00   9.4811434e-01  -1.1755891e+00   2.2765161e-01  -1.0639943e+00  -3.1304122e-01
   2.0000000e+00   1.4561389e+00  -1.2163483e+00  -1.0090900e+00   1.2962812e+00   7.9041238e-02   7.6496657e-01   9.6129493e-01  -4.6374905e-01   1.6189244e+00   1.1841393e+00  -4.6127212e-01   4.8729713e-01  -6.4763317e-01  -1.2692142e+00   4.3980690e-01  -3.0399602e-01  -3.3569015e-01   6.6698751e-02
   1.0000000e+00   1.5499234e+00   3.7912539e-01   1.2773809e+00   8.0582876e-04   1.8726440e-01  -4.0800671e-01   1.2469441e+00  -5.1820374e-01  -6.2843979e-01   1.2237430e+00  -1.1910376e+00  -1.3520903e+00  -7.7998137e-01   8.4856239e-02   2.8224496e+00   6.0825535e-02  -3.2573950e-01  -2.1468435e-01
   1.0000000e+00   5.2923090e-01  -2.6566449e-01   7.1094929e-01   8.2600747e-01   1.7426002e+00  -1.3781775e+00   1.8179866e+00  -1.0172772e+00  -9.7961364e-01   8.3540828e-01  -4.4179264e-01  -3.6973156e-01   8.3238566e-01   8.3799320e-01   4.8210455e-01   8.3779273e-01   1.1976415e+00   4.5910998e-01
   2.0000000e+00   2.7229091e-02  -1.6280269e+00  -1.5167594e+00  -1.6279606e+00   1.6716975e-01   6.3445797e-01  -1.2417256e-01   1.7861666e+00   1.3441211e+00  -2.0353267e+00  -1.1883940e+00  -5.5213717e-01  -2.0679514e+00   1.3216659e+00  -1.2459292e+00   9.8611541e-01  -1.5177742e-01   1.2006268e+00
   2.0000000e+00  -8.3718820e-01   2.0766114e+00  -6.4917045e-02  -5.3415811e-01   1.9530242e-01   8.2735031e-01  -1.3327923e+00  -5.4593261e-01   2.7118114e-01   9.0158318e-01   2.3701354e+00   8.8737845e-01  -5.9880867e-01   8.8106318e-02   3.9039026e-01   7.6348071e-01   2.0733921e-01  -7.3703012e-01
   2.0000000e+00   1.6193245e+00   7.4481053e-01  -6.8828485e-01   2.4991205e+00  -6.4552010e-01  -1.0244021e+00  -2.2874203e-01  -1.2872124e-01   3.8336871e-01   5.7861085e-01  -1.5477320e+00  -6.0771403e-01  -3.9245364e-01  -5.8299360e-01   8.9610542e-01  -3.5200954e-01  -2.2131793e-01  -3.4635543e-01
   2.0000000e+00   4.0163177e-01  -3.6921254e-01   3.2872768e-01  -5.2161880e-01  -5.0018516e-01   5.4262741e-01  -3.2258664e-01   6.5046054e-01  -6.9200711e-01  -4.7952378e-01   5.5947136e-01   5.2972783e-01  -8.5226632e-01  -1.1139759e+00   1.7891164e-01   4.1048526e-01  -1.1182499e+00   1.1140928e-01
   2.0000000e+00  -2.6892396e-01  -2.9869152e-01  -6.5014378e-01   2.0150436e+00  -5.0418152e-01   5.7871114e-01   1.0214619e+00   1.8430877e-01   1.8942134e+00  -7.3309031e-02   2.0550102e+00   5.4660424e-01   1.1499744e-01  -1.7149893e+00   4.6510190e-01  -8.0870783e-01  -7.6059838e-02  -5.5076472e-01
   2.0000000e+00   8.6522869e-01  -1.4128005e+00  -5.7922062e-01   2.3869561e+00  -8.6177563e-01  -3.1088707e-01  -1.3954700e+00   1.9691056e-01  -9.4351543e-01  -8.2843184e-01  -4.9755041e-01   3.7125344e-04   5.8448599e-01  -5.2262572e-01  -8.4268077e-02  -9.4378880e-02   1.2225707e-01   4.5144977e-01
   2.0000000e+00  -1.1854956e+00   1.5489170e+00  -5.0005230e-01  -1.1033828e+00   7.0403712e-01   1.1993349e-01   2.2683229e-01   6.7402208e-01   3.8212133e-01   5.6106894e-01  -6.0424756e-01   2.2316175e+00   3.3546952e-01  -1.0215335e+00  -3.6942926e-01  -3.6510748e-01  -8.2962983e-01   5.8535028e-01
   2.0000000e+00   2.3230675e-01  -2.0542824e+00  -9.8775255e-01   7.5919450e-01  -5.3254239e-01  -4.2329719e-01   3.5750785e-01   9.2676692e-01   1.1265951e+00   3.6624162e-01  -1.1869813e+00   1.4083924e+00  -7.6706019e-01  -6.1467201e-01  -1.3999774e+00   1.1268676e+00  -3.1944911e-01  -1.6233362e+00
   2.0000000e+00   3.6414553e-01   1.6916057e+00  -3.8589148e-01  -1.2388138e+00   1.1299871e+00  -7.1159373e-01   1.1205010e+00   4.4618730e-01  -2.0794596e-01   1.3820263e-01  -9.0061793e-01   8.6162809e-01   2.7924317e-01   4.6182517e-01  -2.5988748e-01  -8.3328308e-01  -4.1397742e-01   1.5535661e+00
   2.0000000e+00   7.3597883e-01   6.8166743e-02  -4.9766099e-01   5.9153550e-01  -3.6773143e-01  -4.4302640e-01  -2.6708209e-01  -4.3267554e-01  -3.3889374e-01  -8.7439031e-01  -2.5262431e-01  -6.5741274e-01  -1.2120110e+00  -1.2078558e-01   2.3775661e-01  -1.1784901e-01   4.2671980e-01  -1.9470048e-01
   1.0000000e+00  -2.4335242e+00  -1.6782454e-01  -1.1418870e+00   1.7533784e+00   3.0515062e-01  -1.1674344e+00   7.1860243e-01  -1.7284420e+00  -1.1457327e+00  -1.6281103e-01   4.2635364e-01  -1.3029849e+00  -6.8667833e-01   5.7005606e-01  -5.9935574e-01  -4.8652745e-01   8.9832743e-01   3.1259900e-01
   2.0000000e+00  -2.9142221e-02   5.4868501e-01   2.4709785e-01   2.2631680e+00   6.8996578e-02   6.3724090e-01  -3.4225968e-01   3.8668188e-01  -5.4377983e-01   5.4595151e-01  -2.0501139e+00  -2.1709091e+00  -8.1471786e-02  -1.2933487e+00  -1.1414162e+00   6.5849032e-01   1.2390584e+00   3.9551635e-01
   2.0000000e+00   1.7292530e+00  -8.3898085e-01   8.4742157e-01   1.3608959e-01  -1.7718800e-01  -5.1756958e-01  -1.4275800e+00   6.8955888e-02   4.8458380e-01  -1.2950927e-01  -6.8273200e-02   2.4479395e-01  -2.2768929e+00  -2.9376356e-01   5.6524320e-01   1.2224538e+00   4.4417796e-01  -1.8586902e-01
   2.0000000e+00   1.8650231e+00   5.2080426e-01   3.1127309e-01  -1.1274830e+00  -7.8216219e-01   1.3006205e+00   9.7898416e-01   6.9744353e-01   6.3811364e-01  -1.2350169e+00  -2.2822752e-01  -6.5380849e-01  -1.4015439e+00  -7.7111490e-01  -6.6239666e-01  -5.4243783e-01   6.0629767e-01   1.1669071e+00
   1.0000000e+00  -4.4563023e-01  -5.1322807e-01  -1.1586930e+00  -2.6432820e-01  -6.3009724e-01  -1.2891322e+00  -6.0828756e-01   1.7621408e+00  -3.6126542e-01   7.2073019e-01  -7.5022085e-01  -1.2716234e+00   1.9486295e-01   1.4963642e-01  -5.5717782e-01  -3.2897936e-01   1.6843320e+00   5.5638376e-01
   2.0000000e+00  -1.3361167e+00  -1.4199046e+00  -1.3990254e+00  -1.0529456e-01   5.2891880e-01   1.6930640e+00  -8.9880319e-01   5.7700902e-01  -5.3841591e-01  -1.3035563e+00  -8.6425260e-01   8.7690879e-02  -1.6428424e-01  -2.5725858e-01  -8.4765315e-01   2.2252584e-01   9.9673834e-01   2.2395626e-01
   2.0000000e+00  -1.3719858e+00  -9.1213564e-01   2.4582043e-02  -1.0186982e+00   2.4973829e-01   4.6193216e-01   3.2597835e-01  -2.0498454e-01   1.3185455e-01   1.3550888e+00   6.5381137e-01   1.5973365e+00  -3.3955081e-01   9.7304854e-01   9.9160078e-01   1.0017770e+00  -5.2293430e-01   8.4248028e-01
   2.0000000e+00   3.9921507e-01  -1.2239315e+00   1.6958107e+00  -2.9799876e-01   2.2228063e+00  -2.1628742e-01   1.1810307e+00  -4.2344090e-01   7.3793087e-01  -4.6612912e-01   2.1337822e+00   5.9965972e-01   8.0894145e-01   7.4781653e-01  -7.2794609e-01  -2.7146911e-02   2.3658899e-01   1.1862428e+00
   2.0000000e+00   1.0491797e+00  -1.0374672e-01   1.4601652e+00   7.4827334e-01   1.1209486e+00  -4.2268303e-02  -6.0636886e-01   2.8249464e-02  -1.5768058e-01   6.0934298e-01  -4.7222910e-01  -3.9583625e-01   4.1195926e-01   1.4602134e+00  -6.3462003e-01   7.0175967e-01   1.6071396e+00  -1.6133439e+00
   2.0000000e+00  -6.6119660e-01  -1.0003506e+00   1.1995957e+00   1.2172717e+00   2.2834232e-01   6.9748153e-01   8.1907242e-01  -8.0755384e-01  -9.2908070e-01   2.7307978e-02   1.3403686e+00  -2.6257015e-01  -1.7523633e-01   2.6004346e-01   8.0726664e-01   6.1126992e-01  -2.2108414e+00   3.6458415e-01
   1.0000000e+00   1.3552924e+00   7.9349603e-01   2.7597409e-01  -1.4246265e+00  -2.9740914e-01   3.3536291e-01  -9.6397659e-01   3.2746659e-01  -3.7454915e-01   2.3713081e+00  -1.2571434e+00   4.3844905e-01  -7.1155216e-01   1.2049143e-01   4.3160685e-01   5.3159339e-01   8.8318384e-01  -3.2141880e-02
   1.0000000e+00  -2.2199007e+00  -5.3074139e-01  -7.9595913e-01  -7.8027190e-01  -7.1856482e-01  -9.4327823e-01   4.7003167e-01  -4.0608614e-01   1.8255629e+00  -2.2828614e-01   1.7517179e-01   7.2780458e-01   7.9005273e-02   7.0038506e-01   1.0695703e+00   2.7426697e-01   2.2745790e-01  -1.7549521e+00
   2.0000000e+00   6.1179437e-01   8.9191118e-01  -1.1940548e+00  -3.5735148e-01  -3.4171321e-01   1.7859448e-01   1.6697800e-01  -7.0706579e-01   1.1384882e+00  -6.8339685e-01   1.9659310e+00   8.8785864e-01  -1.4144827e-01  -5.0354011e-01   3.4840107e-01   9.6389235e-01   1.8408062e+00   3.9598158e-01
   1.0000000e+00  -5.8585588e-02   3.1532952e-01  -7.2472581e-01   2.0704270e-01  -2.0149097e+00  -1.8863116e+00   1.1836435e+00  -4.3881565e-01   1.1366754e-01  -2.7220111e-01   1.4881955e+00  -5.1283993e-01  -1.1457962e+00   1.1644202e-01   1.1751905e+00  -1.8249356e+00   4.5905825e-01  -4.3426506e-01
   2.0000000e+00   1.1891729e+00   1.5074543e-01  -4.1121635e-01  -1.3003173e+00   6.4127014e-02   7.3350193e-01  -1.0794153e-01   2.2109575e+00   6.7865531e-01   1.3239102e+00   4.3434583e-01   1.7807152e+00  -3.5323700e-01  -6.6540144e-01   1.4304183e+00   1.2582634e+00   1.1033637e+00   4.2862553e-01
   2.0000000e+00  -4.9699849e-01   2.2451680e+00   4.4417743e-01  -8.2292760e-01   2.4706805e-01  -1.1315521e-01   1.0723508e+00   3.9848020e-01   4.0206444e-01  -7.1818544e-01   7.7015922e-01   1.8089388e-01   1.2968049e+00  -1.3170099e+00  -1.2674431e+00  -1.8403445e+00  -3.2233047e-01   7.7240988e-01
   1.0000000e+00  -1.1054550e+00  -2.2334084e-03  -9.6507316e-01  -6.2725520e-01  -4.4011980e-01   4.9801685e-01  -1.4437614e-01   4.5121101e-01   2.3007435e+00  -1.5152736e+00  -1.7220368e-02   3.4652141e-01   7.6584650e-01   5.4235973e-01   5.7514983e-01  -1.0198688e+00  -1.1662318e+00   1.2537049e-01
   2.0000000e+00  -8.1811968e-01   5.3790368e-01   4.0274265e-01  -1.2032837e+00   1.4506826e-01   6.2915902e-01   6.3749510e-01   5.0182406e-01  -3.0637399e-01  -6.7050720e-01  -8.2433187e-01   1.1003506e+00  -2.7866971e-01   2.6817039e+00   1.5812063e+00   1.6880720e-01   4.5094198e-02   2.8292073e-01
   2.0000000e+00  -6.2022195e-01   5.9149288e-01   2.1809893e-02  -1.4957875e-01  -6.0758601e-01  -1.6553513e+00   1.2765866e+00  -9.9300881e-01   5.2888580e-01   1.3381415e+00  -2.1489277e+00   1.4065641e+00   3.8025194e-01  -2.4759919e-03   2.2383499e+00  -6.4595601e-01  -2.9865582e-01   6.7247465e-01
   2.0000000e+00  -1.5601377e+00   8.6158672e-01   1.2117186e+00  -3.9602366e-01   4.1226406e-01   8.9359192e-01  -4.2157078e-01   4.5220558e-01  -6.0244735e-01   7.0370560e-01   1.5432337e+00  -6.6629807e-03  -3.3175069e-01   6.9190018e-01  -8.0031951e-01  -1.7847542e-01   3.6605284e-01  -6.0962573e-01
   2.0000000e+00  -1.2683686e+00   9.8356411e-01  -2.6881103e-01  -2.3300314e-01  -4.3554299e-01   3.8468211e-01  -8.7085074e-02  -9.0974587e-01  -1.8707841e-01   3.1029212e-01  -7.0663842e-01   7.8922964e-02   1.9348971e+00   8.4545441e-01  -2.4112793e+00  -1.9709030e-01  -1.3811895e+00   1.3657314e+00
   2.0000000e+00   3.1984192e-01  -5.0819014e-01  -9.0872007e-01  -4.8471122e-01  -2.0855018e+00   1.1746912e+00   1.6931367e+00  -8.8124214e-01  -1.0619747e+00   3.7491173e-02  -4.3674346e-01   3.9380248e-01   2.3861777e-01  -6.6912492e-01   5.6981849e-01  -1.3498119e+00  -6.6393714e-01   3.4193205e-01
   1.0000000e+00   1.7959416e+00   6.6014223e-01   1.9517148e+00   3.1125280e-01  -2.6628750e-01  -4.0411711e-01   5.4972478e-01   1.9521613e-01  -1.0111563e+00   3.0332833e+00   2.3617912e-01  -8.3542257e-01   1.3022833e-01   2.1389402e-01  -4.1648368e-01  -9.8415280e-01   2.4383535e-01  -1.4427493e+00
   2.0000000e+00   1.6863102e+00   2.3669668e+00  -7.9294997e-01   2.3437740e+00  -2.8226176e+00   1.3064722e-02   1.5679342e+00  -6.5068561e-01   1.4567827e+00   1.0023291e+00  -5.2229801e-01  -1.4405793e-01   5.8943805e-01   9.9944639e-02   1.7663664e+00   1.4980026e+00   3.8473901e-01   2.8708366e-01
   2.0000000e+00   1.9002212e+00  -2.4374319e-01  -3.3909093e-01  -2.7865270e+00  -9.8253441e-02  -1.2870328e-01   7.7001895e-01  -8.0480463e-01  -1.3621511e+00  -1.6492823e+00   9.6465728e-01  -4.7310167e-02   5.3549081e-02  -1.5422727e+00  -4.7304784e-01  -8.1830009e-01  -2.1402858e+00   6.6472921e-01
   2.0000000e+00   1.3495056e-02   8.6222370e-01   1.0571885e+00  -2.6257703e-01  -8.8564065e-01   6.9684289e-02   1.8427680e+00   2.6806479e-01  -2.8818563e-01   3.2547869e-01   1.7819230e-01  -2.6005369e-03   1.5633179e+00   5.8064611e-01   6.9999697e-01   1.8887579e-01  -1.0463951e+00   3.6657882e-01
   2.0000000e+00  -8.5566752e-01  -1.4711032e-02  -2.7044061e-02  -1.3243173e+00  -1.4121723e+00   7.2176252e-01  -1.2643692e+00  -7.3048359e-01  -4.3573100e-01  -4.0381675e-01   1.2020693e+00  -1.9027082e+00   8.3862580e-02  -6.0312121e-01  -6.2558202e-01  -6.2492061e-01   5.1499158e-01   7.7512876e-01
   2.0000000e+00   1.0424710e-01  -4.4665624e-01  -1.4976135e-01   1.8171586e-01   5.6039658e-01   4.4645289e-02   9.7375489e-01  -3.4257959e-01   3.0434761e-01   4.8272061e-01  -6.9765877e-01  -1.7776156e-01   5.9416011e-01  -1.4707285e+00   1.6180679e+00  -1.8444740e-01  -1.0020741e+00  -2.7188089e-01
   2.0000000e+00   8.5995117e-01  -1.3643556e+00   9.8820663e-01   3.7082175e-01  -3.3735579e-01   8.5526742e-01   7.3705675e-01   6.7764076e-02  -7.2985484e-02   4.8972502e-01  -1.6579020e+00   6.8914038e-01  -1.7411535e+00  -8.5766352e-01  -4.1194852e-01  -1.8653643e+00  -4.2823339e-03  -9.5967075e-01
   2.0000000e+00  -2.8905526e-01  -8.8301675e-01   8.3307779e-01   1.5743854e+00  -1.2491500e+00  -2.7239561e-01  -1.0332648e+00   1.2544902e+00  -1.1242925e+00   3.7860500e-01   3.6991134e-01  -1.3468353e+00   6.6787774e-01  -3.6383862e-01  -1.9319119e+00   8.8697239e-01  -1.8969048e+00  -8.1860810e-02
   2.0000000e+00  -4.4997418e-01   1.7159084e-01   3.8599449e-01  -1.4918353e+00  -8.3977540e-01   2.8192311e-01  -1.0111015e+00  -2.2966132e-01  -7.0305841e-01  -7.9080178e-01   3.9812849e-01  -1.1276152e-01  -4.5027168e-01  -1.2243148e+00  -8.8495026e-01  -3.4840182e-01  -8.7870709e-01   2.7684676e-01
   1.0000000e+00   3.1125442e-02  -7.8804881e-03  -3.3193923e-01  -3.0138150e-01   2.7115933e+00   2.9722823e-01   7.4555880e-01  -1.5489618e-01  -7.7809661e-01  -1.4964920e-01   6.9949799e-01  -1.0189158e-01   9.2122861e-02   7.7607608e-02  -1.5640326e-01  -1.1089608e+00  -2.0808055e+00  -1.1366803e+00
   2.0000000e+00  -1.0567599e+00   3.2181968e-01   1.0882301e+00  -1.0346711e-01   2.6101941e-01   7.0536361e-01   5.2115501e-01  -1.1972600e+00   5.0575838e-01   2.4486382e+00  -2.6184191e-01  -2.6910871e-01  -1.0902106e-01   1.2117136e+00  -1.8397197e+00   1.3232292e+00   1.4720306e+00   6.3539206e-01
   2.0000000e+00  -1.2666579e+00  -1.1630446e-02  -2.9383648e-01   6.5593931e-01   4.4214433e-01  -7.3620484e-01   2.6540505e-01   1.1732818e-01   1.1740316e+00   1.6094261e+00   9.1327260e-01  -4.3614917e-01  -6.5057312e-01  -1.1740501e+00   8.0113784e-01   2.9702622e-01  -2.8455292e+00   1.9737045e-01
   2.0000000e+00  -1.1495131e+00  -1.3199043e+00  -3.9014580e-01  -8.4179998e-02   1.0512060e+00   5.9011752e-01   3.8814712e-01   1.6618381e+00   1.2759899e+00  -1.3106422e+00   7.2549771e-01   1.0617169e+00   5.3261622e-01   9.2838370e-01  -3.8065524e-01  -3.0908468e-01   1.6984507e+00   9.5742057e-02
   2.0000000e+00   3.1867468e-01  -2.4925236e-01  -2.7473666e-01   6.6777381e-01   1.5291774e+00   2.9864706e-01  -1.9129289e+00   1.9274903e-01   7.8791323e-01  -1.2963533e+00  -1.8278349e-01   9.3994925e-01   1.5635389e-02  -1.0670456e+00  -7.2499630e-01   5.4644644e-01   1.4856631e-01  -2.0767065e+00
   2.0000000e+00  -1.8904658e+00  -2.1451503e+00   1.4073288e-02   2.0299541e-01   8.5595572e-01  -1.0007745e+00  -8.8384280e-02   8.1053619e-01   2.1879118e-01   2.3944587e+00   1.8034494e+00  -6.1168890e-01   5.1843779e-01   2.4511648e-01   1.0187261e+00   2.1972452e+00  -3.1485766e-01   9.8982089e-01
   2.0000000e+00   4.6573308e-01  -1.6727539e-01   4.4903874e-01   1.7379344e+00   8.5069271e-01  -1.6522245e+00  -1.1863152e+00  -8.2734392e-01   5.2414694e-03   1.1014959e+00   6.3153490e-01   1.0451782e+00  -3.7531222e-02  -6.2884442e-01  -1.5104183e+00  -1.0640147e+00  -1.0497584e+00   1.2762586e+00
   2.0000000e+00   2.5752290e-01  -3.2461154e-03  -6.5486695e-02  -1.6459334e-01  -1.2083394e+00   4.9623891e-01  -2.9343905e-01   7.8107902e-01   3.9329251e-01   5.0287010e-01   6.7340895e-01   3.5279422e-01   6.9338878e-01  -6.9090120e-02   1.7355682e+00   5.7139659e-01  -1.5068044e+00   1.7913405e-01
   2.0000000e+00  -6.4632099e-01   3.8186915e-01   4.7886643e-01   1.0238960e+00   1.7035919e-01   1.7330834e+00   1.7938399e+00   2.4878635e+00   7.0763464e-02   1.5378816e+00  -3.1892966e-01   1.5050380e+00  -5.6445742e-01  -1.2255200e+00   7.3554193e-02   1.4279267e-01   1.3528475e+00  -2.9355301e-01
   2.0000000e+00  -4.0206668e-01   1.6214475e+00  -7.3181858e-01  -2.4563379e-01  -5.3364462e-01  -1.5182942e+00   7.1056545e-01  -1.4846029e+00  -4.3177667e-01   1.6512119e+00   7.0219961e-01  -6.4360615e-01   4.7890280e-01  -9.5604506e-01  -5.7129693e-01  -2.9430498e+00   7.7819297e-01   2.1826208e-01
   2.0000000e+00  -3.6401483e-01   1.2103325e-01   5.3005266e-01   9.2879318e-01   1.6588837e+00  -1.0787975e+00  -5.0840523e-01  -1.1506389e+00  -1.5523800e-01  -9.2516153e-01  -8.1442901e-01  -1.3492343e+00   4.1689115e-01  -1.6308959e-01   8.2857215e-01  -3.2267948e-01  -5.2367065e-01   2.4119282e+00
   2.0000000e+00  -1.8597136e-02  -1.3440375e+00  -2.1588507e-01   1.1879206e+00  -9.6730721e-01  -4.7478982e-01   4.1712068e-01   1.0862068e+00  -3.0381625e-01   2.1935143e-01  -1.3616026e-01  -1.1321334e+00  -5.8247167e-01   4.3841718e-01   7.8787800e-01   1.0805643e+00   2.8823224e-01   7.3857315e-01
   1.0000000e+00  -1.6638085e+00  -1.4079338e-01   8.5982695e-01   2.0941716e-01   1.5251146e-01  -1.0729763e+00  -4.2026481e-01   2.3726069e-01  -2.4117640e-01   1.3917555e+00   1.2862951e+00  -2.3486884e-01  -3.4709058e-01   9.0264572e-01  -1.0386286e+00  -1.0693627e+00  -2.7640614e-01   7.1444989e-01
   2.0000000e+00   4.7679643e-01  -2.2263609e-01  -2.7585186e-01   1.1204276e+00   1.7797015e+00   3.2699204e-01   3.3096178e-02   6.5020217e-02  -5.7603683e-01   2.5145840e-01  -2.6433700e+00  -8.5094273e-01   4.5020451e-01  -6.9825358e-01  -1.3619994e+00  -3.5158069e-01  -5.0975368e-01   1.5437082e+00
   2.0000000e+00  -8.6100107e-01   1.3780978e-01  -4.8637466e-01   1.6259145e+00  -1.2783424e+00   8.8665353e-01  -3.6614688e-01   2.0790061e+00  -4.6821007e-01   2.9270671e+00  -1.7124045e+00  -3.8186353e-01  -4.5137376e-01  -1.7664600e-01   2.1444025e-01  -5.1992940e-01  -6.2591242e-01  -3.9804673e-01
   2.0000000e+00  -1.7222636e-01   5.9607826e-01  -9.1364888e-01   8.5382662e-01  -2.1346981e-01  -6.4551991e-01   9.5086821e-01  -7.3541460e-01  -1.4400350e+00   7.9772052e-01  -3.8056506e-03   7.0082402e-01   9.5701667e-01   1.7402283e+00   5.1355930e-01  -1.9081995e+00   1.4410194e+00  -2.7847823e-01
   1.0000000e+00  -1.2931441e+00  -4.5551465e-01   1.1249792e+00  -3.0735656e-01  -2.5462757e-01   5.5836576e-01  -6.5915258e-01  -5.8464393e-01  -1.0856161e+00  -1.4731924e+00  -1.6318631e+00  -1.2009245e+00   3.1870637e-01   5.3345925e-01  -1.2464364e+00   1.4551091e-01  -8.6934091e-02  -8.4071263e-01
   2.0000000e+00  -2.1181157e+00   9.9495988e-01   8.9954975e-01   2.9507887e-01   1.8497829e+00  -8.9234831e-01  -1.1076563e-01  -9.9444308e-02  -1.6315809e+00   1.0256628e-01   2.9360440e-01   1.3946721e+00  -6.7380040e-01  -1.3409898e+00  -3.8431994e-01   2.0452949e+00  -1.1872218e+00   2.1835743e-01
   2.0000000e+00  -6.1889645e-01   1.2338270e+00  -7.1170584e-01  -5.4515806e-01   1.9178987e+00  -2.5827989e-01  -1.8155614e-01  -9.2973615e-01  -3.2684155e-01  -2.8085914e-01  -6.3513020e-01   1.0845300e+00  -2.8256806e-02   1.3944282e+00   6.2742168e-01  -1.5184492e+00   2.3442922e-01   6.5621676e-01
   2.0000000e+00  -1.6360282e+00   2.6681619e-01   2.5300212e-01   7.9517630e-01  -2.9681691e-01  -1.8509965e+00   8.0929101e-01   5.0240347e-01   7.7150368e-01   2.0210570e+00   8.1269464e-01   2.5271326e-01   3.1904104e-01   8.2780739e-01  -1.1733081e+00  -1.1043421e+00   1.1959383e+00  -9.8785635e-01
   1.0000000e+00  -6.1073537e-01   2.4827067e-01   2.7284984e-01  -1.5748221e+00  -2.3768855e-01  -3.0249000e-01  -2.3250411e+00   1.0875471e+00   1.6197804e+00  -1.8899572e+00  -5.5713897e-01   5.5688752e-01  -1.2783486e-01   1.3998365e-02   6.4413589e-01   5.5243152e-01  -8.3341370e-02   9.1478434e-01
   1.0000000e+00   9.3727662e-01  -3.1606085e-01   1.0225110e-02  -8.2143624e-01  -7.4206854e-01  -4.3212470e-01  -1.0243553e+00  -1.9526822e+00  -7.4353384e-01   2.2841319e-02  -1.1239793e-01  -2.1654921e-01  -2.1284222e+00   7.6129344e-01  -1.1844642e+00  -1.4118015e+00   1.6197911e+00   8.6981953e-01
   2.0000000e+00  -2.1346413e+00   2.1631237e+00  -1.1062257e-01  -2.2882375e-01  -7.5965541e-01  -7.1608155e-01  -8.5140987e-01  -6.6047836e-01   1.2894342e+00  -9.0495764e-01   1.3712821e+00   1.4486465e-01  -1.6156603e-01   5.6271263e-01   1.2278774e-01  -2.2759573e-01   2.6786844e+00  -3.1425906e-01
   2.0000000e+00   1.3641193e+00  -1.1728206e+00  -1.4452835e-01   1.1235962e+00   1.4837045e+00  -7.2443684e-01   1.1847880e+00  -7.9630230e-01  -1.1682612e+00   2.6952952e-02   1.6080923e+00   1.2909482e+00   8.5404468e-01  -1.0306373e+00   7.6443575e-01   4.0531685e-01  -4.1729405e-01  -1.0563849e+00
   2.0000000e+00  -6.5012642e-01   1.1897979e+00   1.1800551e-01   3.3889638e-01   2.5057735e-01   1.8357521e-01  -4.9627326e-01  -7.2346567e-01   4.4653052e-02  -2.0054643e+00  -1.1107054e+00   9.1930595e-01  -4.8158827e-01  -8.9582675e-01   2.1793414e-01  -8.6474521e-01   2.4820656e-01  -1.3856993e+00
   2.0000000e+00  -6.1862614e-01  -1.5524151e+00  -1.3291043e+00   7.3479153e-01  -1.3137201e-01  -2.2521449e-01  -1.7263002e-01  -5.3943552e-02   7.1798389e-01   3.0447649e-01  -1.3920532e+00  -9.1662248e-01   5.8020774e-01   1.3902863e+00   1.0746164e+00   1.5832826e+00  -1.2855594e+00   1.1934969e+00
   2.0000000e+00   2.6783511e-01  -1.5736486e+00   3.2775653e-01   1.3239999e+00  -1.5183471e+00   1.2545471e+00   1.5876486e+00   4.8832232e-01  -6.5533863e-01   8.9907847e-01  -3.7696932e-01  -2.4255951e-01   1.5548075e+00   1.8731880e+00   7.6329778e-01   1.2725036e-01   7.8588964e-01  -1.1518456e+00
   1.0000000e+00   9.5189539e-01   3.3075835e-01   2.9236386e-01   9.1975031e-01   1.2005267e+00  -1.3702364e+00   1.0221225e+00  -4.9118563e-01  -9.1687847e-01  -9.6335957e-01  -1.2434875e+00   1.8825414e+00   8.1826530e-01   3.9420533e-01  -6.2063505e-01   1.1554766e+00  -1.7910094e-01   1.4429344e+00
   2.0000000e+00   1.4490869e+00   1.5858268e+00   8.7968664e-01  -4.1857316e-02  -7.8052849e-01   1.1631316e+00   7.1706464e-03  -1.1988743e+00   4.6749958e-02   3.5109657e-01   2.8288051e-01   6.6823545e-01  -5.3441982e-01  -5.4407803e-02   1.2561041e+00  -5.9594453e-01  -1.1508226e-01  -5.7561894e-01
   1.0000000e+00   2.8735213e-01  -8.0528264e-01   1.0862704e+00  -6.0656626e-01   6.5999527e-02  -5.4299695e-01   6.5939817e-01   5.9120017e-01  -5.1321071e-01   3.5072668e-01   2.2578420e-01   2.4281219e-01  -6.6462315e-01   3.4973197e-01   2.9253976e-01  -1.3865281e-01  -4.7937598e-01   1.9807411e+00
   2.0000000e+00  -1.3964708e+00  -5.6121406e-01  -1.2633508e+00  -9.3995062e-01  -7.4775231e-01   5.1090214e-01   1.0583332e+00  -1.0355041e+00   9.7819316e-01   1.1758421e-02   4.1669521e-01   7.2718414e-01  -1.5669960e+00  -7.6787973e-01  -8.3484301e-01   2.2708904e-01   1.5400432e-01  -7.0726405e-01
   2.0000000e+00   1.3520074e+00   8.0710527e-01   1.0423915e+00   1.7786499e+00   1.0736200e+00  -3.3837861e-01   1.2632472e+00   1.1818097e+00   9.6127700e-01  -1.6363793e+00  -1.8044867e-01   7.4632563e-01   5.5218727e-01  -1.6923371e-01   4.4392354e-01  -4.1885983e-01   3.6099589e-01   2.1251022e+00
   2.0000000e+00   4.0470119e-01   1.4987201e+00   4.6775184e-01   2.1254421e-01   4.9655422e-01  -2.3516618e-01   6.1452419e-01   1.7657357e+00  -1.5179245e-01   5.1688735e-01   8.0724380e-01   3.1593782e-01   1.8991190e+00   3.8165890e-01  -2.2363750e-01   5.5653123e-01  -9.5891946e-01  -3.7532827e-01
   2.0000000e+00   1.2666139e+00  -1.7326318e+00   8.7388323e-01  -1.5717356e+00   6.2483653e-01  -1.7987723e+00  -2.1492924e+00  -6.3356515e-01   3.1228230e-01  -1.5020747e+00   1.1301113e+00   9.0693639e-01  -1.4974527e+00  -2.2278915e+00  -1.5385979e+00   3.6257864e-01  -1.1666611e+00  -1.4290492e+00
   2.0000000e+00   1.2649913e+00  -1.7565451e+00   1.7329876e+00   1.8158227e-01  -6.5766748e-01   6.0288853e-01   1.2598453e+00   1.3064224e+00  -2.6253232e-01   4.6570173e-01   3.6932150e-01   5.6515304e-01  -9.5204300e-01   2.4408780e-01   1.0356697e+00  -1.8449824e-01   8.2528992e-01   6.8499406e-01
   2.0000000e+00  -3.4225220e-01  -3.4999541e-01  -3.2097921e-01  -2.9970593e-01   8.9619229e-01  -1.4398196e+00   3.5514717e-01  -1.8404250e+00   1.3627869e+00  -2.6469457e+00  -6.6309280e-01  -3.8474858e-01   7.1510130e-01  -1.1969875e+00   7.9490494e-01   2.1122502e+00  -6.5471252e-01   5.0928918e-01
   2.0000000e+00  -1.6101625e-01  -8.8015993e-01   3.3540194e-01   1.1158303e+00   1.3613399e+00  -1.1772504e-01  -7.0428090e-01   3.6540660e-01  -1.5409861e+00  -4.3188710e-01   1.3128899e+00  -2.0774813e+00  -6.8289402e-01  -4.3519808e-01  -1.3014327e+00  -1.4812425e+00   6.1472970e-01   1.3416709e+00
   2.0000000e+00   4.8042170e-01   6.7988956e-02  -1.3520962e+00  -1.6372182e+00  -3.9471784e-01   1.0457006e+00  -8.5846100e-01   3.7786177e-01  -5.5554635e-01  -8.1340112e-01  -1.1667701e+00   5.7545968e-01   5.1264020e-01  -5.4549470e-01  -7.9938069e-01   1.4250416e+00  -1.9188813e-02  -1.0235324e+00
   2.0000000e+00  -8.6748326e-01  -7.1862951e-01  -2.7005013e-01   4.2755923e-01  -7.8175815e-02   2.3494535e-03   4.8605320e-01   2.7446292e-01  -4.1304818e-02  -8.4811357e-01   3.8517311e-03  -4.2887559e-01   1.0986313e+00  -4.5656497e-01  -6.4228074e-01  -5.1052931e-01  -4.7065876e-01  -1.2845944e-01
   2.0000000e+00   5.0452274e-01   1.4980643e+00   2.7498396e-01   2.2161872e-01   4.5871720e-01   3.3527904e-01  -9.1313408e-01   4.6564795e-01   1.1220259e+00   7.4164029e-01  -2.9149316e-01  -4.5495172e-01   7.6666449e-01  -1.1790171e-01   1.1913154e+00   8.3773077e-01   1.9403418e+00   1.3294703e+00
   2.0000000e+00   5.4447579e-01  -2.5457873e-01  -6.1062260e-01   2.9990646e-02  -5.4902043e-01  -1.2382884e+00  -9.3940076e-02   1.8526403e+00  -1.6595706e+00  -7.8002275e-02  -9.0737409e-01   4.1865542e-01   3.3599421e-02  -3.3164400e-01   6.6957143e-01   1.5573242e+00   1.0492480e+00  -1.3415182e+00
   2.0000000e+00   9.8968528e-02  -1.5331122e+00  -2.2790565e-01  -1.2295862e+00  -9.7523796e-01  -1.3431494e-01  -9.7777790e-01   2.0989909e+00   1.7710193e-02   2.1757896e-01  -1.4888446e-01   5.1127746e-01  -2.2886411e-01   3.6796585e-01  -3.8333186e-01   1.2440271e+00  -7.9164358e-01   1.0219911e+00
   2.0000000e+00  -2.3930572e+00  -1.1287658e+00   1.0852405e+00  -7.0634273e-02   1.0346281e+00   2.8631667e-01   9.2965765e-01   3.3434782e-01   1.4473227e+00  -5.8386222e-01   6.2711605e-01  -8.0999581e-01   3.2283410e-01  -1.6589917e-01  -8.2115709e-01  -9.7463755e-01  -2.2485609e+00  -7.5837934e-01
   2.0000000e+00  -1.0043355e+00  -1.1846492e+00  -1.4533345e+00   9.2962850e-01   1.2508161e+00   1.1233860e+00  -1.0010727e+00  -5.3412298e-01   6.2422085e-02  -2.4292692e-01   6.2222179e-01  -7.9840499e-01  -3.2128542e-01  -3.1227051e-01   1.3209628e+00   1.2592617e+00   2.0514124e+00   1.8559599e+00
   1.0000000e+00   7.0740527e-01  -7.4183230e-01  -1.0652873e+00   6.4731991e-01  -1.0563770e+00  -1.7744159e+00  -3.2720874e-01   1.5205488e+00   7.5971258e-01   1.9047810e-01  -9.8962503e-01   1.8791773e-01  -2.2478125e-01   1.7259433e-01  -1.3063511e-01   6.5444029e-01   1.2051176e+00  -1.4557192e+00
   2.0000000e+00  -2.3592574e+00   6.9217841e-01  -4.5475179e-01   1.7626854e+00   6.9705238e-01   2.0062881e+00  -6.4586330e-01  -4.7597564e-01  -6.9819681e-01  -2.1405995e-01  -3.6107165e-01  -5.7780759e-01   1.2581949e-01  -8.4047594e-01   6.0899519e-01   1.1915017e+00   7.7057577e-01   1.9756645e+00
   2.0000000e+00   2.1457482e-01  -1.2347803e+00   7.0158505e-01  -1.2009559e+00   7.4272318e-01  -2.0752595e-01  -2.0363998e+00  -2.5960821e-01  -1.0454696e+00  -1.2331745e+00   1.0772533e+00  -2.8574688e+00   2.3795266e-01  -3.9971071e-01  -9.6334101e-01   6.8282948e-01   7.3089330e-01  -1.5726335e+00
   2.0000000e+00   1.3033193e+00  -1.0139050e+00  -2.0464638e+00  -1.0228747e+00  -4.2558821e-01   5.0496394e-02   1.4387338e+00   1.2004412e+00  -1.9852505e+00  -8.9353999e-01  -1.1187302e+00  -1.1345610e+00   5.7093730e-01   9.3027571e-02   7.1217639e-01   2.3822229e+00   5.8298553e-01   2.1131476e-01
   2.0000000e+00  -8.7923801e-02  -1.8187976e-01   1.0499448e-01  -3.8988331e-01  -1.6400906e+00  -5.9144697e-01   1.3679900e-01  -9.9097270e-02   1.8351881e+00  -1.7747542e+00  -3.5725807e-01  -7.9512532e-01   2.4611183e-01  -3.2473547e-01  -6.8932255e-01  -5.7408188e-01   7.5896352e-01  -3.1249302e-01
   1.0000000e+00  -1.1931786e-01  -5.4649243e-01  -1.7659968e+00  -2.1896186e-01  -8.1927041e-01   1.9313332e+00  -2.4595888e-02   7.5627089e-01   1.3492171e-01  -2.1177399e+00  -6.4544222e-01  -2.7643897e-01  -8.0955255e-01   3.4853139e-01  -1.8205436e-01   2.1875786e-01   1.0181127e-01   2.2971751e+00
   2.0000000e+00  -2.7452800e-01  -6.1617377e-01  -1.4137388e+00   1.0091213e-01  -1.2938157e+00  -4.2899307e-01  -3.7774370e-01   1.0127386e+00   6.2985250e-02   4.1500636e-02  -2.0367202e+00   8.9046005e-01   1.4204420e+00  -1.0682892e+00  -2.2795813e-01   3.0938751e+00   6.0704106e-01   6.8578932e-01
   2.0000000e+00  -8.6308516e-01   1.8815944e+00   2.0388189e-01   1.8556679e+00  -1.1391817e+00  -2.1204842e+00   3.7384842e-02  -2.6234083e-01  -3.1739838e-01  -3.6277103e-01  -3.4450849e-01  -3.1055632e+00  -4.7306815e-01  -2.6914329e-01  -1.0519766e+00  -1.9243851e+00   1.0224689e+00  -1.0098531e-01
   2.0000000e+00  -3.1463569e-01  -1.9457725e+00  -1.3953554e+00   4.1949483e-01  -1.8871148e-01   1.4112565e+00   6.1786490e-01  -1.5734972e+00  -1.4665415e+00  -1.1876167e+00  -8.3984233e-01  -3.1956586e-01   1.0666853e-02   6.6101835e-01  -3.7228869e-02  -1.1138025e+00   1.6993318e+00   2.3516425e-01
   1.0000000e+00  -4.5209549e-01  -1.2278196e-01   1.5140225e+00  -6.9786510e-01  -2.5522125e-01   8.7597267e-01  -9.5473928e-02   9.6650064e-01  -4.9596533e-01   1.4282178e-03  -2.1390267e-01   3.7998761e-02  -4.6997524e-01   6.4071162e-01   1.5745214e+00  -4.0311459e-01   6.7575528e-01  -4.3548694e-01
   2.0000000e+00   8.9940090e-01   5.3896613e-02  -6.3077086e-01  -1.5842741e-02   1.5352038e-01  -3.9638146e-01   1.2667722e+00   1.3919360e+00   8.5173740e-01   6.7384899e-01  -1.6687851e-02  -8.7642913e-01  -9.8612433e-01  -4.7168968e-01   1.5783474e-01   4.1266734e-01  -6.9588626e-01  -2.6073321e+00
   2.0000000e+00  -1.7718392e+00  -2.1071124e+00  -1.1536465e+00  -6.1431392e-01   8.0062336e-01   6.7992365e-01  -8.8749483e-01   1.6682306e+00  -6.0211058e-02  -4.0461148e-02   7.2723467e-01   5.0046943e-02   4.3955174e-02  -5.7827795e-02  -1.0136543e+00  -3.4390419e-02   1.6525127e+00   9.4568468e-01
   1.0000000e+00  -8.9148783e-01  -8.2665229e-01   4.1743276e-01  -2.8523511e-01  -6.6802318e-01   1.5112229e-02  -8.1506883e-01   6.9949231e-01  -6.9974771e-01   9.5190411e-01   3.5587850e-01  -6.8776874e-01  -1.4948918e+00   9.3134930e-02   6.2406605e-01   2.3010337e-01   9.6773829e-01  -7.4937047e-01
   2.0000000e+00  -2.0854769e+00   2.7379581e-01  -1.0580118e+00   5.5605307e-01  -1.7722076e+00  -6.1918804e-02  -1.6485608e+00   2.0857798e-01  -2.7431084e-02   4.7515080e-01   5.8574087e-01  -1.1882947e+00   2.1636467e-01   1.0927188e+00   6.5164046e-01   2.0594562e-01   2.4587113e-02   1.7978043e+00
   2.0000000e+00   2.4887088e-01  -1.7377790e-01  -1.0194722e+00   1.0810114e+00   5.1780220e-01   5.9714173e-01   5.5907722e-01   4.0560435e-01   7.1088340e-01   1.9484670e-01   1.3658720e+00  -1.9071839e+00   1.0488743e+00  -1.1991169e-01   1.3044126e+00  -3.5389132e+00   2.5368412e-02  -9.8652474e-01
   1.0000000e+00   2.3188531e+00   1.6999989e-01  -1.0410196e+00  -1.0011065e+00   1.7217798e-01  -5.7064853e-01  -1.2992841e+00   7.8251864e-01   1.9388677e-01   1.6290022e+00  -5.1960331e-01   4.1830491e-01   1.6613685e+00   8.2847208e-02  -6.6855321e-01   1.0802229e+00   1.4491605e-01   7.2870359e-01
   2.0000000e+00   1.6182913e+00   4.7277995e-01   2.0267819e-01   1.3524102e+00   1.1699513e+00  -2.0396131e+00   4.6940712e-02  -1.1450611e+00   8.9519682e-01   7.1465956e-01  -5.3723700e-01   7.6889074e-01  -1.4816229e+00  -1.4255347e+00   3.4974710e-01   5.8501617e-01  -1.7001576e+00   1.1439866e+00
   2.0000000e+00   2.2102802e-01   2.1839959e-01  -1.2315302e+00   4.3494014e-01   5.1154083e-01   9.0663973e-01   8.1556829e-01   1.4310015e+00  -3.0788232e-01   1.5482155e-01  -1.8937188e+00   9.7245175e-01  -1.0640283e+00  -2.5468910e-01   2.0860556e+00   4.7168837e-01  -1.4192543e+00   1.9980894e+00
   1.0000000e+00  -1.1917744e+00  -2.8286991e-01   6.1530549e-01  -6.8853729e-01   1.3143583e+00   5.8096006e-01  -9.7738173e-01   2.2818468e+00   4.6682649e-01   5.4779881e-01   6.9060374e-01  -2.6415429e-01  -2.3266063e+00   6.0863096e-01   1.5286682e+00   2.8881111e-01  -4.0461730e-01   1.0369772e+00
   2.0000000e+00   9.7504078e-01  -2.2614703e+00  -3.0330012e-02  -2.2711429e-01   4.6955578e-02   3.9749663e-01   6.5043308e-01   2.1962119e-01   5.0102001e-01  -6.3159910e-01   7.5836448e-01  -4.6740985e-02   8.1249397e-01  -5.7308425e-02   6.1156916e-01   3.8228303e-01   1.7896276e-01   1.3762697e+00
   2.0000000e+00   5.9746550e-01  -4.8996721e-02  -1.4094286e+00  -2.3603129e-01   8.7099062e-01  -6.2112432e-01   2.4038641e+00   4.1960402e-01  -6.6541696e-01  -3.3171380e-01  -1.5914236e+00  -1.9652197e-01  -9.9016233e-01  -4.8308589e-01   2.6303895e-01   1.2977665e+00   1.4425429e+00  -1.1445976e+00
   2.0000000e+00  -1.1376084e+00   3.2782675e-01  -6.0065490e-01  -8.4169575e-01   1.0667232e+00   2.3490731e-01   6.1310944e-03  -9.0901681e-03  -2.3311606e+00   1.0895811e-01  -8.9407759e-01  -6.1506199e-01   5.6185836e-01  -1.6457751e+00   6.7913286e-01   8.3745125e-01   6.5833979e-01  -6.9950235e-01
   2.0000000e+00   1.3449373e+00   1.8054746e-01  -3.6138320e-01  -8.4551205e-01   8.2835615e-01   2.7803739e-01   1.0013105e+00   1.4545092e-01  -1.0403197e+00  -6.6657896e-01  -1.1302086e+00   5.5656905e-01  -6.2095891e-01   1.3064729e+00  -1.2537566e+00  -6.4056316e-01  -3.2797417e-01  -8.3366727e-01
   2.0000000e+00   1.0924285e+00  -5.3025113e-01  -1.8129506e-01   1.0261562e+00  -1.1029526e-01   3.4112472e-01   1.4575437e+00  -8.9389685e-02  -4.0565386e-01   8.6633635e-01   8.2718748e-01   4.8192592e-01   2.1830998e-01  -7.8067130e-02   5.0769914e-01   5.4702118e-01   4.8446297e-01   3.6475239e-01
   2.0000000e+00  -1.2584908e-01   5.4769566e-01  -4.0625156e-01   2.2607676e+00  -2.7011144e-02   1.1054050e+00   1.7408328e+00   1.8188278e-01   2.9240628e-01  -1.5551559e+00   3.8032063e-01   7.6618726e-01  -1.4219028e+00   1.3031940e+00   5.3485610e-01   2.7040613e-01  -9.3672879e-01  -1.8499535e+00
   2.0000000e+00  -7.1004417e-01  -8.0619208e-02  -1.2109411e+00   9.4843742e-01   5.6603136e-01  -9.7513128e-01   1.8352834e+00  -1.5463416e+00  -1.2156314e+00  -1.7744840e+00   1.0797159e-01  -2.2638056e-01  -2.0829709e-01  -1.3741758e-01  -4.5490586e-01   1.3229517e+00  -9.7619864e-01   1.2804010e+00
   2.0000000e+00  -7.0580713e-01  -3.4492047e-01  -3.0848233e-01  -5.5221815e-01  -1.7566817e+00  -1.7920020e-01  -3.9670769e-01   5.2874309e-01   1.8947392e+00   5.2731116e-01   1.5206781e+00   5.4629565e-01  -1.4640844e+00   1.0173975e+00   1.0984953e+00  -1.2702081e+00   1.1635371e-01   1.0868879e+00
   2.0000000e+00   6.5327044e-01   3.2016696e-01   2.6367600e+00  -1.6640187e-01  -1.1662520e+00   3.3112725e-01   6.4668581e-01  -6.5334592e-02  -1.4739423e+00  -1.2416141e+00  -1.7280002e+00   4.8354080e-02   5.8915408e-01  -9.0313044e-01  -2.7484283e-01  -3.4220906e-01   1.3764295e+00   1.1832498e+00
   2.0000000e+00   1.3168864e+00   5.7631915e-01  -2.9196582e-01   5.2758537e-01  -4.7859183e-01  -1.6017868e+00   2.4113404e-01   7.1302155e-02   4.4289877e-01   1.1639987e+00  -9.4089666e-01   7.9107022e-02  -1.9535753e+00  -6.9043489e-02  -3.3099806e-01  -1.6644371e+00   2.4610823e-01   4.4485308e-01
   2.0000000e+00   6.7111330e-01   2.9671546e-01   2.0946412e+00  -1.6690066e+00   2.4510233e-02  -5.7606459e-01   4.4027104e-01  -1.5002980e+00  -8.1274658e-01  -4.0599881e-01  -3.6720844e-01  -1.6451640e-01   2.4432455e+00  -6.2212372e-02   8.3570477e-01   3.2438987e-01  -1.3429989e+00   1.5330477e+00
   2.0000000e+00  -1.4588724e-02  -1.4189338e+00  -1.7114508e+00   1.8247713e+00  -5.6019300e-01  -4.0921634e-02   2.5158470e+00  -2.7007719e-01   5.6430281e-01  -1.2967691e+00  -1.1129926e+00   3.5435996e-01   1.7718260e+00   6.8119439e-03  -1.2012863e+00   6.7615254e-01   1.3800385e+00   1.4936134e+00
   1.0000000e+00  -6.6647457e-01  -7.4105666e-01  -1.7644574e+00   1.9855673e+00   5.7106325e-01  -1.1064520e-01   1.1828244e-01  -1.1061802e+00  -7.8661403e-01  -1.4623708e+00  -3.7500605e-01   5.4787307e-01  -8.7471579e-01   2.8252690e-01   2.1840742e-01   1.5916029e+00  -4.9421619e-01   4.7541401e-01
   2.0000000e+00   1.3219545e+00  -1.0141690e+00  -8.1247540e-01   4.8411615e-01   1.0511449e+00  -6.2340627e-01  -3.1054525e-01  -6.1328587e-01  -1.0651756e+00  -4.6593049e-01   1.2437776e+00  -3.3520666e-01  -1.0076287e+00  -5.5820948e-01   1.7120569e+00  -7.4496667e-01  -8.4218386e-01   2.3053709e-01
   2.0000000e+00  -2.5035219e-01  -3.6715277e-01  -9.2698563e-01  -1.7271365e+00  -3.1411082e-01  -2.3718194e-01  -8.1532426e-01  -1.0115036e+00  -1.1742852e+00  -6.6362154e-01  -1.8671986e+00   2.7309504e-01  -1.1422620e-01  -1.2516159e+00   6.6400587e-01   8.0957806e-01   4.8884743e-01  -8.1528171e-01
   2.0000000e+00  -7.0363634e-01   1.0100927e+00   7.4647273e-01  -7.6046905e-01   1.3556195e+00   2.7351856e+00  -1.3028262e+00  -4.7489960e-02  -1.0005396e+00  -7.7028898e-01   1.7782700e+00   2.8578091e+00   1.5396489e+00   3.5626707e-01   5.5338905e-01   5.2403887e-01   1.9580750e+00  -4.2863459e-01
   1.0000000e+00   1.0895274e+00  -7.1060122e-01   2.0068736e+00   3.8865340e-02   2.9493859e-01  -8.1686154e-01  -1.1377913e+00  -9.0458137e-01   5.5183549e-01   2.6452503e-01   5.8831820e-01  -5.3960539e-01   2.2822269e+00   6.6201591e-01  -3.2995463e-01  -3.2626879e-01   4.0476167e-02  -3.6041268e-01
   2.0000000e+00  -2.0165124e+00   5.4427595e-01  -9.8845698e-01  -5.3831412e-02   1.9543640e+00  -1.7330044e+00   1.4583339e+00   1.4672873e+00  -5.0912031e-01   3.9399771e-01   1.0526987e+00   2.3573114e-01   1.4618200e+00  -7.9355315e-01  -9.4233300e-01  -8.8779161e-01   7.7737606e-01  -6.0545764e-01
   1.0000000e+00  -8.7034788e-01  -3.6724315e-01  -1.0359003e-01   1.3563951e+00   9.2992810e-01  -2.1407221e-02  -3.5662261e-01   1.2164580e+00   6.0870303e-01   7.4922520e-01  -8.3081095e-02  -8.9580438e-01  -1.0821574e+00   5.6222208e-01   1.5835889e+00  -1.2629626e+00   1.1696611e+00  -1.1914585e+00
   2.0000000e+00   1.5683768e+00  -8.5638667e-01   6.6759963e-01   9.6023824e-01  -2.2479104e-01  -3.1816114e-01   4.9596912e-01  -9.2680492e-01   7.0122641e-01  -6.9376589e-01   2.0168441e+00   9.0614081e-01  -1.1505298e+00   1.2543620e+00  -6.0039407e-01   1.8652696e-01  -7.9521180e-01   8.0985880e-01
   2.0000000e+00   7.3352075e-01  -8.2163183e-01  -1.1236516e+00   6.7019889e-01  -2.5062123e-01  -3.9714041e-01   1.2629555e-01   9.6553336e-01   1.7980796e+00  -6.6155214e-02   3.5398229e-01   3.4043921e-01   4.1187434e-01  -3.7423490e-01   1.0669865e+00   2.6452707e-01   2.7141983e-01  -1.8082545e+00
   2.0000000e+00  -1.6225174e+00  -4.4978057e-01   1.9028551e-01   1.2237023e+00  -7.0172746e-02  -1.0374438e+00  -7.9041179e-01  -6.7277086e-01  -1.1422948e+00   9.3863274e-01  -5.2663595e-01   1.8905939e-01   1.3452558e+00  -2.6106996e-01  -2.3571984e-01   5.1843112e-02  -8.2146871e-01   7.6472814e-01
   2.0000000e+00  -1.1983958e+00  -7.4997134e-01   8.9607731e-02  -1.7787653e+00  -2.4862540e+00  -1.0506380e-01  -8.2831358e-01   2.3490062e-01  -2.0527982e+00  -4.7122614e-01  -1.2543766e+00   1.3082704e+00  -1.1708663e+00  -5.0239908e-01   5.0847696e-01   6.7212417e-01  -5.0717318e-01   7.4768167e-01
   2.0000000e+00  -8.4447716e-01   4.2015652e-01   8.9511414e-01   1.6282688e+00   8.7520106e-01   3.1174758e-01  -1.1277929e+00  -1.6315831e+00   1.5368632e+00   2.6752702e-01  -1.3789950e+00  -2.5529595e-01  -3.8272066e-01   2.5444394e+00   7.3948710e-01   7.0845099e-02  -1.9826436e-01  -1.8065305e+00
   2.0000000e+00  -2.0599952e+00   8.9860439e-01  -8.5699851e-01   9.9282067e-01   6.5090911e-01  -1.3483033e+00  -4.1989607e-01   4.5512820e-01   1.3136113e+00  -1.2515740e+00  -4.3469837e-01  -5.9722066e-01  -1.8318791e+00   7.1618990e-01   8.2681146e-01   1.4606322e+00  -7.1330840e-01   1.2213734e+00
   2.0000000e+00  -1.2444029e+00  -9.9225609e-01  -1.5658741e-01   1.3351691e+00  -3.0542202e-01  -8.3593827e-01  -1.2605287e+00  -6.8923894e-01  -9.3220790e-01   1.2003229e+00   1.5443915e-01  -1.6676550e-01   1.5826051e-01  -1.3947845e-01   2.7047151e-01  -7.9497746e-01   1.4048939e+00   8.0115834e-01
   2.0000000e+00  -1.9284098e+00   1.5534542e+00  -1.2661425e-01  -9.4757199e-01   2.4281659e-01   3.9111882e-01  -4.4043572e-01  -8.6802678e-01   8.6637555e-01   6.0763977e-01  -9.6149675e-01   1.6619019e+00   1.1226925e+00  -2.6010324e-01   3.9630514e-01   6.4828634e-01   8.9154098e-01   8.5894952e-01
   2.0000000e+00   2.5981426e+00   1.0245603e+00   3.1072328e-01  -6.1511960e-01   8.2052902e-01  -3.6787643e-01   1.5600996e+00   1.9699861e+00  -7.0243290e-02   1.1625885e+00  -2.1380858e+00   3.1070321e-01   5.4342255e-01   2.3203817e-01   5.5431632e-01   2.4528290e-02   1.0106415e-01   2.7578179e-01
   2.0000000e+00  -7.8522855e-01   1.6101477e+00  -7.9764585e-01   5.3261373e-01   1.4222920e-01   9.6284698e-01   9.2603455e-01  -8.1394409e-01  -3.0615671e-01  -1.8394978e-01  -2.9751236e-03  -1.5085258e+00   1.3128789e-01   5.8594613e-01   2.6155974e-01   6.1401394e-01  -1.0487141e+00   1.5953295e-01
   2.0000000e+00   1.3324047e+00  -5.3654222e-02   1.3060786e+00   1.2955828e+00  -3.3863946e-01   1.4479800e-01  -2.5255392e-01  -3.5311821e-01   1.0872516e+00   1.0257407e+00  -9.4708905e-01  -3.6082931e-01   1.2680666e+00  -8.1719286e-01   1.0567760e+00   3.5612939e-01  -1.0062392e+00  -1.2450555e+00
   2.0000000e+00  -7.9391104e-01  -1.0780136e+00   5.4028710e-01  -9.6836081e-01  -3.4311129e-01  -1.2358634e+00  -5.0495255e-01   9.4686581e-01   4.0837269e-01  -2.3868407e-01  -4.1534102e-01   1.0914742e+00   4.8267402e-01  -1.7945897e-01  -2.9490013e-01  -4.6177434e-01   3.5838232e-01  -5.9816731e-02
   1.0000000e+00  -6.1437789e-01  -3.1508467e-01   1.3015840e+00  -4.4037738e-01   5.0284856e-01   1.4309882e-01   5.9152409e-01   1.1027697e+00   3.2101955e-01  -1.9065336e+00   1.2072011e+00   7.8049440e-01   7.7926370e-01   8.1959439e-01   3.6910681e-01   2.2798162e-01   1.7856368e-01   1.0012257e+00
   1.0000000e+00  -8.4299412e-01  -6.1124097e-01   3.7589650e-04  -5.0485461e-01  -5.6713958e-01   7.5589403e-01  -8.3764174e-01   1.1140702e+00   4.9967979e-01  -5.0123693e-01  -3.4804070e-01   2.0500261e+00   9.4968483e-01   7.7143557e-01  -1.2748030e+00   6.3595306e-01  -1.0741655e+00   1.0166418e+00
   2.0000000e+00   8.2838607e-02  -8.5598716e-01  -1.0346424e+00   1.4975889e+00  -2.1976192e+00   1.6186907e-03  -1.5574563e+00   7.5567400e-02  -3.3976340e-01   6.8321964e-01   1.1740497e+00  -2.7272179e-01   1.6506932e+00  -1.4720640e+00  -8.1895886e-01   1.1914203e+00  -9.7438803e-01   1.2011440e-01
   2.0000000e+00   6.4422101e-01  -1.7074922e+00   2.1468285e-02   8.2235081e-01  -7.5474751e-01   4.1089389e-01   1.2365006e+00   2.1356657e+00  -9.7264898e-01  -1.0782833e+00   2.4478606e+00   1.4392241e+00   1.7486725e-01   5.8067551e-02  -7.0766228e-01   1.1047972e+00   1.3884897e+00   1.3094834e+00
   2.0000000e+00  -4.7439429e-02  -4.0545917e-01  -1.5172162e+00  -3.3725352e-01   8.2309094e-01   2.1097760e+00  -1.6830512e-01   2.0962109e-01  -8.4516230e-01   1.2067356e+00  -6.6212213e-01   1.2475552e+00   6.5449701e-01  -1.0851180e+00  -1.5106911e-01  -9.2055023e-01  -1.2713240e+00  -1.1539666e+00
   2.0000000e+00   4.8780242e-01  -5.1837682e-02   5.7835569e-01   2.3562435e-01  -1.6150053e-01  -7.9836544e-01  -4.5352070e-01   1.0849169e+00  -1.0532854e+00   1.0831149e+00  -1.1785695e+00  -5.9967308e-01   1.3502375e+00  -7.5488294e-01  -3.9731994e-01  -3.0419212e-01  -4.7675322e-01  -1.9272671e-01
   2.0000000e+00  -1.4554949e-02   9.9466395e-01  -4.6504223e-01   1.1450966e+00  -1.4954952e+00  -5.7911490e-01  -1.5887292e+00   3.7956089e-01  -5.1075469e-02   4.7814931e-02   5.0018269e-01  -7.3323087e-01  -1.3788144e+00  -2.2801502e-01   1.6162634e+00  -1.7109007e-01   5.1250910e-01  -8.3860013e-01
   2.0000000e+00   1.3842947e+00   5.2658491e-01   4.8008648e-01  -5.4411772e-01  -1.9153951e+00  -3.5393882e-01   5.7318045e-01   7.3976694e-01   1.8294531e-01  -1.1163471e+00  -7.9400823e-01  -1.6073795e+00  -1.7328669e+00  -2.4159217e-01   1.7663488e+00   1.1740369e+00   4.9862693e-01   1.0351711e+00
   2.0000000e+00   3.2003440e-01   8.3910986e-01  -1.8032530e-01   9.4684785e-01   2.0572323e+00   3.6861529e-01   1.3628514e-01  -1.7206955e+00  -9.2651791e-01   9.7032095e-01   1.3491470e-01   7.3059841e-02  -1.0171019e+00   9.5602511e-01  -1.4062196e+00   1.3943687e+00   1.2640693e+00   9.0538183e-01
   2.0000000e+00  -1.7581974e-01  -9.6596240e-01   3.0826274e-01  -1.7205940e-01  -8.1077275e-01  -1.4010171e+00  -1.6631684e+00  -5.5112880e-01  -2.6178922e-01  -7.6168065e-01  -3.9575995e-01   1.2533572e+00  -5.7350342e-01  -2.2183575e-01  -7.6513130e-01  -5.3753611e-02  -9.6313469e-01  -2.8807887e-01
   1.0000000e+00   6.8049013e-01  -3.2600902e-01   9.0570252e-02   3.9075808e-01   7.7200044e-02  -1.8040804e+00   3.4285084e-02  -5.7815142e-01  -4.2786716e-01  -1.0310559e+00  -9.1307150e-02   5.3193912e-02  -1.2441843e-01   5.7383438e-01  -1.4267320e+00  -1.6040231e-02   1.5985882e-01   1.7937851e+00
   2.0000000e+00   1.2464242e+00   9.6590368e-01  -1.1839282e+00  -1.0650397e-01   4.5252113e-01  -1.2187155e+00  -1.1373043e+00   1.2674661e+00  -2.0862422e-01   3.9215743e-01  -7.7163241e-01   1.3442096e+00   7.2987149e-01  -1.6367539e+00  -6.5403289e-01  -1.3681490e+00  -1.3809727e-01   1.3550706e+00
   2.0000000e+00   5.3229608e-01  -2.4999726e-01  -1.8222043e+00  -9.9783308e-02   6.4513986e-01   2.4146215e-01   1.8146808e+00   8.3239437e-01  -1.3366009e+00   5.4087628e-01   1.2905674e+00  -1.7450049e+00  -3.5639759e-02   1.1272665e+00  -6.0415103e-01   5.9556915e-01   1.8125513e-01  -1.1253543e+00
   2.0000000e+00   5.0911006e-01  -2.8401944e-01   4.8234343e-01   8.7977904e-01   2.3108804e+00  -1.2317945e+00  -1.0827191e-01  -1.6139594e+00  -7.4192626e-01  -4.4863119e-01   4.2473809e-01   4.2459458e-01   2.5477183e-02  -1.9441431e+00  -1.3803414e+00  -1.4949000e-01  -1.1096757e+00   5.9606864e-02
   1.0000000e+00  -5.5321910e-01  -1.7935128e-01   9.8304613e-01   9.6074403e-01   7.5205461e-01  -5.4224862e-01  -1.4123312e+00   1.0827900e+00  -1.4122989e+00   3.0047065e-01   1.1452530e+00   7.7107394e-01   1.8410409e+00   7.6072501e-01   3.0950019e-02   1.0370461e-01  -1.4789086e+00   5.8086533e-01
   2.0000000e+00  -1.1485258e+00  -1.3514036e+00  -1.0157765e-04  -1.2809055e+00  -7.7815171e-01  -1.9226478e+00   2.3718828e-01  -8.2309569e-01   1.4589652e+00   8.5660779e-03  -8.2762616e-01  -2.9827694e+00  -1.6456497e-01   6.4704001e-01   4.0441070e-01   1.3389282e-01  -1.9950919e+00   1.2187964e+00
   2.0000000e+00  -1.2911430e+00  -8.7893627e-01   9.5209724e-01  -5.1577920e-02  -2.4468818e-01   2.1032349e+00   1.0414207e+00   2.8650130e-01   1.3083863e+00   1.2225587e+00  -6.9332496e-01  -1.4979244e+00   2.4338447e+00   3.7961041e-01   8.7768452e-01   1.0228355e+00  -9.4234019e-01  -1.9072350e+00
   2.0000000e+00   6.6917017e-01  -8.9737133e-02  -4.2789745e-01   2.3951246e-01   1.0669817e+00  -6.6517584e-01  -3.8714816e-01  -3.5640693e-01  -6.3377713e-01   7.0614889e-01   4.3897506e-01   1.0489329e+00  -1.0013350e+00  -6.2963039e-01   1.0465554e+00   1.8898310e-01   4.7194966e-01   5.3187656e-02
   2.0000000e+00   1.4898733e+00  -1.0953727e+00   1.2018178e+00  -1.4222298e-01  -8.4220579e-01   2.1808433e-01  -2.0701169e+00  -4.8318512e-01  -1.1650882e+00   1.0483397e+00   4.7714035e-01  -9.2393897e-01  -4.6156773e-02  -6.3671302e-03  -5.3625122e-01  -1.7182472e+00  -1.6322946e+00   8.6839432e-01
   2.0000000e+00  -6.6864247e-01  -2.1555103e+00   4.6591229e-01   2.6292703e-01  -6.1996862e-01   1.2493367e+00   3.8696525e-01   1.1720940e+00   7.7994007e-01   3.6595173e-01   4.8864749e-01  -3.2797688e-01   6.0185755e-01   2.3720669e-01   5.6465603e-01  -3.3607626e-02  -1.5309180e-01   5.8140687e-01
   1.0000000e+00  -7.9743552e-01   5.1897687e-01   1.4538067e+00   4.7790712e-01   1.1488509e-01   5.5086036e-02   6.3706911e-01  -1.3843288e-01   3.2688752e-03   5.7827060e-01   7.0130565e-01  -3.5535215e-02   1.0186394e-01   9.9380904e-02  -1.0202394e+00   1.7918824e+00   1.4801545e-01  -6.2136609e-02
   2.0000000e+00  -1.4857644e+00   1.8766036e+00  -9.2968789e-01  -8.4195710e-02   8.9581563e-01   8.6308143e-01  -3.2980821e-01   1.0422811e+00   4.8345056e-02   6.4780557e-01   2.7039924e-01   1.6881341e-01   5.2296920e-01  -7.6603059e-01  -8.0559523e-01  -5.9259023e-01   1.0366638e+00  -1.6711378e+00
   2.0000000e+00  -2.6556793e-01   4.7989643e-04   9.0917539e-04  -1.4093651e+00   1.3872779e+00   4.8025247e-01   1.1952751e+00  -7.9419402e-01   5.1606148e-01  -5.4029343e-02   7.9881765e-01  -6.0089345e-01  -1.1348832e+00   1.0500036e+00  -2.9565686e-01  -7.3590065e-01   1.0369517e+00  -8.6887982e-01
   2.0000000e+00   6.9147692e-01  -1.1613088e+00  -1.0289587e+00   1.7295943e-01  -2.0018645e+00   9.9225414e-01   4.2283260e-01  -7.9279785e-01   9.2251019e-01   1.7145753e+00  -1.4525156e+00   8.0396922e-01   3.1933825e-01  -7.7077405e-01  -1.4828616e+00   6.5538552e-01   6.1745722e-01  -1.3915975e+00
   2.0000000e+00  -4.5557549e-01   7.1775764e-01   1.5135151e+00  -6.7756760e-01   9.6029515e-01   2.4112748e-01  -6.8550566e-01   1.1600250e+00  -1.5954048e+00   1.6538750e-02   1.1822217e+00   3.2828002e-02   1.3474371e-01   1.5541008e+00  -2.2447046e-01   6.5981047e-02   5.7466665e-01  -1.9465493e-01
   2.0000000e+00   4.0866109e-01  -1.8240943e+00  -1.2234068e+00  -2.5926067e-01   1.2472967e+00   5.5839155e-01   1.1348249e+00   9.9871968e-01  -3.6049771e-01  -2.6220075e-01  -1.0502050e+00  -2.2387690e-01   1.9511123e+00   4.4837129e-01   2.3929788e+00   1.5981909e-01  -5.9631483e-01   8.2209676e-01
   2.0000000e+00   2.4577005e-01  -1.7224946e+00  -2.6744502e-01  -2.0091568e+00  -1.8874027e+00   8.1315965e-01   2.5120853e-01  -4.3219425e-01  -2.4345294e-01   3.7381390e-01  -8.1222498e-01   4.7141818e-01   1.9441235e+00  -1.9035027e-01   4.0916507e-01   2.3416509e-01  -3.4822964e-01   2.8581640e-01
   2.0000000e+00   1.2671133e+00  -1.2231946e-03   1.1249467e+00   5.9921716e-01   1.1042222e+00  -1.4033615e-01  -5.1613153e-01   1.4562857e-02   1.5193094e+00   4.3142618e-01  -1.6426662e+00  -1.9148898e+00   1.9490747e+00  -5.2135414e-01   8.6202173e-01   2.1024892e+00   7.4428461e-01   1.3929777e+00
   2.0000000e+00   6.8510710e-01   5.4134074e-01  -5.1533733e-02   1.5613401e-01  -1.1073645e+00  -9.7590311e-01  -2.5612873e+00  -1.0119090e+00   3.6939595e-01  -5.1672322e-02  -7.3417228e-01  -2.4373914e-01  -4.2541057e-01   2.0469632e+00  -6.8489426e-02  -4.1698405e-01   2.8799390e-01  -1.8323381e+00
   2.0000000e+00   2.5421776e+00  -1.6758198e+00  -3.1848493e-01   7.8447816e-01   1.8772092e+00   1.0079692e+00  -6.3771683e-01   7.2793482e-01  -2.5031717e-01   6.2969954e-02   5.8998880e-01  -1.6566808e-01  -8.1917731e-01   9.1674825e-01   1.1114323e+00   2.1646822e+00   1.9280549e+00   1.0201929e+00
   2.0000000e+00  -3.2470931e-01  -6.0247234e-01   2.0577716e+00  -6.3395581e-01   8.0230479e-01  -5.7708236e-01  -1.0509663e-01   1.5784675e+00  -6.0978727e-01   2.6124277e-01   6.2455086e-01  -3.5509845e-01   6.4279766e-01   1.3282672e+00  -7.0990548e-01  -1.4147473e+00   1.7499277e+00   1.2147521e+00
   1.0000000e+00   4.1234461e-01  -7.0251048e-01  -9.9640713e-01   1.5167899e+00   1.5033697e-01   6.4819437e-01   1.3197531e+00   8.3151478e-01  -7.2211650e-01  -1.6569195e+00   5.6884880e-01  -5.8382555e-01  -3.6344209e-01   1.7585805e-01  -3.3153870e-01   8.0363038e-01   6.2708695e-01  -1.1916834e+00
   1.0000000e+00   4.8192948e-02  -3.1420527e-01   5.1544860e-01   9.5718394e-01  -9.7572581e-01  -1.4043719e+00   2.3624315e-01   1.4131014e+00   3.5264451e-01   1.0756052e+00   6.7897896e-02   1.0558155e+00   9.7103352e-01   1.7946275e-01  -1.1421989e+00   2.6635807e+00   6.7605195e-02  -1.4146402e+00
   2.0000000e+00   4.0574945e-01   3.6381846e-01  -3.4781861e-01   1.9162436e-01  -3.9959068e-02   1.6051623e-01  -3.2801001e-01   2.7925155e-01   1.2000041e+00   2.0172414e+00  -8.4342128e-01   1.5536508e-01  -3.2997337e-01  -1.5654141e-01   2.9314205e-01   1.1293365e-01   3.3293267e-01   1.7469954e+00
   1.0000000e+00   2.4590755e-01   2.9494038e-01   2.6373463e+00   8.4470803e-02   1.0695617e+00   7.7752418e-02   4.2161126e-01   1.2432370e+00  -6.3572981e-01   3.1198740e-01   1.6213558e-02  -9.6403815e-01   7.5386941e-01   5.7672739e-01  -9.6339010e-01   9.3140193e-01  -8.4402503e-01  -6.2482349e-01
   2.0000000e+00   1.3587261e-03  -1.9174549e+00   1.3067811e+00   4.5370057e-02   1.3588962e-01  -2.5855762e+00   3.3400358e-01   3.5127072e-01   1.1493464e+00  -1.2179323e+00   9.5703218e-01  -9.0965556e-01  -9.9503645e-01   6.3853041e-01   1.4964117e+00  -1.8102788e-01  -1.5855990e+00  -1.4001665e+00
   2.0000000e+00   7.7795762e-01   1.2408747e+00  -2.7097423e+00   1.3518674e-01   2.6479026e-01  -9.9761407e-02  -5.6918870e-01  -6.0112766e-01  -1.9986557e+00   6.3000154e-01  -2.8847947e+00  -3.8787853e-01  -2.6274874e-01   1.1456525e-01   1.0033578e+00   5.3900487e-01  -5.7476037e-01  -3.8999660e-01
   1.0000000e+00   1.1154447e+00   9.4382793e-02   2.2189160e-01   2.2262269e-01  -5.0390931e-01   9.4234471e-01  -8.0450179e-01  -6.4610254e-01   1.2433951e+00   6.4194664e-01  -1.0875400e+00  -2.8162696e-01  -4.5063199e-01   4.4144391e-01  -1.1234334e+00   9.6060549e-01  -3.3878603e-01  -2.2881038e+00
   2.0000000e+00   5.4338404e-01   1.6886015e+00  -1.0471054e-01   1.6825686e+00   2.2004270e-01   9.5008340e-01  -8.6269750e-01  -1.3474236e+00  -1.4149211e+00   1.1815480e+00  -7.3674139e-01   2.8579177e-01   1.1903525e+00   6.5047281e-01   2.6082679e-01  -1.1862313e+00   8.7260617e-01   1.6203710e-01
   2.0000000e+00  -9.3296253e-01   2.0122535e+00   3.1472903e-01  -2.9389267e-01  -3.8104003e-01   1.1009959e+00  -1.6076487e+00  -1.5974398e-01  -7.9334090e-01  -4.0610436e-01   3.8815498e-02   5.1728478e-01   8.0408122e-01   6.6537448e-01   6.4172351e-01   3.1517161e-01   1.3223468e-01  -1.1328317e+00
   1.0000000e+00   8.3853810e-01   7.3216459e-01   1.2925564e+00   4.3312686e-01   9.4667968e-01  -2.5510325e-01  -1.3304215e+00  -1.5341779e-02   3.4249265e-01  -9.0234896e-01   1.2806570e+00   6.3282234e-02  -3.4308945e-01   7.5807055e-02  -1.9015138e-01  -4.6986217e-01  -3.7315182e-01  -1.3327128e+00
   2.0000000e+00   1.8055058e+00  -1.3112287e+00  -4.5829622e-01   3.2255003e-01  -2.0333371e+00  -5.5603041e-01   2.0237489e-01  -2.3169774e-01   2.9936168e+00   1.7229668e+00   1.1723465e+00   1.2661859e+00  -6.8735771e-01   1.4718249e+00   4.7071084e-01   2.9200140e-01  -8.9487268e-01   1.0058669e+00
   2.0000000e+00   2.3434568e-01  -5.3263316e-01   1.6187234e+00   1.8103791e-02   1.7821261e+00  -1.4397649e+00   9.7277109e-01   5.7145782e-01  -5.9163423e-01  -1.4606243e+00  -1.3952559e+00   9.2196837e-01  -5.2254338e-01   1.5404000e+00   9.0390497e-01  -1.8526507e-01  -2.7595571e-01  -1.3667492e+00
   2.0000000e+00   3.4145853e-01  -2.2451793e-01   3.2101045e-01  -7.1374959e-01  -7.1685225e-01   2.3518343e+00   6.1152069e-01   1.3182665e+00   2.7581188e-01  -6.3763145e-01   9.0080934e-01   7.3425545e-01  -1.3529679e+00   5.2073549e-01   2.3109702e+00   6.1207299e-01  -8.3167866e-01  -1.2336237e+00
   2.0000000e+00   2.7069483e-01  -1.0548437e+00  -6.7586209e-01   5.3883436e-01   2.6182968e-02   1.0125122e+00  -1.8973333e-02   2.0617977e-01  -6.6522705e-01   2.5466167e+00   7.8185278e-02   1.1214244e+00  -7.3225130e-03  -1.3491147e-01  -8.5415860e-01  -1.9775055e+00  -4.0195854e-01  -1.3212253e-02
   2.0000000e+00  -8.6511346e-01  -3.3480985e-01  -6.1173489e-01   4.9474393e-01   9.7856536e-02   5.5451850e-01   4.1128059e-01   4.2188718e-01   1.0619689e-01   3.1901218e-02   1.0152899e-01   4.9620734e-01   1.0363621e+00   1.1764634e+00   2.0382653e+00   2.7613726e-01   7.4976640e-01   1.0368798e+00
   1.0000000e+00  -1.2209218e+00  -9.9163971e-01  -8.8021697e-01  -3.6323936e-01   5.9516036e-01   4.0955566e-02   6.0865649e-01   8.7136598e-01  -2.1393905e+00   5.2303784e-01   7.5299691e-01  -7.5289915e-01  -7.3130517e-01   9.8980521e-02   2.6671858e-01   1.1292662e+00  -1.1882013e+00   6.9385913e-01
   2.0000000e+00  -6.2903255e-01  -5.8138711e-01  -4.8264502e-01   5.3012337e-01  -4.5067818e-01  -9.3282514e-01  -6.3904956e-01  -4.4649848e-02  -2.0102007e+00  -2.7499921e-01   1.6843608e+00  -6.3978965e-01   1.2704036e-01   1.2578119e+00   7.1100748e-01  -9.8076596e-01   3.9866708e-01   7.1915240e-01
   2.0000000e+00   4.3630831e-01   1.7457526e-02  -1.6195533e-01   6.8584792e-01   8.9688636e-01  -1.3796577e+00   3.7262202e-02   5.9734961e-01   1.4625388e+00   1.8324878e+00   8.2584618e-01  -1.3487435e-01   6.2131903e-01  -1.4832692e+00  -1.0680196e+00  -6.4232169e-01   1.2822196e+00  -7.0177880e-01
   2.0000000e+00  -1.5493498e+00   6.9726181e-01  -4.6612502e-01  -4.7792121e-01   4.9782902e-01  -1.6191535e+00   1.5084905e-02   3.4621074e-01  -1.2079693e+00  -6.9818137e-01  -1.2924431e+00   3.0955282e-01   4.3476726e-02   9.6847399e-01  -9.5637936e-02  -7.9740642e-01   9.9293221e-01   1.5867753e+00
   1.0000000e+00  -7.8906712e-01  -5.0032597e-01   1.7257275e+00  -3.8841734e-02   1.0110581e+00   9.7779357e-01  -1.8214618e+00   9.2162944e-01   5.9605967e-01  -1.3649804e+00   8.5914792e-01   8.0020971e-01  -9.6913470e-01   5.6948574e-01   1.2920655e+00   6.3279363e-02  -9.9429830e-01  -2.5595595e-01
   2.0000000e+00  -1.0889026e+00  -2.2672948e+00   3.0860725e-01   2.5869896e+00   8.9617042e-01   9.1913887e-01  -4.3407732e-01  -4.6301121e-01   1.6402950e+00  -1.0175247e+00   3.3069504e-01   1.2938096e+00   9.5197556e-01   5.8063887e-01  -1.0991867e+00   1.1707376e+00   5.0562225e-01   1.3609311e+00
   1.0000000e+00   1.0348281e+00   4.0863912e-01  -9.3164585e-01  -2.4590829e-01  -3.9816470e-01   2.0580456e-01   7.2746776e-01  -1.5711480e+00   2.6193113e-01  -1.2583330e+00   1.2641484e+00  -6.7261650e-01  -1.0778976e-02   1.2039652e-01  -9.1285362e-02   6.7275404e-01   4.7932036e-01  -2.7954536e-01
   2.0000000e+00   2.2418377e+00   2.5281068e-01   9.5000007e-01  -1.3930082e+00  -1.0122071e-01   1.3776589e+00   8.0117957e-01  -6.1565910e-01   1.0669860e+00   1.4832468e+00   1.5004591e+00   1.4070367e-02   4.0807345e-01   9.8149022e-01   1.7106835e-01  -1.1172093e+00   1.0756312e+00   3.5997457e-01
   2.0000000e+00  -2.8308963e-01  -2.3458491e-01   1.3282302e+00   1.9066762e-01   1.4984741e+00   3.4194210e-01  -5.7378509e-01  -4.3320560e-01  -1.5191425e+00  -1.1108523e-01  -1.3731658e-01   4.5791905e-01  -4.8306344e-01  -1.9696699e-01  -1.9038237e+00   6.1147654e-01   1.8293432e-02   3.7590016e-01
   2.0000000e+00  -1.9420301e-01   1.7889733e-01   2.7432612e+00  -2.7074490e+00   1.1275702e+00  -1.1861551e+00  -1.9461349e-01  -1.6812577e+00  -6.5989847e-02  -1.9016676e+00  -1.0565433e+00   3.0656657e-01  -3.4336262e-01   1.1729486e+00   9.7747818e-01  -2.9934233e-01   7.3576153e-02  -8.5919175e-01
   2.0000000e+00  -1.1781665e+00  -9.6066342e-01  -1.4226580e-01   2.6763677e-01   3.4520956e-01  -1.0418977e+00   2.5346012e+00   6.4438457e-01   1.5251967e+00  -5.4345242e-02  -7.3987200e-01   1.0654686e-01  -8.4769316e-01   4.2876401e-01   1.4162826e+00  -5.8605671e-01   1.6531101e-01  -1.3144995e+00
   2.0000000e+00  -1.9371369e+00   1.3625469e+00  -1.0958241e-01   2.0516432e+00   6.5295112e-01  -4.8356581e-01   3.2394683e-01   7.4703154e-02  -7.7939330e-01  -1.5466170e+00  -1.0692964e+00  -5.5647578e-01  -1.5243352e-01   1.1627962e-01  -3.9898070e-01  -1.4080322e+00  -1.3259620e+00   3.8851138e-01
   2.0000000e+00   1.5688109e+00  -1.3070389e+00  -1.5462902e+00  -2.3386814e+00   2.0181273e-01  -1.0141348e-01  -7.7465466e-01   5.9882679e-01   1.5593487e+00   3.3353798e-02  -6.0124467e-02   5.7974719e-01   8.4666083e-01  -2.1688504e-01  -1.6008541e-01   4.3388053e-01  -1.1946851e+00  -3.6464801e-01
   2.0000000e+00  -7.1317282e-01  -1.4974577e+00   1.1228489e+00  -8.1697270e-01  -7.1919305e-01   2.1675975e+00   4.3141087e-01   3.8107327e-01  -1.6868197e+00  -1.0878147e+00   1.3330503e-01   6.1379013e-01   1.5279966e+00  -7.2917652e-01   6.7717351e-01   8.1069492e-01  -9.9601748e-01  -1.0869856e+00
   2.0000000e+00  -1.1939093e+00   7.5761250e-01  -8.9692811e-01   7.6225138e-01  -1.3442410e+00  -5.6882067e-01   2.5279557e+00   5.6280348e-01  -7.5333362e-01   2.0159776e-01   2.6277136e-01  -1.3559920e+00  -8.2008629e-01  -3.0758144e-02   1.1243606e+00  -4.9723662e-01  -8.3751696e-01  -4.6926068e-01
   2.0000000e+00   7.3906801e-01  -6.6273443e-01   6.4819963e-01   2.6693003e-01  -2.1840451e-01  -5.0759131e-01   4.0337379e-01  -5.8741265e-01  -5.7533351e-01  -1.5854605e+00  -4.3061613e-01   1.0075886e+00  -6.5235238e-01   8.8038528e-01  -6.3718968e-01  -1.0111686e+00   1.5285189e+00   2.3330923e-01
   1.0000000e+00  -1.2997215e-01   4.7771881e-01   1.8082680e+00   1.0290281e+00   4.9871409e-01  -1.2174602e+00  -7.7928369e-01   2.7653080e-02   1.1357751e+00  -2.0402073e+00   5.1355508e-01  -5.2463773e-01   1.7312961e-01   3.3119826e-01   4.3610245e-01  -1.1020681e+00   2.1794077e-01  -3.3093279e-01
   2.0000000e+00  -5.2539632e-01   1.3711320e+00  -2.8423621e-01   7.4649902e-01   4.0516266e-01   1.8139276e-01  -6.0980043e-01   1.2983663e+00   7.3682469e-02  -2.9091736e-01  -3.0609059e-01  -1.9500246e-02   1.1388207e+00   8.1724575e-01  -2.7184694e-02   1.8834219e-02   8.6722985e-01   1.2279467e+00
   2.0000000e+00   2.8924443e-01   1.4036673e+00   8.0182656e-01   2.2608642e-01  -1.0157947e+00   1.7089496e+00   2.9226471e-01  -6.4859259e-02  -3.0459779e-01   2.3698439e-01  -9.6877299e-02  -2.2590853e-01  -1.6943160e+00   1.3257366e+00  -5.6700304e-01  -6.0534654e-03   7.0724625e-01   2.9417643e-01
   2.0000000e+00   7.3181748e-02   1.1768072e-02  -2.4965263e+00  -7.6923305e-02   8.1098050e-01  -1.7256343e-01   8.0103900e-01  -2.1440369e-03  -1.1330926e-01   4.9576689e-01   1.1524561e+00  -6.2648046e-01  -8.1196775e-01  -9.4092929e-01   1.7691168e-01  -3.8352156e-01  -5.2979978e-02  -6.4840595e-01
   2.0000000e+00   3.8076690e-01  -7.9966180e-01   3.5302235e-01   1.4903702e-01   3.9003706e-03  -1.8624267e+00   3.1420872e-01   9.7805214e-01  -2.2006809e+00   1.1840980e+00  -6.8271441e-01   9.1362156e-01  -7.9283357e-01   2.0917356e+00   1.1491931e+00   5.2039857e-01  -1.4514626e+00   1.1793069e+00
   2.0000000e+00  -5.6160559e-03   3.3864762e-01   9.4189085e-01  -2.2094513e-01   1.6269909e-01   1.5452226e-02   1.8169544e+00   9.5104214e-01  -4.3431585e-01   8.8734611e-01   9.3871019e-01  -5.8698560e-01   3.6568945e-02   1.7853938e+00   1.0534337e+00  -1.3767435e+00   1.3494230e+00   6.6554183e-01
   2.0000000e+00   5.8964457e-01   1.7617999e+00   2.0126899e-01  -7.5221615e-01  -2.0448139e+00  -3.0579321e-01  -8.1156570e-01   7.1164840e-01   1.6368168e-01   2.9122211e-01   7.0511725e-01   6.6451783e-01  -3.3398565e-01   6.6651908e-01  -2.9158287e+00   2.2014300e-01   6.2851709e-01   4.0340866e-01
   2.0000000e+00  -1.0121844e-01   1.4665433e+00  -1.4630497e+00  -4.1874035e-01  -7.0301669e-01   2.5992904e-02  -7.1550424e-01  -8.9669498e-01   1.5248600e+00   4.7677467e-01  -9.9703576e-02  -8.0914180e-01  -9.1722681e-01   2.0100120e-01   2.0317481e+00   1.0186725e+00  -9.2264903e-02  -1.3475993e+00
   2.0000000e+00  -7.4515437e-01  -5.9942229e-01  -5.4293985e-01  -4.3889094e-01  -3.2470654e-01   2.6403241e-01   9.2149853e-01   1.2015021e+00  -1.8273994e+00  -1.6906429e-01  -6.0222823e-01  -1.0746360e-01  -2.6951228e-01   1.0398191e+00   7.8531988e-01   4.2316812e-02   5.6381302e-01  -1.5450410e+00
   2.0000000e+00   4.4707825e-01   1.3795356e+00  -1.4374166e-01  -1.8697490e+00  -1.0359583e+00   1.6145414e-01  -1.0517037e+00   9.5191175e-03   9.9311033e-01   4.5173030e-01  -2.5301218e-01   1.3491116e-01   5.3726340e-01   2.6241642e-01   3.4922177e-01   2.4602053e-01  -8.7139377e-01  -1.4657562e+00
   2.0000000e+00  -3.0164435e-01   4.8259191e-01  -5.8077951e-01  -3.7198523e-02  -2.8534661e+00   1.7772404e+00  -3.7048241e-02  -8.0863342e-01  -1.0685485e+00  -2.7358480e-01   4.7341304e-02  -2.9169077e-01  -4.6045209e-01  -1.4460890e+00   6.8251456e-01   2.7007234e-01  -7.9272906e-01   6.2774199e-01
   2.0000000e+00   1.5990436e+00   7.8246866e-01  -1.5461140e-01  -2.7662938e-01   2.1171065e+00   8.8538468e-01   5.8563198e-02  -5.2635118e-01   5.4930046e-03   1.2880107e+00  -1.0477302e+00   4.9075326e-02  -1.1897479e+00   2.5878548e+00   3.6500204e-01   1.6374660e+00  -1.2843451e+00  -2.3347711e-01
   2.0000000e+00  -1.5351779e+00   1.7122536e+00   9.8079959e-01   1.2950141e-01  -1.6285470e-01   1.1695250e+00   8.7262088e-01   3.4432570e-01   9.9539044e-01   7.0509814e-01   5.0861609e-01  -1.2305494e+00  -7.8039793e-01  -1.1891867e+00   2.0715723e-01   1.7875127e+00   1.0071028e+00   4.2825810e-01
   2.0000000e+00  -6.9828819e-01  -1.1891713e+00  -2.2106260e-02   8.8109688e-01   1.6458758e+00   4.9978119e-01  -8.1769646e-02  -7.1035035e-01  -1.9488073e-01   9.1069204e-01   1.6858290e+00   1.8112184e+00   1.1519137e+00   5.6603470e-01   1.1151619e+00  -1.1149619e+00  -2.7063906e-01  -1.0489743e+00
   2.0000000e+00  -1.8346553e+00  -6.2438324e-01   1.1068187e+00  -1.4751469e+00   6.5011609e-01  -1.4166972e+00  -2.4296204e+00  -7.0300755e-01   2.1764459e-01  -1.2994285e+00   2.9471151e-01   8.6799433e-01  -6.4572629e-01   8.4860697e-01  -1.2220420e+00  -5.7376317e-01   3.5542355e-01  -4.9705053e-01
   2.0000000e+00  -1.2367232e+00  -7.9805434e-02   1.8700142e-01  -6.9251167e-01  -5.0805419e-02   1.2621897e+00   1.7802703e-01  -8.1717502e-02  -8.0693733e-01   1.8596818e+00   1.2662509e+00  -3.0930756e-01  -4.6942078e-02  -1.1865186e-01   3.9430037e-01   3.4758659e-01  -9.2851921e-01   1.8637244e-01
   1.0000000e+00  -7.2373469e-01  -1.7553249e-01  -1.9808371e+00   1.2000482e+00  -1.1284636e-02  -1.2577969e+00  -5.5212208e-01  -9.5079413e-01  -1.0496449e+00  -1.7479301e+00  -9.0820119e-01   1.6787217e-01   8.1705248e-01   4.4224091e-02  -8.4528213e-01  -1.4755105e+00  -2.6113006e-01   8.2737382e-01
   2.0000000e+00  -2.9383192e-01  -1.1107287e+00  -2.0907257e+00   3.9896339e-01   1.3797398e+00  -7.7065905e-01  -9.6796789e-01  -1.8097801e+00  -1.3153675e+00   9.1403752e-01   1.0861313e+00  -8.2708537e-01  -1.2560395e+00  -2.4212613e+00   7.4514282e-01   1.2385431e+00  -1.4034959e+00  -2.4901860e-01
   2.0000000e+00  -3.5101634e-01  -2.6885945e-02   4.3264251e-01  -4.7936985e-01   1.5414467e-01   1.5000074e+00   1.2659402e+00   5.6419544e-01   1.6543669e+00  -4.8990251e-03   5.9527362e-01  -1.2955661e-01  -1.9486129e+00  -1.0368809e+00  -1.0890596e+00  -6.0083667e-01  -1.6855145e+00   7.1460892e-01
   2.0000000e+00   2.2920992e-01  -1.3781536e+00  -1.7912192e+00  -4.5140739e-01   8.6952114e-01   2.6706132e-01  -8.1236876e-01  -1.7320544e+00  -2.8348411e-01   5.9241425e-01  -5.0372902e-01  -6.2564181e-01   7.8872941e-01  -7.8017701e-01   8.8104658e-01   9.0494824e-01  -1.0028418e+00   8.4430064e-01
   2.0000000e+00  -1.6833162e+00   8.8975410e-02   2.3338048e-01  -6.7413075e-01   4.8697349e-01   3.3030328e-01   3.6726712e-01   3.2451970e-01   1.2156034e+00   7.6158555e-01   3.8756443e-01  -7.8155919e-01   1.0575278e+00   2.0755369e+00  -1.8608592e+00  -1.5250212e+00   3.5866958e-01  -3.8993434e-01
   2.0000000e+00   1.1062254e+00  -1.0752620e+00  -9.1507491e-01   5.4234002e-01   8.1282642e-01  -3.2686459e-01  -3.0879788e-01  -2.6620692e-01  -5.8236886e-01   1.3909853e-01  -9.5444130e-01   3.6481969e-01  -8.2759549e-01   8.1573555e-01  -6.9221558e-01   1.2137724e-01   9.2730065e-01   5.2580211e-02
   1.0000000e+00  -1.3428535e+00  -6.2787800e-02   9.4611258e-01  -1.7480825e+00  -1.4817917e+00  -2.5295552e-01   4.0779741e-01  -2.1975248e-01   3.1239660e-01  -1.3238313e-02  -2.5638889e-01  -6.9601281e-01   9.0983065e-01   7.1513015e-01  -4.2298620e-02  -1.3344776e-01  -7.5253302e-02   9.6800841e-01
   2.0000000e+00   1.2892862e-01   1.4111858e-01  -9.0119209e-01   3.1932409e-01  -9.2455891e-01   1.5029013e+00   1.2228068e+00  -1.0590243e+00   9.1972413e-01  -1.9643581e-01  -1.7803533e+00  -1.4875075e+00   2.7026227e-01  -4.6567015e-01  -3.4386494e-01   2.0502307e+00  -3.3366904e-03  -2.0720961e-01
   2.0000000e+00   8.3107429e-03  -2.8309905e-01  -3.4144350e-01  -1.1392258e+00  -2.1269467e+00   3.8984484e-01   2.7830164e+00   1.7325694e-01  -8.7594168e-01   1.2768455e-02   1.1137006e-01   1.3683177e-01   1.1032026e+00  -1.3602674e+00  -1.6142846e+00   9.8169557e-01   6.8285770e-01  -2.7033348e-01
   2.0000000e+00   8.7660625e-01   5.1215017e-01  -1.4972716e+00  -4.9220634e-01  -1.5588981e-02  -1.0909098e+00  -2.7386856e-01  -5.0371868e-01  -1.5810375e-01   9.9320479e-01  -2.2304181e+00   5.4877112e-01  -1.2572116e-02  -7.4606662e-01  -8.7707181e-01   1.3470777e+00  -1.1073589e-02   2.2442993e-01
   2.0000000e+00   1.8972960e-01  -1.9318111e+00   2.0104153e+00   1.5557959e+00   7.5453350e-02   2.4538933e-01  -1.6124258e+00  -1.7092118e-01   1.0083705e+00   1.4144617e+00  -7.9179254e-01   2.2835805e+00   2.2793141e-01   1.5210841e+00  -3.5629319e-01  -1.3047313e+00  -6.2691050e-01   1.3456562e+00
   2.0000000e+00  -1.3848687e+00   8.0785258e-02   4.0811619e-01   5.5626091e-01  -7.3792029e-01  -5.3850748e-01   3.1445400e-01  -4.2755484e-01   4.9292801e-01  -1.1863968e+00  -5.7247188e-01   7.5349669e-01  -1.1563068e+00  -9.6230295e-01   7.3824693e-01  -5.3941225e-01  -6.0442673e-01   1.7921452e+00
   2.0000000e+00   5.1187490e-01   1.3881609e+00   1.2208228e+00   1.2804043e+00   6.2814965e-01  -1.0355552e+00  -1.6060643e+00   7.7102340e-01   8.4196602e-01  -1.5636478e+00  -3.7818997e-01  -1.5152678e-01   1.1468449e+00  -4.6755150e-01  -1.6265202e-01  -4.8029407e-01   4.2335983e-01  -1.6568110e+00
   2.0000000e+00  -1.4463563e+00  -5.4994445e-01  -5.1083216e-01   1.4416667e-01  -4.2271318e-01  -1.4600647e+00   1.4703273e+00  -2.0373075e-01   3.1004111e-01  -5.5833529e-01  -2.8975401e-01  -5.8483739e-01   1.0552325e+00  -1.6271434e-01   1.3572668e+00   9.3607148e-01   2.0426112e-01   5.9978019e-01
   1.0000000e+00   3.7716879e-01  -8.5084087e-01   5.1428712e-01  -8.6400491e-01  -2.5385012e+00  -5.5367222e-01  -3.0929661e-01  -1.9483778e-01   1.0987630e+00   1.2542252e+00   1.0292404e+00   2.9072586e-01   2.6769535e-01   2.0060641e-01   1.0222936e+00  -1.4093914e+00   1.4128797e+00   2.7041725e-02
   2.0000000e+00  -1.0631592e+00   9.7473235e-01  -3.5682435e-01   9.4943895e-01   1.1590836e+00  -1.5950245e+00  -1.5520199e+00  -1.3462677e+00  -8.4160319e-01   7.8081156e-02  -1.4866794e+00   8.7514547e-01  -2.3464540e-01   7.5727475e-01   8.7259497e-01   1.1423319e+00   6.3154481e-02  -3.2513294e-01
   1.0000000e+00  -1.6451339e+00  -6.2785097e-02   1.0736590e+00   2.0111269e-01   2.3188979e-02   3.4421494e-01   3.6152320e-01  -1.5870782e+00  -4.3297784e-01  -5.1780939e-02   4.3219690e-01   1.3543577e+00  -9.4212748e-01   3.4663151e-01  -1.2475311e+00  -4.8840477e-01  -7.8456382e-01  -1.1763731e+00
   2.0000000e+00  -5.8656854e-01   6.4296326e-01  -5.4973572e-01   3.4986776e-01   1.1624946e+00  -2.0857464e+00  -1.5571526e+00  -1.1989141e+00  -4.1955398e-01  -1.2666584e+00  -4.4154818e-01   1.6246292e+00  -5.5929635e-01  -8.9159696e-01   1.3029919e+00  -1.1883921e+00   2.8382922e-01  -7.1238262e-01
   2.0000000e+00  -4.6062219e-01  -1.0372801e+00   4.2952203e-01   3.3068385e-02   7.8676631e-01  -1.2913997e-01   4.1761928e-02  -6.3005260e-02  -1.8603524e+00  -2.2097346e+00   4.8695212e-01   2.3928872e+00   4.0275702e-01   6.0028437e-01   8.1965648e-01   6.6294087e-01   3.7041446e-01  -3.8093682e-01
   1.0000000e+00  -1.6706542e-01   3.1723820e-01   1.8198978e-01   5.5554511e-01   6.9976626e-02   7.9258003e-01   1.6318388e-02  -5.9552592e-01   3.0348260e-01  -5.8860186e-01   1.7912118e+00   2.8377364e-01   1.0336859e+00   9.4387058e-02  -3.2211968e-03   2.2223212e-01   1.4910142e+00   1.1856333e+00
   2.0000000e+00   4.7205273e-01  -4.2100019e-01  -1.3025472e+00   3.8451903e-01  -1.2010845e+00  -1.0560073e+00  -2.0776233e-01   6.0056402e-03   6.0266479e-01  -1.4504135e+00  -6.6231592e-01  -1.4059700e+00   1.5198982e-01  -1.5599307e+00  -3.2711889e-01  -1.1877390e-01   1.7008965e+00  -1.7598728e+00
   2.0000000e+00  -4.3663370e-01   8.7803811e-01   1.0001345e+00  -1.4873326e+00   6.8037263e-01   5.2597901e-01   3.3490722e-01   2.2880879e+00  -1.2328373e+00   1.1038649e+00   2.0455181e-01   7.0308421e-01   2.1852981e-01  -8.9261357e-02   7.8270049e-01  -4.0761002e-01   7.0726179e-01  -1.7507993e+00
   2.0000000e+00   2.9368560e-01   3.8707393e-01  -5.8474467e-01   3.3524757e-02   1.0244266e+00  -1.2231227e+00   1.2429399e+00   9.2906710e-01  -1.0219344e+00  -1.2706740e+00  -8.8896724e-01  -1.3720516e-01  -1.6111277e+00  -1.3615337e+00  -5.0646833e-01  -9.3172623e-01   7.4918375e-01  -9.0671407e-01
   2.0000000e+00   1.4768385e+00   1.0834885e+00   8.2225513e-01   7.1729775e-01   2.5943718e+00  -6.0142029e-01   4.5164762e-01  -6.7308977e-01  -2.1830320e-01   1.3827374e+00   3.3006041e-01   2.4813321e-01  -1.6216797e+00  -1.0428394e+00  -1.1676130e+00   2.6805526e-01  -1.6504111e+00  -1.4241634e+00
   2.0000000e+00  -2.2325276e+00  -1.8731039e-01  -2.3008680e-01  -1.0634473e+00   5.1934912e-01   1.8327414e+00   7.4953672e-01  -2.8543876e-01   1.6164618e+00  -1.2837618e+00  -3.9441778e-01   1.3567391e+00  -8.9553119e-01  -1.0132008e+00  -1.0184066e-01  -6.9009512e-01   3.4514607e-01  -1.2728727e+00
   2.0000000e+00  -3.4587169e-01  -8.6617737e-01  -3.8961884e-01   2.4130505e+00   3.6274544e-01  -2.2882366e-01   1.2366730e-01   7.0539960e-02   9.7710402e-01  -6.4821673e-01  -3.7245978e-01   1.1293095e+00  -2.2274673e+00   5.8367296e-01   7.8127020e-01  -1.1787776e+00   4.9358293e-01  -1.6067056e+00
   2.0000000e+00  -1.2504986e+00  -6.2012315e-01   2.2517931e-01   9.3525724e-01  -1.1694236e+00   7.0018499e-01   5.3001843e-01   7.3422220e-01   8.1806840e-02  -1.2311284e+00   2.1401205e-01   1.7262481e+00   2.7083335e-01   8.3210082e-01   9.0838362e-01   1.0450446e+00   7.2959192e-01  -1.6919411e+00
   1.0000000e+00  -1.2813646e+00   1.5226682e-01   2.7980876e-01  -2.7108643e-01   7.9349285e-02  -2.3984283e-01   3.8171931e-01  -6.0293661e-01  -4.6064530e-01   1.8773722e+00   1.6065690e+00  -1.1100976e-01   5.4916845e-03   3.6965824e-01   1.0725221e+00  -1.3571669e+00   2.3131060e+00   1.2707166e+00
   2.0000000e+00  -9.4359856e-01  -7.3190982e-02   6.0842702e-01   3.2843557e-01  -1.0683276e-01  -1.2418603e+00   1.0746805e-01  -1.4846615e+00   1.1622311e+00  -3.1027817e-01  -2.2647516e-01   1.2096873e+00  -6.3955825e-01  -5.5867305e-02  -4.9303946e-02  -2.1507189e+00  -6.8222052e-01  -3.7395884e-01
   2.0000000e+00   1.3928858e-01  -7.9378972e-01   1.5272073e-01  -2.9662827e-01   1.6462514e+00  -5.4015409e-01  -7.7230675e-01  -1.6192896e-02   7.3746744e-01   1.2306477e+00   7.7458535e-01  -4.5070375e-01   1.5800505e-01  -4.1803270e-01  -6.1604103e-01  -1.4177634e+00  -2.4246093e+00  -1.0116471e-01
   2.0000000e+00  -1.3276925e+00   3.9943902e-01   7.1408005e-02   9.3973358e-01   2.4757810e-01   1.9791464e+00   1.2680427e+00   7.8871134e-01  -1.2671517e+00  -1.5559554e+00   1.1604783e+00  -3.3109732e-02   2.6062310e-02  -1.1948150e+00   2.5963546e-01   1.5900978e-01  -7.0517553e-01  -1.7856940e-01
   2.0000000e+00   1.6493396e+00  -7.1020527e-01  -1.5916553e+00   8.5681089e-01   8.8052785e-01   8.3334920e-01  -1.3314154e-01  -2.8137954e-01  -1.5508305e+00   2.2431428e+00  -5.7001601e-02   4.2326591e-01   1.8444884e+00   2.8406270e+00   6.6751716e-01   3.8374827e-01  -1.6116446e+00   1.8823185e+00
   2.0000000e+00   1.2267307e-01   4.2569937e-01  -7.4618472e-01  -1.0290968e-02   2.2587895e+00   9.9313995e-03   3.1625435e-01  -1.2285307e+00   9.3877281e-02  -1.8752750e-01  -2.5814389e-01  -1.8577644e-01   2.5186744e+00  -1.0216621e+00  -6.9255943e-01  -7.9141343e-01  -2.1327786e-01   2.2710456e-01
   2.0000000e+00  -1.4431088e+00   1.6800962e+00   1.5207953e+00  -3.7245955e-01  -1.4867849e-01   1.6523688e-01  -2.2548936e+00  -7.3713446e-01   1.2079077e+00   7.4488615e-02  -7.2333017e-01   1.4171304e+00   1.1208707e+00  -2.7801524e-01   5.8934628e-01   3.0129617e-01   4.4646134e-01  -9.1749588e-01
   1.0000000e+00  -1.6093622e+00   6.6101331e-02  -6.1156193e-01   1.2623238e+00   6.1938789e-02  -9.4809858e-01   4.1818814e-01   1.2204003e+00  -3.8052557e-01   8.5108750e-02  -9.5490746e-01  -8.5024419e-01   3.9348468e-01   5.9294641e-01  -7.2892319e-02  -4.0318709e-01   1.6487222e-01  -5.3892711e-01
   2.0000000e+00  -3.3033824e-01   5.1977993e-02  -3.2575642e-01   4.1732815e-01   3.0606625e+00  -1.8071962e-01   3.8891154e-01  -7.6922066e-01  -1.9613076e+00  -1.9113919e-01   2.9654570e-02   5.4513349e-01   2.8836382e-01  -1.0816477e-01  -1.5484289e-03   6.8388458e-01  -2.6179681e+00   1.1888154e+00
   1.0000000e+00  -1.1530576e+00  -4.0295705e-01   4.3997985e-01  -1.0010465e+00   6.8540221e-01   1.1770618e+00   8.2862070e-02  -4.2860410e-01   8.9297833e-01  -8.3838068e-01   7.3786772e-01  -1.2578740e+00   5.3418284e-01   3.5463909e-01  -3.4365899e-01  -1.1734222e+00   2.1266652e+00  -1.6417165e-01
   2.0000000e+00   6.9613021e-01   5.5186491e-01   4.2170141e-01  -1.0153589e+00  -9.9299497e-01  -7.2993487e-01  -1.4674762e+00  -4.8171023e-02   6.1520695e-01   6.4003420e-01   6.8570035e-01  -8.0240085e-01  -1.7971241e-01  -4.8609359e-02  -5.6057574e-01  -4.2708053e-01  -3.4417511e-01  -1.0363309e+00
   2.0000000e+00   6.2582024e-01   2.7584449e+00  -1.5692222e+00   1.1810903e+00   2.9140893e-01   1.5516344e+00   3.9428234e-02  -2.7555768e-01   7.7778758e-01  -1.6206518e+00   1.2839100e+00   2.0680229e-01  -3.3103645e-01   3.1983804e-02   9.6389368e-01  -1.0930879e+00   4.9436863e-02   1.7588951e-01
   2.0000000e+00   3.7896635e-01  -1.1169845e+00  -2.4500433e+00  -2.5056992e-01   2.1043172e+00   1.2867928e+00   1.7291582e-01   5.6722083e-03   8.8039098e-01   2.6197519e+00  -2.9320787e+00   4.1781693e-01   7.9516184e-01  -1.7475330e+00  -1.1249042e+00   1.0827398e+00   8.9577830e-01  -2.1006829e+00
   2.0000000e+00  -3.7663109e-01  -7.4006236e-01   2.4118345e-01   2.3470258e-01   1.0511383e+00  -1.2464605e+00   3.3153993e-01  -3.0653525e-01   7.6696332e-03   1.5836678e-01  -1.2695292e+00  -3.9615558e-01  -8.2695881e-01   1.0125602e+00  -4.2481526e-01  -2.0091054e-01  -7.8657734e-01   1.7503810e+00
   2.0000000e+00  -1.1207784e+00   1.2495461e+00   2.5071327e-01  -1.8098523e-01  -6.9464595e-01   3.2511906e-01  -1.1380090e-01  -9.4893953e-01   3.6771385e-01  -1.6140461e+00  -7.9038423e-01   4.4773001e-01   7.6255518e-01  -2.5730927e-01   4.9422467e-01   7.4135844e-03   5.7469991e-01  -5.0263135e-01
   2.0000000e+00  -9.8396736e-01   8.8718953e-01   1.8111109e+00  -5.3702667e-01   8.0910458e-01  -5.5890030e-02   1.2818651e-01   3.8035823e-01  -2.9231029e-01   1.6113950e+00  -3.2807519e-01   4.1146192e-01  -2.1274576e-01  -1.5162557e+00   1.9425338e+00  -1.0945399e+00   3.6280373e-01  -5.2408038e-01
   1.0000000e+00   5.3447675e-01  -2.6155426e-01  -4.7471848e-01  -5.5754144e-01   1.4876880e+00   4.3868972e-01   4.3955424e-01  -5.2660109e-01   1.1400473e-01   8.7250066e-01   2.3976507e-01   2.4750821e-01  -1.6328213e-01   2.1345113e-01   7.0853970e-01  -6.1777413e-01   7.5449003e-01   3.5287281e-01
   2.0000000e+00  -1.6020511e+00   2.0485765e+00  -7.3362000e-02  -4.7292796e-01  -9.8933635e-02   5.7414583e-01   1.2619964e+00  -3.4157133e-01  -2.3731182e+00  -1.0928749e+00  -3.9244239e-01  -5.9762103e-01   2.7492958e-01  -3.0410615e+00   6.4081293e-01   8.9663998e-02   3.7049062e-01  -1.5912878e+00
   2.0000000e+00   1.1120362e+00   9.5163599e-01   5.7006078e-01  -8.3577290e-01  -2.1937832e-01   2.4741580e-02  -2.3230913e-01   1.4952465e-01   1.1125875e+00   8.7148189e-01  -9.1800625e-01  -1.0557931e+00  -3.1715445e+00   9.1328518e-01   6.1781679e-01   1.0235266e+00  -5.1050358e-01   9.8486541e-01
   2.0000000e+00   1.9174349e-01  -7.0572417e-01   3.5986596e-01   7.4736294e-01   1.0056003e+00   1.7746698e+00  -2.3385733e-01  -4.6331286e-01  -6.4162165e-01  -3.8501119e-01  -6.2868813e-01   1.8403192e+00   5.7232430e-01  -1.3558344e-01  -5.8922497e-01   2.4316068e-02   5.8816753e-03  -8.2358327e-01
   2.0000000e+00  -1.2927180e+00   7.8447084e-01   1.0161925e+00  -4.8049244e-01   2.5982039e+00  -1.1884406e+00   1.6235152e+00   5.3714186e-01   5.9650125e-01   9.2026501e-01   1.0207309e+00  -5.5651812e-01   1.4281994e+00   2.4847332e+00   2.3036021e-02  -7.1041977e-01   7.5235902e-01   1.6905545e+00
   2.0000000e+00  -1.1910590e+00  -1.7159839e-01   1.6007539e+00  -2.6342177e-01   1.1946159e-01   4.4683422e-01  -7.4390172e-01  -1.6955213e+00  -7.6283594e-01   1.6329975e+00  -7.7382674e-01   5.7929696e-01  -1.3511179e+00  -2.6261428e-01   6.7757951e-02  -6.7814979e-01   1.6527410e-01  -1.6120017e+00
   1.0000000e+00  -4.9074786e-01   4.6083190e-01  -1.7995888e+00   1.1804815e+00   2.1545260e-02  -1.0780450e+00  -8.1319345e-02   1.1067490e-01   1.3784798e-01   6.7177612e-01   9.9017249e-01  -2.7836532e-01   3.3900786e-01   1.5681322e-01   6.3803063e-02  -2.2952344e-01   1.3809774e+00   2.2160372e+00
   2.0000000e+00  -8.8817872e-01   1.9067032e+00   1.5285942e+00  -5.6242901e-01  -6.8517179e-01   1.1314286e-01  -8.2618186e-01  -9.7563525e-02   4.0926857e-01  -5.1781196e-01  -2.1647515e+00  -1.2964673e+00  -6.3441543e-01   7.0146559e-02   2.6177340e+00   7.0375763e-01   8.9382609e-01  -8.7322517e-02
   2.0000000e+00   7.0918564e-01  -1.6023690e-01   2.0393633e+00   5.3780887e-01   1.1620652e+00   7.5864423e-01   4.9108666e-01   9.0540884e-01   1.3570225e+00   1.2985985e+00  -1.1019333e-01  -1.9397425e-01   1.8370938e+00  -3.2362329e-01   1.5155361e+00  -5.7493985e-01  -8.0205984e-01  -4.9932120e-01
   2.0000000e+00  -1.2916939e+00   1.1073856e-01   1.1182142e-01  -1.7019056e-01  -1.0623982e+00  -1.8590955e-01   1.4272618e+00   3.9945307e-01  -4.5500827e-01   4.8571376e-01   1.7563636e+00   2.3348114e-01   1.7284755e-01  -1.0176153e+00   2.7262799e-01  -8.9691566e-01   3.8618092e-01  -1.1234926e+00
   2.0000000e+00   6.5495104e-01  -9.2827774e-01  -6.4782558e-02   3.7512263e-01  -9.4043522e-02   7.6796780e-01   2.4645274e-01   9.1767795e-01  -6.9424330e-01   1.4765719e+00  -5.2868922e-01   5.7506971e-01  -2.3278881e+00  -1.8546912e-01  -1.5544379e+00   1.9263933e+00   1.4972804e+00   2.5473452e-01
   2.0000000e+00   5.0857126e-01   1.0846221e+00  -8.0604434e-01   3.3507044e-01   1.2481164e-01   3.6614066e-01  -6.6671993e-01   1.0679165e-01  -7.0939676e-02  -9.6542791e-01  -8.3304628e-01   4.8498312e-01   1.2718044e-01  -1.3678096e+00   8.1368084e-01  -6.1371178e-02   1.5105742e+00  -1.1150433e+00
   2.0000000e+00   9.6382170e-02  -6.9798007e-01   6.0913453e-01   1.8561985e+00  -7.0303875e-01   4.4460868e-01  -3.3085187e-01  -4.2677157e-01   1.0865640e+00  -3.0659279e-02   9.6623679e-01  -1.7879209e-01   1.4708304e+00   9.8790586e-01  -1.2661758e+00   8.3195827e-01   8.8214039e-01   1.8766897e+00
   2.0000000e+00   3.1189307e-02   1.1669252e-01  -5.8237759e-01  -8.2610525e-02  -1.0329669e+00  -8.4765712e-01  -2.5721311e-01   7.4308615e-01  -7.7444376e-01   7.8734856e-01  -8.6330988e-01  -2.0392778e-01   1.3171265e+00  -1.0452275e-01   1.6643513e-01   1.2023771e+00  -8.5495913e-01  -3.9828678e-01
   1.0000000e+00   9.3446250e-02  -4.9294282e-01  -7.5843456e-01  -1.1597914e+00  -6.3166103e-01  -5.6522177e-01   1.1318831e+00  -1.0119475e-01   7.6637499e-01  -1.3732923e-01  -3.7224318e-01  -4.0885095e-01   5.8505852e-01   4.3727514e-01  -3.4153627e-01  -1.0200134e+00   1.0349088e+00   7.6364409e-01
   2.0000000e+00  -1.0462629e+00   1.9170153e+00   4.3721288e-01  -1.4508886e+00  -9.3673224e-01  -4.7063308e-02  -6.0644355e-02  -1.4490055e+00   1.6677767e+00   2.1980311e-01  -7.3885825e-01   1.7195844e+00  -2.4277295e-01  -5.0336753e-01   2.1885673e-01  -5.9557856e-01  -1.1103610e+00  -2.9558342e+00
   2.0000000e+00   5.3395967e-01  -1.4858348e+00  -1.3721304e+00   1.4863206e+00   1.9012005e-01  -1.3240539e+00  -9.7215063e-01  -1.3973482e-01  -7.2705335e-01  -2.1051856e-01   4.0717752e-01   1.3328451e+00   4.9816486e-03   1.5701084e-01   2.3676940e-01  -5.4877858e-01  -2.3291476e-01  -2.7146738e-01
   2.0000000e+00  -2.0090048e+00  -1.5509015e-01  -5.5462592e-01   1.3154731e+00  -2.6800303e-01  -1.7837639e-01  -2.0346371e-01  -5.3251527e-01   6.1362865e-01   6.9871431e-01  -3.6563769e-01  -1.2873561e-01   8.6178024e-01   2.0501351e+00  -2.1090224e+00  -1.1042594e+00   8.1552862e-01   4.5872476e-01
   2.0000000e+00  -1.8924398e-01   5.9229687e-01   8.1174122e-01  -1.5999717e-01   1.3265976e+00  -3.7502053e-01  -1.7741769e+00  -1.2819242e-01   1.4590677e+00   4.5185333e-01   5.7528968e-01   6.0288335e-01  -9.5835534e-01  -3.5716128e-01   9.5305227e-01  -8.1300081e-01  -4.4107851e-01   1.5139310e+00
   2.0000000e+00  -3.9110039e-01   1.1971661e+00  -9.3813245e-03   1.0878383e+00   9.1198148e-01  -8.5108676e-01  -1.9674909e-01   6.1143281e-01   1.0405393e+00   5.0616304e-01  -9.1860824e-01   1.0288534e-01   2.8737173e-01  -1.1706215e+00  -1.0529203e-01   7.5616464e-01   5.5399379e-01  -1.5506424e+00
   2.0000000e+00   2.8342180e-01  -1.0625305e+00   1.4429074e-01   7.6878330e-01  -1.1461271e+00   1.9078677e+00  -9.2239413e-01   1.3950585e+00   1.3325674e-01  -3.9023104e-01   1.4467447e-01  -3.5171888e-01  -2.4707742e+00  -3.9611495e-01   1.8735468e-01  -1.7138203e-03  -8.2318135e-01   6.4327636e-01
   2.0000000e+00  -1.1356987e+00   1.7882193e-01  -1.8761692e+00  -6.8823709e-02  -6.5820532e-01   1.2812217e+00  -8.1328623e-01  -1.5976717e+00   1.1641043e+00  -1.4560640e+00  -8.2374885e-01   9.8953683e-01   4.2349428e-02   1.1081412e+00  -1.3031632e+00   5.9134095e-01   7.3475560e-01   7.6386546e-01
   2.0000000e+00  -1.2885050e+00  -1.3853380e+00  -1.0471075e-01   1.4601989e+00  -3.0514847e-01   4.6876643e-01   1.6943225e-01  -1.3519673e-01   2.6742880e+00  -2.2109227e-01   1.9147277e-01  -2.3944800e-01   1.4581056e-01   1.0175832e+00  -3.7611907e-01  -1.8120162e+00   6.2018076e-01  -1.1771197e+00
   1.0000000e+00   7.0463795e-01  -6.0977193e-01   5.7272407e-02   5.5821076e-01  -6.4597577e-01   1.1931908e+00  -1.5033365e+00   2.6905707e-01   1.4364024e+00  -6.5328042e-01  -2.7171052e-01   7.1421235e-02  -8.5893626e-01   2.1930364e-01  -3.6090399e-01   1.0583956e+00   8.1432645e-01  -3.7258853e-01
   1.0000000e+00   3.6082165e-01  -3.6615891e-01   8.4590039e-01   6.1705098e-01   1.7504572e+00  -1.0513599e+00   1.4942127e+00   9.5994136e-01  -7.0740231e-01  -7.1683673e-01   2.4819968e-01   1.9709429e-01  -7.7429117e-01   5.4476086e-01  -1.1962008e+00  -4.2410250e-01  -2.2139150e+00  -9.6220767e-01
   2.0000000e+00   9.7715597e-01   1.1768305e-01   1.9630744e-01   1.2932239e-01  -6.0814882e-01  -8.6460375e-01  -4.5830278e-01   1.7031472e+00   8.7856579e-02  -4.9259686e-01  -1.4011083e+00  -8.0529639e-01  -3.6338082e-01  -2.3367159e-01  -1.5267267e+00   6.3483687e-01   4.7880080e-01  -3.5936915e-01
   2.0000000e+00  -1.0083352e+00   1.0111976e+00  -4.4927083e-01   7.7221131e-01   8.1045188e-01  -1.9384971e+00  -1.0579466e+00   6.0031479e-01  -4.0124738e-01   7.8985399e-01   2.3305828e-01   1.1474000e+00   6.8836402e-01   1.4401267e+00   8.0086989e-01   4.8274571e-02   9.6817681e-01   1.6911696e+00
   2.0000000e+00  -5.5176821e-01  -8.0664246e-01  -8.2440847e-01   6.7247455e-01  -4.3608984e-01   2.0597475e-02  -7.4257359e-01  -7.1999976e-01  -5.6865806e-01  -2.1270532e+00   1.0968084e+00  -4.0808621e-01  -5.2094200e-01   5.9734409e-01  -3.6068287e-01   1.6914892e+00  -1.0820728e+00  -1.0148073e+00
   2.0000000e+00   7.1708749e-01   5.5232163e-01   9.2007981e-01   1.1020528e+00  -3.8548641e-01   2.5878143e-01   9.1089756e-01  -1.7430883e+00   1.4189410e+00   4.0650725e-02   1.0477709e+00  -5.3615123e-01   5.0905083e-01  -5.5119540e-01   8.7805292e-02   1.2108400e+00   4.5596243e-01  -9.9760498e-01
   2.0000000e+00   8.3721876e-01  -1.9547965e-01  -1.9971615e+00   5.3076468e-01   8.6608219e-01   1.9484804e+00   1.1033116e+00   5.8271849e-01  -2.5143434e-01  -4.5130860e-01   2.0213477e+00  -2.0445369e+00   5.6369453e-01  -7.8252907e-01   1.6578518e+00   3.6453944e-01  -1.2283053e-01  -1.1696359e+00
   2.0000000e+00   5.2551699e-01   5.5788461e-01   2.3931315e+00  -7.4256436e-01  -7.4463644e-02   7.5128880e-01   1.5809793e-01  -9.9458880e-01   1.3577892e+00  -6.1040326e-01  -1.0044419e+00  -4.3004376e-01   7.2179461e-01   1.9402643e+00   7.3815218e-01  -1.8982091e+00  -1.8208947e-01   1.2281020e+00
   1.0000000e+00  -6.1295690e-02   2.5156816e-02   2.1168753e+00   8.6847228e-01   1.9686874e+00   7.0689137e-01  -6.6694716e-01  -4.3795485e-01  -1.1338675e+00   9.4481458e-01   1.3562596e+00  -1.1882749e+00  -5.3605676e-01   4.2919882e-01  -7.1539768e-02  -4.5500268e-01   7.5618033e-01   2.7922356e-01
   2.0000000e+00   1.7986784e+00  -4.5757767e-01  -1.2441681e+00   3.7651759e-01  -3.8036998e-01   1.6590210e+00   1.4785327e+00   6.5885224e-01   1.4465197e+00  -1.1035551e+00   1.2053425e-01  -1.3337447e+00  -9.0396275e-01  -1.2680977e+00  -2.7016950e-01  -1.6405231e+00   3.1072246e-01  -8.8399857e-01
   2.0000000e+00   8.9796145e-01   9.4444805e-01  -1.4497073e+00   2.2676254e-02   1.2998089e+00  -1.1935502e+00   6.1508292e-01  -6.5254638e-01   5.8404793e-01  -1.7700759e-01  -9.5361789e-01  -1.4851435e-01   1.0272409e+00  -6.6297870e-01  -2.1793887e+00  -1.0597266e+00  -6.2189877e-01   3.2482459e-01
   2.0000000e+00  -6.0608611e-01   3.8941015e-01   1.5054780e+00  -6.5547342e-01   1.3372269e+00  -1.1935353e+00   1.0573761e+00   1.6220922e+00   1.7239544e-01  -8.3508500e-01  -1.2461640e+00  -1.6540430e+00   4.9521243e-01  -1.4471324e+00  -6.1478093e-01  -6.8420490e-01  -4.9090092e-01   8.1107550e-02
   2.0000000e+00   6.5762900e-01  -9.5539014e-01   1.2420787e-01  -1.1945844e+00  -1.3914788e-01   1.7885631e+00   1.3975939e+00  -7.5064525e-01  -9.1359772e-01   4.8088022e-01  -5.0015920e-02   4.9138390e-01  -6.2876864e-01  -3.1943857e-01  -8.1889731e-01   1.4481933e-01  -2.9421149e-01   7.5233023e-01
   1.0000000e+00  -6.0911018e-01   2.7090093e-01  -1.3690835e+00  -1.6491765e-01   4.7184746e-01   1.6469860e+00   6.2653025e-01  -1.2073137e+00  -1.5178837e+00   1.3260500e-01  -1.6795821e+00  -9.1571554e-01  -5.0173196e-01   6.1092893e-02   5.1511138e-01  -8.4890142e-01  -9.5939050e-01  -1.1769886e+00
   2.0000000e+00   7.3768229e-01  -3.1959749e-01   1.1184605e+00  -1.0202861e+00  -1.6228839e-01   1.6075038e+00   5.9969892e-01  -1.8370676e-01   1.5777863e+00   7.4386239e-01  -1.7650165e+00  -4.9393289e-01  -2.1196445e+00  -9.6174920e-01   2.0678215e+00   1.0393469e+00  -1.3275760e+00   1.6526462e+00
   1.0000000e+00  -6.4371405e-01   5.3737309e-01  -8.0593986e-01  -1.9442513e+00  -1.6830539e+00   2.1681119e-01   9.4415510e-02   4.9750867e-01   1.1724830e+00   2.8107543e-01   8.3656300e-02  -5.4255202e-01  -8.3852320e-01   1.7523974e-01   5.2225255e-01  -8.6835995e-01   1.0902617e+00   4.5644149e-01
   1.0000000e+00   1.4970698e+00   3.9127000e-01  -9.2669712e-01   8.9516491e-01   1.0370739e+00  -5.2566618e-01  -8.4145145e-01   3.8140678e-01  -2.6153407e-02   1.5081141e+00  -3.6471945e-01   2.1147786e+00  -1.9230181e+00   1.5735116e-01   1.7642945e+00  -3.2094711e-01  -5.8760051e-01  -1.5146092e+00
   2.0000000e+00  -5.0406431e-01   7.9101239e-01   5.5886933e-01  -2.3100368e+00  -1.6756670e+00   2.5548837e+00   1.4801559e+00   4.0910478e-01   7.7579694e-01  -1.3583045e+00  -3.7003472e-03  -8.7051365e-01  -3.1287562e-02   4.9233186e-01   4.7047556e-01   3.7827246e+00  -6.0584996e-01   2.3305134e+00
   2.0000000e+00   2.3778627e-01  -1.4761967e+00   2.4057322e-01  -2.4993097e-01  -2.8530235e-02  -8.5441522e-01   6.9378197e-01   2.0608869e-01  -2.0268486e+00   1.9973195e+00  -1.1230253e+00  -1.2190577e+00  -2.6146952e-01   9.7505735e-01  -9.7704408e-01   1.2153698e+00   9.7970996e-01  -8.2035663e-01
   2.0000000e+00  -1.0940700e+00   3.8388291e-01   5.3577446e-01   1.1709043e+00  -6.9161341e-01  -7.1817665e-01  -1.7007710e+00  -8.0439089e-01   2.0569716e+00  -2.0178864e+00  -2.5982929e+00   9.0110927e-01  -8.6957310e-01  -8.0257841e-01   6.4500185e-01  -8.4545764e-01   1.8122177e-01   1.8059433e+00
   2.0000000e+00   1.8515100e+00   8.2670145e-01   7.1224687e-02   2.8121644e-01  -4.3666886e-01  -5.5007080e-01  -1.3298058e+00   1.9020733e-01   1.4686910e-01   9.4010640e-01  -1.4166320e+00   4.6615863e-01   1.0863493e+00   1.4022637e+00  -1.8895947e-01   8.0420840e-01   6.6245016e-01   1.3721492e+00
   2.0000000e+00  -1.1195638e+00   1.0729127e+00  -1.5275845e+00   5.1055505e-01  -1.3623901e-01   6.3265617e-01   3.2458544e-01  -1.3555340e+00   1.1783712e+00   1.3579243e-01  -7.0462633e-01   1.6120112e-01   1.3262651e+00  -4.3077491e-01  -2.1623380e+00  -4.6701753e-01  -4.5517564e-01   8.2594592e-01
   2.0000000e+00   1.9938651e+00  -2.2442173e+00   1.8695219e+00   7.7483425e-02   1.4466387e-01  -1.9625302e+00  -6.3671347e-01  -9.6391784e-01  -5.0674254e-01  -7.8395640e-01   5.7349454e-01   7.7862000e-02   1.9562086e-01  -1.0049712e+00   1.1249361e+00  -1.3300366e+00  -1.2983133e+00   2.0709986e-01
   2.0000000e+00   1.2005771e+00   1.5820622e+00  -1.9769333e+00  -1.3779647e+00  -8.2140998e-01  -5.4177806e-01  -4.4544101e-01  -1.0414763e+00  -5.1736892e-01   6.5959909e-01   6.5014123e-01  -9.5538163e-02  -7.6990556e-01  -5.9498690e-01   1.8701879e+00   1.0161476e-01   4.3252237e-01  -8.8939803e-01
   2.0000000e+00   2.9235602e-01   2.5499280e-02   2.6097538e-01   1.5945599e+00   3.1842623e-02  -9.6806397e-01   9.5048145e-01  -3.0536367e-01  -1.3852635e+00  -1.6218954e-01   1.7867370e+00   3.5744391e-01   2.5800543e-01   1.3209788e+00  -1.1890841e-01   1.3735279e+00   6.5205509e-01   1.1421185e+00
   2.0000000e+00   1.3453887e+00   2.1530452e+00   1.0034397e+00   1.0780813e-02   5.4976573e-02  -1.6936887e+00  -1.2038135e+00   1.5160633e+00   4.7615564e-01   3.6961402e-01  -6.7016285e-02  -8.3917018e-01   9.4069232e-03  -1.2073879e+00   1.1045217e+00  -1.7461171e-01   1.7387866e+00   6.0566620e-01
   2.0000000e+00  -6.1780713e-01  -1.7351279e+00   9.2789341e-01   1.5354774e+00  -4.4366125e-01  -7.8416954e-02   1.9042368e-01   1.5082799e+00  -1.7521618e+00  -8.3774266e-01   1.7897416e+00  -2.8689654e-01   2.7347345e-01   5.0896207e-01   6.3883820e-01  -1.2409512e+00  -5.3487661e-01   4.9890208e-01
   2.0000000e+00   5.0029159e-01   2.5185129e-01  -1.4235791e+00  -2.1356338e+00   1.3448386e+00   1.5201572e-01   1.8594267e+00  -2.2036603e-01   5.1571503e-01   7.7939925e-01   1.1997892e+00   1.5749226e+00  -1.1948204e+00  -3.2187039e-01  -1.4834058e+00  -7.1640136e-01   4.6813023e-01   3.5047440e-01
   2.0000000e+00   1.1859523e-01   5.7072383e-01   1.1861204e+00   1.5796271e-01  -6.1814385e-01   2.2755150e-01   1.3378515e+00   4.5276428e-01  -2.0979701e+00  -3.6970338e-01  -1.9822067e-01  -1.3942476e+00  -2.2549769e-01   9.4875018e-01   3.9072763e-01  -5.4999485e-01   1.2174864e-01   9.4633814e-01
   1.0000000e+00   1.0357500e+00   3.9383693e-02   2.9024783e-01   9.8645631e-01  -5.7658684e-01  -1.4034976e+00   8.8965188e-01   2.5608240e-01   6.8738231e-01   6.1146901e-01   1.0416322e+00   4.7824565e-02   1.1067093e+00   3.8059538e-01   5.2573510e-01  -3.3923163e-01   1.2282580e+00   6.2522768e-01
   2.0000000e+00   6.9866775e-02   6.1002205e-01   1.5722991e-02   9.0176308e-02   9.1246659e-01   9.9083219e-01  -4.9891123e-01  -3.9301271e-01  -1.3529031e+00  -6.7819984e-01  -7.1252662e-02   1.0788005e+00  -2.3709011e-01  -3.6936715e-01   8.2046596e-01  -3.4886947e-01   1.6632881e+00   7.2029911e-01
   1.0000000e+00   1.3779361e+00  -6.5609309e-01   1.7367250e+00  -4.2101898e-01   1.1343466e-01  -4.4520379e-01   1.2483086e+00   9.9539254e-01  -1.0894358e+00  -7.8647035e-02   1.9712605e-01   1.6678328e-01   1.9134349e-01   5.7782046e-02  -3.6880175e-01  -3.2383369e-01  -1.5956680e+00   2.0264694e+00
   2.0000000e+00   7.0159573e-02   8.8704536e-01  -8.1941127e-01   3.9172672e-01  -1.1383545e+00   1.4981902e-01   1.0437520e+00   1.3220443e+00  -7.3571042e-01   1.3838994e+00   8.9669753e-01  -9.2949736e-01  -5.3713570e-02  -5.5709018e-01  -4.4340835e-01   2.4873804e-01   4.7166093e-01   3.9343189e-01
   2.0000000e+00  -6.2190392e-01  -1.5344171e+00   1.0034665e+00   1.6401647e+00   3.8763291e-01   3.6860537e-01   7.6199524e-01   3.3490494e+00   1.2100297e-02   2.0086280e+00  -3.0299953e-01   2.8143730e-01  -1.1940678e+00   2.0904197e-02   5.7438310e-01  -5.8646179e-01   1.4004242e+00  -6.5831829e-01
   2.0000000e+00  -4.0225896e-01   5.3518070e-01   1.4272996e+00  -4.6995411e-01  -2.3892804e-01   4.4308477e-01  -9.7114469e-01  -1.2289667e+00  -2.0348692e+00  -2.2254798e-01  -3.8072977e-01   2.1686967e-01  -8.4840563e-01  -4.1816259e-01   2.1591887e-01  -1.9591977e+00  -1.5672246e+00   3.7863560e-01
   2.0000000e+00  -6.1975825e-01   3.6722878e-01  -1.7285643e-01  -2.9442603e-01  -9.2909962e-01   1.0080375e+00   1.4964107e-01  -5.4331518e-01  -9.6990638e-01  -9.3174008e-01   1.2158748e-01   2.0151922e+00  -2.8637285e-01  -2.6249663e-01  -8.1417695e-01  -4.6695809e-03   6.7048156e-01  -9.7450047e-01
   2.0000000e+00  -4.1550145e-01   7.5023523e-01  -1.1993201e+00  -7.3056454e-01  -2.2357633e-01   1.6871319e+00   1.2764998e-01  -5.5316021e-01   1.0549958e+00  -2.6201719e-01   8.5100298e-01  -8.2055776e-01   1.9976535e-01  -2.3749863e-02   1.9276284e-01   1.4873873e+00   1.2452911e-01  -5.8791510e-01
   2.0000000e+00   7.1674501e-01  -7.5724174e-01   2.2251026e-01   6.5544724e-01   6.1711712e-01  -4.8619378e-01   5.8609745e-01   2.4674186e-03  -2.8127359e-01   1.1835703e-01   1.1036224e+00  -1.6118996e+00  -1.5920116e-01  -2.4197666e-01  -6.3085059e-01   9.5311622e-01   1.9435280e+00   1.9467200e+00
   2.0000000e+00  -1.8676732e+00  -4.0069541e-01  -2.7138010e-01  -4.9594980e-03  -7.9553004e-01  -1.1124610e+00   1.1504274e+00  -1.3406260e+00  -8.0718292e-01   1.5784453e+00   9.3945879e-01   8.9783951e-01   8.1495155e-01  -1.9814145e+00  -1.2032682e+00   1.8975303e+00   2.4921417e+00  -1.3711210e+00
   2.0000000e+00  -5.4714526e-01  -1.1517443e-02   3.7452163e-01  -6.2978605e-01  -1.4280419e-01  -1.3082676e+00  -2.2220840e-01  -2.0705048e+00   4.3249291e-01  -2.0399677e+00   1.0652755e+00   5.8798800e-01   1.7436298e+00  -2.0170779e-01   4.4790370e-01  -1.7320232e+00  -4.0320862e-01  -5.3738771e-01
   2.0000000e+00  -1.7473729e-01  -1.1876004e+00   1.0280548e+00   1.4510291e-01   1.9707057e-02   4.3815000e-01   5.2930154e-02   7.0209461e-01   4.5705137e-01   1.3235615e-01  -2.0422553e+00   1.0348805e+00  -4.5353703e-01   1.2601821e+00   8.5943678e-01  -1.9403104e-01   1.0448675e+00  -2.2983022e-01
   2.0000000e+00  -5.1325234e-01  -1.0593015e+00  -9.7949756e-01  -1.4162771e+00   6.6151350e-01   6.7821903e-01   3.9027462e-01   1.4275227e+00  -2.6717544e+00  -2.7377873e-01   2.5184107e-01   6.9975797e-02  -2.5733184e+00   4.9184683e-01   1.0619627e+00  -3.9327878e-01   1.3175172e+00   1.3588122e+00
   2.0000000e+00  -8.1390304e-01   4.4774564e-01  -7.9759654e-01  -1.6683666e+00   9.8918889e-01  -6.9465969e-02  -3.2209600e-01   1.8412309e+00   2.9258057e-01  -1.3401597e+00   4.6706434e-01   3.5352375e-01  -1.3507084e+00  -8.7182137e-01  -1.0233492e+00  -6.7224123e-01   1.6657136e-01   4.3327110e-01
   2.0000000e+00   5.4523802e-01   9.3879206e-01   3.3317429e-01  -5.3774320e-02   1.0064459e+00  -2.0316126e+00  -6.3765135e-02   1.2658767e-01  -5.0242894e-01   3.0280351e-01  -6.8305642e-01   8.7635137e-01  -1.2612837e+00   4.0772165e-01  -9.5797392e-02  -8.9046945e-01  -1.3245190e-01   1.2457865e+00
   2.0000000e+00  -7.3961303e-01   7.3705853e-02  -5.0254795e-01  -8.0880713e-01   8.0661014e-02   5.3282996e-01  -1.0578738e+00   1.4099343e+00  -1.1731614e+00  -3.5326054e-01  -4.6581211e-01  -4.7598456e-01   5.9265332e-01   1.0670613e+00   2.7412799e-01   6.8408242e-01  -6.4728738e-01   1.8261019e-01
   1.0000000e+00  -5.0530607e-01   2.5174111e-01  -4.4437563e-01   3.8705118e-01   5.6873647e-02  -4.0858816e-02  -1.3015017e+00  -2.5467465e-01  -8.5456583e-01   1.2506774e+00  -3.7958669e-02  -1.4744636e+00  -2.2023604e-01   3.1804029e-01  -4.8326920e-02   7.2641847e-01   2.2128721e+00  -1.4109841e+00
   1.0000000e+00  -3.1208252e-01  -2.5184747e-01  -1.0632148e+00  -1.1180155e-01   7.8764270e-01  -6.8433997e-01  -7.1176736e-01  -2.8419079e+00  -8.2559661e-02   1.4067231e+00   8.0211797e-01  -1.3242101e+00  -5.9227573e-01   4.7513413e-01   2.2594309e-01   1.6672794e+00  -3.8759700e-01  -2.5149235e-01
   2.0000000e+00   9.9443341e-01   1.5544006e-01  -5.5643642e-01  -1.8014712e+00  -1.0423162e-02   1.2780086e+00  -5.0509454e-01  -6.3663761e-01  -1.1218742e+00  -4.9601620e-02  -6.3878664e-01   2.8793376e-01  -7.9870813e-01   1.2767589e+00   9.9177113e-01   8.4650705e-01  -9.9507806e-01  -1.5175076e+00
   2.0000000e+00  -9.7198328e-01  -6.7270992e-01   9.9272580e-01  -1.4701919e+00   1.3116009e+00   9.3047850e-01  -5.0363167e-01   9.0188769e-02  -1.8246131e-01   8.7569342e-03  -9.2444718e-01   7.7504165e-01  -5.1127181e-01  -5.1139526e-02  -4.9730165e-01   1.0933217e+00   1.5351023e+00  -3.0358463e-01
   2.0000000e+00  -1.8814417e+00   1.3115456e+00  -1.3689842e-01  -3.1351384e-01  -9.2376745e-01   2.7150924e-02   1.8092074e+00  -1.7518467e+00  -3.9359347e-01   1.0599461e+00   2.3527913e+00   5.9707932e-01   2.9880756e-01   5.6187839e-01  -9.1505077e-01  -2.0398394e-01  -1.5064369e-01  -3.8057450e-01
   1.0000000e+00   6.0134474e-02  -5.5383785e-01  -8.0022116e-01  -6.0513591e-01   5.5313984e-01   1.0418442e+00   6.4474536e-01   1.1662357e+00   4.1265338e-01   1.0056502e+00  -1.7960297e+00   5.9083154e-01  -8.9077185e-01   8.5733282e-02   1.1593036e+00   1.8143719e+00  -1.5666575e+00  -6.1883898e-01
   2.0000000e+00   1.1010440e+00   3.0462681e-01  -4.0104472e-01  -8.2729177e-01  -1.0168447e-01  -3.2011490e-01   5.7708413e-02   1.3654677e-01   1.3471375e+00  -7.7015364e-01   8.5693553e-01  -9.2207133e-01   5.3470866e-01   1.0764715e+00   1.4450480e+00   1.0527737e+00   1.7899517e+00  -2.0394774e+00
   2.0000000e+00   4.9747688e-01  -1.5374884e+00  -9.8061350e-01   8.2278307e-01  -8.6421607e-01  -6.6162181e-01  -1.9311468e+00   8.0623200e-01   2.1372513e-01   9.9930230e-01  -3.1956873e-01   8.6663086e-01  -1.4582631e+00  -1.0055487e+00   4.3917652e-01   1.0318010e+00  -9.5513510e-01  -9.5781335e-01
   2.0000000e+00   1.2772138e+00   6.8892535e-01   1.9984277e+00   1.0320189e+00   2.0075843e+00  -2.8796467e-01   1.1574032e+00   1.2142673e+00  -1.4560488e+00  -6.1043099e-01   2.9827966e+00   4.2114162e-01   2.2395081e+00  -3.2757234e-01   9.5837791e-01  -2.3811848e+00   2.4708722e+00  -1.4026948e+00
   2.0000000e+00  -4.0005550e-01   4.9399676e-01  -1.1955520e-01  -2.3407666e+00  -1.2589580e+00   7.0642720e-01  -1.0550240e-01   7.4835616e-02  -2.6372499e-01   5.4462463e-01  -1.3790637e+00   1.3111747e+00  -1.4631422e+00  -1.9334832e+00  -1.1244225e-01  -1.5654251e+00  -9.3197885e-01   1.3599076e+00
   2.0000000e+00   1.1037967e+00   1.5286897e+00  -4.1214248e-01  -6.1522305e-01   7.7692475e-01  -4.5429347e-01   2.1245559e+00  -9.0765514e-01   1.4266896e+00  -1.4404061e+00  -4.0102834e-01   1.9438765e+00   1.9090020e-01   5.3637101e-01   2.7234035e-01  -8.1967289e-01   2.6616847e-03  -1.4892640e+00
   2.0000000e+00  -2.0837859e-01  -1.8463927e-01   4.4279731e-03  -3.0745080e-01  -3.4093108e-01  -9.8800825e-01  -4.5627636e-01  -6.8777295e-02  -5.2541030e-01   8.9753449e-01   4.0577512e-01  -1.7141613e-01   6.0424609e-01  -1.0052908e+00   1.5938399e-02   1.8032871e+00  -9.1691730e-01  -1.3247189e-02
   2.0000000e+00  -1.7253447e+00   6.3063608e-01   1.1165433e+00  -1.5086769e+00  -1.9466564e+00  -9.2732606e-01   5.3448978e-01   2.6466935e+00  -2.6781158e-01  -4.1919103e-01   6.7528435e-01   3.7848621e-01  -1.0167457e+00  -7.7363332e-02  -1.6025682e+00  -6.1660531e-01   9.7538602e-01   1.0604336e+00
   2.0000000e+00   6.0644003e-01   7.4662938e-01  -6.7771559e-01   2.0325967e+00   5.7826302e-01  -7.7840169e-01   6.8680113e-01  -1.5784216e+00  -4.6603421e-01   7.3442487e-01  -1.6800200e-01  -4.7855561e-01   3.2838744e-01  -1.8252880e-01  -3.5597028e-02  -1.8532742e-01  -6.8639450e-01   1.6905439e+00
   2.0000000e+00   1.0061762e+00   1.8299474e-01  -2.0733204e-01   7.7041517e-01   2.8868309e-01  -1.3454626e-01  -1.0720172e+00   1.0848066e+00  -1.6502120e+00  -2.7071665e-01  -6.9075772e-02   2.1861290e-01   5.2316270e-01  -3.8948356e-01  -1.3493620e+00   1.7308716e+00  -6.1415060e-01  -1.1132825e+00
   2.0000000e+00   1.5919434e+00  -1.4470740e+00   1.9290390e+00   3.2305291e-01   2.7350416e-01  -1.0385237e+00   1.5707481e+00   1.3075718e+00  -5.2108624e-01   1.4241157e+00   1.0282283e+00   2.6794419e-01   9.2747375e-01  -7.6244365e-01  -3.9690405e-01  -6.5378988e-01  -5.1547569e-01  -1.0204041e+00
   1.0000000e+00   1.5899648e-01   4.9730918e-01  -1.0802738e+00   2.0833928e-02  -6.0481960e-01  -2.9090937e-01  -2.5152913e+00   2.8309407e-01   8.2122174e-01  -8.2637935e-01   7.3657254e-01   7.9075456e-01   2.3613910e-01   2.0778297e-01   2.3932717e-01  -1.7599364e+00   7.3022605e-02  -1.0764468e+00
   2.0000000e+00   1.4804515e-01   3.1660638e-01   8.9020594e-02   1.6467744e+00  -7.2988132e-01  -4.7506728e-01   8.0012950e-01   1.2394693e+00   1.1897396e+00  -3.7901700e-01   7.0555328e-01  -3.3730644e-01   1.8534364e+00  -8.2312118e-01   5.4837967e-01   1.5207004e+00  -8.4745220e-01   2.2708879e+00
   1.0000000e+00   1.2090103e+00   8.0209427e-01   7.1939898e-01   6.2212582e-01   7.8233244e-01   1.1988423e-01  -6.5287543e-01  -7.3497918e-02   7.8121935e-01   2.8968767e-01  -9.7240139e-01   4.5218395e-01  -4.9917160e-01   2.1669309e-01   7.0195803e-01  -4.2670854e-01   9.5291845e-01  -5.3243659e-01
   2.0000000e+00   1.1472713e-01   1.3128752e+00   8.8744177e-01   8.5079863e-01   2.0751132e-01  -1.6250843e+00   7.5195179e-02   4.0215524e-01  -3.9202812e-01  -1.3093652e-01  -2.0355414e+00  -1.5996166e-01  -7.1487941e-01  -2.1720015e-01  -1.3146740e+00   1.0498965e+00   8.6791382e-01  -5.7595800e-01
   1.0000000e+00   7.7543310e-01  -2.5182930e-01   9.7642735e-01   4.0707489e-01   2.3528957e+00   1.8578703e+00  -7.6207235e-02  -1.5884781e+00  -1.5154068e-01  -1.2163727e-01  -5.5024311e-01  -6.7265922e-01  -4.8957462e-02   7.1722353e-01  -4.4705243e-01  -2.6235876e-02   2.3806668e-01  -8.9614664e-01
   2.0000000e+00   9.3675300e-01   2.3425350e-01   4.8226858e-01  -2.0187644e+00  -7.5378217e-01  -1.2721378e+00   4.9442790e-01   1.2479493e+00   1.2349064e+00  -1.2630714e+00  -1.4843324e-01   8.3915050e-01   1.6642320e+00   1.1008269e+00   1.0108473e+00   7.7873912e-01   1.2703420e+00  -1.2912858e+00
   2.0000000e+00  -6.9749792e-01  -8.9422394e-01   1.0307713e+00  -2.4096469e-01  -9.6932949e-01  -5.0118945e-01   4.3129634e-01  -9.2451689e-01   2.2957179e-02   4.6531770e-01   8.3587810e-02   1.0159980e-01   5.5984781e-01  -1.3419211e-03   7.1547637e-02  -2.7709631e-01   1.2885499e+00  -8.0404019e-01
   2.0000000e+00   1.2013888e+00  -7.4952171e-01  -6.8932126e-01  -7.8809735e-01  -4.4933084e-01  -6.8190599e-01  -1.6349712e+00   2.0977081e-01   5.8398441e-01   7.5621363e-01  -1.1955402e+00  -5.3807812e-02  -7.5306136e-01   7.6670247e-01  -1.4695335e-01   1.7306282e+00   1.7237282e-01  -7.0312897e-02
   2.0000000e+00   1.4499681e+00   7.4695753e-01  -6.9079904e-01   3.9535175e-01   2.1100151e-01   8.3669369e-01   1.5535823e+00   1.1285580e+00   1.1283759e+00  -6.6748055e-01   2.2564144e-01  -1.2769139e+00   7.5467796e-01   9.9575710e-01  -2.0256854e-01  -1.0567597e+00   4.7245414e-01   5.0838291e-01
   2.0000000e+00   7.3283784e-02   7.2212770e-02   3.8091545e-01   4.5754128e-01  -5.2453473e-01  -8.3830905e-01  -4.8917290e-01  -7.6464766e-01   5.7112000e-01  -7.8631667e-01  -1.0949573e-01  -1.1529621e+00  -5.7879365e-01  -2.2428114e+00  -1.5716867e-01  -7.8048987e-01  -1.4694066e+00  -5.7736570e-01
   2.0000000e+00  -1.0016018e+00   1.0360087e+00   9.2660556e-01   2.7992586e+00  -6.2446712e-01  -5.2241511e-01  -9.2869304e-02  -3.0889613e-01  -5.5046347e-01  -6.5846549e-01  -5.2400655e-01   2.2994964e-01   1.4705965e-01  -1.3958828e-01  -4.5012573e-01   4.0881271e-02   2.0723546e+00   1.5257714e+00
   2.0000000e+00  -4.7176537e-01  -1.2458725e-02  -7.4787110e-01   1.5604413e+00  -8.2617270e-01   4.6022163e-01  -1.0043409e+00   8.3697421e-01   5.1204450e-01   3.4961085e-01  -4.2969923e-01   4.3323770e-01  -1.6111789e-02  -6.7138687e-01   3.3898435e-01  -2.0768150e+00  -1.1342003e+00  -1.0793144e+00
   2.0000000e+00  -1.0283950e+00   4.9729635e-03   6.3686209e-01   1.2231915e+00  -9.3840056e-01   2.3567350e+00   3.3605076e-01   1.0687571e-01   2.6476630e-03   1.2454827e+00  -1.0886768e+00  -7.2888454e-01   2.2639544e-01  -9.4787722e-01   1.0632199e+00   2.0019601e+00   1.7969316e+00   1.2642192e+00
   2.0000000e+00  -6.8036028e-02   1.6795977e+00   5.4051715e-01  -4.6116549e-01   1.2301680e+00  -1.7948755e+00  -1.1422221e+00   1.1613342e+00   1.0019016e+00   3.1083767e-01  -4.8980572e-01   3.4822914e-02  -2.0409935e+00  -2.4129944e+00   8.7969999e-01  -9.2097304e-02  -1.1232366e+00   1.4540541e+00
   2.0000000e+00   6.7885413e-01   1.5026447e+00  -3.9125938e-01   7.1237922e-01   8.6883260e-01  -2.2812032e-01  -1.6127014e-02   2.6377553e-01   5.9704741e-01  -6.2066697e-01  -7.1358292e-01  -7.8154543e-01  -1.9626203e-01   1.3904273e+00  -5.8419935e-01  -7.7015660e-01  -1.8198137e+00  -2.6670801e-02
   2.0000000e+00   5.6010195e-02   5.4395111e-01   7.7980854e-01  -8.5719146e-01   4.4365059e-01   6.5827870e-01  -5.3864699e-01   3.6967742e-01  -7.3730475e-01  -2.6706458e-01  -4.6858431e-01   1.6139332e+00   1.8953026e-01  -9.6698923e-01  -6.4205861e-01  -2.3836728e+00  -1.2970122e+00   6.8701600e-01
   2.0000000e+00   1.6860183e-01   4.1111081e-01   2.0077582e+00   3.2681892e-01  -1.3803794e+00   9.1669808e-01   1.2944394e+00   6.8662253e-01   1.2637888e-02  -7.5542567e-01  -2.3069262e-01   1.2271662e+00   1.9972529e-01   1.3644856e+00   3.1054289e+00   7.6039950e-01  -1.2190587e-01   4.8562800e-01
   2.0000000e+00   8.9564683e-01  -8.1269458e-01  -2.6179632e-01  -1.1936188e+00  -1.4255230e+00   7.9381966e-02   3.5307689e-01  -3.1585296e-01   2.3583787e-01  -8.7782541e-01   2.2658353e+00   1.0873106e+00  -7.4837641e-01  -1.8620919e+00  -3.8094613e-01   7.7818344e-01  -7.4201493e-01   1.2036965e+00
   2.0000000e+00   2.2000202e+00  -4.5299979e-02   7.5784887e-01   3.4985875e-01  -2.4944104e-01   3.3676987e-01  -7.4548142e-01   8.5235926e-01  -4.8142087e-01  -7.7999197e-01   1.4485250e+00  -1.0253483e+00  -5.0219429e-01   1.9253871e+00   2.5974492e-01   1.6000802e+00  -6.0657460e-01   3.8245580e-01
   2.0000000e+00   8.7986555e-01   7.9105681e-01   5.5180916e-01  -7.3137405e-01  -3.9549329e-01   3.3331278e-01  -5.1124780e-01   7.3771473e-01   2.1705405e+00   1.0692908e+00  -8.6072515e-02   3.3066172e-01  -9.5057347e-01  -5.2692210e-01   4.9472943e-01  -1.3275798e+00   1.5291831e-01  -1.3976117e+00
   2.0000000e+00   1.0476321e+00  -5.6463960e-01  -1.7980156e-01   9.5222348e-01  -2.1499162e-01   1.2401651e+00   1.8837379e-01  -6.8743226e-02  -9.5405577e-02   1.0145404e+00   1.0386582e+00   7.1323478e-01  -1.0008005e-03  -1.6417243e-01  -1.1197542e+00  -6.5102461e-01  -5.7364839e-01   1.9612281e+00
   2.0000000e+00  -2.1453984e+00   1.2421758e+00   1.4907779e+00   2.1827047e-01  -2.2970699e+00   1.2481628e+00  -8.6846760e-01   1.0119899e+00  -5.1210237e-01  -1.3923436e+00  -9.0344337e-01   8.5796076e-01  -3.9286376e-01   8.7421776e-01  -7.1274725e-01   1.0512780e+00  -3.6904906e-01  -8.8580534e-01
   2.0000000e+00  -2.4707413e+00  -8.9627582e-01   7.8527630e-02  -1.7189863e-01   2.0861074e-01  -7.3026272e-01   1.6661818e-01   3.8579843e-01   1.7118694e+00  -3.9364583e-01   8.2136909e-01  -7.1781228e-01  -1.4530475e-01  -7.1586070e-01   6.2691153e-01   6.6055185e-01  -1.6632082e-01   8.1130416e-01
   2.0000000e+00   2.1951586e-01   8.4995112e-01   1.1018260e+00  -5.9821110e-01   2.1531320e+00   9.3190175e-01   2.2499690e-01  -3.6556859e-01  -1.8507159e+00  -2.8243208e-01   8.3083409e-01   5.3789314e-01   3.3615485e-01   8.9993766e-01   1.2476232e+00  -1.3829133e-01   1.0619367e+00   1.0999888e+00
   2.0000000e+00   2.4591616e-01  -1.1482668e-01   1.0962614e+00   4.1233269e-01  -7.7947261e-01   1.7100445e+00   1.7113999e+00   4.3391907e-01  -6.3969999e-01   8.3834175e-01   5.4028401e-01  -4.4449664e-01   6.6758156e-01  -7.0127844e-01   1.2197922e+00  -1.1111398e+00  -2.0784832e-01   1.1786414e+00
   2.0000000e+00  -2.2712848e+00   1.4361075e+00  -4.7102061e-01  -6.3878393e-01  -1.8874591e+00  -3.2536494e-01  -1.6830810e+00   1.3661407e+00  -7.6019374e-01   8.5543675e-01   9.2225846e-01  -1.4919007e+00   6.4652227e-01   4.2870112e-01  -1.8366332e+00   1.6413373e+00  -3.3613670e-01  -4.2336732e-01
   2.0000000e+00  -5.7220193e-01  -6.7320789e-01  -4.0583667e-01  -7.2959286e-01   9.0262705e-01  -1.3014682e+00  -1.0410315e+00   1.0979627e-01   9.2573511e-01   2.1707600e+00  -2.4665698e-01   3.6722647e-01   4.1345486e-01  -2.3174279e-01  -1.0191342e+00  -3.3873735e-01  -1.2466973e+00   1.1522528e+00
   2.0000000e+00  -8.5339281e-01  -1.5792597e-01  -8.6784001e-01   1.2099019e-01   2.1084458e-01  -2.6227703e-01  -3.2092323e-01   1.0401490e+00   1.2598083e+00  -1.9408158e+00   2.6586958e-01  -7.4700416e-01   6.3576541e-02  -1.6160987e+00   5.2496107e-01  -5.0210480e-01   7.3968920e-01  -1.2069863e+00
   2.0000000e+00  -1.8726494e+00   3.4200423e-01  -9.7565511e-01   7.8408421e-01  -1.3864807e+00  -7.8899040e-01   1.2349995e+00   3.7954200e-01  -6.4423906e-01   2.3282340e-01  -1.6851689e+00   9.0047833e-01  -9.7400649e-01   2.0548284e+00  -8.3021509e-01  -2.7147603e-01  -4.0606848e-01   1.7113725e+00
   2.0000000e+00  -5.1702572e-01  -2.5225954e+00   1.3018639e+00   4.9482345e-01  -1.8136940e+00  -3.2898054e-01  -2.2969534e-01  -5.8525507e-01  -1.0589068e+00  -1.3392010e+00  -5.1021894e-01  -3.7597179e-01  -8.8899342e-01  -9.0072879e-02   6.9887333e-01   6.3098518e-01   1.5417633e-01   1.6271882e+00
   2.0000000e+00  -1.3216595e+00  -7.4463285e-01  -9.0398087e-03  -1.1121068e+00  -8.4031500e-02   3.9450649e-02  -2.0179282e+00   1.0910824e+00  -7.0607328e-02  -5.3252456e-01  -5.0210258e-01  -1.3449528e+00   5.8515340e-01   1.0484747e+00   5.8491900e-01  -5.1273127e-01   1.2916183e+00  -1.0641876e+00
   2.0000000e+00   2.5827489e+00  -1.0847111e+00   4.4522739e-01  -1.0208319e-01  -5.9889215e-01   1.2432629e-01  -1.7904246e+00  -3.6426836e-02  -6.2910079e-01  -3.6087968e-01  -2.3224646e+00   1.1039942e+00   1.7814068e+00   1.0367037e+00   1.6104450e-01  -8.8644706e-01   3.7809254e-01  -9.1721246e-01
   2.0000000e+00  -6.9143458e-01   5.3143557e-02  -8.4386647e-01   3.3179750e-02  -6.9787412e-02   4.5908022e-01   3.5015870e-02  -2.3514685e+00   9.0399367e-01   1.7392850e-01  -4.9055619e-01  -1.2331561e+00  -4.4692935e-01   1.7071888e+00  -4.4724100e-01   7.0813689e-01   1.7801631e+00  -1.1018591e+00
   2.0000000e+00   1.9433522e-01  -1.2684957e-01   4.2915554e-01   5.3885625e-01  -4.6312675e-01   1.9954457e-01   3.5354309e-01  -1.2368861e+00   5.5772951e-01   1.2682791e+00   5.4640153e-01   8.0947656e-02  -3.7975076e-01  -1.3760678e-02  -2.9831444e-01  -2.0394056e-01  -2.0860232e+00  -1.1812103e+00
   2.0000000e+00  -9.7379438e-01   1.8128434e+00  -5.9458500e-02  -1.2893837e+00   2.3050647e+00  -1.4064496e+00   1.2642998e+00   4.3232927e-01  -4.9693594e-01   1.8494726e+00  -1.1235958e+00   6.8947251e-01  -1.2932659e+00  -1.5979101e+00   1.2549677e-01  -8.2019068e-01  -4.7279806e-01   1.1389603e+00
   2.0000000e+00   9.6976487e-01  -4.9676669e-01  -2.0663192e+00  -5.6705687e-01   1.2229092e+00  -7.8530622e-02  -2.4501091e+00  -1.7550277e+00  -1.1013942e+00  -8.4782404e-01  -1.9298875e+00   5.3106360e-01   1.2042188e+00  -3.0374185e-01   3.2460642e-02  -4.1332368e-01   1.4353527e+00   8.5593600e-01
   2.0000000e+00  -1.9774089e-01   2.8614690e-01   1.3785327e+00  -8.7488874e-01  -1.2878360e-01   1.7356288e+00  -4.1060671e-01   4.6060093e-01   2.7821221e-01  -3.3841263e-01   9.9309951e-01   1.0120729e-02   6.7332078e-01   1.4543604e+00  -8.1153974e-01   5.5788806e-01   8.2122949e-01  -2.2018837e+00
   1.0000000e+00   4.8760745e-01   2.5595886e-01  -1.1642829e+00  -6.2704029e-02  -1.9623996e+00   4.9307244e-01  -3.3839495e-01  -1.9167029e+00   4.7468696e-01   5.7011215e-01  -1.1957196e+00  -8.9393983e-01   5.6709992e-01   3.0639122e-01  -5.0745864e-01   9.8440392e-02  -2.1790643e+00  -8.5600240e-01
   2.0000000e+00   8.5555195e-01   8.8468764e-01   3.1251282e-01  -8.5384159e-01  -4.6164085e-01   2.1910032e-01   1.2694936e+00  -1.2584249e+00  -1.9103306e-01   8.0084827e-01   1.1460489e+00  -3.2812845e-02   4.4721984e-01   1.0628001e+00  -3.8074072e-01   1.7562078e-01  -4.8270727e-01  -4.9194022e-01
   2.0000000e+00  -1.1118767e+00  -3.3350587e-01   1.6316092e+00   4.0427644e-03   8.3599416e-01  -2.0324552e+00   1.5551094e+00  -1.1543680e-01  -1.3564592e+00  -1.7966761e+00   1.3622021e-01  -4.0226199e-01  -7.3733836e-01  -8.3585320e-02  -1.9174690e-01  -1.2715413e+00  -1.6597988e+00  -6.2821507e-01
   1.0000000e+00   1.2894030e-01  -6.5693401e-01  -2.6871561e+00  -7.2454293e-01   3.7101624e-01  -6.1810210e-01  -8.9051933e-01   1.2632907e+00   1.1305998e+00   2.4432391e-01   7.9440322e-01  -8.8599405e-01  -6.9330278e-01   4.5525498e-01   3.8897966e-01  -1.8791605e-01   1.4900623e-01  -9.5211100e-02
   2.0000000e+00   6.5528219e-01  -2.5705281e-01  -8.7035832e-01  -1.1961855e+00  -1.0621935e-01   6.3528234e-01  -2.7035435e-01  -9.6528994e-01  -6.6606534e-01   6.4662439e-02  -6.0105285e-01  -1.8020886e-01  -4.3028871e-01   1.3422766e+00  -1.0986296e+00   1.8337364e-01  -4.6359302e-01  -1.3425086e+00
   2.0000000e+00   1.2112544e+00   2.4303735e-01  -3.9911074e-01  -1.0756797e+00   1.9454285e+00  -4.6655694e-01  -3.0108371e-01   1.3037671e-01   2.7996884e-01  -4.6390400e-01  -4.1357475e-01  -6.0978659e-01  -2.7919083e-01  -1.2206800e-01   1.0383492e+00   5.7108601e-03   7.8992506e-01  -1.7432218e-01
   2.0000000e+00  -1.6939522e+00  -1.8556131e+00  -5.1555480e-01  -1.1947121e+00  -1.0154187e+00  -4.5972932e-01  -1.1674901e+00  -2.9377262e-01  -5.1659300e-01  -9.5399273e-01   4.1453680e-01  -2.3319811e+00  -4.7510295e-01   1.7728665e+00  -6.2202104e-01   1.0856749e+00   2.2055582e+00  -3.6662965e-01
   1.0000000e+00   7.0143774e-02   3.9114358e-01   3.4478196e-01   1.6825670e+00   9.4256933e-01  -2.4820237e-01  -4.5680510e-01  -2.0959517e+00   9.7206381e-01   9.3199116e-01  -6.6260345e-01  -3.3258186e-01  -1.2819106e+00   2.0719511e-01   1.7775886e+00  -6.8834319e-01  -1.5239287e+00  -2.1512772e+00
   2.0000000e+00   5.5342356e-01   6.6835262e-01  -1.0901281e+00   5.7430770e-01   7.6593316e-01   1.7831804e+00   1.7844134e-01  -1.7789202e+00  -1.5808718e+00  -1.3593527e-01  -9.1435569e-01   1.2769747e-01  -6.5760076e-01  -8.5354134e-01  -3.2245167e-01  -4.1862987e-01   2.1861907e+00  -1.9863014e+00
   2.0000000e+00  -1.8746132e-01  -1.4418694e+00  -7.0354800e-01  -2.2718916e-01  -1.1977790e+00  -2.5004646e+00   2.8940362e+00  -1.5236573e-01   1.3425536e+00   1.0152092e+00   1.7507713e-02  -2.6065308e-01   2.1715068e-01  -6.4122154e-01   4.1769139e-01  -1.4216395e+00   4.2967111e-01  -2.2954102e+00
   2.0000000e+00  -1.1012773e+00   4.1964773e-01   5.6969261e-01  -1.7819511e+00  -1.1032281e+00   3.9701287e-01   3.8061414e-01  -3.8692081e-01  -3.9821933e-01  -1.1436417e+00   8.9574040e-02  -2.4784408e-01   5.4269918e-01  -1.0441636e+00  -4.4420271e-01  -4.1459365e-02   1.0353959e+00  -3.6555344e-01
   2.0000000e+00  -1.0284985e+00   1.9673511e-01   1.6732314e+00  -6.1450007e-01   1.3962197e+00  -2.1352692e+00   5.4117984e-01   2.5846973e+00   5.1435119e-01   5.1991820e-01   2.2886761e-01   2.1850790e-01  -4.9695196e-02  -4.4721030e-01   4.8957699e-01   4.4539146e-01  -8.7695034e-01  -4.7912048e-01
   2.0000000e+00  -4.7571558e-01   1.2034761e+00   8.0863910e-01  -1.6669463e+00   1.0065309e+00   1.9487876e+00  -7.0709444e-01  -4.6150852e-01  -5.5664042e-01  -2.3077647e-01  -2.1097843e+00  -4.1531148e-01   5.6540911e-01   8.3808735e-01   1.1504169e+00   3.5923570e-01   1.4013310e+00  -8.5441738e-02
   2.0000000e+00   9.4791336e-01   1.7413644e+00   5.4433379e-01  -1.7112776e+00   1.9536589e+00  -2.4668730e-02   2.2598522e+00  -1.8749768e+00   1.2565608e+00  -1.4736380e-01   1.2237581e+00  -6.1679747e-01  -1.0042914e+00   3.1945719e-01   1.1114965e+00   1.5745779e+00  -4.7481652e-01  -2.4134845e-01
   1.0000000e+00  -5.7573356e-01   5.7769116e-01  -3.8898889e-01   4.2314842e-01  -3.3722156e-01   3.1763197e-01  -1.6169647e+00  -1.5295164e+00   1.2653115e+00  -2.3930906e-01  -7.0340889e-01   7.3184724e-02   1.5254244e+00   2.0614436e-01  -3.9281941e-01  -1.0618942e+00  -2.5356778e-02  -2.2813137e-01
   2.0000000e+00  -6.6428673e-01   2.1862554e-01  -1.0832765e-01  -1.0097566e+00   5.9352585e-01   4.5179664e-01   3.8818808e-01  -8.0877488e-01  -7.7436707e-01  -6.6504783e-01  -1.0744713e+00   7.3399173e-01  -2.4139092e-01   1.1335749e+00  -1.0079197e+00  -4.9068692e-01   7.3253424e-01   7.3161469e-01
   1.0000000e+00  -3.8060981e-01   1.9738475e-02  -3.9477510e-01   8.5827131e-01  -3.0056443e-01   2.0941667e-01  -1.2635037e+00  -1.2767199e+00   1.0354536e+00  -4.5064280e-01  -4.3159471e-01  -1.5906136e+00   2.7611923e-01   4.1903819e-01  -5.1111522e-01   9.7787552e-01  -4.8485070e-01   9.2563162e-01
   2.0000000e+00   1.4518406e+00   9.1436086e-01  -2.7219085e-01  -1.5284186e+00  -1.2474451e+00  -7.2405801e-02   5.3713935e-01  -1.0261620e+00  -1.0172652e+00  -9.5725417e-01  -1.4412951e+00   1.0102185e+00  -1.4024290e-01   1.3370818e+00   2.3839003e-02  -3.8124283e-01  -1.7439881e-01   8.6900848e-01
   2.0000000e+00  -9.7937810e-01   1.5282506e+00  -2.1760676e-01  -4.1811816e-01  -9.0866043e-02   7.4019562e-01   1.3792042e+00   1.3656561e-01   1.1197536e+00   8.8203360e-02   4.4669807e-01  -1.9639912e-01   7.6208733e-01   6.5818155e-01   7.2390798e-01  -5.6291290e-01   1.4026944e+00  -1.3398257e+00
   1.0000000e+00  -1.6728736e-02   1.8195899e-01  -1.2137169e-01  -1.2734893e+00  -5.9417039e-01  -4.2446566e-01   3.3394386e-01  -1.3591406e+00  -6.8212651e-01  -6.7130624e-01  -4.8291818e-01   9.5410885e-01   1.3680315e-02   8.8832159e-01   1.1971454e+00   3.9321176e-01  -6.3902838e-01  -2.0669337e-01
   2.0000000e+00  -2.5530422e-01   1.3870661e+00  -3.2307818e-01   2.5705000e-01   1.3269429e+00   1.5150042e+00   2.1092723e+00  -4.2351779e-01  -8.6003294e-01  -1.3318704e+00  -2.1647587e+00   1.2945160e+00  -6.2410822e-01  -1.7462790e+00   5.6407075e-01  -1.4479030e+00  -2.8481779e-01  -1.2287541e+00
   2.0000000e+00  -9.8422889e-01  -1.1331447e+00   1.8117898e-01  -1.1403303e+00   3.6941271e-01   7.0616059e-01  -6.8068801e-01   3.8391455e-02  -2.9964846e-01  -1.2645553e+00  -4.4870129e-02  -3.2495534e-01  -1.8062593e-01  -3.0472669e-03  -9.4862561e-01   3.2034382e-01   5.6654813e-01   9.0036310e-02
   2.0000000e+00  -7.3697435e-01   6.9079965e-01  -3.9381518e-01  -3.0631439e+00  -1.2004107e+00  -2.7815664e-01   1.2094967e+00  -8.3296756e-01   7.5374672e-01   1.3967750e+00  -1.5016167e-01  -2.3273833e+00  -1.3895839e+00  -1.5092843e+00  -5.9873065e-01   5.6952974e-01  -4.5120071e-01  -1.0269549e+00
   1.0000000e+00  -6.4954288e-01  -2.5939088e-01  -2.4656962e-01  -8.5533581e-01  -8.0230844e-01  -1.0112320e+00   3.6966434e-01   6.1511869e-01   1.9956151e+00   3.6927974e-01  -4.7083644e-01   1.7750500e-01   4.4588023e-01   6.7488614e-01  -3.2100078e-01  -3.0709333e-01   1.3029845e+00  -4.5076620e-01
   2.0000000e+00   1.1104409e+00   1.4451616e-01  -9.5198271e-01  -1.4845898e+00  -6.0719881e-01  -7.8106107e-01   9.4043668e-02   5.2918343e-01   1.4146407e-01   1.6995882e+00  -1.4837447e-01   6.2888640e-01  -1.3380884e+00  -1.5414991e-01  -9.1833931e-01   1.6619931e-01   4.8964713e-01  -5.6113611e-01
   1.0000000e+00   1.6960103e+00   2.0358267e-01  -2.0195401e+00   4.8950322e-01  -1.1965391e+00   1.9076805e+00  -8.1055498e-01  -9.9857771e-01  -2.2371896e-01  -3.5914560e-01   4.8293313e-01  -7.1665205e-01  -1.0557361e+00   3.4488147e-01  -1.3766997e+00  -1.3180427e+00   6.1413210e-01  -4.4099936e-01
   1.0000000e+00  -1.1258898e+00  -6.8831037e-02   2.6701528e-01   1.0598807e+00  -6.3251910e-01   5.4904363e-01  -7.9432057e-01   1.4283790e+00  -3.7304006e-01  -1.7600809e-01   1.9745655e+00   1.1603646e+00   1.1256608e+00   6.0731550e-01  -4.0232561e-01   9.6251430e-01  -4.2149941e-01   1.9573202e+00
   2.0000000e+00   1.0041708e-01  -1.8133042e+00  -2.2677473e-01   3.2872769e-01   6.4497342e-01   1.5959680e+00   3.9565355e-01   2.7759225e-01  -3.8019461e-01  -4.8732396e-01  -1.3287830e+00  -4.1004262e-01   1.0019149e+00   6.3118281e-01  -4.6845562e-01  -7.5051696e-01  -1.0585103e+00   8.0291251e-01
   1.0000000e+00  -1.9308534e-02  -5.4853998e-01  -4.8438769e-01   2.4678320e+00   1.3951271e+00   3.5572126e-01   3.9010130e-01   5.6576591e-02   6.4325207e-01  -2.3656391e-01  -1.6590580e-01   1.2990463e+00  -3.8039256e-01   5.5206447e-01   1.0782232e-01   2.1615901e+00  -1.0039745e-01  -4.3307250e-01
   2.0000000e+00  -1.1529556e+00  -2.4844784e-01  -1.2956407e+00  -1.3232086e-01   8.8647562e-02  -2.4698107e+00  -3.8236167e-01  -8.3045080e-01  -1.2841830e+00   1.9091460e-01   3.4744374e-01   1.6360187e+00  -8.3667890e-01   8.3472331e-02   2.9238823e-02   2.2979099e-01  -6.1287065e-01  -4.5665110e-01
   2.0000000e+00   1.3184417e+00  -8.9114960e-01   4.4516312e-01   7.4325959e-01   1.4058291e+00  -1.4121239e+00   7.4137551e-01   1.6493741e+00   1.1280792e+00   1.0942890e+00  -3.0131227e-01   1.6759139e+00   2.1069574e-01  -1.5180884e-01  -2.0808373e-01   1.1170683e+00   5.0374374e-01  -4.2957077e-01
   2.0000000e+00  -9.3615182e-01  -1.1595368e+00  -1.4535301e-01   4.8155226e-02   6.8590440e-01  -8.1898468e-01   1.0687252e-01  -8.0393157e-02  -5.7836757e-01   1.1820776e+00  -1.1123623e+00   1.4793226e+00   6.4670665e-01   1.1931203e+00  -2.7638065e-01   4.4076927e-01  -1.2365285e-01  -1.0299208e+00
   2.0000000e+00  -1.7781034e+00   5.1878835e-01   7.2686817e-01  -7.3398417e-01  -3.8445441e-03  -1.0861004e-01   7.9013442e-01  -1.4410074e+00   1.9844639e-01  -8.4961318e-01  -2.0398608e-01   8.2579588e-01   4.3081764e-01   1.2521360e+00  -2.1247567e+00   1.6316216e+00   5.8601575e-01   8.3238111e-01
   2.0000000e+00   8.1084987e-01  -7.0015027e-01   1.1276542e+00  -1.4601890e+00  -4.0909021e+00  -4.6142419e-01  -3.9403496e-01   8.3274283e-01  -1.0913738e+00  -2.1016496e+00  -4.7121741e-02  -1.5760616e-01   7.5621658e-01   7.4474608e-01   1.3849840e+00  -6.7524701e-01   1.7496234e+00   1.6875414e-01
   1.0000000e+00   2.0720110e-01   5.1348802e-02   1.3668536e+00   1.0745138e+00   5.9051587e-01  -5.1599840e-01  -1.0451474e+00  -1.3589910e+00   9.8912209e-01   6.9944467e-01  -2.2678057e-01  -8.5270806e-01  -1.6946617e+00   9.9443296e-02  -1.6912664e-02  -6.4811159e-01   1.1205422e-02  -4.7443300e-01
   2.0000000e+00  -6.7440409e-01  -5.9362603e-01   6.0759333e-01   1.3335995e+00   3.3834509e-01   1.6835773e+00  -1.0516939e+00  -7.9577581e-01  -6.6042707e-02  -5.5095826e-01  -1.0241670e+00  -2.7469718e-01   9.9957129e-01  -1.0312031e+00  -8.1927883e-01   3.4211095e-01   3.2791700e-01  -1.2772350e+00
   2.0000000e+00  -3.3892181e-01   2.8175574e+00   3.7594393e-01   4.8589051e-01  -7.0553705e-01   2.1934834e-01   1.2390370e+00   4.2897173e-02   1.5721685e+00   1.7468763e+00   6.0295990e-01  -1.2080423e+00  -8.4293141e-01  -7.0149602e-01   1.3178336e-01   5.7755451e-01  -3.2732226e-01   1.4489579e+00
   2.0000000e+00  -1.7625508e-01  -1.4865952e+00   8.9393724e-01   6.4260680e-01   1.0711341e+00  -3.6235822e-01   8.0259225e-02  -9.0818231e-01  -3.2169448e-01  -4.7787928e-01  -1.6303660e+00  -1.9989591e+00  -1.3992724e+00   4.8808867e-01  -1.7523386e+00  -6.4484316e-01  -4.3275240e-01   7.4912307e-01
   2.0000000e+00   4.4431140e-01   7.9631252e-01   2.1319858e+00   2.6723153e-01   6.0449895e-01  -1.5913108e-01   2.2726258e+00   3.5970015e-02  -4.5090087e-01   1.1350442e+00  -4.9248501e-01  -5.9159138e-01  -1.2951030e+00   1.6745685e+00   6.9146049e-01   1.4784148e+00   1.6961676e+00   8.9114203e-01
   2.0000000e+00   7.7007384e-01  -1.4044167e+00  -1.0774512e+00   2.6980068e-01  -8.9503483e-02  -1.9199971e+00  -4.2178079e-01  -1.4109730e+00   7.3608587e-01   6.1574860e-01   1.6162302e+00  -2.4476713e-01  -1.3960460e+00   8.5071833e-01   1.1105815e+00  -1.4316903e+00  -2.1637580e+00   5.4597869e-01
   2.0000000e+00   1.7404903e-01   7.6168966e-01  -6.6862112e-01   1.1770051e+00  -1.6181155e+00   2.4412971e-01  -5.9057760e-01  -1.6864903e+00  -2.8699350e-01   4.0609382e-01   1.0664645e+00  -1.5241876e+00   1.3028193e+00  -8.3254074e-01  -1.6175867e-01  -2.4948332e-02  -8.8190378e-01   1.8506385e+00
   2.0000000e+00   2.0473901e+00  -5.4941917e-01  -8.4608670e-01   1.9445189e-01   2.1964157e+00   7.3244304e-01   2.9095487e-01   5.9944533e-01   3.9065962e-02   1.1843159e+00  -9.4267384e-01   4.8736819e-01   2.0265249e+00  -8.7603308e-01  -9.4363666e-01   3.3337559e-01  -5.5484590e-02   2.0960300e+00
   1.0000000e+00  -1.2886716e+00  -4.3830356e-01   9.8953507e-01   6.9832053e-01   9.8456752e-01  -5.0288725e-01  -6.9339281e-01   2.9713451e-01   5.4685013e-01  -3.5160760e-01  -6.4162363e-01   9.5715433e-01  -5.5217034e-01   1.8945084e-01  -2.6150383e-01   7.5587017e-01   1.0622858e+00   3.0461326e-01
   1.0000000e+00   3.6667140e-01   4.7446610e-01  -6.1033303e-01   5.8519856e-01  -1.7723715e+00   1.1719187e+00   6.8845561e-01  -1.6146167e+00   2.5481360e-01   7.1382617e-01   2.8899781e-01   9.5113718e-01   3.9176180e-02   8.4995871e-01   1.0260664e+00  -7.0290446e-01  -8.6648762e-01  -1.7585966e+00
   2.0000000e+00  -9.2968389e-02  -1.0326525e+00  -4.3183380e-01  -1.0104210e+00   1.0526351e+00   2.0961169e-01   9.7870341e-02   2.8119330e-01  -7.0290595e-01   3.3437526e-01  -1.8562201e-01   1.2242900e+00   1.1154184e-01   1.1030738e+00  -3.1060375e-01   1.5828119e+00  -9.9164577e-02  -1.5247559e+00
   2.0000000e+00   9.5050354e-01   2.1250977e+00   4.0724211e-01  -9.7886114e-01  -7.2809421e-01  -1.7545995e-01  -1.5860762e-01   8.3350114e-01   2.1752907e-01  -2.5984147e-01   6.4387309e-01   5.0619576e-01  -5.9438386e-01   2.0413508e+00  -2.4856964e-01  -3.4787311e-01  -1.4793462e+00   1.1419131e+00
   1.0000000e+00  -7.5309747e-01  -4.5574204e-01   2.4596829e+00  -2.1348680e-02  -1.6878465e+00  -7.2734646e-01  -1.0535779e+00   1.1409692e+00  -1.0662194e-01  -8.0243843e-01   7.6743617e-03  -2.2824532e-01   1.2730588e+00   8.8929614e-02   1.1388739e+00  -1.5288497e+00   9.8388633e-01  -5.6370368e-01
   2.0000000e+00  -2.7755715e-01  -1.1583034e+00  -6.5075161e-01  -1.2851552e+00   1.1417134e+00  -7.2026391e-01   1.9680781e-01  -2.3225406e-02  -7.7874642e-01  -1.4445662e-01   6.6266328e-01  -6.2303484e-01   9.7218839e-01   7.4419574e-01  -3.5619348e-01  -2.0636838e+00  -3.8202080e-01  -4.7445875e-01
   2.0000000e+00  -1.5599184e+00   9.9366288e-01   9.1466191e-01   1.5544061e+00   3.2822505e-01  -1.7419199e-01  -1.1989291e+00  -6.2515690e-01   5.5611487e-01  -1.6874291e-01  -5.1390486e-01  -9.4131203e-01   1.4745823e+00  -2.0980772e+00  -2.6236184e-01   8.8158247e-01   1.8269878e+00  -7.3377032e-01
   1.0000000e+00  -7.2872292e-01   8.8478027e-01   3.5656944e-01   6.4309463e-01   1.0736317e+00   1.3794298e-02  -8.2347637e-01   1.5163870e-01   4.2358265e-01   1.8700905e+00   6.5333716e-01  -1.1015967e+00   4.7054133e-01   2.3401188e-01  -5.8081766e-01  -9.2510833e-01  -7.4597545e-01   1.6090917e+00
   1.0000000e+00  -6.0389745e-01   3.4007257e-01   4.2844985e-01  -3.0212602e-01   6.6254646e-01   7.7250815e-01  -1.1857768e+00   1.6060307e+00  -6.4934984e-01  -1.3070392e+00   1.8777282e+00   1.9696512e-01  -6.6568154e-01   2.7002441e-01  -1.1068491e-01   1.0994030e+00  -5.7631881e-01   1.5807466e-01
   2.0000000e+00   8.0909551e-01   1.8969293e+00  -5.3143713e-01   5.0729411e-01  -9.5810110e-01  -1.9344362e+00   9.3239716e-01  -7.6356769e-01  -4.6799993e-01   2.1864446e+00   5.4608398e-01  -2.5043579e-01   4.5933019e-01  -2.4978274e-01  -1.7020405e+00   6.3384400e-01   2.2731047e+00   4.7110680e-01
   1.0000000e+00   7.5083828e-01   5.3748341e-01   1.9687183e+00   1.0337347e+00   7.8469296e-02   1.6548422e-01   1.2122628e+00   3.3889797e-01  -6.5992379e-01  -3.9471519e-01   4.3748926e-01   2.8069191e+00  -4.3621436e-01   5.2553659e-01  -2.3264367e+00  -6.3858677e-01   5.2224319e-01   8.5002773e-01
   2.0000000e+00   3.9708057e-02  -1.1448172e+00   1.7586946e-01   7.2234301e-01  -1.9198645e+00  -9.8152305e-01   1.6012298e+00  -7.8642028e-01  -6.2163895e-01  -1.5034080e+00   1.2362374e+00   2.6119972e-01   2.3452162e-01  -5.0583064e-01  -8.3059121e-02  -1.4825972e+00   1.6110894e+00   9.6088105e-01
   2.0000000e+00   1.0756752e+00  -9.3542385e-01  -3.8042117e-01   3.0706068e-01  -9.2457487e-01  -3.5525350e-01  -2.0565101e+00  -1.0401227e-01  -1.3143374e+00   1.4678014e-01   1.3282187e+00  -2.3464103e-01  -6.0164967e-01   1.1636439e+00   6.4206224e-01   1.3683596e+00  -3.5519813e-01   2.3194159e-01
   1.0000000e+00  -4.2741114e-01  -2.2313070e-01  -2.1327321e-01   5.7376048e-01   9.4561981e-01  -1.0373440e-01   2.4590973e-01   1.3176596e+00   5.5129420e-01  -2.0596492e+00  -3.4090373e-01   3.2036584e-01  -1.3185771e+00   9.2578097e-01  -1.0355682e-01   5.9471549e-01  -6.0278908e-01  -1.4827860e+00
   2.0000000e+00   1.5156604e+00  -7.3466869e-01  -3.3968257e-01  -1.6296551e+00   9.9763272e-01  -2.0377620e+00  -1.2053916e+00   1.6667605e+00   6.8607055e-01  -3.1650749e-01   1.2543778e+00   9.2717440e-01   8.0345265e-01   2.3375290e-01  -6.0987893e-02   8.3712117e-01   4.9843482e-01  -3.6356457e-01
   2.0000000e+00  -1.1282983e+00   4.9814105e-01   1.0891630e+00  -1.4472333e+00  -1.0808355e-01  -1.6131568e+00   4.1560614e-01  -3.7371691e-01  -1.4999052e+00   5.8951978e-01   1.0949448e+00  -6.1829672e-01   2.0056375e+00   2.1667195e+00   2.6229466e-02   1.7247871e+00   2.1373431e+00   1.1969520e+00
   2.0000000e+00  -1.2356533e+00  -7.7217515e-01  -8.4320989e-01   1.4155839e-01   9.5498586e-01   5.8664277e-01  -1.7448795e+00  -1.2672172e+00   8.0678278e-01   6.8765904e-01  -7.4360871e-01   5.1019584e-01   7.3425453e-01  -4.1715290e-01   7.1572374e-01  -5.8070389e-01   1.5578168e-01   3.6279497e-01
   2.0000000e+00   5.8927020e-01   1.8690657e+00   1.7875019e+00   1.9578438e+00   3.5078171e-01  -7.8445631e-01   5.7593816e-01   2.1086127e-01  -3.7790511e-02  -6.8834643e-01  -1.2140141e-01   9.2436036e-01  -4.5282304e-01  -8.9951562e-02  -2.8130542e-01  -1.8147567e+00   1.0635983e+00   9.6928106e-01
   1.0000000e+00  -1.1090364e+00   5.4042941e-01  -7.2228767e-01  -1.9184848e+00   2.5066943e-01  -4.6064851e-02  -8.8306007e-01   1.1206007e+00  -8.3582551e-01   5.2308138e-01  -7.6775749e-02   1.7509633e+00   1.9381344e+00   3.0511189e-01  -3.3744953e-01   2.2867019e-01  -6.1932484e-01   4.8669409e-01
   1.0000000e+00   1.8075002e+00   6.7325312e-01  -9.1556920e-01   9.7299016e-01   1.4251309e+00  -3.3958081e-01   2.5204417e-02   4.2165021e-02   9.7856344e-02  -6.9504644e-01   1.4405763e+00  -1.2423602e+00   4.0045824e-01   2.6533247e-01  -2.7472105e+00   1.5005734e+00  -3.9423658e-01   2.8480314e-01
   1.0000000e+00  -6.8598865e-02   5.6547129e-01  -2.1014203e+00   4.1731146e-01  -1.6066492e+00   1.9496487e-01   5.8360366e-01  -1.0986282e+00   9.0273508e-01   2.4840168e-01   7.1581844e-02   2.6493059e-01   1.9733738e-01   4.8870722e-01   3.8942003e-01   5.0833028e-02   1.9678914e+00  -8.2634667e-01
   2.0000000e+00  -1.7651592e+00   8.4840358e-01   7.2467144e-01  -7.7488020e-01  -7.6986789e-01  -1.7323966e-01   4.0817375e-01  -5.8440573e-01  -2.6157698e-01  -1.1542771e+00  -2.8417488e-01  -1.8357861e-01  -1.6847794e+00  -8.8900317e-01   6.5250926e-01  -3.4139669e-01   1.2090192e+00  -7.7421940e-01
   1.0000000e+00   2.9612975e-01  -6.1802391e-01  -6.5082226e-01  -4.9294569e-01  -7.5021585e-01   1.5791615e+00  -1.1830279e-01   8.0698322e-02  -4.5084944e-01   9.2369805e-01   3.1710000e-01  -2.0391581e-01   2.0338419e-02   5.6597115e-01   4.1712834e-01  -1.0518777e+00   2.7488393e-02  -1.4124406e+00
   2.0000000e+00  -1.9472441e-01   8.6617873e-01  -6.0986185e-01  -1.9592253e-01  -6.4662047e-01  -6.9947800e-01  -6.4130299e-01  -8.4053440e-01  -8.3995509e-01   7.5605294e-01   1.2195537e+00  -4.9806289e-01   5.5452189e-01   1.1890965e+00  -4.3715513e-01   1.3785864e+00   9.1793092e-02  -1.5903197e+00
   2.0000000e+00   7.3947965e-01   5.9578497e-01  -7.7682721e-01   2.8805648e-03   1.1789302e+00  -1.8228457e+00  -1.6992243e+00  -6.9122666e-01  -5.5395739e-02   3.5898553e-01  -1.5073323e+00   2.3922611e-01  -6.2154270e-02  -6.0101066e-01   3.7061452e-01  -4.7252316e-01   8.1285090e-01   5.8967474e-01
   2.0000000e+00   2.6792346e-02  -2.5984833e+00   8.7174206e-01  -6.2241201e-01   8.0692498e-01  -5.5159918e-01   1.2136862e+00   4.1454832e-01   4.0209601e-01  -1.0483443e+00   1.2426322e+00   8.7754731e-01  -2.1686898e-01   8.8548515e-01   6.2800139e-01  -9.6326742e-01   6.7143562e-01  -1.2680497e-01
   2.0000000e+00   2.3624880e+00  -3.3527036e-01   2.8740884e-01  -1.5449456e+00  -3.6650093e-02   9.0154606e-01   2.3987446e-01   7.6343655e-01  -1.9314846e-01  -1.1008754e+00  -6.0662588e-01  -1.0661719e+00  -3.2587435e+00   1.6279387e+00   8.1932269e-01  -1.9520006e-01   5.4011228e-01   9.8342654e-01
   2.0000000e+00   8.2822811e-01  -1.2553117e+00   3.8777343e-01  -7.3462362e-01  -1.6282039e+00   2.4536771e+00   3.9295943e-02   7.9830865e-01  -1.3981873e-03  -2.8122695e-01   5.7377576e-01   9.8465056e-02   2.6139643e-01   3.7623741e-01   5.6425872e-01   8.5537935e-01   3.8789479e-01  -1.2923061e+00
   1.0000000e+00  -8.4507778e-01  -2.6727942e-01   5.7777282e-01  -9.1257824e-01  -6.2578101e-01   4.8836354e-01   1.0454584e-01  -9.2573919e-01   2.0012525e-01   2.2492587e-01   9.7510205e-01  -4.8959648e-01   1.1257123e+00   1.4444637e-02   9.1535895e-01  -2.5255621e-01   1.3295588e+00  -1.4599698e+00
   2.0000000e+00  -3.1960554e-01   5.8265220e-01  -2.0247276e+00   1.2457804e+00   6.6427290e-01  -5.5905826e-01   1.5013327e+00   1.1231892e+00   9.8715160e-01   1.0039237e+00   9.1834605e-01   2.6078787e-01  -2.1269881e-01  -1.4520185e-02   6.3352341e-01  -1.2348524e+00  -6.6323674e-01   1.3896892e+00
   2.0000000e+00  -7.7074228e-01   5.6504835e-01  -8.2750253e-01   1.2377039e+00  -2.7959208e-01   6.2465807e-01   1.2290153e+00   5.7413496e-01  -9.0451597e-01  -6.7531536e-01  -8.4098449e-01  -7.5650817e-01  -1.8881392e-04  -9.5019378e-01  -3.2229955e-01  -1.6695561e+00   4.3612292e-01   1.4164403e-01
   2.0000000e+00  -1.1640070e+00   4.6150998e-01  -2.4269343e-01  -4.3085841e-01   3.9745759e-01   3.8317303e-03  -9.2371593e-01  -9.7861317e-01   1.0296045e+00   3.9246695e-01   8.4639687e-01  -5.6652659e-01  -1.5998178e+00  -8.5175133e-01   1.4596728e+00   4.4131909e-02   1.1726267e+00  -1.9971127e-01
   2.0000000e+00  -1.4508109e+00  -7.7705488e-01  -1.2747931e+00   2.1962481e+00  -2.3923211e+00  -1.7484537e+00   6.8972915e-01   6.7579308e-01   1.4816333e+00  -1.4355916e+00  -2.8289430e-01   1.4044210e-01  -8.9992758e-01  -7.8242510e-02  -8.5168177e-03  -9.3159111e-01  -5.4203096e-01   2.1142454e+00
   2.0000000e+00   5.0454863e-01  -2.7151688e-01  -9.4958265e-01   2.2198603e-01  -5.1516307e-01   5.6852569e-01  -7.5933048e-01   5.0407312e-01   6.2284996e-01   5.5976877e-01   5.8356643e-01   4.1295564e-01   1.2521822e+00  -8.6549772e-01  -3.5689273e-01  -1.1748651e-02   8.0754479e-01  -6.0395031e-01
   2.0000000e+00  -9.9818649e-01   1.1385220e+00   1.0542517e+00  -1.2131922e+00  -9.7759447e-01   1.5151258e+00   1.7382440e-01  -4.5394032e-01   9.8634749e-01  -2.3117495e+00  -2.0216131e+00  -1.2392379e+00  -3.8676418e-01   8.1188970e-01   1.3113391e+00  -2.8136208e-01  -3.1231976e-01   1.1460602e-01
   2.0000000e+00  -6.8851424e-02  -1.3401011e+00  -5.1181226e-01  -1.2771843e+00   3.8437427e-01   1.2072277e+00  -8.5418768e-02   7.4665555e-01  -2.3205366e+00   9.1852385e-01   6.3200256e-01   1.1195217e+00   6.0373362e-01  -9.5481757e-01   2.6371481e+00  -7.2773884e-01   8.7823384e-01   1.4269582e-01
   2.0000000e+00  -1.5911999e-01   6.4042814e-02   1.9229533e+00  -2.3921847e-01  -1.0618087e+00   5.7966218e-01  -2.1974417e+00   2.1503554e+00   3.8125698e-03  -1.5958473e-01   1.0701592e+00   5.9189071e-02   1.2165850e+00  -8.8034663e-03   7.6093610e-02   6.3962909e-02  -6.1102166e-01  -2.6601022e-01
   2.0000000e+00   1.6858901e+00  -1.3862097e+00  -3.9838410e-01   4.5373845e-01  -2.4670402e+00   9.8647440e-01   1.1131069e+00  -1.4995547e+00   9.9586373e-01   7.9487088e-01  -5.1153616e-01   1.3361364e+00  -8.7341585e-01  -1.4702305e+00   8.6571251e-01   1.0123312e+00  -2.0126048e+00  -9.9958636e-01
   2.0000000e+00   5.2470143e-01  -2.3422250e-01  -3.2628240e-01   1.4094645e+00   1.2758755e-01  -3.9713030e-01  -7.1397725e-01  -1.2590620e-01  -4.6665851e-01   1.8441084e-01  -1.0104338e+00   1.6829146e-02  -8.7872609e-02   1.1609670e+00  -6.1456926e-01   3.2896714e-01  -1.0865914e-01   1.2937506e+00
   2.0000000e+00   2.0572712e+00   8.9432014e-01  -8.5433383e-01   6.2650776e-01   5.0787352e-02  -2.9635730e-01   6.2131856e-01  -3.7751909e-01   3.1640415e-01   5.5802155e-01  -4.3030205e-01  -1.9711283e-01  -7.0026309e-02  -1.1644931e-01  -2.0166408e+00   8.5223319e-01  -1.2211262e-02   9.5126905e-01
   2.0000000e+00  -5.5764765e-01  -2.2615856e+00  -6.9405457e-01   1.2139544e+00  -9.6285043e-01   9.2568886e-01  -1.0566145e+00   6.7881153e-01  -9.8613404e-01   1.3648655e+00   6.5870401e-01   1.4134122e+00  -1.1633495e+00   1.5851313e+00   1.7105666e+00  -1.3177095e+00   1.2186072e-01   1.1168356e+00
   2.0000000e+00  -9.1556750e-01  -8.5840277e-01  -7.9638749e-01   2.2990975e-01  -1.3047604e+00  -6.1118301e-01  -1.2319698e+00  -5.6953613e-01  -4.4679673e-01  -5.8281733e-01   4.6144247e-01  -1.5213655e+00  -8.7144987e-01  -2.4291454e-03   9.6695680e-01  -1.0359096e+00  -1.8632463e+00   1.2940889e+00
   2.0000000e+00  -7.0143126e-01  -1.9779558e+00  -1.3260541e+00  -7.4088342e-02   1.8253746e+00   6.7059355e-01  -6.8569145e-01   2.2687389e+00  -5.5302361e-01  -5.9349424e-02  -3.0596712e-01  -6.5129255e-01  -2.0995596e-01  -3.8379766e-01   1.6170706e+00   6.3304507e-01   1.9893942e-02  -9.9356438e-01
   2.0000000e+00   5.0570007e-02  -1.1475501e-01   1.4409566e-01  -7.3247529e-01   1.3401089e+00   1.1880730e+00   1.8193067e+00  -2.2622230e+00   2.0697815e+00  -9.0502195e-01  -1.9927784e-01   1.2364843e+00  -2.8521076e-01   1.2836885e+00  -2.4843711e-01   1.0569713e+00  -4.3261791e-01  -1.5903896e+00
   1.0000000e+00   2.1126152e-01   1.3141435e-01  -1.0715412e-01  -1.6447952e-01   1.5678124e-01  -4.2003486e-02   5.5080823e-01   1.6361950e-01  -6.0643892e-01   6.5647059e-01   5.9307402e-01   7.7503440e-01   1.3061998e+00   4.3819876e-01  -1.8652494e-01   6.6635345e-02  -4.9874681e-01   9.7683523e-02
   2.0000000e+00   9.6356476e-01   2.3035054e+00  -1.6068064e+00  -9.5271644e-01  -4.3855565e-01  -1.8050315e+00  -8.0973638e-01   5.0383315e-02   1.0879489e+00  -7.2477206e-01  -2.4950782e-01   1.2986196e+00   8.5243338e-01  -1.3102460e+00   5.5680024e-01   2.1455093e+00  -3.7655326e+00   1.6719300e+00
   2.0000000e+00   1.3428205e+00   6.1470998e-01   9.2129058e-01   5.7966518e-01   4.9230121e-01  -1.8073425e+00   1.1112350e+00   3.0420881e-01  -2.1893090e+00  -7.1811788e-01  -3.7295336e-01   1.1807072e-01  -1.7498322e-01  -1.1403883e+00  -9.8737798e-03   6.9715539e-01   2.2700631e-02   2.4273533e-02
   2.0000000e+00  -1.5382243e+00  -6.4376893e-01  -1.1730469e+00  -3.7500711e-02  -1.8961417e-01  -1.7406191e-02  -2.9855008e+00  -1.2797714e+00   1.9260995e+00   7.4510180e-02  -1.7798712e-01   2.3559652e-01   3.7246974e-01   2.3755711e+00  -1.3601223e+00   4.7523496e-02  -4.9724863e-01  -1.2685945e+00
   2.0000000e+00  -1.4853622e+00   2.3981594e+00  -6.3156007e-01   5.4979750e-01   1.3261881e-01  -2.1513426e-01  -1.2280150e+00   9.2430546e-01   8.7964283e-01   1.3766559e+00  -3.0725748e-01   3.1713392e-01   1.0620531e+00  -3.6773090e-01  -5.1936864e-02  -4.5537825e-01  -3.9212381e-01   1.3454992e+00
   2.0000000e+00  -2.4657719e-01   1.0352190e+00  -4.2916344e-01  -2.0777250e+00   1.7250303e+00   1.4602894e+00  -4.9426647e-01  -2.9368245e-02   8.3133499e-01   1.4193694e+00  -1.8666357e+00   1.6639062e-01  -6.1791716e-01  -1.0859247e+00   9.6146373e-01   1.6845115e+00   9.2426721e-01  -9.3349873e-01
   2.0000000e+00  -8.9661567e-01   1.2889760e+00   2.5772549e-01  -1.0856345e+00  -2.1601693e-01   1.0024405e+00  -1.8703847e-01   3.9314631e-01   1.6185675e+00  -7.5823327e-01   1.2832518e+00   1.8514703e+00   1.5895811e+00   2.2425072e-01   4.9409879e-01  -4.6299286e-01   5.9402317e-01  -1.4651290e+00
   2.0000000e+00  -5.8520876e-01   2.6212824e-01   3.8114239e-01   1.5737746e+00   3.4921152e-02  -1.2525443e+00  -4.9817714e-01  -1.7609108e+00   8.4169858e-01  -7.0902654e-01   2.9603172e-01  -6.8842603e-01  -2.0814253e-01  -5.6779872e-01   6.4102827e-01  -4.2795074e-01   3.5783320e-01   2.2105457e+00
   2.0000000e+00   5.9970709e-02  -1.2181698e+00   1.0831458e+00  -5.9069662e-01   8.7479247e-01   1.6650413e+00  -1.3548598e+00   1.7571066e+00  -1.5176868e+00  -1.8064907e-02   3.3811672e-01  -1.0997669e+00  -5.3510140e-01   7.7730165e-01   1.0325176e+00   1.5104909e+00   1.4685841e+00   7.9117191e-01
   2.0000000e+00  -1.6484757e-01   2.5502270e-01  -4.9021554e-01   2.7253223e-01  -1.0119812e+00  -7.7602873e-01   2.7181927e-01   1.2175047e+00   2.7853329e-02   8.2472300e-01  -2.0218324e+00   1.6622503e+00   1.3181650e+00  -1.4594358e-01   1.6252827e-01   1.1198526e+00   8.4636527e-01  -1.8246729e+00
   2.0000000e+00   3.9816145e-01   1.0171423e+00   4.3820884e-01   2.3237122e-01   9.6872951e-01   2.1541593e-01   1.6550178e+00  -1.3554918e-01   5.5688059e-01  -1.6591789e+00   1.6088100e+00  -1.1100470e+00   9.1602961e-01  -6.5439549e-02   8.1554194e-01   1.2404350e-01  -1.2445673e+00  -1.6481325e+00
   2.0000000e+00   4.4827301e-01  -2.0565126e-01  -6.4746876e-01  -1.1624721e+00  -7.3274532e-01   1.0767432e+00  -6.3396400e-02   4.8246980e-01   3.9258625e+00   9.8494100e-01  -8.7029725e-01  -1.3555075e+00  -1.4016214e+00  -1.3131785e-01  -1.5256131e+00   1.4587728e-01  -1.5112320e-01   6.8229888e-01
   2.0000000e+00   5.0294423e-01   1.6963792e+00  -1.4169677e+00  -1.0739976e-01  -5.7902658e-01   1.0039115e+00   7.9364206e-01  -1.1283345e+00  -9.4681609e-01   1.4130180e+00  -9.8719380e-01  -6.2770186e-01  -8.0821210e-01   1.3552418e+00  -9.0696216e-01   2.3272745e-02   8.5307937e-01  -3.2270639e-01
   2.0000000e+00   1.3042331e-03  -5.7559650e-02   7.2760056e-02  -5.7127036e-01  -1.3458929e+00   3.7196584e-01  -3.0830348e-01  -1.0552790e+00  -2.4046955e-01  -9.4007264e-01   4.7606502e-02  -1.8460115e-01   5.6712521e-01  -8.2674352e-01   6.7698452e-01  -1.1091334e+00   1.0627981e+00   1.5481106e-01
   2.0000000e+00   1.3807414e-02  -1.4542563e-01  -1.2853745e+00  -8.4209848e-01   1.0496578e+00  -4.7445829e-01   1.0911002e-01   2.8620161e-03   1.0729989e-01  -8.3199236e-01   8.0739735e-01   2.9422882e-01  -2.3304063e-01  -1.5392341e+00  -2.2460704e-01  -4.2074762e-01  -1.5063885e-01  -1.2168712e+00
   2.0000000e+00   1.0143381e-01   1.3536241e+00   5.5613651e-02   1.3675642e+00  -7.9623457e-01   1.5687352e+00   1.6792602e+00  -4.0398009e-01  -1.3281497e+00  -1.3730632e+00   1.5371447e+00  -7.7163144e-02   2.1516938e+00   5.5822701e-01  -2.5476265e-01   1.4631785e+00  -3.7287256e-01  -1.4711605e+00
   2.0000000e+00   2.1552343e+00   3.2768652e-01   9.0382411e-01   1.9522098e+00  -6.2598826e-01   6.1459012e-01  -2.2634875e-01  -4.8583207e-01  -1.3423328e+00   2.7624617e-01  -6.1275333e-01   2.1965550e+00  -6.8093459e-01  -3.9457429e-02   6.2615357e-01  -2.9200447e-01   1.2104029e+00  -7.2720889e-01
   1.0000000e+00  -8.9358854e-01   4.4087396e-01   4.4749181e-02  -1.3314944e+00   1.1348147e+00  -3.4152960e-01   1.3580357e+00  -1.5019524e+00  -9.9039986e-01  -4.6965735e-01   1.2344642e+00  -6.4873165e-01  -2.1449423e+00   1.1900567e-01  -1.4694287e-01   3.2240569e-01  -4.2494162e-01  -1.3366585e+00
   2.0000000e+00  -3.7345660e-01   1.4379235e+00   1.1308054e+00   6.7648874e-01  -3.0136618e-02   1.4497753e+00   2.1536342e+00  -6.4968104e-01  -1.7807291e-01   6.8297309e-01   5.2870188e-01   4.3521106e-01  -1.1734915e+00   1.0642805e+00   6.1232034e-02  -2.0046254e+00  -6.6878989e-01   5.5480995e-01
   2.0000000e+00  -1.2802992e+00  -3.6718908e-01   9.8699182e-02   5.4558303e-01   6.7521557e-01   1.0375416e+00   2.8606077e+00   1.1982431e+00   7.0583402e-01  -5.0925478e-01  -4.4958538e-01  -6.7071254e-01   1.8359824e+00  -1.4242706e+00  -3.7738279e-01   1.3547745e-01  -1.1321913e+00  -8.4600482e-01
   2.0000000e+00   1.0032007e+00  -6.9607635e-01   1.0322149e+00   6.9787161e-01  -7.2108421e-01   1.2925468e+00  -4.6982249e-02  -3.4558414e-01   1.8197213e-01  -1.0054311e+00  -9.7422159e-01  -1.3113648e-01   6.5986288e-01  -2.0126501e-01  -1.7807918e+00  -7.9082156e-01  -5.4927330e-01   1.2359521e+00
   1.0000000e+00  -3.0328347e-01  -6.0019392e-01  -1.1230803e+00   1.6223487e-01   5.4782559e-01  -4.9931988e-01  -8.2994398e-01   7.1383149e-01   3.7912101e-01   2.9941348e+00   8.5263641e-01   7.3078622e-01  -5.0451477e-01   8.9866960e-02  -2.5355795e+00  -7.1681621e-01  -7.8232472e-01  -3.2247583e-01
   1.0000000e+00  -9.0808441e-01   6.8113119e-01   2.5380200e-02   6.0102084e-01   6.2872156e-01   4.8622778e-01   1.1787803e+00   9.7288614e-01   2.5719999e-01  -1.1530434e+00   1.4114345e+00  -4.1378635e-01  -1.9656060e-02   3.4499825e-01   1.3695309e+00  -4.6197353e-01   5.4678757e-01   4.6638045e-01
   2.0000000e+00  -3.1645792e-01   7.6254309e-01  -7.0853979e-01   6.7183964e-01   3.3144047e-01  -2.7328827e-02  -2.8547084e-01   9.0739508e-01   1.4997731e+00   1.9849978e-01  -8.2693455e-01  -3.3820814e-01   2.8772959e+00   9.5244796e-01   7.4455287e-01  -2.7208254e-01  -2.5921112e+00   1.2719211e+00
   2.0000000e+00  -1.9873794e-01  -6.0028096e-01  -9.4455842e-02   7.2268749e-01   1.2521787e+00   3.4928050e-01  -6.6851099e-01   2.1530792e+00   3.3268521e-01   1.2864792e+00   2.2038074e-01  -1.2846652e+00  -6.7173436e-01  -9.3483721e-01  -5.9663575e-01  -2.3580495e-01  -1.1772748e+00  -3.1800774e-01
   2.0000000e+00   2.1094980e-01  -7.2694857e-01  -1.1366718e+00   1.8402477e-01  -4.5081989e-01   1.3529197e+00   1.5558425e+00  -8.2827684e-01   3.9848852e-01  -3.2052212e-01   8.3349291e-01  -1.1937105e+00  -3.6262885e-01   1.0471692e+00   1.0240183e+00   5.7742758e-01  -7.1195548e-01  -1.2843675e+00
   2.0000000e+00   1.0735363e-03   2.2111801e-01  -7.8114687e-01  -5.2128820e-01   3.1661984e-01   1.8318021e+00   8.5904160e-01   1.7791142e+00   2.5382439e-01   4.9008807e-02   1.2031591e+00  -8.1203191e-01   4.5628367e-01   1.8536618e+00   5.2420198e-01   8.1498053e-01   1.5559101e+00   2.2286364e+00
   1.0000000e+00  -1.3882801e+00  -4.6240895e-01   3.4922477e-01   6.1282680e-02  -4.0516381e-01  -7.3952061e-01   4.6137728e-01   1.6292025e-01  -1.4321453e+00  -1.4410572e+00   2.6838385e-01   6.2544820e-01   2.1092634e+00   3.3657674e-01  -3.3232653e-01   7.9578683e-02   4.6796321e-01  -3.2064883e-01
   2.0000000e+00  -1.4081449e-01  -3.2202651e-01  -7.4886043e-01  -1.5310292e+00  -7.7393680e-01  -9.6962600e-01  -5.0339314e-01  -1.1551488e+00   1.6110060e+00  -2.4853371e-02  -3.6162692e-01   1.6299953e+00   4.3012174e-01   1.8242929e+00  -1.0735074e+00  -1.3557341e-01   1.6180643e+00  -1.6764492e+00
   2.0000000e+00  -1.1424508e+00   4.7724622e-01  -1.1438040e+00  -5.9651789e-01  -4.4865832e-02   1.7550658e+00  -3.5423153e-01  -3.8027142e-02   6.2186829e-01   3.9875563e-01   1.9234593e-01   1.7974246e+00  -9.6795789e-01   1.2058888e+00  -3.1842478e-01  -1.0855224e+00  -1.4295904e+00  -5.1124238e-01
   2.0000000e+00   6.4644524e-01  -1.1617977e+00   9.9492927e-01   1.5584443e+00   1.4996768e+00   4.7783845e-01  -2.6923313e-01   4.5743932e-01  -3.0519324e-01   6.0420155e-01  -4.0004925e-01   5.8169042e-01  -7.9875105e-01   2.1301125e-01   4.4663581e-01   8.8570121e-02  -8.6167504e-01   2.3800752e-01
   2.0000000e+00   4.3397923e-01   2.0236623e-01  -7.0389788e-01  -2.4299436e+00  -1.5144599e+00  -1.2876683e+00   3.9507098e-01  -4.0169225e-01   9.5696666e-01  -1.2125329e+00   9.6391371e-01   1.4456966e+00   3.6229028e-01  -1.2357532e+00  -1.4582201e+00   6.4063627e-01   1.7204770e+00   1.8211645e-02
   2.0000000e+00   1.0139580e+00  -1.0255035e+00  -1.0158359e+00  -3.3726480e-01  -3.5197973e-01   4.6465598e-02  -6.6069963e-01  -1.4983886e+00   1.9301790e-03   2.5638622e-02   8.1157282e-01  -1.5555257e+00   7.7968318e-02  -8.6247531e-01  -2.4774463e-01  -1.4637643e+00  -7.6808280e-01  -3.2417280e-01
   2.0000000e+00   2.7788325e-01   4.6973755e-01   8.6842144e-01  -1.3715363e+00  -1.0537024e+00   7.9059382e-01   5.2890059e-02  -3.1847065e-01   4.3274291e-01   2.5252126e-01  -3.1188398e-03  -7.7867222e-01   1.0995729e+00  -2.3591326e+00  -1.2888804e+00  -2.4351582e-01   4.8348937e-02   2.7121595e-01
   2.0000000e+00  -3.4855637e-01  -1.3545222e+00  -1.0279298e+00   8.5164352e-01   5.5221857e-01  -8.0156241e-01  -5.7072708e-01  -7.9083027e-01  -1.0532786e+00   3.8193672e-01  -1.3755541e-01  -1.2012534e-01   8.7363043e-01   1.2133415e+00  -1.6663438e-01   5.4547723e-01   1.0529617e+00   8.9750991e-01
   2.0000000e+00   2.8847326e-01   5.3880041e-01   1.8479610e+00   1.9171893e-01  -2.3994237e+00   2.0531177e+00   3.5902661e-01  -1.8438388e+00   6.4630631e-01   4.2489516e-01  -1.2328343e+00  -6.2335588e-01  -1.3139784e-02  -5.7173651e-02   2.0979401e-01   1.3239976e+00  -1.1848534e+00   9.7984709e-01
   1.0000000e+00  -1.0648490e+00   7.8159403e-01  -3.3122969e-01  -7.1520640e-01   2.2984565e+00  -2.0953072e-01  -1.5590777e-01   1.2306591e+00   1.5510439e+00   1.6576673e+00  -7.2220217e-01   7.3479197e-02  -6.8378232e-01   2.0564992e-02   1.5255337e+00  -7.1941885e-01  -3.4121129e-01  -6.0196421e-01
   2.0000000e+00   1.5375368e+00  -2.5375614e+00   1.0742740e+00   2.5037268e+00  -5.6330726e-01   3.3911869e-01  -3.7038003e-02  -5.1154914e-02   1.8620279e-01   6.6628929e-02  -3.8629641e-01  -2.8835978e-01  -6.3330160e-01   4.1737145e-01  -5.7266412e-02   1.0019688e+00  -1.0413428e+00  -1.0394117e+00
   2.0000000e+00   2.0288447e-01  -1.7731438e+00  -6.7765649e-01   2.7928885e-01   4.8173830e-01   5.9714512e-01   9.5530585e-01   1.1069560e+00  -3.7041964e-01   9.4509045e-01  -1.6787821e-01   7.0153795e-01   9.7499507e-01  -1.8073110e-02  -1.0990011e+00  -3.0081343e-02   3.5835111e-01  -4.3796880e-01
   2.0000000e+00   7.5841111e-01  -2.4017008e-01   7.3014385e-01  -1.4893949e+00   3.4183364e-01  -7.0582056e-01   7.8965798e-01   1.0306672e+00   1.1383495e-01  -1.4114285e+00  -2.2293219e-01   1.4046212e+00   2.3727086e-01  -3.4536391e-01  -9.6262205e-01   6.9906523e-01   6.6466550e-01  -1.2894039e+00
   2.0000000e+00   1.5247971e+00  -2.3793728e-01  -4.3298949e-01   2.3997730e-01   7.3437702e-01   1.4117208e+00   8.6315917e-01  -2.2597215e-01   8.7310342e-01  -6.3178312e-01  -1.0764339e-01   7.4119728e-02  -3.6832455e-01   2.4953278e+00  -7.2624034e-02   1.3025617e+00   9.5962621e-01   1.1977504e+00
   2.0000000e+00   3.5633981e-01   1.1596507e+00  -1.2192801e+00   8.6371919e-01  -6.9645685e-01   1.3325427e-01   9.2779855e-01  -6.9316923e-01  -2.7254560e-01  -7.5794084e-01   6.3299820e-01   1.1227094e+00   6.4031473e-01  -6.2028880e-01   5.8567759e-01  -1.9117212e+00  -5.9114157e-02  -1.2941894e+00
   2.0000000e+00  -6.0701594e-01  -8.8140797e-01   3.0444799e-01  -1.4309583e-01   1.2330905e+00  -4.8327766e-01  -1.0687667e+00   1.6791340e-02  -8.2550612e-01   5.4813382e-01   8.3767775e-01   2.4323599e+00   1.2363365e+00  -8.2657534e-01  -1.2271254e+00  -8.1051427e-01  -1.2009346e+00   2.9289106e-01
   2.0000000e+00   7.8753434e-01  -2.2841564e-01   1.1188535e+00  -4.5058312e-01  -1.8580287e+00  -5.3949108e-01  -4.2485667e-01  -1.5163453e-02   4.2381914e-01   4.4364552e-01  -1.1023327e+00  -2.2863998e-01  -1.1962187e+00  -1.0200820e+00  -8.1676511e-01   1.3794667e+00  -7.3233310e-01   8.4130584e-01
   2.0000000e+00  -5.3842222e-01  -6.0209775e-01  -1.1477851e+00   6.8705430e-01  -6.9027313e-01   2.5121703e+00   1.0356540e+00   8.1445771e-01   1.2197737e+00   1.3339368e+00  -2.0418299e-01  -1.0260494e+00   1.9290661e-01  -2.1425925e+00  -1.3700922e+00   5.3494955e-02  -3.8889589e-01  -5.9098183e-01
   1.0000000e+00   1.4354826e+00   2.0491786e-01   3.5940230e-02  -6.8453146e-02   8.3773192e-01   1.1888363e+00   7.7388444e-01   5.0401625e-01   8.5653276e-01   8.5530600e-01   1.8465703e-01  -5.3581312e-01   2.8852072e+00   6.4016649e-02   1.2750429e-01   1.8761860e+00   1.0012020e+00  -5.2754503e-01
   2.0000000e+00   7.3767430e-01  -1.4887773e+00  -1.1123634e-01  -7.2378093e-02  -5.6319159e-01   5.8769308e-01  -2.1498680e-01  -1.2202406e+00   6.1359661e-01  -1.1398215e+00   1.6487422e+00  -7.4076758e-01  -9.4137119e-01  -5.6937104e-01   8.0570028e-01  -5.9102235e-01  -4.4285926e-01   2.5458763e-02
   2.0000000e+00   2.5980300e+00  -5.0841448e-01   5.8819452e-01   1.1859506e+00  -2.6917012e+00   1.4212927e+00   3.2323624e-01  -1.4673866e-01   8.3194676e-01  -4.1011317e-01   7.7277672e-01   1.0401409e+00  -9.9508662e-01  -7.3605408e-01  -7.5576009e-01   5.0196770e-01   8.9702754e-01   1.8185990e+00
   2.0000000e+00  -6.9282725e-01  -9.0036946e-01   6.7422954e-02   1.1788739e+00   4.4663864e-01  -9.7916803e-01   1.6966204e+00   4.3930970e-01   1.6618606e+00   8.1736441e-01   1.9986744e-01  -4.2193776e-01  -6.6448107e-01  -3.6239120e-01   2.0846565e-03   6.3516693e-01   4.0871949e-02  -2.9012536e-01
   2.0000000e+00   1.0191249e+00   9.6867363e-01   1.6032882e-01  -2.8643060e-01   4.0168668e-01   4.9736514e-01   2.4210259e-01   9.1479411e-01   9.7492765e-02  -1.6416033e-01   5.5782083e-01   1.2076714e+00   2.0756468e-01   2.0591553e+00  -6.5827337e-01  -1.1730711e+00  -6.1716249e-01   8.5653986e-01
   2.0000000e+00  -2.5587755e-02  -1.8973983e+00   4.8575487e-01  -4.4778282e-01   4.0311128e-02   4.6546197e-01   2.8339506e-01   1.7785775e+00   2.4247069e+00  -4.5692424e-01  -5.8499823e-01  -5.3898943e-01  -1.2649308e+00  -3.2903710e-01  -1.0273767e+00  -1.3943131e-01   5.3927087e-01  -6.3450983e-01
   2.0000000e+00   6.5216713e-01  -2.1234751e+00  -1.2111260e-02  -7.3449261e-01   1.7714467e+00  -1.2409370e+00  -2.0170207e+00  -2.3922674e+00   6.7914270e-01  -7.7967799e-01   1.4042833e+00   3.3598763e-01   1.0929445e+00   5.8442986e-01   5.3125503e-01  -1.3096395e+00   1.1829549e+00   5.4232577e-01
   1.0000000e+00  -5.4702108e-01   5.2981467e-01   1.3854878e+00   1.9218789e-01  -1.0014783e+00  -4.5318596e-01   1.9399371e+00   5.3919600e-01  -1.3389056e+00  -1.2638460e+00  -6.8830836e-01   6.4800155e-01   2.7128369e-01   3.7623688e-01  -1.1678681e+00  -6.5805672e-01  -2.0821831e+00   2.4995118e-01
   2.0000000e+00   8.8435230e-01   2.2177938e+00   1.0707859e+00  -1.5428182e+00   1.4821377e+00  -5.9026391e-01   6.6272523e-01  -2.7203866e+00   1.0971394e+00  -9.2495844e-03  -3.9877340e-01  -7.0777972e-01  -8.1403304e-03   2.9660103e-01   1.1666385e+00  -2.0170944e-01   5.2782428e-01  -9.3106082e-01
   1.0000000e+00   1.2444136e-01   4.6041848e-01   4.4017585e-01  -6.6577447e-01   8.0343607e-01   1.4657278e+00  -3.1746785e-01  -9.7094853e-02   2.2337367e+00   4.6982113e-01   2.0687241e-02  -8.1735109e-02  -5.3793209e-01   3.0337640e-01  -9.4158535e-02   9.9034225e-01  -1.5453234e+00  -8.0654299e-01
   2.0000000e+00  -1.3753651e+00  -5.2101611e-01   1.0099636e+00   7.9954827e-01  -1.9119628e-01   1.0703863e+00  -3.2954490e-01  -2.1744653e+00  -1.7762321e-01  -5.8524560e-01  -6.9922586e-01  -1.3139900e-01   3.5724126e-01   8.7347261e-01   1.6088704e+00   1.6705663e+00  -4.6387230e-01  -1.6570146e+00
   2.0000000e+00   3.0295610e-01  -2.1793921e+00   1.4138731e+00  -2.9250338e-01  -1.5375778e-01   1.5074418e+00   3.1592273e-01  -6.3186575e-01  -1.7565547e-01   1.6302322e+00  -7.3981769e-01  -1.4289153e+00  -7.0026945e-01  -1.4294952e+00   1.8386942e-01  -6.9824788e-02   1.7356616e+00   1.3230654e+00
   2.0000000e+00   2.0061860e-01  -8.4784045e-01   9.7835692e-01   1.1831150e+00   1.7150877e+00  -1.9029947e+00  -1.1433320e-01  -6.5525325e-01  -7.3935654e-01  -1.0369231e+00  -4.6547214e-02  -3.0694880e-01   5.3913064e-01  -7.3348965e-01   2.2733064e+00   2.4216296e-01   1.1021379e+00   4.2614789e-01
   2.0000000e+00  -5.4421970e-01  -1.9097628e+00  -3.3994271e-01  -7.1972032e-01  -9.3722003e-01  -8.8740912e-01  -9.9625875e-01  -4.8313545e-01   7.3146698e-01   1.2156993e+00  -7.0940995e-01   2.0160246e-01   1.3906234e-01   1.4955769e+00   1.4888652e+00  -3.1230581e-01  -8.7819078e-01  -1.7314560e+00
   2.0000000e+00  -5.7004940e-01  -6.4225398e-01  -2.8986270e-01  -1.0257686e+00  -5.4785925e-02   8.8498688e-01   1.6701726e+00   4.4772425e-01   7.2366687e-01  -6.1644207e-01   3.3327228e-01   1.5413978e+00   7.5894973e-01   1.0226113e+00   7.6446646e-02  -1.2497700e+00   1.0471211e+00  -2.1286560e+00
   1.0000000e+00  -6.5069516e-01   1.5237346e-01   3.1247707e-01  -1.3297889e+00   4.9324570e-01  -1.2174587e-01  -1.1703803e+00   5.4819681e-02  -1.9498423e-01  -1.3083507e-01  -6.3892927e-01   8.6665989e-01  -4.2103113e-02   8.7260480e-01   1.9082361e-01   6.5491231e-01   3.7469361e-01  -3.7926330e-01
   2.0000000e+00   5.1318180e-01  -1.2321274e+00   2.4753861e-01  -7.4809012e-01  -6.9916531e-02   1.5219523e+00   3.3629539e-01   5.9722581e-01  -1.5317073e+00  -1.0984515e+00  -5.5622957e-01   5.6423012e-01   2.2053902e-01   4.7207931e-02   2.6355974e-01  -1.0263368e-01   9.0412148e-01  -5.8112899e-01
   1.0000000e+00  -6.2374479e-01  -2.5627053e-01   9.0739891e-01  -6.1582333e-01  -1.4504104e+00  -1.1095630e+00  -2.1008632e+00   8.0095534e-01   2.5698765e-01  -2.3704994e+00  -1.8122580e+00   1.1599503e+00   7.6851995e-01   5.0192021e-01   9.4406347e-01   2.3313537e+00   1.1251579e+00   7.2273455e-01
   2.0000000e+00   1.5264753e+00  -1.2899442e+00   1.2370059e+00   1.4342732e-01   1.9619465e+00  -9.8755006e-02   7.5459527e-02   2.0008509e+00  -2.7662889e+00  -1.0244930e+00   3.9703092e-01   8.9618567e-01   4.9923170e-01  -2.3334961e-01  -1.0719631e+00  -6.3615094e-01   8.5200629e-01  -1.3021733e+00
   2.0000000e+00   6.4210072e-01   1.3084218e+00   1.7701606e+00   1.0857967e+00  -3.3431665e-01  -1.8321091e+00  -1.1023253e+00   1.0924862e+00   1.2783661e+00  -9.3384755e-01  -1.0526477e+00  -7.7555668e-03  -1.7101646e+00  -1.0660749e+00   4.4933026e-01  -8.8226927e-01  -7.6043064e-01   4.9188212e-01
   1.0000000e+00  -9.3153360e-01   5.8467659e-01   3.2528920e-01  -9.1193123e-01   1.6916573e-01   7.5795226e-01   1.5148846e+00   8.4777337e-01  -8.9134062e-02  -5.9636850e-01  -7.1562510e-01   5.9346470e-01   5.5251311e-01   3.6442673e-01  -3.9397454e-01  -5.7006015e-01   6.9135216e-01  -3.5339918e-01
   2.0000000e+00   3.6733986e-01   1.6813803e+00   1.2614756e-01   7.2236481e-01  -4.2466381e-01  -8.8315104e-01   2.0198785e+00  -8.7991264e-02  -1.3712082e+00  -1.8445382e+00   1.0460211e+00  -7.1329794e-01   2.2260059e-02  -1.4324999e+00  -4.8504401e-01  -1.7178761e+00   1.3212170e-01   9.3834357e-01
   2.0000000e+00  -9.1150250e-01   2.1999807e-01   1.0813650e+00  -5.8917082e-01   4.1869099e-01  -1.4445751e+00  -1.1170391e-01  -9.0397204e-01   7.4748340e-01  -1.0053840e-01   4.2815010e-01  -7.5084988e-01   1.1895560e+00  -9.5898896e-01   2.1706460e+00  -1.8341269e-01   2.2488675e+00   2.1093402e+00
   1.0000000e+00   6.7958256e-02   5.8897025e-01  -8.6328075e-01   1.1110486e-01  -4.9740117e-01   5.1926253e-01  -1.0635359e+00   3.8815640e-02   3.0542975e-01  -8.8620034e-01  -2.4215756e+00   6.4338837e-01   7.5448793e-01   5.8139826e-02  -9.0392745e-01   4.2643044e-01   2.3157110e-01  -1.7531532e-02
   2.0000000e+00   1.2507654e+00   5.2804909e-01  -1.2442113e+00   7.1172100e-01   5.5729187e-01   3.0681444e-01   7.4120522e-01   4.6627454e-01   2.7178240e-01   1.3592117e+00  -1.7441988e+00  -4.7460776e-01   8.2463200e-01   1.1575039e+00  -2.9009534e-01   1.6906761e+00  -1.1783825e+00   6.3718514e-02
   2.0000000e+00   5.9963371e-02   1.0627794e+00  -2.9105966e-01   9.4259396e-01  -1.4046627e+00   6.3561072e-02   7.1726190e-01   9.4672955e-01   9.2426622e-01  -3.7205992e-01   6.0794142e-01   1.9437674e-01  -1.6696633e+00   3.2293213e-01   2.3064548e+00   2.7942065e-01   5.6971643e-02  -3.3718827e-02
   2.0000000e+00   1.1113561e+00   7.5811477e-01  -6.4174826e-01  -1.3791832e+00  -5.4697216e-01   9.6151107e-01  -2.1594982e-01  -5.6247910e-02  -2.9891082e-01   7.9660492e-02  -6.6389294e-01  -9.3655898e-01  -1.4202245e-01   6.9116480e-01  -1.2474631e+00  -3.4391722e-01   3.3288177e-01  -5.6238295e-01
   2.0000000e+00   7.6605978e-01   2.1260736e+00  -8.6030782e-01  -7.5399705e-01  -1.5613561e-02  -6.3296927e-01  -1.2364312e-01  -6.3901586e-01   2.5585524e+00   1.8102758e+00   1.1629504e+00  -3.7023227e-01   2.0013203e-01   1.1301236e+00   8.1589373e-01  -6.7854360e-01  -1.0726049e+00  -9.4338106e-01
   2.0000000e+00   1.8511841e+00  -1.1893276e+00  -2.0750663e-01  -1.8282727e-01  -6.7090508e-01   3.1714680e-01  -8.4652397e-01  -3.1979534e-01  -8.7924260e-01  -2.5972602e+00  -8.0844760e-02  -1.2149668e+00   1.0250506e+00   1.0248707e+00   5.6558398e-01  -4.8935072e-01  -2.0055349e+00   1.2064437e-01
   2.0000000e+00   4.0084669e-02  -1.1938593e+00   8.3691859e-02  -6.3648874e-01  -2.1815483e+00   2.7197189e-01  -6.7988979e-01   3.7410353e-02   8.9116209e-01  -7.5976039e-01  -1.5473777e+00  -1.4251862e+00   1.7108449e+00   3.6087327e-01  -2.6028417e-01  -1.1208922e+00  -1.3027024e+00   8.6330171e-01
   1.0000000e+00  -9.4289167e-01  -3.5144785e-01   1.8152408e-01  -1.5869877e+00   7.2320957e-01   7.2106628e-01  -2.4643071e+00  -1.3771404e+00   5.6245746e-02   2.2573188e-01   1.8742816e-01  -2.1545816e+00   3.3543457e-01   8.1455417e-01   1.8096135e-01   7.7519108e-01   1.6674566e-02  -2.5661631e-01
   1.0000000e+00  -1.9113555e-01   2.2374177e-01   1.4712446e+00   7.1662609e-01   1.2969169e+00   2.7303212e-01  -3.8451661e-01   3.9791400e-01  -5.2730183e-01   8.0269889e-01  -9.5070599e-01  -1.6268470e+00  -8.8727549e-01   1.7952922e-01  -5.6779296e-01   7.1635251e-01  -4.3653440e-01  -1.7333429e+00
   2.0000000e+00   5.4135717e-01   2.1873301e-01  -2.8083468e-01  -2.1903742e-01   8.5394770e-02  -6.6416234e-01   7.0383985e-01   9.8283300e-01   1.1741561e+00   5.9788860e-01  -1.2470848e-01  -2.2729196e+00   6.7291733e-01  -2.8075666e-01   8.9521732e-01   3.3426795e-01   8.6001452e-01   2.7789880e-01
   2.0000000e+00  -1.9115594e-01  -3.3057583e-01  -1.4400397e+00  -1.9825530e+00   4.4166996e-01  -5.3428928e-01   4.6057760e-01  -1.1959298e+00  -6.4309104e-02   3.0621294e-01   9.9213152e-01   8.7286872e-01  -1.8251588e-01  -1.4354282e+00  -1.6724176e+00   3.8256232e-02  -9.3173170e-01  -4.4351295e-01
   2.0000000e+00  -1.4722785e+00   9.0613574e-03  -4.3864747e-02   1.7486972e-02  -1.3075261e+00   3.4067680e-01  -1.1339880e+00  -1.6732880e+00  -1.7527005e+00  -1.3696752e+00   8.2369348e-01  -3.5031102e-01  -2.4485484e-01  -1.3213872e+00  -1.2705067e+00   3.8963721e-01  -6.0113049e-01  -4.7156136e-01
   2.0000000e+00   5.4383868e-01  -5.6051933e-01  -6.6932480e-01   9.9364390e-02   1.0136605e+00   6.2255423e-01   2.2941634e+00  -3.0629784e-01  -1.5686380e-01  -6.0031430e-01   7.5267159e-02   4.5090418e-01   1.5571494e+00  -1.7467669e-01   7.1536130e-01   7.5931209e-01   4.3173628e-01  -1.2985538e+00
   2.0000000e+00   8.3471210e-01  -8.0326740e-01   5.5958010e-01   5.6959617e-01  -1.2666522e+00   9.1315038e-01  -1.3464706e-01   9.2358361e-02   4.9802121e-01  -1.4068292e+00  -7.3303270e-02  -9.4617066e-02   1.9885432e-01   1.9823930e+00   2.0960816e+00   1.0071473e-01   9.6033428e-01  -6.7714583e-01
   2.0000000e+00  -5.0423094e-01  -1.7992877e+00  -9.8899640e-02   3.4716724e-01   7.4527185e-01  -1.1064349e+00  -4.3483233e-01  -7.8568223e-01  -4.9924784e-01   1.0156329e+00   3.0865785e-01   3.7941226e-01   3.4182110e-02  -7.5906840e-01  -5.8853565e-01  -9.6186477e-01  -2.8458271e-01  -2.0381297e-01
   1.0000000e+00  -2.4735866e-02  -5.3808000e-02   3.9527724e-01   1.5692801e+00   1.6889136e+00  -9.3195339e-01   1.7932701e-01   9.5888481e-01  -8.3404596e-01   6.3843459e-01  -5.5790769e-01   6.2216447e-01   8.8908447e-02   6.5391402e-01   1.7544920e-01   1.0992516e+00   9.9821025e-01  -1.3936829e+00
   2.0000000e+00   4.6491176e-01  -6.1211868e-01  -1.6297905e+00   1.2851055e+00  -5.9119495e-01   8.6397769e-01  -1.4289968e+00   3.4148694e-02   4.7235714e-01  -1.4036887e+00   6.9900048e-01  -2.3085222e-01  -1.9220488e+00  -1.0181110e+00   3.6667120e-01  -4.3136250e-01   1.1947582e+00  -6.9343787e-01
   2.0000000e+00   7.8578928e-01   2.4994245e+00   8.3354625e-02   1.0282250e+00   1.0818643e+00   1.2537281e+00   4.1617659e-01   8.5909396e-01  -1.5154831e+00  -1.6899792e-01   4.5154041e-01   1.7435107e+00  -7.4996813e-01   3.2713052e-01   2.7201354e-01   1.1536931e+00  -2.8617130e+00   3.8539620e-01
   2.0000000e+00   2.5767627e-01   1.3206189e+00   8.9449133e-01   7.3949518e-01   7.2883557e-01   2.2817469e-01  -1.0492754e+00   1.0087579e+00   1.9279439e+00   4.1280777e-01   7.1534387e-02  -2.7821109e-01   7.9508035e-01   1.2538378e+00  -1.4082199e+00  -9.6768599e-01   1.3289926e+00   6.6914923e-01
   1.0000000e+00   2.4257618e-01   3.1252180e-01  -5.6482140e-01   1.0168373e+00  -9.1904411e-01   1.0543636e+00  -2.6625033e-01  -4.5583677e-01  -1.7154638e+00  -1.1686294e+00   5.7140930e-01  -5.8083585e-01  -8.0100879e-01   2.4292807e-01   1.3767678e+00   8.1988197e-01  -9.9635353e-02   4.3299633e-01
   2.0000000e+00   1.1050658e-01   2.4803189e-01   3.0983826e+00   1.6332474e-03  -8.2338477e-01  -6.6380057e-01   8.1357710e-01   1.2739126e+00  -7.7078360e-01   1.3811214e-02  -8.4609283e-02   6.9767432e-01  -2.4560961e-01  -1.5015596e+00  -2.2096212e+00   4.1629407e-01  -3.5931254e-02  -8.2934407e-01
   2.0000000e+00  -4.4628901e-02  -1.0882257e+00   5.3832786e-01   1.2585335e+00   3.1175130e-02   3.9564536e-01  -1.0582466e+00  -5.2290594e-01   3.9253339e-01  -1.8778634e-01   7.0776429e-01  -1.1046087e+00  -1.1747235e+00   4.4709221e-01  -5.2911323e-01   8.5614709e-01  -8.5399616e-02  -1.4684494e+00
   2.0000000e+00  -1.8756846e+00   3.5902538e-01  -1.0710538e-01  -1.1904730e+00   1.3643693e+00   1.4480815e+00   2.5717716e-01  -2.1703935e-01   1.5150765e+00   2.7301790e-01   1.7642274e-01  -4.7052078e-01  -1.0291121e-01  -1.3903343e+00  -4.4816876e-01   6.8779207e-03   8.3310938e-01  -5.3988234e-01
   1.0000000e+00   6.2855480e-01  -6.5320420e-01   1.2142556e-01   2.7190072e-01   6.4238001e-01   1.8677116e+00   3.7164709e-01  -1.9717999e+00   8.1698562e-02  -8.1712106e-01   1.8156051e+00   5.5042222e-01   2.2642353e+00   4.4987155e-01  -1.9846591e+00   6.2447567e-01  -2.7123729e-01  -4.4486442e-01
   2.0000000e+00  -8.3979254e-01   4.3333926e-01  -2.7040063e-01   2.0377399e+00   5.3485497e-01  -9.4069858e-01   6.7273898e-02   4.9455438e-01  -1.2161875e+00  -3.8077407e-01  -8.4306264e-01  -1.8296564e-01   5.7009773e-02   1.4282347e+00  -1.1177814e+00   5.9622278e-01   2.9960465e-01  -2.5096655e-02
   2.0000000e+00   1.3032675e-01   3.7507473e-01  -3.0767593e-01  -3.7223319e-01  -2.1235739e+00  -3.1773403e-01   9.4044702e-01   7.8601408e-01  -5.5043650e-01  -1.0469402e-01  -2.0702097e+00  -7.9248710e-01   6.5304611e-01  -5.9190226e-01  -6.5500549e-01   4.8003081e-01  -9.5208795e-01  -9.9641736e-01
   1.0000000e+00  -1.0978408e+00   5.9916469e-01  -1.4139265e+00  -1.1657444e+00  -1.3219104e+00  -8.0258851e-02  -9.2739025e-01   1.0654654e+00   1.0291036e+00   4.4794698e-01   8.3853990e-01   1.2895352e+00   9.2959010e-01   4.5643667e-01  -1.9532257e-01   8.5993649e-01   2.4878230e+00   1.4524126e+00
   2.0000000e+00  -1.1598946e+00  -5.9031655e-01  -2.1375232e-03   6.3913496e-01   3.0217131e-01   2.5887409e+00  -4.0870287e-01  -4.8315618e-01   1.8325985e+00  -6.9761393e-01  -5.1897172e-01  -1.6752139e-05   1.4608303e+00   9.1718627e-01  -1.0001487e+00  -6.5821467e-01  -1.8114798e+00  -1.6994128e+00
   1.0000000e+00  -1.4552908e+00  -1.0671148e-01   7.4657104e-02  -3.4076146e-01   1.8646365e+00  -4.6579798e-01  -1.4748968e+00  -1.6947059e-01  -5.0096797e-01  -1.0638683e-01   2.6659335e+00  -6.8781628e-01  -7.7966795e-01   1.5395550e-01   4.0902056e-01  -1.9388962e+00   9.4987655e-01  -1.3805154e+00
   2.0000000e+00   3.1153851e-01   9.1667019e-01  -7.6934925e-01  -1.5389764e+00   6.7956386e-01   1.3274974e+00  -4.1705277e-01  -1.9285447e+00  -1.1929894e+00   7.0520472e-01   3.7610008e-01   7.4056016e-01   2.1035425e+00  -5.2242532e-01  -1.6707976e+00   7.2874507e-01  -7.8513073e-01   4.8005906e-01
   2.0000000e+00   1.3188644e+00   1.0259182e+00  -1.3285427e+00  -2.9029734e-01  -1.3701992e+00  -9.5076131e-01  -1.2300308e+00  -1.5238500e+00  -8.5908579e-01  -2.6910644e-01  -2.0925948e-01   1.4780632e-01   3.4095335e-02  -1.1796262e-02  -1.6512214e-01   2.5599656e-01   5.0965397e-01  -8.3100226e-02
   2.0000000e+00  -2.3093619e+00   1.2501610e+00  -9.8412783e-01  -5.8990206e-02   4.8025911e-01   1.5037932e+00  -1.6565181e+00  -7.6733589e-02   1.4386889e-02   1.4379986e+00  -1.1736326e+00   8.7722344e-01   3.6514134e-01   6.7413586e-01  -3.8998219e-01   1.7023968e-01  -8.0666603e-01   4.5496557e-02
   2.0000000e+00  -4.5159185e-01   1.0386496e-01  -9.0032475e-01  -2.3536917e-01  -4.9982404e-01   1.3902298e+00  -2.3253252e-01   1.9493973e-03  -1.0455173e+00   3.7767491e-01  -2.5990684e+00   8.8223241e-01  -1.8167428e+00  -1.5355939e-01  -2.9095304e-01   1.0129061e+00  -1.2911699e+00  -3.1693392e-01
   2.0000000e+00  -1.5434019e+00   9.6993597e-01  -8.0726055e-01  -5.3134554e-02   4.3854020e-01   7.1194068e-01   1.1148652e+00   1.0155350e+00   2.1096351e+00  -6.3341660e-01   1.8868257e+00   6.7637382e-01  -2.0023059e-01  -3.0527083e+00   3.0851576e-01  -8.9930656e-01  -2.0672041e-01   5.2505518e-01
   2.0000000e+00   1.6796652e+00  -1.5995635e-01   9.7933372e-04   3.0325159e-02   5.4292628e-01  -2.2107140e+00  -1.4758265e-01  -9.5250358e-01   9.8184909e-01   1.3987920e+00   6.6481052e-02   5.3808128e-01  -2.2993245e+00   1.0482060e-01   1.3060335e-01   5.1549040e-02   1.7790653e+00   6.7938566e-01
   2.0000000e+00  -1.4388585e+00   1.5036337e+00  -9.4183581e-01   1.7073714e+00   1.0167108e+00  -1.2034737e+00   1.4964261e+00  -1.3984490e+00   7.8683942e-02   4.7435359e-01   6.1421304e-01   2.3448496e-01  -1.4993606e+00  -7.8395349e-01  -4.9853020e-01   7.4975700e-01  -9.0904662e-01   1.5757085e+00
   1.0000000e+00  -3.8895458e-01  -8.4555032e-01  -1.2288584e-01  -1.0926627e+00  -6.0170079e-01  -1.4149545e+00  -3.5334369e-01  -6.9806608e-01  -1.9233656e+00   4.4769108e-01  -7.0559218e-01  -4.1737719e-02   3.5767710e-01   8.8734619e-02   1.3287555e-01   6.5099564e-01   3.7173752e-01   8.9996750e-01
   2.0000000e+00  -8.6007411e-01  -1.0483837e+00  -2.2443329e+00  -4.3554799e-01  -4.0866170e-01   1.7717255e+00  -9.4377665e-02   1.1631271e+00  -1.2058516e+00  -8.3835860e-02  -2.2690919e-01  -4.3341165e-01  -7.3831311e-01  -1.4110723e-01  -1.8178578e-01   7.5012318e-01  -6.7007790e-01   3.1490403e-01
   1.0000000e+00   9.8724300e-01   6.3122405e-01   4.6190980e-01  -1.4541711e-01  -4.4074917e-01   1.3752782e+00  -5.1936917e-01  -6.1578654e-01   3.2552919e-01  -8.3850599e-01   3.0690449e-01   8.0941702e-01  -1.3234102e+00   7.2654217e-01   1.1284959e-01  -1.5133350e-01   2.0058614e+00  -9.3173040e-01
   2.0000000e+00  -2.1687693e+00  -2.5890493e+00   7.0910583e-01  -9.7667945e-01  -5.9485041e-01   4.1232880e-01  -9.8242301e-01   1.1088143e+00   3.1165035e+00   9.1451403e-01  -7.2191650e-01   3.9220795e-01  -1.7539419e+00   4.1318082e-02  -1.3454593e+00  -7.8055442e-02  -1.3255757e+00   3.7695729e-01
   2.0000000e+00  -9.0330946e-01  -1.1098823e+00   5.6659536e-01   1.4657772e+00  -1.4723370e+00   8.3112629e-01  -1.2080470e+00  -6.5141808e-01  -5.9950468e-02  -9.1575986e-01   8.1062374e-02   9.6318929e-01   9.5230916e-02   5.7653957e-01   5.5432833e-01   2.0226602e-01  -1.2931824e+00  -3.4307826e-02
   2.0000000e+00   1.2146289e+00  -1.5707840e+00  -2.8220737e-01  -2.1142045e+00   5.7800371e-01   3.1371815e-01  -7.4669927e-01   4.7056849e-01  -8.7295503e-01  -3.5771533e-01   6.0011421e-01   4.0234883e-01   8.8440674e-02   1.0200964e+00   2.1490562e-01  -1.0607974e+00   5.0543513e-01  -6.0888832e-01
   2.0000000e+00   4.3230931e-02  -9.3253736e-01  -1.9944185e-01  -2.3715900e+00   2.3939424e-01  -4.9346003e-01  -1.6565402e+00   1.7079561e-01  -1.9974998e-01   1.2812288e+00   6.2027833e-01  -6.4697278e-01   1.4201498e+00  -6.1366078e-01   5.5083790e-02   1.0352155e+00  -6.5661784e-01  -6.1705342e-01
   2.0000000e+00  -9.4388520e-01  -2.8506209e-01  -1.5908836e-01   2.3786861e-01   7.3039467e-01   3.8808998e-01   1.2175065e+00   1.5674329e+00   1.0488463e+00  -1.0828535e+00  -1.4700017e+00   1.3731329e+00   2.8732523e-01   1.3080894e+00  -4.2961394e-01   1.2981860e+00   2.8111890e-01   1.5082389e+00
   2.0000000e+00   2.2744604e+00   1.1494590e+00  -1.5744293e+00  -2.1413653e-01   3.1916725e-01  -9.8528409e-02   2.2433904e-01   8.1139926e-01   1.8540536e-01   1.2082324e+00  -8.0433159e-01  -1.3094031e-01   7.5585434e-01   1.0662544e-02   7.0829530e-01   8.1237324e-01  -2.7322841e-01   1.5519558e+00
   2.0000000e+00  -2.7407894e-01   1.5048951e+00  -5.9427055e-01  -3.0451717e-01  -1.5439613e+00  -1.8341909e+00   2.2396247e-01   3.3832422e-01  -1.4649406e+00   6.5848734e-01   7.2278163e-01   1.7668282e+00   7.6281688e-01  -4.2024329e-01  -7.8655305e-01  -5.2493715e-01  -6.1208022e-01   1.2637725e+00
   2.0000000e+00  -1.5829582e+00  -3.4703173e-01  -7.3406044e-01  -1.9034939e-01  -6.5221973e-01   1.7640217e+00   1.2147358e+00  -1.0629690e+00  -6.2444703e-01  -9.1033763e-01   1.0862222e+00   4.1855565e-01   4.3594538e-01  -1.2476244e+00  -1.3576695e+00   1.5948501e+00   1.1007522e+00   6.7340893e-01
   1.0000000e+00   3.8725337e-01  -5.0908176e-01  -4.8440860e-01   1.0068231e+00   1.3165998e+00   2.2326632e-01  -4.1512863e-01  -2.1925245e-01  -1.2801645e+00   8.7824384e-01   3.1094022e-01  -7.7700711e-01  -9.6544732e-01   1.2569642e-01   1.2497522e+00  -1.0347311e+00   2.0781333e-01   6.0017466e-02
   2.0000000e+00   4.3636999e-01  -2.1111780e-01   4.7861596e-01  -2.6600431e+00   6.7985887e-01  -1.8958328e-01  -6.4573186e-01   7.9358684e-01  -6.0799289e-01   6.8003186e-01  -2.3574567e-01  -2.3719877e-02  -8.0388202e-01   1.3761621e+00  -5.0212456e-01  -2.2531237e-01   5.0330290e-01   6.1474315e-01
   2.0000000e+00  -3.3049819e-01  -1.3476612e+00  -4.2066081e-01   7.3959754e-01  -1.4565835e-01   6.3327901e-01  -3.5591817e-01   2.1305193e+00  -1.3890017e+00  -1.4450722e+00   4.3159506e-01   7.0326835e-01   1.9831533e-01   3.1993865e-01   8.0978304e-01  -2.5011880e-01  -1.1078995e+00  -1.4778138e+00
   2.0000000e+00   9.2569791e-01  -1.4613977e+00   5.8538598e-01   6.3777784e-01   5.5795323e-01   4.5244439e-01   2.9135259e-01  -1.8257736e-01  -2.3075374e-01  -3.4333229e-01  -1.6753126e-01  -1.3978039e+00  -7.0804110e-01   1.3954994e+00   4.3109920e-01  -5.3850622e-01  -1.7366488e+00   1.3834316e-01
   2.0000000e+00   1.8984668e+00   9.3934032e-01   8.6574806e-02   7.0268268e-01  -6.6087544e-01  -9.7290639e-01   4.0504262e-01  -1.0977597e+00   5.4092391e-01  -8.1772067e-01   1.4603167e-01   1.4891445e-01  -6.4230486e-01   7.8863083e-01   1.4509065e+00   1.6489438e+00  -1.3765180e-01   7.0373616e-01
   1.0000000e+00  -1.3242410e+00  -6.5377364e-01   1.7876864e+00  -8.5397661e-01   8.0766593e-01   8.9853534e-01   9.0694913e-01   7.2723108e-01   2.2020203e-01   4.7356876e-01  -2.0526687e-02   1.4329900e+00   4.9665550e-01   1.0162494e-01  -6.8283532e-02  -1.6753792e-01   1.6059028e+00   1.3920264e-01
   2.0000000e+00   1.7775562e+00  -9.5496457e-01  -1.6383949e+00   2.1065697e+00   5.2900725e-01   1.5606515e+00   6.0889864e-01  -1.0694786e+00  -5.5525700e-01  -3.0460930e-01   5.3669702e-01  -5.9424479e-01  -2.2908474e-01   2.5049544e+00   1.6764711e+00   8.9584031e-01   5.7192094e-01   7.6294440e-01
   2.0000000e+00  -1.8384964e+00   8.5360129e-01   4.6923373e-01  -2.0115369e-01   9.2342641e-01   1.1264496e+00  -1.9871120e+00  -2.1383855e+00   4.7814547e-02  -7.7358838e-02  -1.2317558e+00   1.8799272e-01  -8.9986961e-01   1.0104105e+00  -9.0779627e-01   6.9516921e-01  -1.5556133e-01   3.6280287e-01
   1.0000000e+00  -1.6171233e+00  -2.3952988e-01  -1.8630273e-01  -1.6140709e+00   1.1649365e+00  -7.6044953e-01  -5.1624164e-01  -5.8321607e-01  -1.3451246e+00   1.1213853e-01   2.2845427e+00  -1.5016824e+00   6.1028245e-01   5.8995077e-01   5.4593753e-01  -1.1169847e+00   4.3103365e-01   1.0576559e+00
   1.0000000e+00   1.9881369e-02   2.8581583e-01   1.8146573e-01  -3.9298410e-01  -1.4281494e+00  -4.6119837e-01  -9.8453506e-01  -4.6226627e-01   8.1482279e-01  -5.0401336e-01  -7.0256722e-01  -7.7677374e-01   6.4631679e-01   6.6594734e-01  -6.0717568e-01  -2.3010928e-02  -9.8739137e-01   1.4987296e+00
   2.0000000e+00  -5.9062231e-02   1.3410120e+00  -9.1414977e-02  -5.7140214e-01  -1.4786229e-02  -2.4249651e+00  -5.9140546e-01  -8.9171291e-01   1.7228001e-01  -4.3341385e-01  -9.1323266e-01   9.9824900e-01   1.2129815e+00   5.0409294e-02  -1.5034595e+00  -2.9470100e-01  -1.7741806e+00   5.7083445e-02
   2.0000000e+00  -1.3946349e+00   1.2295743e+00  -4.1206355e-01  -6.5855668e-01   4.6897345e-01   1.0525370e-01   2.8599022e-01   3.9055247e-01  -1.0141094e+00  -2.3056869e+00   8.3047194e-01   1.0726057e+00   1.5746212e+00   2.3026159e-01  -5.1184744e-01   6.2822426e-01   4.0371671e-01   1.0462914e+00
   2.0000000e+00  -1.4845213e+00   1.5327061e-01  -6.1787849e-01  -9.6269951e-01   8.5330105e-01  -2.1744696e-01   7.7881251e-01   4.7471974e-01   6.9942689e-01  -2.4069781e+00  -5.6594927e-01   2.8814105e-01  -1.3732483e+00  -3.9488399e-01   3.3438102e-01   3.2983239e-01  -7.0541022e-01   7.9655783e-03
   2.0000000e+00  -2.1375125e-01   6.2408521e-01  -8.2364603e-02  -3.0093450e-01  -3.8747680e-01   3.9792693e-01   7.8974499e-01  -1.5759815e+00  -9.7932058e-01  -2.1583184e-01   7.8887069e-01   1.2747887e+00   1.4249039e+00  -5.6254810e-01   3.4131842e-02  -3.8459800e-01  -1.8110675e+00   1.9039589e-01
   2.0000000e+00  -1.0220517e-01  -1.1340618e+00  -6.8185707e-01  -8.3951868e-01   3.8021310e-01  -9.9004047e-01   2.2230486e-01   1.0934565e+00  -6.4383289e-01   2.3581380e-01   7.8974885e-01   3.5805700e-01  -5.6002980e-01   3.5214329e-02  -1.1799309e+00  -4.9192301e-01  -9.9954047e-01   7.5222093e-01
   2.0000000e+00  -3.5890457e-01   4.6495944e-01   2.4440033e-01   2.6083050e+00   1.9981770e+00  -2.4817037e+00  -1.6717026e-01  -7.5216902e-01  -5.3700199e-01  -1.1491892e+00   8.9604823e-01  -1.6235733e+00   1.2164728e+00  -5.5661028e-01  -2.0772348e-01   1.4180566e-02   1.1988095e-01   4.4874420e-02
   2.0000000e+00  -6.3014357e-01  -9.4751790e-01   2.3953543e+00   1.7620035e+00   2.2086973e-01   6.5720119e-02  -1.0125441e+00  -5.6210651e-01   5.0133248e-02   1.1158630e+00  -7.1767508e-01  -1.3320067e+00  -3.9428255e-01  -2.0016927e-01  -7.9783965e-01  -7.1141070e-01  -3.2038563e-01   3.4293556e-01
   2.0000000e+00   1.3205653e+00   1.8839731e+00   2.1864210e+00   2.0408645e-01  -4.0936210e-01   9.7184070e-01  -2.3106309e-01  -1.4656964e-01  -3.2472384e-01   2.5138474e-01  -5.0839385e-01  -3.4970015e-01   5.3745723e-01   1.9254063e-01  -1.2130332e-01   8.0079002e-01   1.7642972e+00  -1.8955430e+00
   2.0000000e+00  -7.1412837e-01  -6.6177981e-01   7.3194856e-02  -1.2373899e+00  -5.4419366e-01   1.0376041e+00   2.2804361e+00   5.8009506e-01  -1.4440124e+00   5.9345530e-01   1.5579522e+00   2.5308836e-01   5.4024759e-01  -2.2119861e-01   9.7813290e-01  -3.8705068e-01  -2.6723710e-01  -6.5418226e-01
   1.0000000e+00  -1.0839055e+00  -4.3744622e-01   1.5581762e+00  -9.8696999e-01  -4.9061119e-01  -1.5798634e+00  -4.7884353e-01  -7.9889559e-01   8.5748552e-01   1.4992052e+00  -6.3462316e-01  -7.5527805e-01   1.4278967e+00   7.2839218e-02  -3.4834594e-01   1.2886800e-01   2.0112961e-01   1.0083992e+00
   2.0000000e+00   2.3893082e+00   1.1908444e+00  -6.5153123e-01  -6.8846986e-01  -2.6074995e-01  -5.7145817e-01   2.4350314e+00   2.2688026e+00  -7.4991460e-01   4.1115009e-01  -8.0045000e-01   1.1730233e+00   3.6387440e-01  -7.8942450e-01   3.0671943e-01   1.1569607e+00   4.5386200e-01   9.6302577e-01
   2.0000000e+00  -6.3838143e-01  -6.5020648e-01  -1.2602082e+00   8.5360825e-01   3.6481683e-02   1.3426241e-01   9.1616652e-01   8.1943740e-01  -4.0342791e-01   1.6183069e+00   1.4685222e+00   2.7338636e-01   5.2481225e-01  -4.7608277e-01  -7.2897265e-01   5.3809490e-01   2.1341891e-01  -1.9228086e-01
   2.0000000e+00  -2.1554676e-01   7.4832313e-01   3.0392514e+00  -5.0270269e-01   2.1353058e+00   2.7078280e-01   5.9739911e-01  -3.0985528e-01   6.9456350e-03   1.6031580e+00  -1.6109177e+00  -2.6063776e-01  -3.7258106e-02   1.5726121e+00  -2.0540524e+00  -1.2942414e+00   1.0409438e+00  -3.2125327e-01
   2.0000000e+00   1.3796777e+00  -1.3039968e+00  -5.7083979e-01  -1.4571160e+00  -6.8834667e-02   5.1699883e-01   8.9166454e-01  -7.2602624e-01  -8.5637982e-01   3.2685688e+00  -1.5264990e+00  -1.0823019e+00   4.6457311e-01  -1.0586238e+00  -2.1071538e+00   4.8986032e-01  -1.2997239e-01  -1.9306859e+00
   2.0000000e+00  -2.0208439e+00  -7.1574890e-01   2.8555971e+00   9.2023636e-02   1.6359358e-01  -1.8254919e-01  -1.0500836e+00   3.2205362e-01   2.9205120e-01   1.2545315e+00  -1.3310012e+00  -2.2434857e-01   5.7580051e-02   1.1569117e+00   1.8585270e+00  -2.4418492e-01  -5.3678175e-01  -1.0466861e+00
   1.0000000e+00   2.5380183e-01   7.6587178e-01  -1.0126047e+00   2.3820407e-02   1.0663695e+00  -1.0354675e-01  -7.8659494e-01  -1.0800169e+00  -7.6177405e-01   3.2046382e-01  -2.1238834e+00  -2.1368397e+00  -1.5402386e+00   2.3708884e-01  -1.0736828e+00   1.9403934e+00  -5.3706991e-01  -1.1509957e+00
   2.0000000e+00  -8.8712590e-01   1.0117447e+00  -1.5644977e+00   1.0046137e+00   2.1777245e-01  -6.8459292e-02  -6.4081138e-01  -2.1120855e-02   5.4224786e-01   1.7333488e-01  -4.3612681e-01   9.2617383e-01  -1.0592131e+00   5.2857317e-01  -5.9339511e-01   7.9337621e-01  -2.0607796e-02  -6.2455559e-01
   2.0000000e+00   7.5983090e-01  -1.4304703e-02   2.2413454e-01   8.1807631e-01  -3.8119082e-02  -6.5627330e-01  -2.0766579e-01   5.0180046e-01  -4.5226767e-01   2.8435429e+00   1.5399105e-01  -1.1673858e-01  -8.0003879e-01  -8.8151167e-01  -6.1648388e-01  -4.2280561e-01   1.3679731e+00   2.4587181e+00
   2.0000000e+00  -6.0404200e-01   2.0332120e+00  -2.0425951e+00  -1.2251941e-01  -8.5932984e-01   4.1197440e-01  -8.8319010e-01  -2.3518027e-01   3.4100526e-01  -1.2756572e-01   4.8927398e-01  -1.7549273e-01   6.8132241e-01   2.7391856e-01   4.5893304e-01   2.1538169e+00   5.7649286e-02  -5.1528903e-02
   1.0000000e+00   4.0312246e-02   9.3295522e-01   1.5357856e+00  -2.7563664e-01   1.3578228e+00  -1.6344463e-01  -1.0235562e+00  -1.1511109e+00  -5.9645263e-01   1.5712207e+00  -5.6172242e-01  -4.8293868e-01   9.0893570e-01   3.0065612e-01   8.2689497e-01  -1.7283215e+00   4.4083628e-01  -2.0266099e+00
   2.0000000e+00  -5.9556469e-01  -5.5691597e-01   1.3633199e+00   9.0880944e-01   1.0887767e+00  -2.2730470e+00   9.0667429e-01   1.7153190e+00   1.2866231e+00  -7.0856448e-01   5.8943527e-01   1.8566877e-01  -1.3732424e+00   1.1138278e+00   5.1690101e-01  -9.8005166e-01  -1.3440383e+00  -1.0571445e+00
   2.0000000e+00  -3.5891665e-01   2.8893019e-01  -1.6810828e-01   9.2612520e-01  -5.3520310e-01  -2.2876478e-01   7.0943557e-01   1.8547526e-03  -1.2315634e-01   5.1887667e-01   2.0890871e-01  -3.6611193e-01   8.1167831e-01  -2.2602814e+00   9.8877208e-01  -3.0955211e-01  -1.7946307e-02   1.3490061e+00
   1.0000000e+00  -1.1308325e+00   4.7604130e-01  -2.6910724e+00   3.0397577e-01  -4.1562446e-01  -6.8544652e-01   2.8233201e-01   4.6723822e-02  -1.5903576e+00   3.3552235e-01  -6.9475355e-01  -5.1648620e-01   1.7458863e+00   2.6926656e-01   1.5045533e+00   5.4246682e-01   2.5319857e-01  -1.8414797e+00
   2.0000000e+00  -2.6555406e-01   2.6395815e-01  -3.9517662e-01  -2.6702217e-01   1.1481595e+00   1.5548327e+00  -5.0522434e-01   1.6869218e+00   8.1252148e-01   1.5156430e+00   1.3869089e+00  -7.1293722e-01  -8.5641131e-01  -9.1291510e-01   4.6638046e-01  -2.1505000e+00   4.5302330e-02   1.4452036e+00
   2.0000000e+00  -4.5676158e-01   4.1049178e-01   1.4429749e+00  -2.3899944e+00   3.8620270e-01  -4.9430853e-02   1.2920502e+00   8.2661215e-01   7.9204604e-01   6.3085356e-02   1.6875166e+00  -2.0120204e-01   1.3730482e+00  -3.6764539e-01  -9.3604851e-01  -5.6137633e-01  -1.0943122e+00  -2.6224690e-01
   1.0000000e+00   1.5773550e+00  -8.7134828e-02  -3.6087024e-01  -3.4157432e-01  -1.0044379e+00   5.5353022e-01   1.4117136e+00   6.5446005e-01  -5.0399513e-01  -5.5730943e-02   1.5164067e+00   3.8187601e-01   8.0619671e-01   1.3246246e-01   1.5277834e+00  -5.2934833e-01   1.4338740e+00  -3.0745810e-02
   2.0000000e+00  -7.0537819e-01  -6.8432495e-01  -1.1734063e+00   9.8735690e-01  -3.1015896e-01  -8.4176342e-02   6.3758191e-01   8.5355497e-01   1.3433653e+00  -8.0752531e-01   8.5020706e-01   5.6658418e-01   1.9198535e+00  -1.0415767e+00   2.2247075e+00   3.3738628e-01   2.5160090e-01  -1.3099506e+00
   1.0000000e+00   8.9403684e-02  -3.4494413e-01   2.8614616e-01  -8.2926925e-01  -1.4367231e-01  -1.0549625e+00  -1.2892988e+00  -4.8316848e-01   1.7368875e+00  -1.0233069e+00  -9.7712490e-01  -1.0767689e-02  -1.2881710e+00   1.6068670e-01  -3.8639971e-01   1.3032602e+00  -1.8718810e+00  -9.1302868e-01
   2.0000000e+00  -6.2211064e-01  -9.7802115e-01   2.7353620e-01   1.4545951e+00   1.2867302e-01   1.2570396e-01   8.3502139e-01  -7.4090534e-01  -4.4553619e-03   9.3635492e-02   9.3270109e-01   1.3423227e+00  -6.4290971e-01   3.4001028e-01  -6.1903936e-01  -5.2336852e-01   4.7761823e-01  -3.2604459e-01
   2.0000000e+00   1.2810381e+00  -6.9038375e-01   7.1969076e-01  -2.5299970e-01  -1.1940292e+00   4.6012880e-01   4.4128738e-01   1.2325019e+00  -1.3543918e-01   1.4670896e+00  -6.3447951e-01  -5.4528859e-01  -3.9366529e-01  -5.8721205e-02  -1.1478542e+00  -4.0065024e-01  -3.1260524e-01   9.8241198e-01
   2.0000000e+00  -9.3755979e-01   7.3126425e-01  -7.3380986e-02  -2.3865835e+00  -5.2570960e-01  -8.6109141e-01  -4.9297208e-01   1.8906753e+00  -1.4581972e+00   3.5426777e-01   3.6943561e-01   7.6887377e-01   2.8253736e-01  -3.6218948e-01  -1.2476915e+00  -1.8646990e-01   1.5163202e+00   8.4137452e-01
   2.0000000e+00  -1.3797726e+00   6.0636913e-01   2.1123092e-01   1.5133473e+00   7.0996859e-01  -9.4563342e-02  -1.8824668e+00  -4.2751844e-02   8.8214641e-01  -9.1993928e-01   2.9669643e-01  -1.1994493e-01   6.0834037e-01  -3.0742286e-01   3.6870729e-01  -2.4074348e-01   6.4613512e-01  -8.0263454e-01
   2.0000000e+00   1.2931016e+00   6.1376567e-01   1.0020579e+00  -1.0516955e+00   5.3166012e-01  -1.9791941e+00   2.2894133e-01   7.7730169e-01  -3.0730980e-01  -3.2395995e-01  -4.1419113e-01   1.0344995e+00  -1.1161956e+00  -1.2614718e-03   1.0912128e+00   2.2552607e-01   1.2497381e-01  -9.2259080e-01
   2.0000000e+00   2.4841048e-01  -1.4649792e+00   3.3407085e-01  -6.3834590e-01  -3.5984353e-01   1.2039364e-01  -3.0113748e+00   5.1352979e-01   1.0293754e-01   9.0347522e-01  -5.2760952e-01   1.4448040e+00   2.1446873e-01  -4.5641894e-01  -5.1604203e-02  -9.1329605e-01  -3.5056894e-01   5.2371815e-01
   1.0000000e+00  -5.8225151e-01   9.2543505e-02  -1.4191080e+00  -1.4122258e+00   5.3707256e-01  -2.9873470e-01   1.3729561e-01  -2.6480623e-02   1.2488572e-01  -4.8583028e-01  -1.2611153e-01   2.0121537e-01   2.2489132e-01   5.2029680e-01  -9.7338337e-01  -5.6470042e-01   2.5978881e-01   1.8908074e+00
   2.0000000e+00  -1.4584211e+00   1.7350881e+00   1.3678266e+00   2.6890973e-01  -2.1997633e-01   1.4512667e-01   5.1219810e-02  -8.5180705e-02   1.4702298e+00  -4.3005998e-01  -1.8471062e-01   1.6625735e-01  -2.3348045e-01  -1.8083123e-01   1.1224183e-01   3.3699624e-01   1.8765196e+00  -1.8189292e+00
   2.0000000e+00   7.9668827e-01   1.1134712e-01  -3.8522502e-01   2.9523302e-01   3.5423431e-01  -1.6049871e+00   8.7797764e-01   3.8617418e-01   2.1300372e+00   1.0558467e+00   1.5824730e+00  -1.7575121e-01  -4.4505713e-01  -1.0778961e+00  -1.5384671e+00  -3.6332869e-02   8.9299129e-01   7.3620801e-01
   2.0000000e+00  -6.5323567e-01   2.5317893e-01   1.0684581e+00   1.3577216e-01   7.0134023e-01   1.0167892e+00  -2.9584731e-01   3.0045703e-01  -2.8150918e-01   4.6502858e-01   1.6976500e-01  -1.1699993e+00   1.5082218e-01  -1.4882781e-01  -1.3087116e+00   2.2827959e+00   2.9232129e-02   2.4528107e-01
   2.0000000e+00  -1.2249913e-01   4.8312696e-01   1.0624310e+00   6.1154246e-01   9.5805563e-01  -4.3787242e-01  -9.2175066e-01   1.5772560e+00  -3.8251015e-01  -5.2902620e-02  -2.7163663e+00   1.3729930e+00   1.2185354e+00  -1.3852081e+00   2.1034425e+00   4.3913393e-01  -1.5390640e+00  -8.6917955e-01
   2.0000000e+00   1.1741526e+00   3.7528306e-01  -1.0729608e+00   1.6114060e-01  -3.5066581e-01   9.5062751e-01   5.1332793e-01   1.0986621e-01   2.5592427e-01  -1.1140577e+00  -1.8819684e-01  -6.6514035e-01  -2.6587731e-01   9.8508480e-01   1.4597045e+00   1.5849748e+00  -5.8916379e-01  -1.7059412e-01
   1.0000000e+00  -1.1975976e+00   7.8935780e-01  -7.7858965e-01  -1.4859855e-01   1.5680697e+00   4.4117866e-01  -7.7379054e-01   7.7900309e-01  -1.7676910e-01   3.4489849e-01   9.8761941e-01   1.6043196e-01  -5.6080605e-01   5.7398294e-01  -3.1077130e-01   9.0944540e-01   1.3379161e+00   6.7554588e-01
   2.0000000e+00   7.4072892e-02   1.0594753e+00   1.5673797e-01   1.3597466e+00   2.6630674e-01  -6.2916148e-01   5.5869820e-01  -2.8290133e-01   1.2951490e+00  -9.0555976e-02  -3.1306787e-01   5.4468278e-01  -7.1988832e-01  -7.8855087e-01  -1.6247868e-01  -1.7382090e+00  -4.5165196e-01  -5.0549637e-01
   1.0000000e+00  -8.4282066e-01  -2.5498165e-01  -2.9937351e-01   1.0171420e+00  -1.7435713e-01   8.1962465e-01   4.2728504e-02   5.4543205e-02  -1.3455579e+00   1.3462761e+00   1.3234458e-01   1.2295609e+00  -1.8294268e+00   3.2261844e-01   2.2801984e+00   8.7242431e-02   9.4732028e-02   1.2652156e+00
   2.0000000e+00   2.6557397e-01  -4.9266413e-01   6.1667707e-02  -5.2845493e-02   1.4189005e+00   2.3503261e+00  -5.9453190e-01  -1.8682182e-01   1.1774130e+00  -4.9401106e-01   1.0175486e+00  -7.6934311e-01   3.7078226e-01  -9.2753835e-01   1.1240950e+00  -4.3564378e-01  -4.3428121e-01  -8.1462843e-01
   2.0000000e+00  -7.9558658e-01   6.4305497e-02  -7.2156871e-01  -5.2049237e-01  -1.2818077e-01   2.0865031e+00  -1.2648808e+00   4.3884622e-01  -3.4741199e-02  -1.8187211e+00  -1.2357808e+00  -1.0211397e+00   1.9869437e-02  -5.1465901e-01  -1.6879491e-02   6.7525642e-01   8.3464782e-01  -5.2969295e-01
   2.0000000e+00  -7.4013437e-01   8.1446904e-01  -2.5702567e-01   2.0781772e+00  -3.5059091e-01   2.2190860e-01  -1.0446707e+00   4.6862585e-01   4.4064990e-01  -2.1339788e+00  -1.1673292e+00  -7.7356580e-01   6.4646260e-01  -3.8895731e-01   1.4087556e+00  -2.2990000e-01  -1.0484083e+00  -1.9678182e-01
   1.0000000e+00   8.6572985e-01  -5.8479046e-01  -5.8759639e-01  -7.3931197e-01  -7.7778830e-01   1.3234044e+00  -1.4708174e+00   5.5304018e-01   1.1956577e+00   2.7832466e-01  -4.7148193e-01   9.4372559e-01   4.2946198e-01   4.2088747e-01   6.1660029e-01   3.8722914e-01   1.7022189e+00  -2.7426189e+00
   1.0000000e+00   4.3851998e-01   5.5689274e-01  -8.9982425e-01  -7.3063746e-01  -1.5769522e+00   4.9945093e-01   1.5715165e+00   1.3126618e-01  -4.2539511e-01  -1.3330161e+00  -6.9161383e-01  -1.0798307e+00  -4.0424642e-01   1.5941944e-01  -2.5432862e-01  -3.5204019e-01  -1.9020311e+00  -2.7722343e+00
   2.0000000e+00   2.3188285e-01   1.8298818e+00   1.5996007e+00   2.7352377e-01  -2.8104022e-01  -3.2088200e-01   3.9465481e-01  -9.9273517e-01   7.8598345e-01  -6.8761272e-01  -1.0664411e-01  -1.9278601e-01   2.7511150e-01   7.4364611e-01   6.6923057e-02  -5.8713909e-01   1.8473099e+00  -1.4702904e+00
   2.0000000e+00  -1.0739746e-01  -3.0086852e-01   1.3725033e+00   2.6655765e-01  -3.6251292e-01  -6.6145878e-01  -8.1055785e-01  -1.0854598e+00   8.2034302e-01  -1.5319457e+00   2.2189007e-01   5.6838464e-01   3.8877153e-01   1.2142337e+00   6.5610210e-01  -1.8391787e+00  -9.2167180e-01   1.3391891e+00
   2.0000000e+00  -4.2892934e-01   9.2833542e-01   3.7801176e-01   7.6554442e-01  -1.4014354e+00  -1.0439465e+00  -4.0958460e-01  -4.7573619e-01   9.6599780e-01   1.0056168e+00  -6.5397219e-01  -7.8525058e-01   1.5655235e-01   7.7889093e-01  -9.2727683e-01   2.3903946e-01  -1.1358084e-01   5.5199864e-02
   2.0000000e+00  -5.0823712e-01   1.6804667e+00   5.6538583e-01  -8.2480115e-02   4.1222936e-01  -4.7682680e-01  -2.0341707e+00   2.8513914e-01  -1.5576827e+00   3.0050642e-01   1.1344101e+00  -1.0804847e+00  -1.3130551e-01   1.4580089e+00   1.3859325e+00  -1.0776235e+00   2.3163674e-01   5.2387750e-01
   2.0000000e+00  -6.4302777e-01  -1.8262318e+00   3.4411567e-01   1.1389551e+00  -5.1843060e-01  -1.8587570e+00  -8.5852365e-02   6.1924423e-01   1.0578835e+00   5.5494899e-01  -1.0707125e+00   1.5247400e+00  -7.4601811e-02  -1.2816409e+00  -5.7565648e-01  -1.3359071e+00   3.3580204e-01   8.1307425e-02
   2.0000000e+00   1.9608395e+00   5.0145460e-01   7.6117024e-01   2.1526149e+00   5.2942761e-01   1.8317352e+00  -1.7508301e+00   2.1384361e-01  -2.2711822e+00   2.2298886e+00   4.7271509e-01   5.3919961e-01  -5.3457213e-01  -6.5530726e-01  -7.5545356e-01   1.0361811e+00  -4.2857354e-02  -4.0152208e-01
   2.0000000e+00   1.1763652e+00  -9.8979923e-01   1.2837610e+00  -1.0507436e+00  -2.2205660e-01  -4.1639379e-01  -2.0106156e-01  -3.4545673e-01   1.9451001e-01  -2.3217553e-01   2.1728197e+00   6.7664337e-01  -1.0322537e+00  -1.5603710e+00   7.4938205e-03  -5.1530748e-02   1.1346943e+00  -1.0990478e-01
   1.0000000e+00   1.2607184e+00   3.1392085e-01   1.0555705e-01  -2.0517852e+00  -1.9526293e-02   4.5207704e-02  -9.3071024e-01  -2.0583444e+00   2.2588173e+00  -2.2471772e+00   2.2246107e-01  -3.2198509e-02   4.2253180e-01   2.6026165e-01   1.4223147e+00  -1.0386869e+00   1.0875801e+00   6.2883183e-02
   2.0000000e+00  -1.2746645e+00  -6.2096436e-03   2.2870516e-01   9.0589003e-01  -1.0166255e+00   3.2957204e-01   4.2757585e-01   1.3491575e+00  -1.8103817e+00  -6.5586399e-01  -7.6400145e-01   4.7363672e-01   1.1471527e+00   1.0983042e+00   5.1605517e-01  -4.7772003e-01   1.8400976e-01  -1.3866054e+00
   2.0000000e+00  -4.6289817e-01  -5.2631303e-01   1.9991864e+00   9.9379978e-01  -2.6231816e-01  -2.1024112e+00   1.2901534e+00   3.1367693e-01   1.1505004e+00   8.0616071e-01  -2.4592463e+00  -1.1541508e+00  -4.1651109e-01  -1.9360984e+00   1.3348847e+00  -6.6209356e-01   1.5901079e+00  -1.3847823e+00
   2.0000000e+00  -6.5002349e-01   6.4565586e-01   2.3543479e+00  -2.4932820e+00  -3.6120783e-01  -2.2104989e-01   8.0047549e-01  -1.1733120e+00   2.8148882e-01  -1.8228844e-01   6.5193586e-01   9.1749425e-01  -1.8281989e+00  -3.8290507e-01  -1.8297947e+00   3.1801625e+00   1.3487509e+00   1.9828273e+00
   2.0000000e+00   1.1673053e+00  -5.0105863e-01   1.7331459e+00  -1.0741128e-01  -4.3461159e-01  -3.5418689e-01   1.6140519e+00   2.9560569e+00   1.0660697e-02  -1.5227407e+00  -5.0260952e-02  -1.2037416e+00  -1.7986494e-02  -6.6818166e-01  -1.5635445e+00  -6.4839668e-01  -9.0844038e-01   4.1692338e-01
   2.0000000e+00  -1.2234529e+00   1.1996036e+00  -2.8441292e-02  -1.5632381e+00   6.9732450e-01   7.8044011e-01   2.6486256e-01   2.1902273e+00   1.8421207e+00  -1.1578250e+00  -6.8238636e-01  -1.3297143e+00   2.4447300e-01  -9.9099069e-01   1.9190949e+00  -1.3531298e+00   8.5886127e-01   8.3189144e-01
   2.0000000e+00  -1.0051854e+00   1.8345842e+00  -2.2001895e-01  -1.1097211e+00   1.1406236e+00   1.3696748e+00   1.2349191e+00  -3.9096633e-01   1.1013501e+00  -1.3221152e+00  -9.9793740e-01  -1.5238451e+00  -1.4694664e+00  -1.5170916e+00   1.4436446e+00  -6.0048234e-01   4.9820763e-01   1.8639417e-02
   2.0000000e+00  -1.4764621e+00   1.4116101e+00  -4.4706711e-01  -1.8147304e+00  -5.2614097e-01  -7.7891309e-01  -1.8251824e-01   6.0735881e-01   2.9107477e-01   7.1826046e-01   3.2294012e-01  -4.5438806e-01   1.9205444e-01   1.8641939e-01  -6.8574520e-01   1.1485035e-02   1.8452227e+00   8.6640836e-01
   2.0000000e+00   1.1721550e+00  -2.4112174e-01  -2.9383265e-01   1.2981115e+00   2.7137700e-01   1.2017191e-01   2.0684095e-01  -6.2293842e-01   1.5029393e+00  -8.6048846e-01  -1.4309040e+00  -7.9629791e-01  -6.4621683e-01  -1.4313306e+00   1.8738224e+00   5.2713992e-02   1.3041736e+00  -1.0628069e+00
   2.0000000e+00  -2.1879015e-02   2.2018145e+00   1.1448605e+00   1.9757685e+00   8.0882769e-01  -3.9666237e-01  -6.6099086e-02   1.5758029e+00   1.2154378e+00  -7.2691406e-01   3.7383855e-01  -9.5311808e-01   9.6699298e-01  -4.3123141e-01  -1.6959487e+00  -2.8004078e-01   1.8578421e+00   2.3781629e+00
   2.0000000e+00   1.1305286e+00  -3.7362815e-01   1.4850471e+00  -7.5758597e-01  -2.9551989e-01  -3.0713930e-01   5.7583597e-01  -4.3076798e-01   8.1354940e-01  -8.8808653e-01  -4.1951039e-01  -1.8693846e+00  -4.6890959e-01  -6.9254236e-01  -5.9261542e-03  -1.9899702e-01  -1.7790238e-01   1.0488116e+00
   1.0000000e+00   4.8862898e-01  -2.7232983e-01  -1.9075007e+00  -1.0802813e+00   5.4976981e-01  -6.1649867e-01  -5.7393916e-01  -1.2543847e+00   8.5337991e-01  -4.1570449e-02   1.1250819e+00   1.1277852e+00  -6.0207874e-02   2.8904712e-01   5.1974526e-01  -1.0329015e+00   4.4232922e-01  -4.3896550e-01
   2.0000000e+00   5.9145135e-01  -6.5842065e-01   3.6038101e-01   1.6306929e+00  -7.5417690e-01  -2.1853871e+00  -5.3175754e-02   1.5933199e-01   5.4104486e-01  -4.1407793e-01   4.1703500e-01  -4.7457764e-01   2.4047278e-01  -1.6116905e+00   1.1925159e+00  -6.9955960e-01  -1.4652404e+00  -6.4413033e-01
   1.0000000e+00  -1.6975456e+00   2.6085896e-02  -2.9248111e-01   2.1763174e+00   9.9982297e-01  -1.2528508e+00  -1.2552967e+00   5.3769229e-01   2.0264703e+00  -1.4072369e+00  -2.3259319e+00  -7.9569107e-01   4.2118758e-01   4.2003592e-01  -1.1414179e+00   3.1742882e-02  -1.0931939e+00  -2.7352730e-01
   2.0000000e+00  -1.0304284e+00   9.8305803e-01   1.2462347e+00   3.3453000e-01  -2.0825253e-02  -5.5385825e-01   6.5544875e-01  -7.5302794e-01  -1.9167840e+00   4.6663683e-01  -7.9301114e-01  -1.4325552e+00   4.5041820e-01  -4.6845367e-01   1.2762741e+00   8.7972656e-01   5.8260069e-01  -1.3743920e+00
   2.0000000e+00   5.6756914e-01  -1.8626268e+00   5.6342445e-01   2.3150246e-01   1.3636008e-01   2.1779366e-01   8.3296052e-01  -6.2715835e-01   7.0506396e-01  -9.4126436e-01  -6.2375642e-01  -1.8183350e+00  -4.4619534e-01   2.0068365e-01  -3.4966462e-01   1.5259904e+00  -3.9606388e-01  -1.9648552e+00
   2.0000000e+00  -1.2441345e+00   2.0570965e-02   7.9652817e-01   7.9843759e-02   5.8665819e-01   4.9399078e-01  -1.5641416e+00  -3.4657710e-01  -5.3830252e-01   1.8255554e+00  -8.5650418e-01  -8.1339789e-01   3.1235420e-01  -1.0654197e+00   2.9053635e-01  -2.0802705e-01  -3.3633528e-01  -1.7389516e+00
   2.0000000e+00   6.1325741e-01  -1.2964031e+00  -1.3887010e+00   8.7375981e-01  -3.7900332e-01   5.8252054e-01  -8.7443526e-01   6.1129670e-01   1.7883558e-01   1.2084397e+00   7.9166350e-01  -1.1628169e-01  -1.7805995e+00  -6.4445622e-01  -2.2835565e+00  -6.0065638e-02   5.2938819e-01  -9.6928548e-01
   1.0000000e+00   3.3746413e-01  -2.1842398e-01  -4.8083303e-01   7.5016086e-01   3.9455621e-01  -6.1330888e-01   1.3258277e+00   1.3136328e+00   5.3421363e-01   8.8342353e-01  -2.2800956e+00   2.0387055e-02  -6.8554867e-02   3.3798159e-01   1.0195234e+00  -1.0987470e+00   1.5664411e+00  -6.7674231e-01
   1.0000000e+00  -7.7495454e-01   4.1035636e-01   9.0962629e-01   9.6626369e-01  -4.5911166e-01  -4.0134287e-01   6.7200530e-01   1.2216905e+00  -2.2461534e-01   3.7195757e-01   1.9734040e+00  -4.6449610e-01   1.5911465e+00   6.1569651e-01  -6.1817540e-01   9.1473985e-01   1.6070872e+00  -4.5839104e-01
   2.0000000e+00  -1.9348899e+00   1.3629788e+00   1.8052126e+00  -3.5291047e-01  -1.0871345e+00  -7.4857273e-01  -4.0687682e-01   2.7639754e-01  -4.3508376e-01   1.0770763e+00  -1.0106048e+00  -2.0358584e+00   5.6701034e-01   1.7374213e-02   2.3492503e-01   9.1451531e-02   1.0701291e+00  -7.2794848e-01
   2.0000000e+00  -9.3522254e-01  -1.5881501e+00   1.0228815e-01  -2.2487697e+00  -1.8299381e+00  -7.4100936e-01   6.1742433e-01   2.0367868e+00   4.0256518e-01  -7.4712794e-01   2.1106445e+00   9.8754829e-01   3.5663454e-01  -1.8256130e+00   1.2722252e+00  -1.7799251e-01  -1.1799123e+00  -2.4733966e-01
   2.0000000e+00  -1.3609657e+00   3.2630001e-01  -6.4227189e-01  -2.6549170e-01   5.5217580e-02   3.8136866e-01  -7.0479936e-03  -2.1079022e-02  -4.3343958e-02   1.5686220e+00  -1.0880034e-01  -6.9233640e-01  -3.8741924e-01  -9.6595187e-01   2.4654290e+00   3.8463866e-01  -1.1352096e-01   2.4825114e+00
   2.0000000e+00  -1.5073238e-01  -7.5393100e-02   8.4151782e-01   3.1238550e-01   6.4739283e-01  -1.9131519e+00  -1.6405617e+00  -8.7631742e-01   1.5823722e+00   5.0801809e-01  -1.2581541e+00   1.7038489e-01   2.0208427e+00   1.7299373e+00  -4.0749919e-01  -3.0084950e+00  -3.8870278e-02   8.6743196e-01
   2.0000000e+00  -6.8331463e-01  -2.2102906e+00   7.0449110e-01  -8.0584644e-01   1.0676988e-01   6.1685599e-01  -3.5408744e-01   4.9867779e-01  -4.5057114e-01  -1.0294440e+00   2.7070911e-01   4.5352894e-02  -3.7276323e-01  -8.3806757e-02   7.5238963e-01   2.8127361e-02   1.9599144e+00   1.3495876e+00
   2.0000000e+00   1.5416533e+00   1.0535478e+00  -2.2213512e-01   1.1132718e+00   7.7780907e-01  -8.1502640e-02   1.6592166e+00   6.5524137e-02   3.2476669e-01  -1.1463064e+00   8.1179990e-01   6.9414475e-02   7.8680066e-01  -9.8145583e-01  -1.1818343e-01   1.3094417e+00   6.9062468e-01  -1.0369195e+00
   2.0000000e+00  -1.4202847e+00  -5.6382521e-01   2.9392381e-02  -8.7841384e-01   2.0870799e+00  -4.8347819e-01   1.1613751e+00  -5.5058595e-01  -4.4517567e-01   1.7390271e+00  -6.5727864e-02   1.1838572e+00  -3.3072769e-01  -2.1971001e+00   1.0608145e+00   5.4701354e-01   1.2645286e+00   1.2181203e+00
   2.0000000e+00   1.2398435e+00  -1.6476978e+00  -2.5226355e+00  -1.0087008e+00   3.9094352e-01   1.6362780e+00   5.7590766e-01   5.2751630e-01  -1.1638459e+00   9.9571288e-01  -1.4069378e+00  -1.1516612e+00   7.3547084e-01   4.8974226e-01  -6.8414130e-01  -1.2548822e+00  -9.5816460e-01   1.6401097e-01
   2.0000000e+00   1.1466899e+00   1.0211356e+00  -1.1134976e+00   1.2807387e+00  -1.1330797e+00   1.8210999e+00   2.7823760e+00  -5.0067603e-01  -1.0283413e+00   5.0708439e-01  -2.3462830e+00  -1.1133895e+00   1.7338526e-01   2.1590401e+00   2.0163899e+00   4.3598984e-01   5.0844960e-02   2.5388309e-01
   2.0000000e+00  -6.8219708e-01  -1.1010543e+00   8.1378164e-01   7.6340456e-01   1.3961894e-01  -4.5622511e-01   9.9911073e-02  -1.3834923e+00  -1.1334801e+00   1.3139786e+00  -2.0092673e-01  -2.1897419e+00  -1.5187542e+00  -1.2962264e-01   4.6676444e-01   5.6184662e-01   1.3259249e+00  -8.5286120e-01
   2.0000000e+00   1.4932624e+00   2.8728404e-01  -1.2291204e-01  -1.4767014e-01   2.4315683e+00  -6.5984498e-01  -8.8851843e-01   2.3061353e-01  -7.9397880e-01  -1.0482747e+00   1.1774705e+00  -1.8527512e-01   5.9592253e-01  -1.6498675e+00  -5.7337625e-01   4.4423767e-01   1.7410475e+00  -5.9837817e-01
   2.0000000e+00   7.7282391e-01   8.2761646e-01   2.2338280e-01   2.1222454e+00   1.8175922e+00  -7.3109764e-02   3.8889506e-01  -1.1391548e+00  -5.1329181e-01  -1.2684925e-01   7.1170431e-01   2.2583729e-01  -2.9761712e-01  -6.6315382e-01  -1.0822896e+00  -4.6342436e-01  -1.0922291e+00  -2.1719594e+00
   2.0000000e+00   1.3470095e-01  -1.0805755e+00  -4.5953686e-01   2.1703239e+00  -2.3441962e+00   2.1493064e-01   4.9618364e-01  -6.8391520e-01   1.0595418e-01  -2.0606241e+00   8.8200199e-01  -5.5167812e-01  -1.1767096e+00  -5.8395462e-01   1.4060258e-01   7.4839274e-01   6.7895053e-01  -1.2352397e+00
   1.0000000e+00   1.5516123e+00  -5.0914279e-01   5.9007733e-01   1.5858203e+00  -1.5675467e+00   8.6156664e-01   4.8764693e-02  -1.5138666e-01  -1.1653858e+00   3.5519440e-01   1.1082619e+00  -6.5838178e-01  -1.8597313e+00   4.1437494e-01  -2.0569465e-01   3.7950897e-01   6.0694939e-01   1.5629723e-01
   2.0000000e+00   1.8399915e+00   1.6840154e-02   4.0475035e-01  -1.1801339e+00  -6.3375687e-01   1.3341645e+00  -1.5674870e+00  -9.4827062e-02  -2.0039282e-01   7.9998009e-03   8.7255876e-01   9.6164045e-01   1.0121212e-01  -3.9616748e-01  -1.3636759e+00  -1.1758552e+00  -4.7730815e-01   5.8458069e-01
   2.0000000e+00   1.0039490e+00  -1.0990390e+00  -4.4148494e-02   9.3017462e-01   3.1890037e-01   1.4529018e+00   9.0053855e-01  -5.5973098e-01   8.8423708e-01   1.3211504e+00   6.5088396e-01  -6.8694075e-01  -2.6707831e-01   5.4860357e-01   7.3215001e-01  -5.3169156e-01  -1.0218695e+00   7.2194589e-01
   2.0000000e+00  -5.6255249e-01   9.0485014e-01   1.5137613e+00  -4.3138248e-01  -1.8314517e+00   1.0560208e+00  -1.0544664e+00   4.1667477e-01   8.3832881e-01  -1.0125666e-01  -9.1288033e-01   5.3444665e-01   1.7262272e-01   4.3101859e-01   1.0307723e+00  -6.7965539e-01  -1.2569465e+00  -8.2533317e-01
   1.0000000e+00   1.2377303e+00   7.5020279e-01  -4.3250048e-01  -1.2662965e+00  -1.8645006e+00  -1.8651233e+00  -1.4018074e+00   1.1996180e-01  -1.1186312e+00   2.5982087e-01  -7.1815511e-01  -1.5125902e+00   1.4505948e-01   5.0414847e-01  -9.9857988e-01   8.5221403e-01   9.0876459e-01   2.8892089e-02
   2.0000000e+00  -1.4509704e+00  -2.2532128e-01  -3.2224352e-01  -2.3346767e+00   1.5743746e+00  -9.8752063e-01  -3.4272057e-01   2.1760215e-01  -8.1062990e-01   1.4255740e-01  -9.0615751e-01   1.0166846e+00  -1.1883790e+00  -1.1764623e+00  -2.0067616e+00  -1.1382158e+00  -2.5129267e+00   9.5674253e-01
   2.0000000e+00  -5.7495652e-01  -1.0171216e+00   5.3989380e-01  -1.0990295e+00  -1.1609546e+00   1.1277813e+00  -3.5055919e-01  -2.7045311e-01   1.0974207e+00  -8.3487263e-02   4.6136045e-01   6.1175759e-01   4.2199624e-01  -1.4298067e+00  -7.8700724e-01   5.8132034e-02  -6.3599156e-02  -4.2426643e-02
   2.0000000e+00   1.9093279e-01   3.3141525e-01  -3.2137137e-01   1.3791416e+00   2.1936368e-01  -1.9600907e+00   6.9334381e-01  -3.9576752e-01   9.9944994e-01  -2.6962515e+00   1.4335179e+00  -1.2485970e+00  -2.4158339e+00   6.5308928e-01   1.1314029e+00  -1.2995854e+00  -2.1896721e-01  -8.0595069e-01
   2.0000000e+00  -1.6188708e+00   1.5792558e+00  -8.6658663e-01  -1.1838634e-01  -3.0594692e-01  -5.9940183e-01   3.4984809e-01   2.8930465e-01  -1.0327179e+00   8.2029067e-01  -3.3708005e-01   6.6421503e-01  -8.3779149e-01  -1.8164402e-01  -1.5458324e-01   2.6215425e-01  -1.3941395e+00  -1.2173158e+00
   2.0000000e+00  -5.2368644e-01   9.0092637e-01  -6.1087837e-01  -3.5141112e-01  -9.9515630e-01   3.2790396e-01   8.7090210e-03  -2.0236154e-01  -1.6679604e+00   6.7279980e-01   6.0083597e-01  -3.5338000e-01  -5.7170169e-01   6.5811136e-01   1.2805845e+00   1.8121623e+00   9.8091046e-01  -9.7267246e-01
   2.0000000e+00   5.4989272e-01  -1.0237267e+00  -3.7159581e-01   1.2623200e+00   2.1192173e-01  -4.4325175e-01   1.1345392e+00  -1.2285520e+00   4.8712098e-01   4.2420814e-01  -8.3281423e-01   4.2896878e-01  -3.5586417e-01   9.6103592e-01   2.9478686e+00  -1.8530340e-01   7.7789627e-01  -1.3840497e+00
   2.0000000e+00  -1.4070817e+00   9.2866294e-01   1.9668946e+00  -1.5871199e+00  -4.7127267e-01  -1.9799250e+00   1.7540376e+00   1.1428056e+00  -1.5317448e+00  -6.4570035e-01  -9.4863775e-01   6.1330079e-02  -2.0971553e-01   1.8582361e+00   6.3435303e-01   3.0317110e-01   1.2939302e+00   5.9635870e-01
   2.0000000e+00  -9.9465600e-01  -2.7989223e-01   9.7544529e-01  -1.5408340e+00   1.7756327e+00  -2.0329556e+00  -1.1874495e+00   1.4580888e+00   7.1670721e-02   2.3031462e+00  -1.9059897e-01   7.1255879e-01  -1.0985030e+00  -9.1774433e-01   1.2107602e+00  -5.4485520e-01  -1.1295519e+00  -2.6968473e-01
   2.0000000e+00   3.9367417e-01  -7.1902580e-02   2.5132349e-01  -1.1166116e+00  -1.2754180e+00  -5.9983083e-02   1.3291799e+00   5.7239443e-01  -1.8736541e+00  -9.6305376e-01  -4.6473487e-01   1.4555742e+00   1.9795794e+00  -2.8784660e-01  -1.3401311e+00  -1.1938044e+00   4.0374275e-01  -1.8075228e+00
   2.0000000e+00   6.9593022e-02  -7.8566002e-01   4.3133357e-01  -1.1239678e+00  -7.3073932e-01  -8.2112149e-01  -1.3129737e+00  -1.6334215e+00   1.8342266e+00   5.0966549e-01   5.4298897e-01   9.5313089e-01   6.8095398e-01  -3.5018913e-01  -2.7203685e-01  -1.3657620e-01  -4.4851572e-01   5.9864535e-01
   1.0000000e+00   2.1346543e-01  -9.3983664e-01  -1.9265008e-01  -1.1321885e-01   1.3497679e+00  -1.4815178e+00  -5.8590417e-01   2.2777521e+00  -5.0806803e-01   1.8258244e+00   4.4510072e-01   1.0125363e+00   2.4279142e-01   3.3829153e-02  -1.4725710e+00   1.6958912e-02   1.4483047e-01  -1.8647750e-01
   2.0000000e+00  -7.2739920e-01   1.1118959e+00  -1.2165763e-01   2.4815548e-01  -2.0675479e-01  -5.3517473e-01  -1.3069694e+00  -1.3344616e+00  -1.2967831e+00  -1.6520514e-01  -3.2930451e-01  -1.7656340e+00   8.4839854e-01   2.3092592e-01  -9.7364557e-01   2.2401139e+00   1.3626674e+00   1.2545822e+00
   1.0000000e+00   1.0262684e+00  -1.6626406e-01  -3.7098995e+00   7.6198433e-01  -8.1204319e-01   1.0591133e+00  -3.6157398e-01   4.0918051e-01  -4.6308340e-01  -8.3658095e-01   2.9441205e+00   1.8645166e-01   1.6126053e+00   7.9301583e-02   1.7317538e-01  -2.0379027e-01  -8.0391563e-01  -8.6478510e-01
   1.0000000e+00  -5.0985715e-01  -6.9069911e-02  -1.3732481e+00   1.4036415e+00   7.4252020e-01  -1.1307155e+00   4.5726858e-01  -1.7085756e-01   7.1254490e-01  -1.0598190e+00  -3.2873838e-01  -7.6269962e-01  -1.5546368e-01   8.9472548e-01   2.0027500e-01  -1.0786672e+00   9.8075376e-01   6.8109351e-02
   2.0000000e+00   5.6231826e-01  -6.0376691e-01  -3.6471580e-01   6.1174858e-01  -2.8048229e-01  -1.1335896e+00  -9.3369392e-01   5.0507934e-02  -4.4871164e-01  -2.1882899e-01   5.0846361e-01   3.0873301e-02   9.1419802e-01   1.3842653e+00  -6.2080547e-01   3.6887312e-01  -8.4235016e-01   7.0617011e-02
   2.0000000e+00  -4.1822729e-01   3.6791416e-01   4.8835980e-01  -1.0089750e+00   1.0069839e+00  -2.8934018e+00  -1.9402606e-01   4.2094476e-01  -1.6479606e+00  -1.2801527e-01   8.0022358e-01   3.0288928e-01  -1.3108847e+00   9.2029735e-02   1.2766998e+00  -3.9493378e-01   8.2319060e-01   1.5744454e-01
   1.0000000e+00  -7.2808932e-01  -4.6238456e-01   2.4531153e-01  -2.0756673e-01  -1.7654275e+00  -2.1073631e-01   5.9567349e-01   4.8098147e-03  -1.5840208e-01  -8.2246277e-01  -1.4879520e+00  -9.0778088e-01   2.9159823e-01   5.9797568e-01   1.4731011e-01   8.4630576e-01   7.9934233e-01   3.2134612e-01
   2.0000000e+00  -9.6722279e-01  -4.1839168e-01   2.3462401e-01   4.1231805e-02  -5.7582993e-01   1.5488328e+00  -1.8259397e-01  -4.7682001e-01  -9.3700339e-01   1.2196412e+00  -5.9343885e-01  -1.8237466e+00  -5.0471175e-01   9.5833254e-01  -3.3711547e-01  -1.0540507e+00   9.4241384e-01  -1.3701621e+00
   2.0000000e+00   5.9928741e-01   1.1465267e+00  -2.4988233e-01   3.5973094e-01  -2.1659204e-01  -1.1950985e+00  -1.7904755e-01   1.5237837e-01  -1.9384381e-01   8.2690354e-01  -1.7148184e+00  -1.3186419e+00  -7.4287095e-01   1.6975854e+00  -8.8675251e-02  -2.1835749e-01  -1.2306181e+00  -5.5370951e-01
   1.0000000e+00  -1.9044823e+00  -5.5924642e-01  -2.5994537e+00   1.8671458e+00  -8.6660380e-02  -3.3981405e-01  -5.6901712e-01   1.4325384e-01  -2.0738572e-01   2.0738141e+00  -1.6035919e+00  -8.2036214e-01   1.2834700e+00   2.0043416e-01  -1.3301001e+00   1.3189854e+00   1.1925458e+00   9.7200490e-01
   2.0000000e+00   2.2176235e+00   8.5236835e-01  -7.2049301e-01  -1.4187354e+00   2.7907236e-01  -1.4750554e+00   1.8556830e+00  -1.8859361e+00   1.2958653e+00   1.0818981e+00  -1.1760096e+00   9.5180424e-02   7.1461810e-02  -1.1651422e+00  -1.9516969e-01  -9.5005476e-01   2.2226656e-01  -3.0244544e+00
   1.0000000e+00   3.4396091e-02  -1.0689692e-01  -5.4415724e-01  -6.0634296e-01  -5.6404375e-01   1.9263889e-01  -9.9696785e-02  -6.2637150e-01  -1.7289196e+00   2.8132428e+00   1.0698767e+00  -1.1817769e-01  -1.0149687e+00   7.8149570e-01   3.6951008e-01   9.8388647e-01   1.5682951e+00  -1.1093237e+00
   2.0000000e+00   6.5743306e-01   4.3931013e-01  -6.4829000e-01  -1.9203804e+00   1.2565120e+00  -1.6651626e-01   8.2919317e-01   6.1732795e-02  -8.7355709e-01  -1.3624418e+00  -2.2245316e-01  -3.4702821e-02  -2.0304564e+00  -5.3945549e-01   8.7079453e-01  -1.4916604e+00  -8.7507052e-01   7.4535549e-01
   1.0000000e+00  -5.4081510e-01  -2.2085466e-01   9.1413341e-01  -8.6751608e-01   9.5078804e-01  -1.2171609e+00  -1.2662918e+00  -1.8012497e+00   2.3922056e-01  -1.6828284e+00  -1.9383055e+00  -8.7375798e-01  -1.4793128e-01   3.0842739e-01  -1.3619791e+00  -7.4876491e-01  -1.0380993e+00  -8.8544349e-01
   1.0000000e+00  -6.4233014e-01   7.2111627e-01  -1.5863000e-01   1.1142853e+00   1.7172278e-01  -1.0436497e+00  -1.4325155e+00   5.6501316e-01   1.4562311e+00  -6.6186436e-01  -1.1441955e+00  -5.9880591e-01  -4.0284879e-01   3.8347710e-01   9.4004716e-01   1.5882813e+00   5.2462869e-01  -4.9579881e-02
   1.0000000e+00  -2.1998632e+00   4.2415802e-01  -9.6027120e-01   7.4080859e-01   1.7452027e-01  -2.2586034e-01   7.3711853e-01  -1.3467702e+00  -4.3487867e-01  -1.8610525e+00   2.0206838e+00  -9.0028572e-02  -5.6292113e-02   1.2055388e-01  -8.9314785e-01  -1.1796607e+00   9.1282242e-03  -2.7560761e-01
   2.0000000e+00  -1.9883111e+00   4.5074889e-01   1.1791210e+00  -5.6441372e-01  -1.6529467e+00   1.0376656e+00   1.3249947e+00  -1.2945055e+00  -8.4233070e-01   8.9659598e-03  -5.0521006e-01   1.9514266e-01  -6.6599231e-01   1.3274571e+00   7.0971935e-01   1.3941419e+00   1.3814789e-01   1.1333935e-02
   2.0000000e+00  -8.3382690e-01  -1.4674521e+00   3.4664570e-02  -7.4746986e-01  -3.2526734e-01  -2.9625456e-01   3.0403150e-01  -1.9448769e+00   8.8059352e-01  -6.7004798e-01  -5.5802231e-01   1.3332915e+00   6.1203956e-01  -1.0731626e-01  -3.9477194e-01   4.3783616e-01   1.4657192e+00  -8.4942432e-01
   2.0000000e+00   1.2839075e+00   6.4603892e-01   6.7479718e-01  -9.9624043e-01   8.8054837e-01   4.1437266e-01   1.2662275e+00  -8.8333267e-01   1.2103343e+00  -8.4696389e-01   6.6332751e-01  -1.1094007e-01   1.4986135e+00   1.7468831e+00  -1.9046434e-01  -6.8872107e-01   5.4788326e-02  -6.0648052e-01
   2.0000000e+00   7.6284210e-01  -3.5727950e-01   9.5564480e-01   7.2540852e-02   8.9100685e-01   8.6852526e-01   5.2533525e-01  -5.6877436e-01  -4.5093984e-01   5.7003597e-01  -1.1022096e-01  -9.8666451e-01  -1.9866023e-01  -4.3075476e-01  -5.4369925e-02  -1.4264122e+00  -4.4760142e-01   8.3111413e-01
   2.0000000e+00   3.7392542e-01  -6.2627366e-01  -2.6613706e-01  -1.4415909e+00  -1.5464648e+00   1.7166759e-01   7.9022284e-01  -1.9804031e+00   7.3645311e-02   9.6426524e-01  -3.5051853e-01   3.7055110e-01  -1.3174325e+00  -8.1255707e-01  -2.4835206e-01   2.2050954e-01  -6.6380643e-01   4.9274428e-01
   2.0000000e+00  -1.1168571e+00   1.9372852e-01  -3.3802444e-01   8.7521178e-01  -1.9000734e-01   5.1044925e-01   7.0977189e-01   4.9714861e-01   1.4422298e+00  -8.5959431e-02  -1.3595896e+00  -1.1306957e+00   8.8174214e-01  -1.2006573e+00   5.6613896e-01   1.9031176e+00  -2.2807034e-01   5.3020307e-01
   2.0000000e+00  -8.1565450e-01   1.6571364e+00   1.8573564e+00   7.4141205e-01   9.2803005e-01   9.0401444e-01  -1.3727561e-01  -4.5356574e-02   1.9107636e-01  -7.4529020e-01   2.9783925e-01   1.0371558e-01  -7.3892851e-01   1.7256783e-01  -2.9718620e-01  -4.6101359e-02  -3.0385198e-01  -1.2271762e+00
   2.0000000e+00   5.6263759e-01  -1.1690222e+00  -1.9447793e-01   1.5166542e+00   5.9868407e-01   3.3979346e-02   1.7041656e+00  -1.5620930e-01   5.1168564e-02  -3.8365279e-01  -1.1309524e+00   2.4648561e-01  -5.7462388e-01   1.5122007e+00  -7.6813679e-01   1.5339609e+00   5.7416237e-01   1.4103768e-01
   2.0000000e+00  -2.4019350e+00  -2.3400932e-01  -2.8500581e-01  -7.0850966e-01   8.5902523e-01   2.8268126e+00   1.5421503e-01   9.8711537e-01   1.5607771e-01  -8.2388302e-01   8.6751094e-01   1.4652737e+00  -3.9200561e-03  -1.6280602e+00  -5.5190321e-01   3.5737206e-01  -3.6017532e-01   5.8759274e-01
   2.0000000e+00  -5.4252303e-01   9.3085546e-02   1.7087282e-01   7.3377446e-03  -7.6353994e-01  -6.3671799e-01  -9.1680691e-01   6.7762371e-01  -1.2713202e+00  -7.0167935e-01   5.1281078e-01   3.0199578e-02  -2.2507100e-01  -8.3573403e-01  -3.8600303e-01   6.6039736e-01   8.3187916e-02   6.8733790e-02
   2.0000000e+00  -8.0499475e-01  -2.4055649e-02   4.8879664e-01  -4.9995423e-01  -1.1536707e+00  -7.1976655e-01   6.1709063e-01   1.7722135e+00   1.0670624e+00  -6.8076718e-01  -5.8937509e-01   1.7148451e-01  -5.5151192e-01  -1.2638460e-01   7.6753064e-01   2.3679676e-01   9.9489500e-01   9.8193580e-01
   2.0000000e+00   1.6529795e-01   2.5471825e+00  -3.0339812e-01  -1.2688084e-01   6.7523447e-01   2.9469688e-01   1.8756436e-01  -6.9856601e-01   7.1831337e-02  -4.4021353e-01   6.4922763e-01   1.0936409e+00   2.9494357e-01   7.3694983e-01  -3.3387673e-01   1.3336214e+00   4.6937421e-02  -9.5219525e-01
   2.0000000e+00   3.3069618e-01  -1.5104304e+00  -2.0951392e+00  -3.5568237e-01  -4.2542022e-01   1.5476444e+00   1.4789104e+00   3.2072211e-01   8.8741530e-01   9.4948779e-01   2.4404525e-01   2.2254765e+00   3.9755484e-02   3.7679120e-01   4.9139591e-02   9.4997633e-01   1.1335090e+00   1.0973612e+00
   2.0000000e+00   1.5898719e+00   5.0028286e-01  -6.1391571e-01  -8.0259898e-01  -9.1853152e-01   2.2097391e-01   1.5190117e-01   1.8181156e-02   2.3184303e-01  -1.6915123e+00   2.8125686e-01  -5.4469011e-01  -1.2811588e+00  -5.9071289e-01   5.2993211e-01   2.2791127e+00   9.6151979e-01  -8.5186860e-01
   2.0000000e+00   3.7995007e-01   5.8611287e-01  -2.3188217e+00  -1.1805230e+00   6.7231331e-01   5.4086300e-01  -1.3994531e+00   1.7459390e-01  -2.0468966e+00   5.0571253e-01   3.8014972e-01  -2.3283516e-01   1.1855613e-01   1.0146638e+00  -1.0578801e+00  -1.4260060e+00   7.6307903e-02   2.6957615e-02
   2.0000000e+00  -2.0742901e-01  -6.5027653e-02  -3.8731916e-01   7.6821917e-02  -1.6524792e+00  -1.6693997e-01  -4.2726614e-01  -4.3673338e-01   4.1948476e-01   4.8341855e-01  -5.5986035e-01   1.4502315e-01  -1.7739789e+00  -1.4720504e+00   9.1617452e-03   2.8674022e-02  -5.3457385e-02  -9.2167523e-01
   2.0000000e+00   1.1483445e+00   4.8790428e-01  -6.1769727e-01  -8.7765545e-01   1.3713590e+00  -7.0606275e-01   6.5343551e-01   7.5421119e-03   4.2711647e-01   6.1676871e-01   1.3101171e+00  -4.3382243e-03  -3.0674598e-02   1.6767735e+00  -1.3463984e+00  -5.9811490e-01   1.7949220e+00   7.0200248e-01
   2.0000000e+00   3.9787010e-01  -1.2333237e+00  -1.3514853e+00   2.1214416e+00  -5.5808298e-01   1.1371011e+00  -1.7408386e-01   1.1111335e+00   2.4546917e-01   1.6906770e+00  -4.1006599e-01   1.3031505e+00  -3.1843794e-01  -1.4044136e+00  -4.6882567e-01  -3.3179540e+00   1.7937555e-01   6.2777712e-01
   2.0000000e+00  -1.9935708e+00   5.6876631e-02  -3.6458430e-01  -3.7855877e-01   2.5061416e-01   1.4906749e+00  -6.4067543e-01   4.9956874e-01   4.8396664e-02  -1.1703192e+00   2.6301261e-01  -1.2951457e+00  -4.2455691e-01  -1.3044578e+00   7.3151263e-01  -1.2766723e+00  -6.0073394e-01  -9.5591152e-01
   2.0000000e+00   2.0588593e-01   1.1123874e+00  -1.4710771e+00   1.3826294e+00   2.5574317e+00  -4.9752690e-01   5.2981989e-01  -1.2703928e+00  -1.1196898e+00   3.8820302e-01  -4.2968708e-01  -2.9973132e-01  -6.3669439e-01   4.5819981e-01  -1.2702461e-01  -1.7728909e+00  -1.2813666e+00   2.9150432e-01
   1.0000000e+00   3.0815431e-01  -1.6393091e-01   4.6199226e-01  -2.4830027e-01  -8.4715179e-01  -1.3499873e+00   3.6581568e-01  -6.2219169e-01  -1.4791821e+00  -1.1736637e+00   1.0730132e+00   1.0334678e+00   1.0542660e+00   1.1603490e-02   4.6928215e-01   1.4023575e+00  -3.3749359e-01  -1.4241506e+00
   2.0000000e+00   9.6395291e-01  -1.2596011e+00   1.6667896e+00   5.5997111e-01  -1.4212738e+00  -2.8158088e-01   3.8382964e-01   1.5388791e+00  -1.1569477e+00   4.3579714e-01   4.0568734e-01  -1.8011708e+00   9.4897956e-01  -1.0624207e+00   1.5957398e+00  -4.9129836e-01   2.9533644e-01   3.8574907e-03
   2.0000000e+00  -1.6340527e+00  -1.0383426e+00   6.4232186e-01  -4.3170619e-01   1.0158435e+00  -3.0724222e-01  -1.8605775e+00   1.7387657e+00   1.1330433e-01  -2.5423659e-01  -4.5201626e-01   1.1366045e+00   6.7442554e-01  -2.4604159e-01   8.6560507e-01   1.8958981e-01   1.5328907e-01  -6.0695065e-01
   2.0000000e+00  -3.1097932e-01  -1.4442056e+00   3.9962169e-01   2.8909764e-01   8.3766259e-01   7.3756802e-01  -2.0771700e-01  -9.1499784e-01   7.0619281e-01   6.9346381e-01  -8.1564746e-01  -1.1825476e+00   1.0868139e+00   1.0050584e+00   1.7173038e-01  -9.9894229e-01  -3.6715155e-01   7.8536564e-01
   2.0000000e+00  -1.1965332e+00  -1.0125584e-01  -1.6251037e+00  -5.2911991e-01  -5.9779488e-02  -1.7310860e+00  -1.4098250e+00  -8.0494321e-01   3.6475515e-01  -9.4518098e-01  -2.4006521e+00   1.2404116e+00   1.7433374e+00  -4.5727904e-01   7.4489872e-01  -4.3934845e-01   1.2002219e+00   1.4452869e-01
   2.0000000e+00  -1.4367099e+00  -2.0142014e+00  -6.4325945e-01  -1.2980213e+00   2.0206974e-01  -3.6557764e-01  -9.2104558e-01   8.9989542e-01   5.9353620e-01   1.2948422e+00  -1.5916238e+00   1.0085976e+00   3.7101478e-01   3.6668354e-01   1.2248662e+00   8.2340360e-01   5.2656804e-02   2.6251316e+00
   2.0000000e+00  -3.4042682e-01   3.6788837e-01  -7.9634016e-01   4.0362633e-02  -1.6232074e+00   3.8807182e-02  -5.7372154e-01  -3.5113058e-01   1.3177479e+00  -1.4122866e+00   1.3480310e-01   1.3349188e+00  -1.0171064e-01  -8.8744418e-01  -1.1331378e+00   6.6616675e-01  -1.4836020e+00   1.8145831e+00
   2.0000000e+00  -1.1519565e+00  -1.2048699e+00  -1.9903063e-02   1.1259011e-01  -2.4789344e-01   1.0064013e+00   3.5871556e-01   2.5132043e-02   3.0495603e-01  -8.8081570e-01   7.9681375e-01   5.1789032e-01  -9.9613508e-01   8.7353539e-01   1.0587663e+00   2.0862007e-02  -1.4914131e+00   9.1657442e-01
   2.0000000e+00   2.1834331e+00   4.6496240e-01  -1.2851218e+00  -6.6936060e-01   1.9654258e-01  -2.9510592e+00  -8.4349246e-01  -1.1730641e+00   1.0323654e+00   5.2700039e-01  -3.1413360e-01  -4.8535020e-03  -9.4063504e-01   7.1901178e-01  -7.4954041e-01   4.6078849e-01   1.8636210e+00   3.0741869e-01
   2.0000000e+00  -1.2897522e-01   3.6823132e-01   1.0291594e-01   1.2892856e+00   8.7047900e-01   4.3302082e-01   4.8853053e-01   1.4309334e-01   7.2839483e-01   8.5320956e-01   7.7010043e-01  -5.0274882e-01   1.2327341e+00   1.7043241e+00  -2.2191525e+00  -1.3409715e+00  -1.1434377e+00  -6.1088199e-01
   2.0000000e+00   7.5693015e-01   1.0084921e+00   5.4051595e-01   2.2423778e+00  -1.5730810e-01   1.7265623e+00  -3.1118677e-01  -4.5461585e-01   2.8263321e-01   2.2165683e-01  -5.4218935e-01   2.6121473e-01   1.1729773e+00  -8.1030629e-01   6.8512162e-01  -6.3825481e-01  -3.8509342e-01  -8.2582536e-01
   2.0000000e+00  -9.5428128e-02  -1.1890204e+00  -1.2953917e-01   2.3613969e+00  -2.0323613e-01  -1.9137390e+00  -1.9779682e+00  -1.2327437e+00   1.0812919e-01   1.1420540e-01  -1.1388306e+00  -1.2485089e+00  -6.7884569e-01  -3.6000764e-01   6.2182652e-01   6.3392308e-01   5.1566875e-01  -5.0330168e-01
   2.0000000e+00  -5.7441432e-01  -4.0291985e-01  -1.2345631e-02  -2.1155016e-02   8.6888956e-01   2.4153856e-01  -4.9251338e-01  -1.1946345e+00  -2.8578345e-02   3.2508760e-01  -8.8815612e-01  -1.0276894e+00  -3.1310045e-01  -2.1791742e+00  -6.7862414e-01  -1.3282834e+00  -6.4516491e-01  -7.3758988e-01
   2.0000000e+00   2.0795931e-01   1.6368270e-01  -1.9092166e+00   1.8466827e+00  -5.0883905e-01   8.1558822e-01   7.9638922e-01  -2.1975099e+00   1.0179634e+00   2.0367616e-01  -8.6945356e-01  -2.8787452e-01   4.0584201e-01  -9.0635720e-01  -7.6327591e-01  -5.8698749e-01   8.8285295e-02   6.7189181e-01
   2.0000000e+00  -3.9716256e-01  -1.1025425e+00   1.8639820e-01  -3.1494526e-01   2.8221506e+00   4.4282615e-01   2.0477997e-01   8.7161263e-01   1.8175162e+00   4.0971510e-02   1.2811782e+00   7.7740422e-01  -1.5027332e-01   1.6151827e+00   3.9785313e-01   1.2948773e+00  -5.5173859e-01  -2.1453279e-01
   1.0000000e+00  -1.5298083e+00   4.1489563e-01   1.9908434e+00  -1.3725437e-01   4.4356065e-01  -1.1647489e+00   1.6009566e+00   1.1376344e+00   1.5548303e+00  -6.7162472e-01  -1.4915584e+00   8.2144998e-01  -9.5435700e-01   2.6287201e-01  -6.7047762e-01   8.7093035e-01  -5.3819178e-02  -1.6470715e+00
   2.0000000e+00  -1.1289136e+00  -1.7145363e-01   3.6076779e-01   1.7362648e+00   1.4404576e+00   1.8768060e+00   3.6823557e+00  -2.8043026e-01   1.4126553e+00  -1.9593456e+00  -1.0047141e+00  -1.3365281e-02   7.0253311e-01   1.2976000e+00  -9.6783606e-01  -8.1819828e-01  -4.6741390e-01   5.0542917e-01
   2.0000000e+00  -7.4901538e-02   1.8322972e-01  -1.9158195e+00  -1.0663082e+00   4.4140296e-01   1.9758737e-01   4.6791992e-01   3.8250368e-01   1.4571426e-01  -1.5206233e+00   1.2479638e+00   1.6613497e+00  -5.6171418e-01   1.8832136e+00   2.3401672e+00   7.9855248e-02   9.4760696e-01  -4.5722728e-01
   2.0000000e+00  -1.4674865e+00  -1.2855176e+00  -1.7351330e+00  -2.0737462e+00  -7.6805442e-01  -3.7448623e-01   5.1576889e-01   2.1560474e-02   2.1422435e-01   8.3900383e-01   1.7166601e-01  -1.7381242e+00  -6.6303541e-01  -1.3600577e+00  -2.1263198e+00  -4.5348019e-01  -1.4416827e+00  -1.0455177e+00
   2.0000000e+00   3.6625809e-01   1.5354635e+00   8.8228574e-02  -2.3713441e-01   3.0664445e-01  -6.2635427e-01   3.7535085e-01   9.7173765e-01  -1.5010679e-01  -9.4159209e-01  -5.0858853e-01   6.1073107e-01   9.2974218e-01  -4.4858056e-01  -1.4712219e+00  -2.1668972e-01   3.3422472e-01  -1.7209802e-01
   2.0000000e+00  -5.9661337e-02   4.0516516e-01   1.5470684e+00  -1.0948311e+00  -1.8560637e+00  -1.2202296e+00  -7.1939525e-01   3.8206159e-01   1.0240513e+00   5.3122465e-01  -2.1828635e+00   5.4533386e-01  -5.0200334e-01   1.1725870e+00  -3.1744824e-01   2.4639528e-01   2.0082282e+00  -4.5004137e-01
   2.0000000e+00   2.2510056e-01   1.1430293e+00  -1.5760852e+00   3.8635021e-01  -1.9207577e-01  -4.4298329e-01   3.5538853e-01  -3.3576446e-01   1.0877979e-01  -1.1513364e+00   1.8749960e+00  -9.1490363e-01   8.9507815e-01   1.1989716e+00  -7.4078171e-01   7.4693822e-02  -1.1799536e-01  -5.3091125e-01
   2.0000000e+00   1.3742844e+00  -1.6420161e+00   6.3893847e-01   1.2408541e-01   2.0662474e+00   7.2834626e-02   1.1217760e+00   2.1266707e+00  -4.9358461e-01  -1.0103048e+00  -6.4339681e-02   1.5130451e+00  -1.3848651e-03  -4.5104022e-01  -2.1571152e-01   1.7536353e-01   8.5743118e-01   6.1164657e-01
   2.0000000e+00  -4.2110411e-01   1.6697947e+00  -8.7204899e-01   6.3694524e-01  -7.5354696e-01   1.2086309e+00   6.2687918e-01   3.3979533e-01  -4.1042565e-01   1.6396771e+00   5.9373287e-01   5.7551982e-01   2.7620922e-01   1.6024481e-01   5.8561080e-01   9.6796323e-01  -3.7225131e-01   1.1752058e-01
   1.0000000e+00  -9.2483911e-01  -6.3122998e-02  -1.9852747e+00   1.5423515e-01  -1.0127102e+00   5.1207480e-01   1.1875118e+00  -2.0272645e-02   1.3676571e+00  -5.6114051e-01   4.9291963e-01   4.6960299e-02  -1.5684896e-01   5.3920823e-01   1.1988418e+00  -3.3546113e-01  -1.3083019e+00  -2.5959234e-01
   2.0000000e+00  -3.5152696e-02  -1.6562531e+00  -1.6893620e+00   9.5719079e-01  -1.4263020e+00   2.8477168e-01   5.5359732e-01  -4.3517908e-01  -6.6987952e-01   7.2535271e-01   3.1756307e-02   2.3457162e-01   2.5884168e+00  -7.3453820e-01  -2.4197341e+00  -1.7403279e-02  -6.7134431e-02  -4.0283165e-01
   2.0000000e+00  -2.6906156e-01  -4.3215430e-01  -5.9281582e-01  -7.3067838e-01  -1.4717945e+00   9.9264341e-02   1.2385029e+00   3.3246248e-01   1.0056950e+00  -5.0707922e-01  -4.8536246e-01   1.0093769e+00   4.7573724e-01  -1.1506274e+00  -3.5718581e-01  -2.4994241e-01   6.2998311e-01   6.2024245e-01
   2.0000000e+00  -1.3695517e+00   2.6780601e-01  -1.7677788e-01   6.8951799e-01   6.4519355e-01   9.6801408e-01  -1.2245287e-01  -1.1762008e+00  -1.2972451e+00  -1.8575158e-01  -2.8938620e-01  -1.1614595e+00   3.8042547e-01   9.8219289e-01  -1.3681337e+00   8.5769240e-01  -8.2312801e-01  -1.3161699e+00
   2.0000000e+00   2.7332004e-03   1.6437210e-01   2.3606262e-01   1.4467833e+00   1.3661953e+00   1.5839641e+00   2.0973330e-01  -7.5248368e-01   1.7589641e-01   3.3425151e-01   1.8993137e-01  -3.8069639e-01   4.2611670e-01  -6.2936276e-01   4.3051887e-01   1.1901787e+00  -9.6544416e-01   1.5320186e-01
   1.0000000e+00  -1.8767686e+00  -1.1150347e-01   3.0374420e-01  -4.5387518e-01  -2.3030217e-01   9.7975307e-02   8.3445358e-02   1.0519157e+00   5.7391116e-02  -3.7219870e-01   2.4158876e-01   2.1016678e+00  -1.9269512e-01   5.9729596e-01  -2.8441865e-01   5.8473900e-01   1.2575955e-02  -1.0663676e+00
   2.0000000e+00   6.0989953e-01   1.3430044e+00  -1.6091600e+00   6.4791891e-01  -1.7262384e-01  -5.0139728e-01  -1.2893940e+00  -8.2557983e-01   6.4678589e-01  -5.8900355e-01  -3.0899937e-01  -8.3359708e-01  -1.7892533e+00   1.4024140e+00   5.4261090e-01   6.1248607e-02  -3.4658118e-01  -1.2622786e+00
   2.0000000e+00   2.7406400e+00   1.3619272e-01  -1.0208199e-01   1.0015579e+00  -1.2871557e+00  -6.3944125e-01   3.7160544e-01  -6.6619406e-01   6.0505675e-02   4.3708622e-02  -1.3209022e+00  -5.9200968e-01  -5.9624382e-01  -2.0318489e+00  -5.2024262e-01  -1.4993000e-01  -3.4354141e-02  -9.4638338e-02
   2.0000000e+00   3.4991670e-01  -2.2606419e-01  -5.1768638e-01  -4.1004692e-01  -7.9820659e-01   4.6431049e-02   1.9289137e-02  -1.1339688e+00   1.7001462e+00  -1.0185940e+00   1.7236628e+00   1.1365269e+00  -8.8878431e-01  -7.4514360e-01   7.1629081e-01  -3.8545693e-01  -3.2272640e-01  -1.3424512e+00
   2.0000000e+00  -2.4490172e-01  -2.1103448e-01  -1.3688098e+00   6.6276516e-01  -3.1327621e-01   1.5222226e+00  -7.3328241e-01   2.3674993e-01  -2.4437578e+00  -9.0830594e-01  -2.1280712e-01  -1.0910113e+00   7.7941196e-01  -2.6266236e-03   5.2118421e-01  -1.3191526e+00  -3.0702390e-02   1.2888319e+00
   2.0000000e+00   1.5013772e-02   2.8826309e-01  -1.0823393e+00  -6.2484844e-01   1.9725476e-01  -1.0018907e+00  -1.7213506e+00   1.0815836e+00  -1.7428517e-01  -4.8291777e-01   5.3604792e-01  -3.0693050e-01  -1.5129418e+00  -7.8587384e-01   1.1525092e+00  -1.1011486e+00  -1.2092417e-01  -3.1729377e-01
   2.0000000e+00  -1.1569503e+00  -7.4512960e-01  -5.5697329e-01  -1.4005173e+00  -6.0685292e-02  -5.5361337e-01   1.0720076e+00  -4.9101485e-01   5.8954700e-01  -1.8756259e+00  -6.0123312e-01  -5.2288193e-01   1.0765769e+00   1.8204021e+00   1.9926254e-01  -7.0880880e-01   1.6343092e-01   8.9764821e-01
   2.0000000e+00   3.6539592e-01  -3.8862504e-01  -1.3543614e+00  -4.5320792e-01   2.1414083e+00   5.5712268e-01   6.4918078e-01   2.7341484e+00  -8.5462901e-01  -3.8687294e-01   1.0007730e+00  -1.8474096e+00   6.3313538e-01  -2.8041388e-01  -1.2778925e-01  -8.4854897e-01  -4.9717483e-01   3.7485334e-03
   2.0000000e+00   1.4655453e+00  -9.7619256e-01   1.3991693e+00   2.9604693e-01   1.4104628e+00   1.0326074e+00  -1.0197673e-01   1.4498690e+00  -7.4855176e-01   1.0171081e+00  -2.9072245e+00   7.8413394e-01  -9.1038760e-01  -2.2272112e+00   2.3205755e+00   2.0207861e-01  -9.4936361e-02   6.1523828e-01
   2.0000000e+00   9.4203005e-01   1.5675808e+00  -1.8492103e-01   3.3073127e-01  -8.7360551e-01  -7.5985233e-01   9.6613684e-01   7.2142796e-01  -1.5155018e+00   3.8800591e-01   2.2830972e-01  -1.3073979e+00  -1.0539843e-01   8.5084989e-01  -3.9920330e-01  -6.0684072e-01   1.7920689e+00  -4.2846584e-02
   2.0000000e+00   5.7127515e-01   7.2930905e-01   5.4357493e-01  -1.2708712e+00   8.3878751e-01   6.3192332e-01   9.5539197e-01  -5.9614279e-01   5.3240993e-01  -4.6805647e-01   1.1272706e+00   1.6103487e+00  -1.1764303e+00   2.4672378e+00   2.1214677e-01  -9.5993040e-01  -9.2728226e-01  -3.2253534e-01
   2.0000000e+00   2.4930239e+00   1.8316541e+00  -8.0877543e-01   1.1141775e+00   1.5613091e+00   1.2765567e+00  -2.2790621e-02  -4.7310180e-01  -6.8425502e-01  -2.6671515e-02   4.5514565e-01  -3.1911611e-03   1.9381810e+00  -6.2192877e-01  -1.2925277e+00  -1.8031937e+00   4.8311039e-01  -2.4726515e-01
   1.0000000e+00   9.7977517e-01  -3.5908886e-01  -2.0406330e-01  -1.4450640e+00   2.9517608e-01   1.1748355e+00  -2.3729836e-01   9.8527245e-01  -1.4802855e+00  -1.4805878e+00   1.0688373e+00  -7.4322051e-01   1.0258795e-01   5.9575003e-01   1.8820846e+00   1.3972143e+00  -7.9116716e-01  -1.7891536e+00
   2.0000000e+00  -9.0086197e-01   1.1028833e+00   4.9452703e-01  -5.8564450e-02  -7.0618232e-01  -9.4627939e-01   3.9110014e-02  -5.8730418e-02  -9.3503301e-01   2.7900001e-01   8.9429735e-02  -2.1329725e-01   4.3056201e-01  -1.0952113e+00   1.0809775e+00  -2.5901046e-01   1.8338168e-01  -7.1022914e-02
   2.0000000e+00   1.0651371e-02   7.0247309e-01   1.4076292e+00  -8.9428753e-01  -4.3288590e-01  -1.6464199e-01   3.8299853e-02   9.1799701e-01   8.6460289e-01  -1.9073194e-01   7.4611322e-01   2.5445671e-01  -6.8315258e-01   7.3366221e-01   3.3026280e-02   9.8654720e-01  -1.9624214e+00  -5.2155132e-01
   1.0000000e+00  -3.0418333e-03  -3.8321301e-01  -4.6841851e-01   2.9940085e-01  -1.3401305e-01   1.2325326e+00  -1.4076750e+00   4.7387155e-01   1.0888099e+00   1.0905576e+00   4.6938484e-01   8.1471202e-01   5.9497082e-01   3.5790953e-01  -5.2425725e-02  -1.6615282e-01  -1.7209436e-01  -1.9065465e+00
   2.0000000e+00  -1.1880028e+00  -2.6182871e+00   5.8152492e-01   1.0376110e+00  -5.1594582e-01   1.0477981e-01   1.6878776e+00   4.6054055e-01   2.2841945e+00  -1.3598235e+00  -1.1336197e+00  -1.1529465e+00   5.1631691e-01   1.1462554e-01   6.1344238e-01  -2.1034890e+00  -6.3685337e-01   8.4560744e-01
   2.0000000e+00   3.1797425e-01  -1.7780537e+00   4.4204703e-01   2.4916958e-01  -9.9800744e-01  -1.1030246e+00   3.5725955e-01  -2.0432081e+00  -6.2056519e-01  -2.9936311e-01   7.3854761e-01   1.0458223e+00   5.7364290e-02   2.9780894e-01  -1.3093569e+00   1.3145188e+00   9.7092374e-01  -2.0980712e+00
   1.0000000e+00  -2.5957607e-01  -4.4189443e-01   7.7088212e-01  -7.6316788e-01  -8.2518996e-01   5.4097313e-01   3.9133803e-02  -2.7742001e-03   5.2068937e-01  -1.9248951e+00  -1.7484510e-01   8.7660428e-01  -2.7036710e-01   4.0694253e-01   1.3159633e-01  -1.4601096e+00  -1.4831014e-01   5.2658568e-01
   2.0000000e+00  -4.1955890e-01   2.2308766e-01  -9.2143601e-01   7.3686866e-01  -1.7441632e+00   1.0942557e+00   1.1561832e+00   1.1011897e-01   1.2055572e+00  -2.8378426e-01  -2.0398824e+00  -3.7249461e-01   1.7080923e-01  -2.8963947e-02  -2.7725738e-01  -4.6597049e-01  -1.4487825e-01   6.2004985e-01
   2.0000000e+00   2.8101947e-01   1.0610121e+00  -5.6937763e-01   7.6129085e-01   4.8341254e-01  -1.1871995e+00   2.5071848e-01  -7.1146452e-01   1.4214873e+00  -1.3348698e+00  -4.9547256e-01  -3.0072910e-01  -1.1946699e-01   7.7353876e-01   3.9720650e-01   8.0149298e-01   9.4861115e-01   1.6280055e+00
   2.0000000e+00   4.1115261e-01  -6.7026386e-01   1.3996665e+00   6.0056470e-01   1.6625579e+00  -1.2715794e+00   3.1660502e-01  -1.2176749e+00  -4.2148873e-01  -8.8104938e-01   3.3384165e-01   1.5014200e-01  -2.4920590e-01   1.0035357e+00  -1.5776361e+00   9.5087980e-01  -1.4542064e-01  -1.4766314e+00
   2.0000000e+00   1.0887182e+00  -8.2312363e-01  -4.9259310e-01   2.1095656e+00  -1.5590384e+00   1.1764101e+00   1.4868508e+00   1.3609162e+00  -3.4740633e-01  -1.1964282e+00   5.0862120e-01   2.1344003e-01  -4.3205021e-01   9.3124418e-01  -4.2497278e-01  -6.9286516e-02   1.2677740e+00  -1.7584274e+00
   1.0000000e+00   4.4883071e-01   4.0171461e-02   6.0099456e-01   3.7180581e-01   5.6656061e-01  -1.5516419e+00   8.7353568e-01   1.6257716e-01  -3.7214019e-01  -4.1044700e-01  -7.5908056e-01   1.8698548e-01   5.3555734e-01   8.8002953e-01   1.2962457e+00  -4.5180457e-01  -1.2346466e+00  -8.4519401e-01
   2.0000000e+00   5.3699604e-01   6.3928803e-01  -6.0469982e-02  -9.5685273e-01   1.5515615e-01  -1.7273081e-01   8.9954468e-01  -1.6895825e+00   3.0463017e-01   7.1361795e-01  -1.5883959e+00   8.8226153e-01   1.1159779e+00  -1.2424583e+00  -3.4236811e-01  -1.2732787e+00  -4.7567841e-01  -6.3744666e-01
   2.0000000e+00  -7.4934549e-01  -9.6854715e-01  -1.5259775e+00   5.0222893e-01   5.7300065e-02  -2.3870216e-01   4.6154521e-01  -2.4074446e-01  -8.3980144e-01   1.7046148e+00  -1.1958008e-01  -1.6967524e+00   3.6913040e-01  -1.3306649e+00   4.1245519e-01  -1.7451406e+00  -4.3809250e-01  -6.5488134e-01
   2.0000000e+00  -4.1738872e-01  -4.0617617e-01   1.6439914e+00  -9.7305097e-01  -1.6441199e+00  -4.7392561e-01  -1.2668014e+00   1.8379123e+00  -6.6641320e-02   7.8333680e-02  -4.7115578e-01   3.5347867e-01  -1.8273821e-01   1.8213694e+00   1.6357058e+00  -9.7935872e-02  -2.2702748e+00   1.5891105e+00
   2.0000000e+00   6.1575933e-01  -9.3292993e-01  -1.7700335e-02  -8.2886707e-02   5.7122865e-01   3.8429434e-01   5.9089781e-01  -9.5200086e-01  -9.5075305e-01  -1.8391866e-01   2.6597865e-01  -4.8174850e-01  -3.4348006e-01  -3.2820650e+00  -6.8948460e-01   2.0240187e+00   2.7845429e-01  -9.9624520e-01
   2.0000000e+00   7.1721301e-01  -1.0673869e+00   1.6673452e-01  -1.0938094e+00  -1.3899756e+00   6.4044040e-01  -5.4662219e-01  -2.3697185e+00  -1.4563772e+00  -2.3337281e-01   8.5180752e-01  -6.2691639e-01   5.2224928e-01   1.7746668e+00   1.6347812e-01  -2.1546302e+00   1.0946347e+00   2.1308425e-02
   2.0000000e+00   2.0027020e+00  -9.3833715e-02   5.5330231e-01   8.9563563e-01   4.7377636e-01   6.1968353e-01   1.2907663e+00  -1.0670053e+00  -4.5695697e-01   1.1432881e-01   4.9577851e-01  -9.6978521e-01   3.5061036e-01  -3.9675100e-01  -6.7955034e-01  -5.2942281e-02  -1.4193972e+00  -6.9981128e-01
   1.0000000e+00   5.8527912e-01   7.1626975e-01  -9.3618840e-02  -1.8230397e-01   1.5711903e+00   6.2896160e-02  -6.1142045e-02   8.0289710e-01  -3.7089421e-01   1.3502501e-01   1.2152151e+00  -1.4768458e+00   1.6737412e+00   6.2367626e-02   1.7501461e+00  -6.7370288e-01   3.3310818e-01   1.1935079e-01
   2.0000000e+00  -1.4387445e-01   2.8184770e-01   1.0601299e+00  -1.1260427e+00  -1.5645390e-01   6.5738803e-01  -1.0092912e+00  -4.7681901e-01   7.0203428e-01  -4.3258490e-01   1.7172344e+00  -9.7670297e-01   2.5763059e-01   1.0086466e+00   4.0468772e-01  -2.8411235e-01  -1.1782607e-01   8.5599162e-01
   2.0000000e+00   2.2147286e-01  -2.1251273e-01  -1.1690475e+00  -6.7464909e-01   4.5826647e-02  -1.7783934e+00   1.0189631e+00  -4.2487407e-01   2.7025255e+00   6.2416145e-01   8.4496047e-01   6.6587860e-01   6.3642290e-01   1.1242248e+00   3.8238337e-01   1.4872226e+00   3.5225328e-01   7.5509998e-01
   2.0000000e+00  -4.8262192e-01   1.8639043e+00   7.5576701e-01   1.1170645e+00   2.9174710e+00   3.1640864e-01   1.7389139e+00  -4.1314908e-01   4.6298653e-01  -1.0337217e+00   2.1471282e-01   1.8445250e-01   1.1144265e+00  -3.6047712e-01   6.2283607e-01  -1.8595850e+00   3.6902530e-01   1.1886586e+00
   2.0000000e+00  -1.1075542e+00  -1.5479018e+00  -9.0541791e-01   1.1750909e+00   1.2436931e+00   1.5761733e+00   8.8045113e-01   2.5918480e-02  -2.7650032e-01   8.1213811e-01   5.8450797e-01  -9.6346844e-01   2.0949910e-01  -6.0165910e-01   2.8834291e-01  -3.9921568e-02   1.5393083e+00   3.7478971e-01
   2.0000000e+00  -3.3331143e-01   1.8487910e+00  -1.0117470e+00   7.5753808e-03   1.3265391e-01  -3.8700639e-01   2.3178069e+00   1.3667390e+00  -2.7690281e-01   2.3101735e+00  -1.3687738e+00  -1.6150477e+00  -1.0348056e+00  -2.6791031e-01  -7.7313658e-02   6.1619665e-01   1.1098555e+00   9.1665011e-01
   2.0000000e+00   3.0525793e-01  -4.3909696e-01  -5.7372380e-02  -1.4935409e+00   1.5229549e+00  -8.4209635e-01   9.6180852e-01  -6.4323690e-01   5.2347973e-01   1.3280517e+00  -1.0647301e+00   9.6384611e-01   1.0088001e+00  -2.5233325e-01   1.7060131e+00  -8.3764120e-02  -5.1185470e-01  -2.7526868e-01
   2.0000000e+00  -2.8471508e-01  -1.6528860e-01   1.7342285e-01  -1.2480256e+00  -3.4978242e-01   1.0970056e+00  -2.5120297e+00  -7.5765192e-03   5.2359441e-01   2.2500865e+00  -8.8244560e-02   4.1324490e-01   3.4629463e-01  -1.7495669e+00   7.4618822e-01  -6.3622376e-01   6.4372040e-01  -1.3512886e+00
   2.0000000e+00  -1.2782013e-01  -2.0196378e-01  -1.4043722e+00  -4.2554490e-01   1.1363490e+00   1.6894145e+00   8.8296911e-01   1.7258260e+00   9.6739233e-01   7.4762084e-01   1.7723524e-01   2.4829865e+00   2.3181440e-01  -6.0098623e-01   8.4920194e-01  -1.2703743e+00  -2.6177056e-01   5.8392290e-01
   2.0000000e+00  -1.0044588e+00  -8.7780705e-01  -1.2254383e+00  -3.8705065e-01  -1.5248862e-01   9.8641297e-01  -4.0007846e-01  -1.9260615e-01  -8.7255653e-01  -7.7452870e-01   5.3836218e-01   1.3826205e+00  -7.5460139e-01  -2.7629090e-01  -2.4746971e-02  -2.3227052e+00   3.1620314e-01  -1.4446301e-01
   2.0000000e+00   5.2563909e-02  -3.5935130e-01  -9.7056704e-01  -9.5598316e-01  -9.0881667e-01   5.3271895e-01   1.4293986e+00   1.6740286e+00  -1.0066252e+00   1.4351927e+00   8.4589995e-01   2.5245866e+00   2.8435803e-01  -6.3926766e-01   3.9399951e-01   2.2306932e+00  -6.5463554e-01   1.2323808e+00
   2.0000000e+00  -3.7002565e-02  -1.2191866e+00   1.8051339e+00   2.0732493e-01   1.5646372e+00   9.7498155e-01   3.5683009e-01   8.3013526e-01  -3.3383462e-01   4.9521612e-01  -8.3140744e-01   1.1071899e+00  -2.6802572e-01   7.3059389e-01  -1.2184185e+00   9.4200903e-03  -8.7948260e-01  -3.1566066e-03
   2.0000000e+00  -1.3082235e-01  -2.7142508e-01  -2.1334269e-01  -8.5899590e-02  -8.0397374e-01   6.4712213e-01  -3.3760253e-01  -7.5784005e-01  -7.0000045e-01  -1.6234992e+00   1.5726026e-01  -1.0192119e+00   8.5204177e-01  -5.9993938e-01   2.2474592e+00   5.9741892e-01  -4.1721808e-01   2.3493449e-02
   2.0000000e+00   2.0299959e-01   7.3914185e-01  -7.6899220e-01   8.7655537e-01   3.8482812e-01  -4.6459924e-01   1.4513090e+00  -2.5370995e+00   8.8374991e-01   5.0728014e-01  -8.1357892e-01  -6.5737881e-02   7.6197643e-01  -1.0176681e+00   9.3695445e-01  -5.4864094e-01   2.6589439e-01   8.4879290e-01
   2.0000000e+00   3.3122396e-01  -2.1664247e+00   8.4430131e-01   4.5128339e-01  -3.7923611e-01   4.2602566e-02   8.3521092e-01   2.3652550e+00  -1.1075369e+00  -4.1478815e-01   1.3685849e+00   1.4226718e+00   4.9762280e-01  -8.7739680e-01  -6.2879107e-01  -1.2208312e+00   1.1470751e+00   2.9614394e-01
   2.0000000e+00  -1.9257835e+00   2.8324891e-01   1.4246477e+00   5.3633734e-02   7.8282181e-01   8.0904936e-02   1.1476709e+00  -1.1880319e+00  -5.0927467e-01   1.0270988e+00   8.2224539e-01   5.8469892e-01   1.5160127e+00  -4.3371080e-01  -4.9796071e-01   1.4357828e+00   3.6482281e-01   1.5053011e-01
   2.0000000e+00  -2.8601753e-01   2.0561702e-01   1.1908765e+00  -1.8568985e-02   1.4178106e-01  -1.2888672e+00   5.1600134e-01  -1.1652513e+00  -6.7816900e-01   1.3416978e-01   1.9479504e+00   3.7447877e-03  -1.3262650e-01  -4.3883638e-01   1.6461993e+00   4.1513919e-01  -1.3294717e+00   2.1236161e+00
   2.0000000e+00  -8.6241970e-01   4.3359978e-02   6.5634985e-01   1.0675921e+00  -1.5708916e-01  -8.5495595e-02  -9.2147414e-01  -2.7270950e-01   1.6316558e-01   1.8241818e+00   1.0327615e+00  -9.8472869e-01   8.7791516e-02   1.5639100e+00  -6.2889589e-01   1.0536060e+00  -1.2387737e-01   8.6694988e-02
   2.0000000e+00   1.3117766e+00  -1.6316927e+00  -4.6289465e-01  -9.1524190e-02   8.2106156e-01  -4.2468785e-01  -1.6237200e+00   2.5700450e-01   1.2394124e-01  -1.4051177e+00   3.2753201e-01   2.3721301e+00   4.8110164e-01  -1.1490110e+00  -3.1883510e-01   2.8138002e-01  -3.0321805e-01   6.7813650e-02
   2.0000000e+00  -4.0961989e-01  -1.8405378e+00   5.3903721e-01   6.9574149e-01  -5.9692114e-01   1.4485222e+00  -1.2565622e+00  -1.3319844e+00   1.0526384e+00   1.1946757e+00   2.1273343e-01  -1.5360849e+00  -5.1525175e-01  -2.0884412e+00  -1.2193521e+00   1.7543151e+00   3.0058378e+00  -1.2083891e-01
   2.0000000e+00  -4.2279980e-01   4.4942133e-01   1.0341694e+00   4.1774533e-01   7.1362095e-01  -2.5771509e-01   1.7687866e+00   1.5050263e-01   1.1926454e-01   1.7002952e+00  -2.4302304e-01   5.2426104e-01  -4.0192775e-01  -1.7203545e+00   6.8447422e-01   1.5315470e+00  -2.6916325e-01   1.3310498e+00
   2.0000000e+00   5.3272879e-01  -2.5648810e+00   1.2320468e+00   2.1802472e+00   1.3195652e+00  -9.0234092e-01   1.9896118e+00  -1.7068742e-01  -1.0604569e+00  -8.8555202e-01   4.2380148e-01  -1.7715024e-01   1.6699063e+00  -5.1910290e-01   1.9082386e+00  -1.3847432e+00  -6.9833535e-01   1.4970288e+00
   1.0000000e+00   1.2498612e+00   4.8944193e-01  -3.9740691e-01  -1.0015842e+00  -3.0477071e-01   6.2777084e-01   1.1664327e+00   2.0294812e-01  -1.1389197e+00  -1.4448690e+00  -1.0692643e+00   1.4582230e-01  -9.2709116e-01   3.2150393e-01   1.3205801e+00  -1.1126938e+00  -1.8102790e-01  -1.7692308e+00
   1.0000000e+00  -6.9039440e-01  -2.5379941e-01   1.7113618e-01   1.4313745e-01   2.3425932e-01  -1.2412652e+00  -9.8902738e-02  -1.0914386e+00  -1.8483915e+00  -1.5512572e+00   1.0027145e+00   6.4165074e-01   8.9804280e-01   7.2312864e-02  -8.4406829e-01  -1.6252708e-01  -1.1746848e+00   2.1503296e+00
   2.0000000e+00  -3.2613874e-01  -2.0158801e+00   2.9168572e-02   1.4536664e+00  -5.1702619e-01  -1.8493385e-01  -1.4171487e+00   1.7088044e+00  -6.2641716e-01   2.5955053e-01   6.8889983e-01   8.4622220e-01   1.4183869e+00  -8.6623733e-01   5.8222278e-01  -9.5587160e-01   5.0561139e-01   5.7590806e-01
   1.0000000e+00  -1.0002359e-01  -6.0467011e-01  -1.1604920e-01  -1.3753009e+00   6.0262571e-01  -7.2223922e-01   8.8529591e-01   1.1473863e-01   1.0469498e+00   1.7029551e-01   1.3405234e+00   7.2954159e-01   1.8430691e+00   5.9766435e-01  -5.7970968e-02  -1.3254550e+00  -1.1327031e+00   6.6038848e-01
   2.0000000e+00   3.4827445e-02   1.0770038e-01   1.3395014e+00   8.0984215e-01   5.9427087e-01   6.7743545e-01  -2.9448953e+00  -6.3391317e-01   7.2055666e-01  -7.0650340e-01   4.8050028e-01  -2.3961342e-01   1.1182035e+00  -4.0357676e-01   9.7444043e-01   1.2179991e+00  -1.2709157e+00   1.0257597e+00
   2.0000000e+00  -7.1693760e-02  -6.5127648e-01  -9.6262488e-02   2.2582143e+00  -4.8055166e-01   2.4289440e-01  -1.4256516e+00  -5.5445726e-01   2.9291194e-01  -3.7902910e-01   1.7873476e+00  -2.8334724e-01  -1.4377952e+00  -1.3594659e+00  -7.1728092e-02   9.6474334e-01  -2.0700070e-01  -1.0740747e+00
   2.0000000e+00   1.0791459e+00   7.5994344e-02   6.3625790e-01  -1.0535489e+00   5.1682574e-01  -1.9449854e-01  -1.0796841e+00   7.8834829e-01  -4.7415024e-01   1.2352023e+00   5.2745892e-01   1.2687248e+00   7.9311561e-01  -1.5433597e-01   2.7726240e+00   7.4067702e-01  -4.3330304e-01  -2.9765886e-01
   1.0000000e+00   7.2508560e-01   2.7562966e-01   4.1439905e-02   9.4454001e-01   1.3580397e+00   1.4342636e-01  -1.8915366e+00  -1.0602145e+00  -5.7118644e-01   2.2361218e-01  -1.5663916e+00  -7.0380760e-02  -1.2702088e+00   5.1609382e-01   1.0407862e+00  -1.4050241e+00   7.3014493e-01  -9.1265782e-01
   2.0000000e+00   5.4250240e-01   1.0442148e+00   2.7153391e-01  -4.5631202e-01  -4.4310231e-01   1.4742674e-01  -1.3326807e+00  -2.2283579e+00   3.8579349e-01   7.5325652e-01  -2.5835589e-01   5.7652528e-01  -4.0649238e-02   2.8840632e-01   1.2323476e+00   8.6446865e-02   7.6810597e-03   7.4402822e-01
   2.0000000e+00  -1.1836550e+00  -7.4784661e-01   3.9273622e-01  -1.2548183e+00   1.0752548e+00   1.5183756e+00   1.0453956e+00   1.3411206e+00  -6.7340374e-01  -2.6769547e-01   4.6921950e-01  -1.2786530e+00   1.1826388e+00  -3.9714949e-01   2.0592004e+00  -1.3330030e-01  -2.1760452e-01   1.2266518e+00
   2.0000000e+00   6.3671360e-01   6.2411405e-01   8.6160524e-01  -1.5178199e+00  -1.8685754e+00  -1.1973455e+00  -8.5191830e-02   2.3024304e+00  -6.5234519e-01   1.0710852e+00   2.6955933e-01   6.5004907e-01   7.4418657e-01  -1.6343179e+00  -1.6025650e-01  -1.1578528e+00   1.2336196e+00   1.2852875e+00
   2.0000000e+00   5.3069200e-02  -1.1361684e+00  -6.3250035e-01   6.7242341e-01  -6.1774988e-01  -3.7947368e-01  -8.1488150e-01   1.0287770e+00  -6.3019781e-01   9.1037410e-01  -2.5493766e+00   3.6735806e-01  -1.1443198e+00   6.1071322e-01  -4.6474905e-01   1.1792031e+00   2.3722657e-01   1.2997835e+00
   2.0000000e+00  -1.7882304e+00   3.8776477e-01   3.0900982e-01   1.1880468e+00  -1.0713473e+00  -2.0917974e-01   8.6537438e-01  -1.3345421e-01  -1.8501644e-01   2.4076668e+00  -1.2759292e+00   3.1211889e-01   2.3742584e+00   9.2373995e-01   2.4398704e-01  -1.3870817e+00  -2.8922206e-01   6.3244423e-01
   2.0000000e+00   2.0454584e+00   6.9421082e-01   6.6642144e-01   4.8133320e-02  -1.6187421e+00  -5.2656716e-02  -1.7185457e+00   4.0146715e-01  -9.9909706e-02  -1.9369520e+00   4.5022192e-02   3.8242163e-01   8.8657110e-01   8.1374912e-01   7.6059692e-01   2.1001466e+00  -1.1403816e+00  -6.8809415e-01
   1.0000000e+00   4.4342735e-01   5.2684613e-02  -3.6530635e-01  -9.4656530e-01   4.2710335e-01  -7.5288456e-03   3.6194941e-01  -4.7811274e-01  -1.0597590e+00   1.3342309e-02  -3.7889133e-01   1.4583980e+00   1.6855567e-01   6.0506484e-01  -3.5136677e-01  -1.6687692e+00  -1.6918035e-01   3.9218537e-01
   1.0000000e+00  -1.1868307e+00  -2.2276085e-01  -3.2376712e-01   1.0079459e+00   8.6912729e-01   1.5283315e-01  -8.2697291e-01  -1.3879879e-01   2.9241694e-01   8.1403440e-02  -1.2993958e+00  -5.3264511e-01   7.4885908e-02   2.8696470e-01  -2.1124526e-01   4.1541754e-01   2.0639544e-01   7.1035723e-02
   2.0000000e+00  -2.7219757e-01   1.2248254e+00   4.5627883e-02   1.7875329e+00   1.0413167e+00  -7.7543995e-02   7.2809178e-01   7.5313116e-01   1.5921321e-01   1.2076894e+00  -1.3571149e+00   5.2974411e-01  -1.6131113e+00  -1.7730974e-01   5.9619928e-01  -1.6627105e+00   1.8226793e-01   2.6430302e+00
   2.0000000e+00  -4.3373908e-01  -5.4218843e-01   1.2058808e-01   1.4326296e+00   1.6084824e+00  -2.0893146e+00   3.1305130e-01  -2.5325754e-01   3.3347378e-01   9.7730941e-01  -7.8174237e-01   8.8394669e-01   8.5955638e-01  -8.1147466e-02   1.2797362e+00  -1.1807390e+00   3.0746179e-01  -6.7607220e-01
   2.0000000e+00  -5.5114839e-01   3.1138209e-01  -7.6722951e-01   2.1432516e+00   2.7642449e+00   5.7068532e-01   1.4431495e+00   1.4412707e+00  -1.0856432e-01   1.1485015e+00   1.5927321e-01  -1.7366993e-01   3.1398157e-01   2.0409695e+00  -5.1890767e-01   1.9726529e+00  -5.7164566e-01   7.3650430e-01
   2.0000000e+00   9.1780701e-01   8.3685807e-01  -4.0231952e-01  -2.3204491e-01   5.6459847e-01   6.1624610e-01   6.7802409e-01  -7.3549274e-01   2.0805963e+00  -8.2069476e-01  -4.5678839e-01  -8.2875057e-01   1.0540116e+00  -9.8281872e-01   7.0435106e-01   1.1102689e+00  -7.5911220e-01  -1.2772621e-01
   2.0000000e+00  -1.3653839e-01   7.4588137e-01  -1.0191179e+00   3.0415070e-01   4.8687810e-01  -3.5682449e-01  -1.4434700e+00   2.7767801e-01  -2.6477983e+00  -1.7724123e-01   1.1325032e-01  -2.4677857e+00  -8.2528830e-01   8.6830203e-01   2.8462638e-01  -3.4680467e-02  -1.0692534e+00   1.7950279e+00
   2.0000000e+00  -7.0647414e-01  -3.9955342e-01   9.7882892e-01  -1.7530253e+00   2.6018376e-01  -1.9615460e+00  -2.9704918e-01  -9.3930458e-01   1.2194556e+00  -2.2799790e-01   5.4686570e-01  -9.2560218e-01  -1.9528988e-01  -3.5264470e-01  -6.3512265e-02  -1.1398764e+00   7.7999549e-01  -9.7710748e-02
   2.0000000e+00   6.0008727e-01   2.1561582e+00   5.3153460e-01  -7.1127187e-01  -9.2908562e-01   2.5493510e-01  -8.2139819e-02  -1.1312569e+00   7.8839375e-01   3.2203413e-03   6.8473660e-01  -5.5800417e-01   1.0581486e+00   1.2642638e-01  -9.6224731e-03   2.0436930e-01  -8.2169500e-01   5.5760564e-02
   2.0000000e+00  -1.0834499e-01  -9.1465145e-01   7.1708880e-01  -5.8529657e-01   1.0521938e+00   1.7597843e+00  -4.0572635e-01  -8.9347928e-02  -7.4573300e-01  -1.3928655e+00  -1.4870472e-01   9.4507003e-01   8.0573270e-01  -4.1567665e-01   1.6359745e-01   5.6767597e-01  -3.7724431e-01   5.3112692e-01
   2.0000000e+00  -1.2578033e+00  -1.8100795e-01   1.5243541e-01   2.4320625e-01  -4.2918743e-01  -1.3660111e+00   7.6038841e-01   6.6288155e-01   9.1870818e-01   6.2709531e-02   3.9505681e-01   3.0240538e-01   5.3800081e-01  -1.7077503e+00   8.8583412e-01   5.6050728e-01   7.1704951e-01   6.1915407e-02
   2.0000000e+00  -1.1021595e-01   1.1109381e+00  -9.4522687e-01   1.2540759e+00   5.6448577e-01   7.6455086e-01   1.5477474e+00  -1.3640159e-01  -7.0115720e-01   6.0887866e-01   9.3949142e-01   1.4333463e+00   1.8479462e-02   1.4971661e+00   7.2516814e-01  -2.3856248e-01  -6.0759336e-02   9.9257049e-01
   2.0000000e+00   1.2236458e+00  -1.4778948e+00  -2.5623102e+00   4.2959153e-01   1.9214050e-01  -1.0414700e-01   7.0738826e-01   5.3326765e-01  -8.6095249e-01   1.0571255e+00  -8.4762430e-01   1.2913235e-01  -1.5416683e+00   6.2875403e-01  -1.3589696e-01   1.1012062e+00   2.1515807e+00  -2.3538518e-03
   2.0000000e+00   1.3132434e+00   8.6572168e-01   1.4791322e+00  -1.5072767e+00   2.7791301e-01  -6.1104370e-01  -8.9026427e-02  -1.3577723e-01   1.2426130e+00  -2.2720624e+00  -2.7030473e+00  -5.3448543e-01   1.2490513e+00  -1.0083931e+00  -8.1924438e-01  -9.6277990e-02  -1.1921891e+00  -1.2966839e-01
   2.0000000e+00   1.0501996e+00   7.1316971e-01   3.8619301e-01   1.1319421e+00  -1.8577979e+00   8.8074276e-01   1.0081924e+00  -1.3758452e+00   6.9469864e-01   1.2224327e+00  -4.5885186e-01   1.4513243e+00   9.1003925e-02  -2.3916305e-01   5.8288800e-01  -5.5728143e-01  -2.9073392e-01   4.4339716e-01
   2.0000000e+00  -7.1373141e-01  -1.8475443e-01   1.5136449e+00   5.9981924e-02  -3.7287271e-01  -1.6158648e+00  -2.7172497e+00   6.1852075e-01  -1.1032754e+00   7.6301331e-01   1.2475173e+00   8.4027973e-01   1.2324987e+00   2.4244121e+00  -2.1639644e+00  -1.7094930e+00   9.1027578e-01   6.0919482e-01
   2.0000000e+00  -8.7007921e-01  -1.0227401e+00   1.0166097e+00  -6.8024464e-02   6.8928337e-01  -1.8193099e+00   1.0834946e-01  -1.4126893e+00  -9.4184806e-01   2.6585481e-01   1.2366410e+00  -4.6009827e-02  -2.5766097e-01  -1.2334385e+00  -5.1986211e-01  -1.2401993e+00   2.4232218e+00   5.4367163e-01
   2.0000000e+00  -1.4012687e+00  -4.0907401e-01   4.0750694e-01   7.3269635e-01   3.0761527e-01  -9.3711211e-01   5.2352352e-01   4.5607229e-01   1.1550352e-01  -7.1926104e-01  -6.6735824e-01   2.7834579e-01  -9.1597771e-02  -1.4608532e+00   1.7006821e-01   3.9518880e-01   4.5174295e-01  -7.4995032e-01
   1.0000000e+00   3.8215056e-01   1.0419501e-01  -3.8476942e-01   5.2299845e-01   3.1750381e-01  -8.4895973e-01   1.2151362e+00   1.3302956e+00  -1.3569882e+00   3.5266390e-01   7.9770326e-02  -1.0252027e-02  -5.8129601e-02   9.4111796e-01  -1.2978034e+00  -7.4841815e-01  -8.7741584e-01  -1.1292851e+00
   1.0000000e+00  -7.5341716e-01  -6.1187854e-01  -1.1544198e-01   1.1118766e+00   1.4378180e+00   1.2562984e+00   1.2940380e+00  -1.2344353e+00   1.2409426e+00   7.3446347e-01   9.6561704e-01   1.6353838e+00   5.5404809e-01   6.0127194e-01   1.0725117e+00   8.3125065e-01   2.6396802e+00   3.2599418e-01
   2.0000000e+00  -3.5604511e-01   2.1038515e-01   6.7154011e-01  -1.5855869e+00   3.1807547e-01  -6.0000993e-01  -6.0754086e-02   1.1482659e-01   4.0535749e-01   7.9776073e-01  -1.1797194e+00  -1.3496918e+00  -6.9533111e-01   1.3920924e+00  -2.0712281e-01  -1.1454756e-01  -1.3061866e+00  -5.4904290e-01
   2.0000000e+00  -9.2918026e-01  -1.1993341e+00   4.8215305e-01   4.0638085e-01   4.1673898e-01   1.0371558e+00  -8.6622489e-01  -2.9932741e-01  -1.2534314e+00   2.5203083e+00  -1.0062805e+00   3.3588947e-01   1.7028261e+00   1.2003144e+00   1.2183097e+00   1.1638379e+00   3.2084258e-01   1.2717537e-01
   2.0000000e+00  -9.9019349e-01   6.9637622e-01  -6.7625022e-01  -4.3393164e-01   1.1354289e+00  -7.3120624e-01   5.2210283e-02   3.4389710e-01   6.8465056e-01   1.4428926e+00  -7.5906918e-01  -1.7206687e+00  -5.5596169e-01  -2.6185359e+00  -9.7959020e-02  -1.0724498e+00   7.4185477e-01   5.8190938e-01
   2.0000000e+00  -2.4093112e+00  -1.3294885e+00   1.0142292e+00   2.9081996e-02   1.3137884e+00   8.1830851e-01   1.3423683e+00   2.9554074e-01  -8.4110342e-01  -8.8363729e-01   1.1550291e-01  -9.8749339e-01  -1.3247950e+00   2.6201537e+00   2.0874725e-01  -1.6607424e+00  -1.1625316e+00  -1.7350137e-01
   2.0000000e+00  -4.9083373e-01   1.4682428e+00  -1.1486460e+00  -3.3274429e-01   5.0275505e-01  -6.0023277e-01  -1.2859296e+00   7.4874327e-01   2.2236387e-01  -5.3964760e-01  -6.4440631e-01   6.0080630e-01   7.7489609e-01   3.2580581e-01  -6.5682344e-01  -7.2159292e-01  -4.6982324e-01  -8.4677601e-01
   2.0000000e+00  -8.8747836e-01   8.0221799e-01   1.2872034e+00  -1.4900927e+00  -7.8269779e-01  -9.9488085e-01   7.7630127e-01   1.4409231e+00  -1.3421750e+00  -2.5145265e-01   7.0521291e-01   1.7697981e+00   2.0324736e-01  -1.0002981e+00   1.7331399e-01  -1.3175566e+00  -2.2788012e-01   8.4940898e-01
   2.0000000e+00   3.1701490e-01   6.1978243e-02  -1.1487248e+00   9.9350570e-01  -9.9468536e-01   9.9267261e-01  -9.7727151e-01  -3.2749508e-01  -1.9582986e+00  -9.3744688e-01  -1.0306344e+00   4.5427369e-01   5.5792328e-01  -5.4997325e-01  -4.3273475e-01   7.7465652e-01  -1.1473864e-01  -9.7171008e-01
   2.0000000e+00   9.5593096e-01   4.7834414e-01   3.7467015e-01  -1.1602741e+00  -3.3353288e-01  -1.4588665e+00  -1.3253280e+00  -2.4549897e+00  -3.7526473e-03   3.3872823e-01   1.6320987e-01  -7.2079206e-01   3.2004891e-01   9.4562027e-01  -5.1757727e-01  -2.8719561e-01   5.6133458e-01   9.4954287e-01
   2.0000000e+00   2.2544830e-01  -1.7166454e-01  -2.0212220e-01   2.4839692e-01  -4.3738592e-01   2.1584600e+00   3.1819891e-01  -1.1779007e+00   2.4745733e+00  -4.1329855e-01  -3.9161582e-01   1.7534690e+00  -1.7264462e-01   2.1527772e-01   1.8271294e+00  -3.8571546e-01  -2.0133970e-01  -8.7146939e-02
   2.0000000e+00   1.2501012e+00  -6.7328426e-01  -8.5231035e-02  -5.6938390e-01   8.0875033e-01  -8.6451904e-01  -3.6818353e-01   3.8531547e-01   2.6265690e-01   7.2413529e-01  -1.6559198e+00  -1.3671886e+00   9.1609371e-01  -3.0168652e-01  -1.1162803e+00   5.5717832e-01  -2.9687081e-01  -2.6339132e-01
   2.0000000e+00  -4.3557910e-01   1.1345761e+00  -4.9004872e-02  -8.3828353e-01  -1.5856778e+00   6.0026631e-01  -2.6451553e+00   1.2979380e+00  -5.8933858e-01  -7.5508580e-01  -1.0594649e+00  -4.3020802e-01   2.5802323e-01  -8.7670465e-01   7.5624321e-01  -1.4939342e+00  -1.2549117e+00  -1.1825220e+00
   1.0000000e+00  -6.3117296e-02   2.4827529e-01  -7.8652766e-01  -1.6236559e-01   4.4185315e-01  -5.2570295e-01   7.7901113e-01   9.3521412e-01   1.1229361e+00   6.5745455e-01   1.7210436e-02   3.9942139e-01  -1.0759786e+00   3.4714812e-01   1.7895555e+00  -1.4778467e+00   8.9771288e-01   6.3385914e-01
   1.0000000e+00  -4.8452129e-01  -4.9644401e-01  -1.8747987e-01   1.2817516e+00   2.6479408e-01  -8.1895649e-01  -8.2163643e-01  -5.0115486e-01   9.6428916e-01  -9.8152421e-01   1.1356162e+00  -1.3027977e+00   1.2410685e+00   2.9711965e-01   3.4402994e-01  -1.0070321e+00  -4.3983891e-01   2.7362887e+00
   1.0000000e+00  -1.3744869e+00  -4.8868861e-02   1.0244238e+00  -1.3039061e+00   1.6156346e+00  -6.3162637e-01  -1.4702442e-01   3.6032949e-01  -9.1846663e-01   1.2003695e+00   4.4610177e-01  -1.7221323e+00   1.7101021e-01   6.3433974e-01   1.8706235e-01   4.7704238e-01  -1.1014111e+00   8.5925553e-01
   1.0000000e+00  -9.6818354e-01  -1.6236304e-01   1.4417106e+00  -2.0589638e-01   1.9994097e+00  -5.6853358e-01  -6.7632084e-01   2.2640780e-01   1.2687996e+00  -1.4406906e+00   2.1469539e-01   6.0677861e-01   9.0667699e-01   7.8590807e-01  -7.0013724e-01   1.2918231e-01  -1.8604044e+00   1.6126964e+00
   2.0000000e+00   1.5459463e-02   1.9958760e+00   8.7678025e-01   3.4441844e-01  -1.4784685e+00  -4.0543945e-01  -4.7303502e-01  -1.3229808e+00   3.7508818e-01   1.4810653e+00  -6.4748688e-01   4.1466936e-01  -1.9492212e-02  -1.9328757e+00   5.0447076e-01  -5.8108737e-01   1.4771702e-01   4.9466278e-01
   2.0000000e+00   2.9411128e-01  -2.5803562e-01   6.2599104e-01  -5.1571684e-01   6.9344520e-01  -1.4918702e+00  -3.6856152e-02   1.9336800e-01  -1.9870963e+00   1.7776412e+00  -1.1486974e+00   2.9542592e-01  -8.4800632e-01  -5.9085050e-02   7.6425432e-01   6.2725926e-01   4.2467235e-01   6.3272358e-01
   2.0000000e+00   4.7466606e-01   6.5788742e-01   7.9166984e-02   2.5640689e-01  -6.4218927e-02   2.2854112e+00   4.4556213e-01   1.4014297e+00   1.1055862e+00   6.3517332e-01   2.6553133e-01   6.8991632e-01   8.9001584e-01   4.1742413e-01  -1.7240768e-01   9.9933276e-01  -2.7803427e-01   1.5834049e+00
   2.0000000e+00   2.9085944e-01   1.4977002e-01  -6.7558966e-01  -7.2116758e-01   1.9268238e+00  -1.4797570e-01   5.3136177e-01   1.4911814e+00   3.7019156e-02   6.6547973e-01  -9.7546519e-01  -1.1473276e-01   5.4578154e-01  -2.4899272e-02   1.8827390e-01  -1.4337673e-01  -4.4395040e-01  -1.1702990e+00
   2.0000000e+00  -8.4108646e-02  -1.3771893e-01  -1.3680370e+00  -5.1803793e-01   6.3938851e-01   4.4110813e-01   5.9052665e-01   2.1002420e-01  -1.4047641e+00  -8.3102866e-01  -1.7820347e+00   3.0298047e-01   3.9640719e-01  -2.1690511e-01  -1.0401821e+00   1.3188721e+00   2.8371469e-01  -4.1870915e-01
   2.0000000e+00  -5.9003913e-01   1.9231003e+00   1.5901616e+00  -9.6561573e-01   5.5771995e-01   5.8033135e-01   1.9421631e+00   7.2262272e-01  -1.0043252e+00  -2.9990862e-02  -1.5120728e-01   7.1253725e-01   5.1490940e-01   1.6474716e+00  -7.9148200e-01   4.5575276e-01   5.3586947e-01   3.8407218e-01
   1.0000000e+00   6.0533126e-01  -5.3742802e-02   1.9141728e-01   2.0208437e+00   1.0935311e+00   1.8070874e+00  -7.5913684e-01  -2.5665331e-01  -4.5181283e-01  -1.4178507e+00   2.7724915e-02  -2.6879518e+00  -1.4426705e+00   6.7887285e-01   9.4048482e-01  -9.4937350e-01   1.2757284e+00  -7.5617526e-01
   2.0000000e+00  -4.9339923e-01  -6.7277169e-01   1.8844192e+00  -1.9200548e-01  -8.2184950e-01  -1.1588672e+00  -8.6648853e-02   2.5159122e+00  -9.8609322e-01  -1.7065530e+00   1.7736705e+00   1.2310269e+00   4.9287405e-01  -1.1149301e+00   1.0166495e+00   3.6782113e-01  -2.0899451e-02   2.9304908e-01
   1.0000000e+00   1.2626623e+00   5.3182770e-01  -7.2065534e-01  -7.6645111e-01  -2.3886876e+00   1.1342791e+00   1.5787477e+00   2.1710851e-01   2.9735973e-01   6.2055260e-01  -9.6472739e-01   1.4739440e+00  -2.9562723e-01   1.6386695e-01   1.2850411e-01  -6.8092385e-02   5.3252685e-01  -2.4803407e-01
   2.0000000e+00  -1.2564308e-01  -6.0566783e-01   2.5637509e-01   5.1686379e-01   1.1792737e-01  -2.0171320e-01  -1.4044005e-01   8.5250188e-01   3.0098446e-02   1.5819816e+00  -1.0925287e+00  -4.9671885e-01  -1.2473769e+00  -2.8985577e-01  -1.0421664e-01  -1.3853402e+00   7.5055842e-01  -1.2287564e+00
   2.0000000e+00   1.1476762e+00  -1.6842308e+00   3.9809030e-01   3.4495079e-01   9.9549628e-01  -1.8886366e+00   4.8988912e-01   1.2876174e+00  -4.5504976e-01   1.1413327e+00  -9.3079374e-01   1.0753856e+00   1.9705184e-02   7.0876171e-02   2.2086045e-01   6.4213873e-01  -9.4265474e-01  -1.7882005e+00
   2.0000000e+00   7.5812165e-01  -8.0196546e-02   3.2502837e-01   3.1466922e-02   1.3448844e+00  -1.2942155e+00   1.4278132e+00  -1.3856482e+00   5.6759627e-01  -1.2674160e-01   2.9952702e-01  -4.2479782e-01  -1.4100645e+00  -4.2564707e-01  -1.7234308e-01   3.4234868e-01  -1.9449609e+00   1.7115278e-01
   2.0000000e+00  -5.1084147e-01   6.1701900e-01  -3.9753154e-01   1.9378315e-01  -1.3166087e+00  -8.1776896e-01  -5.8878069e-01  -4.7369534e-01  -1.5250787e-01   6.6026382e-01   8.4252763e-01   1.6470986e+00  -1.3203181e-01   1.1154869e+00  -3.0832260e-01  -1.8352656e+00   1.0854989e+00   5.7337877e-01
   1.0000000e+00  -1.7134864e-01   6.1188606e-02  -1.2844399e-01  -1.6900589e-01   6.1430015e-01   1.0543251e+00  -3.5802462e-01  -4.6908937e-02  -1.6688160e-02   3.1700744e-01   7.9749042e-01  -6.8950785e-02   7.3065531e-01   5.3767406e-02  -1.4553961e+00  -6.0254101e-01  -1.1324325e-01  -1.0795509e+00
   2.0000000e+00   2.7159525e-01  -5.2780829e-01  -1.2030458e+00   1.7361211e+00   1.0156685e-01  -6.6175483e-02  -8.2063557e-01  -9.0570701e-01   1.0685772e+00  -1.5709841e+00  -8.3359240e-01   6.6132709e-01  -6.1820589e-01  -2.1865329e+00   2.7929473e-01   1.7360272e+00   1.6172231e+00   2.5453477e-01
   2.0000000e+00   2.1175944e+00  -9.8648593e-01  -1.1727132e-01   2.5679325e-01  -1.4690704e+00   5.5242425e-01   9.3164801e-01   1.4926036e-01   2.8588080e-01   7.6061462e-01   6.7518325e-01  -4.2013796e-01   2.3944082e+00  -1.9259949e+00   4.0929795e-01   1.8915238e-01  -1.3754461e+00   2.8389743e-01
   1.0000000e+00   3.9826607e-01   8.4927582e-01  -1.7014965e+00   1.3365773e+00  -2.1318997e+00   4.9349336e-02   1.8122403e+00   8.0901331e-01  -2.7393187e-01  -5.8523561e-01   1.2918753e+00  -1.4944254e+00   4.6840560e-01   3.9535157e-01  -3.0781079e-01   5.3047495e-01   2.2478414e+00  -1.4842683e+00
   1.0000000e+00   1.5969742e+00  -1.1442345e-01   2.9075386e-01   7.0728910e-01   1.1813403e-01  -8.4662133e-01  -2.1318298e+00   1.4035220e+00  -3.2858440e-01   8.4482347e-01  -2.3014772e-01  -7.5862014e-01   4.4228243e-01   8.4992375e-01   5.8516840e-01   4.2622930e-01  -1.0389190e+00   7.4921985e-01
   2.0000000e+00   1.9806633e+00  -2.1917577e-01  -5.8371819e-02   7.3679055e-01   5.1254392e-01  -5.7816077e-01  -5.5568475e-02   2.3817954e-01  -6.7224088e-01  -2.0404297e-02   1.2215851e+00   1.2340144e-01   5.9300409e-01  -3.1117550e+00  -1.2381810e+00  -2.8728001e-01  -1.1870879e+00   1.5780298e-02
   2.0000000e+00  -1.3618299e+00  -1.2013926e+00  -1.3434123e-01  -4.9158928e-01   6.4247614e-02  -8.1144154e-01   6.6207438e-01   4.5730910e-01   1.9849593e+00   8.3701527e-01   1.0928603e+00   1.2757113e+00   6.4274070e-01  -6.5851880e-02  -1.0709826e+00   9.3721636e-02   1.0858631e+00   1.7750569e-01
   2.0000000e+00   8.8349524e-01   8.2415738e-02  -3.2617439e-02  -2.7584974e-01  -4.9350060e-01  -2.0596502e-01  -1.5442100e+00   1.7898693e+00  -3.4602680e-01   6.1184100e-01  -4.3188935e-01  -3.1694704e-01  -1.3431664e+00   1.4382920e+00   7.0288318e-01  -6.6358478e-01   5.1856877e-01  -6.5193537e-02
   1.0000000e+00   8.8815824e-01  -1.3821841e-01   1.6459069e+00  -1.2249541e+00  -5.6076368e-01  -1.3894966e+00  -1.4759854e+00  -1.2143144e+00   1.0213250e+00   1.9023318e+00  -1.1580879e+00  -3.1000377e-01  -3.0007624e-01   9.2417530e-01  -1.4772441e-01  -1.3057135e+00  -1.0643542e+00  -6.3953967e-01
   2.0000000e+00  -1.1693326e+00  -3.6693598e-01   6.2393303e-02   2.1838302e-01   1.7885077e+00   2.4837651e-01  -1.8900536e+00   3.9304177e-01  -1.1545805e+00   1.1136619e+00  -1.3257920e+00  -8.1255430e-01   3.4623517e-01  -3.4418467e-01  -1.9257902e+00  -1.0486978e+00  -2.4747063e+00  -1.2958360e+00
   2.0000000e+00   1.0409835e+00  -2.5852825e+00   1.4603162e-01  -7.4709320e-01   9.8749761e-01   1.9191381e+00   7.7566284e-01   7.0178894e-01  -3.5664660e-02  -7.9578309e-01   1.7752108e+00  -1.6452978e+00  -5.0550347e-01  -2.4707409e-01   7.3272425e-01   6.1870527e-01  -1.7481016e-01   1.2233095e+00
   2.0000000e+00   1.2490352e+00   4.1422479e-01   2.3525034e+00  -1.8147652e+00   1.9380004e+00  -7.3730258e-02   7.0433225e-01   6.9886627e-02  -1.8296750e+00   1.5347895e+00  -1.4418336e+00  -8.6239183e-01   2.1529671e-01   1.2869341e+00  -1.4956127e+00   5.6627520e-02   8.4331475e-01   4.8059538e-01
   2.0000000e+00  -6.2019948e-01   6.1668757e-01   7.1884868e-01  -1.7328805e+00   8.2200810e-01   1.5577612e+00   3.6492596e-01  -3.3299581e-01  -3.7110827e-01   1.5036558e+00  -6.9709986e-01   3.6465090e-01   2.4344730e-01   1.3009477e+00  -1.4150210e+00  -5.3844655e-01   8.5465216e-01  -4.3236975e-01
   2.0000000e+00   1.1020499e+00   1.0080480e-01  -1.1095604e+00  -2.0780276e-01  -2.0298975e-01   4.6438846e-01   3.7114533e-01  -1.3843160e+00  -1.1294735e+00  -1.6028573e+00  -1.1868850e-01   4.6809773e-01   6.4913249e-01  -3.1368568e-01  -4.9712759e-01   7.2428657e-01  -2.1833838e+00   1.2615619e+00
   1.0000000e+00   6.7043917e-01  -4.3041340e-01  -4.8761707e-01  -5.5273459e-01  -6.9502159e-01  -5.2990216e-01  -1.8196520e+00  -3.2033433e-01  -1.7931054e+00  -1.7044985e+00  -5.4258102e-01  -3.1186521e-01  -1.8662865e+00   3.1298494e-01   2.0041827e+00  -1.1505645e+00   3.7898614e-01  -1.7889872e+00
   2.0000000e+00   6.2955007e-01   7.2552495e-01  -5.7440945e-01   1.1606538e-01   3.6827845e-01  -7.2483357e-01  -1.2632270e-01   1.0011808e+00   6.9379455e-01   1.0590400e+00  -4.2499618e-01  -6.1572521e-01   1.1808261e+00  -2.6971354e-01  -5.6145247e-01  -7.7030300e-01   3.9206566e-01  -2.6901946e-01
   2.0000000e+00  -1.9011714e+00  -7.5604754e-01  -1.2102276e+00   2.6826749e-01  -5.6712691e-01  -9.4703058e-01  -8.8097981e-01   9.5431182e-01   1.4694745e+00  -1.8070755e+00   1.7045219e-01   1.0772559e+00  -1.0065230e+00  -8.8475246e-01   3.7910481e-01  -1.1586770e+00   1.2573380e-01  -7.8121096e-01
   2.0000000e+00  -9.2905047e-01  -4.6076071e-01   8.7936624e-01  -5.6596743e-01  -5.8244840e-01   4.4977326e-01   7.1605401e-01  -1.1638682e+00  -1.6122765e+00   1.4261610e+00  -6.7945952e-02  -1.6861182e-01  -1.7898491e-01  -1.3570595e+00  -3.6852367e-01   2.6263884e+00   1.0314968e-01   2.1509816e-01
   2.0000000e+00  -3.3971665e-01  -1.0321129e-01  -1.8945334e-01  -1.1573027e+00   5.1580931e-01   5.3209226e-01  -1.2171341e+00  -9.0263371e-01   7.0969423e-01   8.3526759e-01   4.0800667e-01   7.4632062e-02  -1.0294876e+00  -2.6766158e-01   9.8830632e-01   6.6103339e-01  -8.1067555e-01   1.8996857e+00
   1.0000000e+00   9.0053074e-01  -5.3968579e-02  -1.8531772e+00  -9.3732799e-01   1.2283474e+00   5.6077240e-01  -7.7782108e-02  -3.9985726e-01  -2.9545892e-01   1.9177260e-01   1.3494211e+00   3.6087830e-01   6.4612595e-02   7.0378190e-01  -9.5884900e-01   4.2379338e-02   7.4481659e-01  -1.4905152e+00
   2.0000000e+00   8.0748616e-01  -5.9706143e-01  -2.1555090e-01   7.3043395e-01  -5.3413231e-01   5.5621766e-01  -3.7597778e-01   6.2094910e-01   1.4147158e+00   2.2287274e-01   1.5778415e+00  -2.4064116e+00  -9.2482231e-01   2.0720222e+00   5.0444177e-02   7.5775827e-01   1.2598380e+00  -7.9216746e-01
   2.0000000e+00   3.6930483e-01  -5.3121431e-02  -3.4113317e-01  -1.4022820e+00   1.1712297e+00   1.2484162e+00   5.2105887e-01  -2.5424391e+00   2.0992407e-01  -2.5336370e-01  -1.0307919e+00   8.1051229e-01   1.2660132e+00  -2.2625811e-01   9.0361943e-01   9.5195665e-01  -8.4880189e-01  -2.8621783e-01
   2.0000000e+00   8.7877059e-02   1.8462413e+00   4.9153090e-02  -3.2649879e-02  -2.1461877e-01  -5.4736848e-01   5.3864423e-01   1.1571856e+00  -5.4318372e-01  -3.6524185e-01  -4.7627001e-01  -2.3826098e-02  -2.1284715e-02   9.6140599e-01   2.0234883e+00  -8.5354901e-01  -1.0279735e+00   3.9206784e-01
   2.0000000e+00   7.9312670e-01  -1.2691395e+00   2.0261086e-02  -9.0343032e-01  -8.0288466e-02   4.0032898e-01  -1.5557627e-01  -2.8499920e-02   2.3232343e-01   9.9109036e-01   8.9841444e-01  -1.5584480e-01   3.2642113e-01   5.0476887e-02   7.3598144e-01  -1.5826857e-01   1.2613616e+00   1.2264853e+00
   2.0000000e+00   2.2651637e-01   2.5227454e+00  -1.7928978e-01   1.5611724e+00   2.5529889e-01   1.4401283e-01  -1.0374279e+00  -1.9866868e+00  -2.5430169e+00  -6.8897933e-01  -1.5165045e-01  -1.2571744e+00   4.5637360e-01  -1.3195895e-01   2.7927518e-01  -7.3004707e-01   2.5502250e+00   2.2460100e-01
   2.0000000e+00  -1.1371913e+00  -1.7094381e+00  -7.4855375e-02  -4.8460208e-01  -6.3556478e-01   7.8242021e-01  -5.4745627e-01   3.7023773e-01  -8.6312055e-01   5.9762021e-01   4.1120891e-01   3.1748636e-01  -9.0944364e-01   5.7362096e-04   1.5208488e+00   1.1525857e+00   2.0549198e+00   2.0041969e-01
   2.0000000e+00  -1.4799681e+00  -2.9634228e-01  -1.7692218e-01   2.6498259e+00  -3.9511505e-01  -6.6678192e-01   2.1130314e-01  -5.5815050e-01  -1.7978522e+00  -3.5332208e-01   6.8953611e-01  -8.4851675e-01   9.0988895e-01  -1.8476349e+00  -5.9251681e-01   2.6908243e-01  -3.0531003e-01  -6.8284309e-01
   2.0000000e+00   3.0133050e-01  -9.9322549e-01  -7.8337514e-01  -6.0270111e-01   6.7686481e-01  -9.9838438e-01  -1.8269028e+00   2.3339126e-01   1.3957397e-01  -1.1643152e+00  -7.5512595e-01   2.0417074e-01  -1.7351849e-01   6.5254645e-01   2.0124928e+00  -1.9521523e+00  -8.2569558e-01  -1.7491369e+00
   2.0000000e+00   7.3269121e-01   8.8048932e-01  -5.3723290e-01  -2.0198942e-01  -3.0245948e-01   1.1827957e+00   4.1962423e-01  -1.8245459e-01   8.2431580e-01   1.2004755e+00  -1.1519838e+00   1.8367374e+00  -5.7066456e-01  -7.0517085e-01   5.1153520e-03   9.5277008e-01  -1.1349817e+00   9.1536206e-01
   2.0000000e+00   2.1646573e-01  -1.0871152e+00  -1.9184919e+00  -3.6025349e-01  -1.9420365e+00   9.1068877e-01   1.3866499e+00  -1.3351987e+00   7.6686341e-01  -7.9251387e-04   8.8440104e-01   3.0664196e-01   1.9031865e-02  -1.5805932e+00   4.1249391e-01  -1.5771516e+00   1.6656008e+00  -6.7935056e-01
   2.0000000e+00   2.0229588e-01   1.4301270e+00  -5.3185210e-01   4.4839557e-01   5.5085055e-01   4.3680402e-01   1.9699398e+00   1.5112760e+00  -1.4701649e-01  -1.7305248e-01  -1.5395731e-01  -1.1762487e+00  -1.4906719e+00  -5.2068402e-01  -1.1767881e+00   5.8523258e-01   1.4354877e+00   1.3611995e+00
   1.0000000e+00   4.0784464e-01   4.4409526e-01  -4.1386520e-01  -5.0695164e-02   6.7951584e-02   3.9316938e-01  -8.2560577e-01   1.7957396e+00   9.6004349e-01  -1.5686149e-01   1.0484019e-01  -1.1849367e+00  -6.8897428e-01   8.6439201e-01   6.8003734e-01  -2.7937822e-01  -9.3416574e-01   2.5556067e-01
   2.0000000e+00   1.6745017e+00   6.0366548e-01   6.8832601e-01  -4.6501900e-01  -2.8174491e-01   5.0860640e-01  -3.9721039e-01  -1.4753005e+00  -1.9487380e-01   7.9544950e-01   2.0499902e+00  -6.2266573e-01   2.0549632e-01  -1.3418583e-01  -9.6025204e-01  -1.1328241e+00  -6.8828413e-01   9.1065284e-01
   2.0000000e+00   1.2022947e+00  -1.6261630e-01  -1.3801264e+00   1.6055269e+00   4.5460308e-01  -9.3775694e-01  -1.6645836e-01  -4.4652365e-01  -4.9153580e-02   7.4877031e-01  -3.4546940e-01  -1.5236786e+00   2.9466816e-01  -4.3032608e-01   6.0362790e-01   7.8649680e-01  -1.3532540e-01  -1.1374741e+00
   2.0000000e+00   1.3785074e+00   6.1268779e-01  -8.1986708e-01  -2.6455890e+00  -5.3776117e-02  -1.1685750e+00   6.6737387e-01   4.3056664e-01   4.0400795e-01   3.8636840e-01   5.3938272e-01  -3.8392416e-01  -7.3654882e-03  -9.4004961e-01  -7.7108658e-01  -1.9055117e-01  -9.6825881e-01  -3.2205665e-01
   2.0000000e+00   3.6747168e-01  -4.0108505e-01   1.8952359e-01   7.5186940e-01   7.6246744e-01  -4.3013972e-01  -3.3049597e-02   5.2583825e-01  -7.2087112e-01  -7.0271209e-01   1.0484469e+00  -3.4355988e-01  -1.3529259e-01   1.1942738e+00  -1.1015222e+00   1.4230314e-01  -2.2953937e+00  -9.7079954e-02
   2.0000000e+00  -1.5020273e+00   6.4933695e-01   2.0116943e-01   1.5931593e-01  -6.2673880e-02   5.5065439e-01  -2.3864596e-01   1.2578216e+00  -1.1509332e-01   1.4247795e+00   5.3648062e-01  -7.0213175e-01  -1.1516150e+00  -9.0710287e-01   4.3046284e-01  -2.6070268e+00   1.4984650e-01  -1.1772834e+00
   1.0000000e+00   1.6786089e-01  -8.2235369e-02   2.3989245e+00  -8.4016213e-02  -7.1458267e-01   2.0930863e-01  -1.2709017e+00   1.5802726e+00  -2.4864705e+00  -1.0102299e-01  -1.3815471e+00   1.2079412e+00   1.9707557e+00   6.0581706e-02   8.3468204e-01   2.7600786e+00  -1.3479106e+00   1.2738952e+00
   2.0000000e+00   1.4739529e+00   1.1791794e+00   1.9647502e-01  -7.1093168e-01   1.7004738e-01  -1.3876620e+00   1.1313397e+00  -1.4664997e+00   6.5446210e-01  -8.5323210e-01   3.1572580e+00   3.8970456e-01  -1.9926766e+00  -5.2618072e-01  -1.2995755e+00  -1.3311093e+00   2.5387092e+00  -1.0462718e+00
   2.0000000e+00   1.3378544e+00  -1.2676579e+00  -1.4815177e+00   4.5416223e-01   1.1009123e-01   6.3996121e-02   7.9102156e-02   2.1947366e+00  -6.7622990e-01   7.9410459e-01   1.2365064e+00  -6.0466307e-01   4.4203697e-01   8.4230854e-05  -1.0392024e+00  -7.5193998e-01  -3.0198241e+00   3.2205222e+00
   2.0000000e+00  -8.3026909e-01   3.7737311e-01   1.0214777e+00  -3.1211745e-01  -1.1889163e-01   8.5961093e-01   3.5436252e-02   9.7467094e-01  -3.1613064e-01  -1.2131197e+00  -2.1414252e+00  -3.7881294e-01  -1.1086374e+00   1.7150781e+00   9.4417546e-02   9.2495739e-01   8.1159750e-01  -3.6614987e-01
   2.0000000e+00   4.0035003e-01  -1.7811014e+00   4.0859986e-01  -9.2086909e-01   7.7868848e-01   1.7652347e+00  -4.6446090e-01   4.9708164e-01   1.7176145e+00  -3.0588771e-01  -9.1203845e-01   3.7042229e-01  -3.5306459e-01   2.8107380e-01  -1.3976038e-02  -8.2864524e-01  -1.6557934e-01  -6.3487915e-02
   2.0000000e+00   5.3113064e-01  -5.1860087e-01   1.0780274e+00   2.3743567e+00  -7.1336665e-01   2.1802824e-01  -3.6945189e-01  -5.7946534e-02   4.3942438e-01   8.6641388e-01  -9.6022209e-01   1.1960669e+00  -8.5954267e-01   1.6317324e+00   1.3081230e+00  -3.3665861e-01  -7.3739973e-01   6.5770821e-01
   2.0000000e+00  -5.5240587e-01  -5.1994781e-01   1.3414988e+00  -5.2141820e-02  -2.1570773e-01   1.4104916e+00  -1.1247797e+00  -2.4596794e+00   5.7192364e-01  -1.3256851e+00  -3.8752052e-01   1.5287547e+00   1.3403845e+00   1.5131203e+00   2.2858295e-01   1.1197169e-01  -3.6171283e-01  -4.7391039e-01
   1.0000000e+00   4.9691309e-01   9.2186035e-01  -9.1558753e-02  -9.8513818e-02   4.4118440e-01  -1.0852716e+00   1.5701604e+00  -7.2636822e-01  -9.5903970e-01   3.4200932e-01  -1.7179491e+00   4.6024325e-01   2.2606548e-02   2.5506575e-01   5.3361905e-01   3.4300602e-01  -4.4502577e-01  -8.8668080e-03
   2.0000000e+00  -1.0236602e+00  -1.0719708e+00  -5.6952274e-01   8.7880001e-01   6.1591732e-01   1.5958992e+00   6.6661258e-01   3.6191325e-01  -2.4530041e-01   2.5313013e+00   4.3456051e-01   1.5576704e+00  -3.3128804e-01  -5.4162041e-01  -3.8703155e-01  -1.4221923e-01   8.4292766e-01  -1.1722633e+00
   2.0000000e+00  -5.1868152e-01  -2.2293000e-01  -1.1332786e-01  -2.8632766e-01   1.8129418e+00  -1.9361825e+00  -1.3826580e+00   3.6441169e-01  -2.1400310e-01   1.0317199e+00  -2.2974853e-01   1.1338950e+00  -5.3357839e-01  -9.4636170e-01  -1.3979670e+00  -1.2427750e-01   2.7933264e-03  -1.4517208e+00
   2.0000000e+00  -6.8918845e-01   2.1388613e-01   1.2401933e+00  -1.9069012e+00   1.3165369e-01  -4.0818346e-01  -9.9233482e-01  -1.2680134e-01  -8.0772529e-01   1.1762342e-01  -4.4931565e-01   5.6804950e-01  -1.1934828e+00  -1.4282566e-01  -2.5273637e+00  -2.1691812e+00  -3.6497442e-02   8.4301681e-01
   2.0000000e+00   4.8379451e-01  -3.8176871e-01   1.4012043e-01   7.0687667e-01   2.6244298e-01   1.2071364e+00   3.1594054e-01  -5.3228299e-01   9.4024153e-01   1.0746616e-01   2.1401094e-01  -1.7219499e-01  -3.1790395e-01  -1.4544156e+00   5.9738635e-01   1.1074955e+00  -1.7782740e+00   4.5585835e-01
   2.0000000e+00  -5.9282869e-02  -6.6030715e-01  -1.3508098e+00  -8.7200565e-01  -4.1512281e-01   2.1796951e+00   1.2981903e+00  -1.1043775e+00   3.4768321e-01  -2.8680529e-01  -1.8118710e+00  -4.0980111e-02   1.0679840e+00  -2.6326343e-01   1.8804790e+00  -1.7405695e+00   1.1419360e+00   1.1524568e+00
   1.0000000e+00   9.4728722e-02   4.9182145e-01   1.4333065e+00  -1.8103639e+00   4.5881283e-01   7.7320414e-01  -2.9274705e-01  -1.6907041e+00   1.3933159e+00  -9.9152140e-01   1.5713054e+00  -8.6225776e-01  -1.2154635e-01   7.9647867e-01  -1.3585066e-01  -9.1257565e-01  -1.3422657e+00   2.5990101e-01
   2.0000000e+00  -1.5617950e+00  -9.4132543e-02   2.3310949e-01   1.2569145e+00  -7.0462663e-01   1.4846346e+00   6.3581588e-01  -5.5025163e-01  -1.8071841e+00  -1.0053315e-01   1.0602053e+00  -1.9066960e+00  -6.1400540e-01  -1.1823818e+00   1.4751739e-01   8.2931670e-01  -8.9862373e-01   3.1411667e-01
   2.0000000e+00  -1.8936033e+00  -5.7570715e-01   7.7469947e-01   8.1426591e-01  -8.4172736e-01  -2.9722258e-01   1.0017218e+00  -1.5147532e-01   1.0065534e+00   1.2879235e+00  -5.8520612e-01   8.5632963e-01  -1.6301153e+00  -2.1887542e-01  -4.9533865e-01  -4.6652651e-01  -1.1042261e+00   2.2975614e-01
   2.0000000e+00  -1.9754887e+00  -2.3299904e+00  -6.8116167e-01  -2.9883650e-01  -3.0306078e-01  -1.0681011e+00  -7.2915332e-01  -7.6958136e-01   1.0123618e-01  -1.2073850e+00  -3.0319727e-03  -6.5177427e-01  -7.9181696e-01  -7.1015732e-01  -9.7026990e-02   1.2394681e+00  -5.3532838e-01  -8.6034595e-01
   2.0000000e+00  -9.1521351e-01  -2.0099344e-01   1.6786588e+00  -1.1573094e+00  -2.5448046e+00   1.1431202e+00  -1.6576336e+00  -1.0290332e+00   1.0077283e+00   2.0340217e+00   1.6000258e+00   7.6288463e-02  -4.4726279e-01  -4.6081907e-01  -3.0586408e-01  -3.4856116e-01   1.3159653e-01   1.8165112e-02
   2.0000000e+00   1.5112670e+00   8.8703370e-01   1.6754085e-01  -2.6612539e-01  -5.8110289e-01   8.0029339e-02   7.8528177e-01  -8.7640448e-01   6.2929584e-01  -3.9670892e-01   7.4375472e-01  -1.9797361e+00   4.9974142e-01  -3.6602030e-01  -8.2955608e-01  -7.2995161e-01  -8.9902506e-01  -9.2577177e-01
   2.0000000e+00   2.3847987e+00   6.0966283e-01   1.6902404e+00  -2.4050386e+00   1.3970378e-01   2.8359682e-01  -7.6848596e-01   5.8050091e-01   1.0833559e+00   2.2066783e-01  -1.4213512e-01  -2.3706786e+00   7.2749067e-01   1.2938230e+00  -1.5710757e+00   7.5354870e-01  -5.6494545e-01  -1.0607050e+00
   1.0000000e+00   8.2845174e-01  -2.4121820e-01   1.0435234e+00  -6.8085102e-01   5.6552322e-01  -4.3468512e-02  -7.0300865e-01  -3.4580053e-01  -4.0028699e-01  -3.1408835e+00  -2.1361090e+00   4.5223631e-02  -9.4110452e-01   2.5299526e-01  -5.7678549e-01  -1.9612935e+00   4.6238799e-01   1.2863228e+00
   2.0000000e+00   6.5089968e-01   1.5343143e+00   3.0521904e-01  -4.0663821e-01   1.2291260e+00   1.3738998e+00  -1.8922883e+00  -9.6590322e-01   2.1326177e-02   9.7447767e-01   6.3010525e-02  -2.0083466e+00   2.2694027e-01  -5.8369387e-02  -1.1809502e+00   4.1046628e-01   1.1555428e+00   5.3010465e-01
   2.0000000e+00   3.0721354e-01  -5.6123574e-01   5.1732102e-02  -7.7909144e-01  -4.4593847e-01   8.4575528e-01  -9.0115549e-01  -6.1440580e-01   1.0089647e+00  -3.2171533e-01   4.7705003e-01   1.1239086e+00  -3.8009039e-01  -1.4210193e+00  -1.0153433e+00  -2.8963935e-01  -2.7382317e-01  -1.3289794e-01
   2.0000000e+00   1.6216883e-01   1.2145467e+00  -1.1329820e-01  -1.3323723e+00  -1.5390997e+00  -7.3449321e-01   2.3518912e-01   5.7524295e-01  -5.0724262e-01   3.1608972e-01   6.2611922e-01  -3.3028492e-01   2.8099421e-01  -4.7947251e-01  -1.5646370e-01   1.1686726e+00   1.8515835e+00   5.1227722e-01
   1.0000000e+00   1.3454997e+00  -2.5772915e-01  -3.1475520e-01  -2.2567174e-01   1.6960335e+00  -1.3780276e+00   1.0493138e-01   6.9142653e-01  -7.4244672e-01   4.9525621e-01   5.4495991e-01   6.6883685e-01  -7.0128268e-02   1.6596131e-01  -1.2382941e-01  -1.1736231e+00  -9.5485211e-02  -3.9568746e-01
   2.0000000e+00  -7.2137265e-01   1.3037595e-02   1.3960374e-01  -2.1763053e-01  -5.7454212e-01  -8.0719175e-01   4.1034797e-01   2.1599283e+00   4.0919873e-02  -4.3066860e-01  -1.1691044e+00  -1.0803352e+00   1.1230769e+00   1.4359137e+00   8.7614154e-01   6.6024189e-02  -5.7360022e-01   5.9950242e-01
   2.0000000e+00   1.0614474e+00   1.2129302e-01  -8.3593232e-01  -1.4406427e-01  -2.7140322e-01   1.7946657e-01  -9.3730051e-01   1.2092513e+00   2.1192244e+00   3.3982014e-01   5.3016988e-02   1.7659738e+00  -1.2412535e+00  -6.0027090e-01   1.3348945e-02   3.8576524e-01   1.4573695e+00   2.6073271e-01
   2.0000000e+00   1.1131006e+00   9.3142011e-01  -1.2882102e+00   5.8572201e-01   1.0646439e+00   1.9995191e+00   1.0658649e+00   7.6629808e-05   2.8498093e-01  -8.9767935e-01   7.0541437e-01  -6.2629865e-01  -2.9084954e-01   4.2055270e-01  -3.7759551e-01  -1.3848563e-03   1.4827274e+00   6.9431625e-01
   1.0000000e+00  -1.4425316e-02  -8.2454555e-01   1.7725357e+00   4.4270635e-01  -7.1534084e-01  -5.5496097e-01  -1.4410736e+00   4.4383456e-01   1.6489512e+00  -3.0128660e-01  -1.0888223e+00   1.8488832e+00   1.0688179e-01   1.5841998e-01   5.4360923e-01  -1.2568197e+00   1.1331104e+00  -2.3879090e+00
   2.0000000e+00  -2.5986485e-01  -1.0523987e+00  -3.2034042e-02   1.8431620e-01   2.6770229e-01  -8.7670255e-01   3.2281897e-01   1.6172507e+00   7.7798025e-01   4.9587510e-01  -6.0491192e-01  -7.7416307e-01   1.5841848e-02  -6.9628483e-01  -1.2073665e+00   9.0321399e-01  -9.9250944e-01  -1.9107199e+00
   2.0000000e+00  -1.5295613e-02   3.2998946e-01   1.7568254e+00   5.2393414e-01  -7.6866832e-01   8.3049782e-01   9.4841300e-01  -2.7618576e-01   1.7290585e+00   2.4460393e+00   1.1250495e+00  -1.7056036e-01   1.5412316e+00  -6.3413404e-01   1.2209218e+00   3.0902478e-01  -7.3217115e-01   6.5204679e-01
   1.0000000e+00   8.1898283e-01  -5.4933912e-02   6.8766108e-01   2.6719911e+00  -3.4896295e-03   9.8725209e-01  -9.2854541e-01  -8.6008207e-01   1.5141421e+00  -5.4698532e-01  -5.0236308e-01   1.5189213e+00   1.6698681e-01   9.7212449e-01   4.6114935e-01   4.5681681e-02   6.7895053e-01  -7.4330904e-01
   1.0000000e+00  -6.3619907e-01   3.1486646e-01  -6.4593736e-01  -1.5069736e+00  -1.6870507e+00  -8.0901540e-02   2.0056016e-01  -7.4291178e-01  -1.0568462e+00  -3.6045778e-01   6.1840519e-01  -5.9134340e-01   9.3316926e-01   8.9001521e-01  -1.7177318e-01   1.2092287e+00  -3.7173880e-01   6.4503144e-01
   2.0000000e+00   1.7335067e-01   2.2790618e-01   3.9743423e-01  -3.7956686e-01   1.9834185e+00  -5.9531897e-02  -3.0364347e-02  -1.2555635e+00  -3.8159301e-01   3.5626055e-01  -1.5587994e-02   1.1960548e+00  -1.5604818e+00  -8.9018785e-01  -1.9678747e+00  -1.5536277e+00   1.1886266e+00  -3.2901668e-01
   2.0000000e+00  -1.2959621e-01  -8.5027078e-01  -1.7626992e+00   5.7833117e-01   1.4785391e+00  -6.9675535e-01   2.0776476e-02  -1.3800048e+00   2.1801647e+00   1.7063497e+00  -9.4685012e-01  -1.0228455e-01   1.1016695e+00   1.0278317e+00  -7.5818737e-01  -4.8651402e-01  -1.3943436e+00  -2.9581957e-01
   2.0000000e+00   1.0748801e+00  -1.4589309e+00  -1.1735025e+00   1.4834346e-01  -5.8617017e-01   1.7811757e-01   5.6993737e-01   9.7984570e-01   5.5035489e-01  -1.7057664e+00   1.0056486e+00  -1.4160504e+00   8.2014945e-01  -2.4235132e-02   7.7852919e-01   6.9311439e-01  -4.7691507e-01  -1.3021950e+00
   2.0000000e+00  -6.8955604e-01  -1.4578300e+00  -1.6763938e-01  -1.0648240e+00  -1.2496245e+00  -5.6707614e-01  -1.8711886e-01   2.9595778e-02   2.7207759e+00  -9.7801040e-02  -1.6959908e+00  -3.6720348e-01   3.4909120e-01  -3.3088746e-01   5.3378273e-01   5.0047771e-01   1.4523278e+00  -9.8378161e-02
   2.0000000e+00  -1.5580269e+00   1.9527935e+00  -3.3149668e-01   2.7669628e-01   9.2046937e-01  -1.0806167e-01   1.7610767e+00   6.9859209e-01   2.6010688e-01   6.0368845e-01   4.9612765e-01  -1.3870125e+00   1.9014864e+00  -1.4181302e-02  -5.7112348e-01   5.2722423e-01  -7.6400224e-01  -1.6395005e-01
   2.0000000e+00   7.5428402e-03   8.9235749e-01   7.1953425e-01   5.7334409e-01   8.0601564e-02  -3.9643515e-01  -7.0158823e-02  -7.1586174e-01   7.2574198e-01  -2.2080343e+00   2.1711020e+00  -2.5650778e-01   1.1875390e+00  -1.3437901e+00  -7.4937233e-01   3.7745620e-01   7.9834468e-01  -1.4920646e+00
   2.0000000e+00  -7.7337791e-01  -6.7770400e-01  -6.6839505e-01  -1.1322241e+00   8.1531833e-01  -1.1461825e+00   9.1326622e-03   3.5482853e-01   1.4925252e+00   2.1187676e-01  -1.7281127e+00  -6.8855793e-01   1.9051298e-01   1.5246564e+00  -1.4357328e+00  -1.4224070e+00  -8.9488646e-01  -1.3210923e-01
   2.0000000e+00  -2.2450115e-01   5.4557622e-01   2.9965949e-02  -8.8387313e-02  -7.8738726e-02   4.8788414e-01   1.4811785e+00  -3.5918284e-01   1.3401342e+00  -1.8277445e+00  -4.1343429e-01  -1.2724808e+00   1.5741145e+00   2.3701888e+00  -2.7539164e-01  -1.0226779e+00  -8.3782834e-02   8.1124780e-01
   2.0000000e+00   1.6254346e+00   5.6179703e-02   2.2866023e-01  -8.3102043e-01  -3.3724192e-01   1.0660615e+00   2.1955077e-02  -1.0551175e+00  -2.4507510e-01   1.1289253e+00   1.6113508e+00   1.1631349e+00   8.4114783e-01   1.0749043e+00  -1.2970414e-01  -1.2380753e+00  -1.2721663e+00  -2.6319682e-02
   2.0000000e+00  -1.0020887e+00  -7.4830399e-01   2.3784047e-01   2.2352740e+00  -9.6668925e-01  -7.0131192e-01  -8.3566212e-01  -9.7841557e-01   3.7901665e-02   9.0486296e-01  -1.8539512e+00  -1.0456826e+00  -1.2476039e+00   1.1860015e+00  -1.9251197e-01  -2.5568345e+00  -3.8316663e-01  -5.7317562e-01
   2.0000000e+00   1.4846806e+00   9.6606548e-01  -1.0904488e-01  -7.8630863e-01  -6.5328812e-01   7.1546239e-01  -1.3909849e+00   1.3403267e+00  -4.4333456e-01   2.0078432e+00  -4.6616516e-01   3.9884381e-01   3.6852817e-01   2.5890121e-01   5.4870670e-01  -7.1344422e-01   1.3040752e+00   1.0789515e+00
   2.0000000e+00  -3.8536413e-01  -1.5321175e+00   5.7115906e-01  -1.3699930e+00  -6.0347414e-01   4.3831478e-01   4.2216169e-01   8.2017087e-01  -8.7838426e-01  -1.2739292e+00  -1.3660130e+00  -4.7703841e-01  -2.4984362e+00  -2.0667542e+00   6.6081371e-01   8.7186443e-01  -5.9445770e-01   6.1087565e-01
   2.0000000e+00   3.8814032e-01   1.3228312e+00  -1.1348384e+00   2.3358036e-01   1.1425253e+00   2.8544276e-01   2.3395782e-01  -2.3369422e-01   4.0044851e-01  -4.8765442e-02  -8.0264529e-01   2.3948404e-02   6.6762754e-01  -1.0957492e+00   1.2415976e+00   1.0057352e+00   1.0726910e+00   7.6552829e-01
   2.0000000e+00   6.2492968e-01   3.3962960e-01  -1.5824040e-01  -1.1228134e-01   7.6316245e-01  -5.1965928e-02  -4.6848818e-01  -1.6960288e+00  -7.8045189e-01   1.9936378e-01  -1.8355508e+00   3.3271109e-01  -6.1563407e-01   1.7839743e+00  -1.8851846e+00   9.5910577e-02  -1.1522440e+00  -1.2092754e+00
   2.0000000e+00   9.0581940e-01   6.7888294e-01   3.0277153e-01  -2.3801131e-01  -4.3203334e-01   3.6464836e-01  -1.0591305e+00   3.1303807e-01   5.4752968e-01  -2.3045510e-01  -9.5029029e-01  -3.3917119e-01   1.4536589e+00  -5.8938959e-01  -6.1171738e-01   2.7379780e-01  -7.3010763e-01   3.6024420e-01
   1.0000000e+00   1.4878498e+00   8.5656530e-01   1.0076802e+00   4.7350152e-01   6.5298311e-02   1.4546185e+00  -1.3752043e+00   7.9951117e-01  -1.5283032e+00  -6.2534725e-01  -1.3221645e-01  -1.9969671e+00  -1.2518374e+00   4.7181752e-01   1.3453064e+00   1.0167093e+00  -6.5823125e-02   1.0978727e+00
   2.0000000e+00  -1.7069125e+00  -2.7317215e-01   2.0131882e+00  -8.0803559e-01   1.3855098e+00  -3.8551306e-01   4.6776389e-02   3.2245430e-01  -3.2030047e-01  -4.6900607e-01  -1.6316965e+00  -1.7778181e+00   1.3624133e-01  -6.0939858e-02  -4.8353986e-01  -5.9484260e-01  -1.6777399e+00   1.3203671e+00
   2.0000000e+00  -8.0902548e-01  -1.8853808e+00   9.1117005e-01  -3.7073586e-01   4.1244672e-01  -1.3706519e+00   8.7637414e-01  -8.2102320e-02   8.1557675e-01   1.1391795e-01  -9.3625352e-01   3.4352004e-01  -3.7770520e-01  -7.1685349e-01   4.8343102e-01   9.7198012e-02  -8.3339746e-01   1.9272313e+00
   2.0000000e+00  -2.9732941e-01   6.1512725e-01  -4.1173534e-01   3.3255489e-01  -1.0818480e+00  -2.5862863e+00  -1.6444651e-01   1.1967663e+00  -1.2638565e+00  -3.1082926e-01  -6.2801892e-01   1.2583634e+00   2.4406102e-01   5.6591652e-01  -2.5361907e+00   1.3920533e+00  -6.5531297e-01   9.0525475e-01
   2.0000000e+00  -3.3059118e-01  -1.1081545e+00  -4.6701538e-01   3.9462809e-01   8.8143301e-02   5.7012493e-01  -9.2131403e-01  -4.5419156e-01  -2.8081328e-01   1.4722612e+00  -6.6027073e-02   9.0877687e-01  -5.8280421e-01   1.0126037e+00   4.3868213e-01   4.1270794e-01   3.3631153e-01   2.5465048e-02
   2.0000000e+00  -2.3854692e-01  -5.2042167e-01   3.3413465e-01   1.6932253e+00   8.9467608e-01   1.4269162e+00   3.1927200e-01  -4.9026053e-01   2.4984912e+00   3.6069873e-01   1.1806920e+00   1.6314744e-01  -1.5395846e-01  -4.1362620e-01  -1.8724874e+00  -7.9408669e-01   9.5982186e-01  -2.0046970e+00
   2.0000000e+00  -3.9455451e-01  -1.2929117e+00   6.6282525e-01  -5.9454942e-01   1.5374419e+00  -1.3623884e+00   8.7854350e-01   1.6827537e+00   1.4004242e+00  -1.2419788e+00   4.1648897e-01  -1.0643089e+00   5.0697082e-01   1.1480973e+00  -5.9194105e-02  -5.7117566e-01   1.9307184e-01   3.7074756e-01
   2.0000000e+00  -1.4245158e+00   3.5383830e-01   9.0437144e-01   7.4432348e-01  -2.6611361e-01  -4.2223451e-01  -1.3597155e+00  -6.6718177e-01  -1.5630291e+00  -2.0792324e+00  -4.9448092e-01  -7.9818475e-01  -5.6070493e-01   9.5969553e-01   1.0442493e+00   9.2598065e-01  -2.5819996e-01   2.4855567e-01
   2.0000000e+00   5.3579922e-02  -4.6186462e-01  -1.5061623e+00   1.1132870e-01  -2.9799062e-01   7.4255862e-01   1.0356788e+00   1.7221547e+00  -1.0189370e-01   1.5386644e+00   2.1056979e+00  -1.2203027e+00   5.5702530e-03   2.0199825e+00  -9.6945184e-01   7.7565810e-01   1.4505199e-01  -7.0875344e-01
   2.0000000e+00   5.4840226e-01   1.2497567e+00  -6.4529747e-01  -3.1955716e-01   2.0264077e-01   3.0349410e-01   3.1830627e-01  -9.0958012e-01   1.8980185e+00  -1.9610392e+00   6.3192509e-01   9.3657469e-01   2.3470556e-01   8.0617276e-01  -3.5099528e-01  -1.1449386e+00   1.4689020e+00  -1.0398214e+00
   1.0000000e+00   6.7732095e-01   1.6376606e-01  -7.7708693e-01   2.7844482e-01  -2.5199509e-01   2.7994122e-01   4.5739907e-01  -1.9890669e-03   1.0612575e+00   3.3052200e-01  -1.6103172e+00  -6.4751717e-01   1.0301033e+00   2.4681548e-01  -9.5085604e-01   1.1752652e+00  -2.1641347e-01   1.3731557e+00
   1.0000000e+00   8.2585313e-01   4.0400193e-01  -2.5519187e-02   1.0321629e+00  -2.3360840e-01   1.4234441e+00  -9.1047330e-01   1.4004176e+00  -8.6638244e-01   1.1442321e+00   1.1905813e+00   2.1447360e-01   6.3023359e-01   3.3590965e-01  -1.3344099e-01  -7.6930434e-01   1.2425941e+00  -1.5341365e-01
   2.0000000e+00   1.9770098e+00   8.4983929e-02  -1.6068817e+00   6.7574712e-01  -1.0828801e-01  -2.1500307e-01   4.2561973e-01   1.0487534e-03   3.6708145e-01  -1.6648193e+00  -6.7647594e-01   3.2902455e-01   8.9554604e-02  -1.6005031e+00   1.2296104e+00  -5.1913218e-01  -1.0534624e-01   1.0276791e+00
   2.0000000e+00   3.8252250e-01   1.8650490e-01   7.0494249e-02   2.7027362e-01   8.8389583e-01   4.8000287e-01  -1.3880939e+00   1.7960314e+00  -2.2130772e+00  -1.1910722e+00   8.1235251e-01  -5.5002173e-01   6.7305899e-01  -5.5471841e-02   5.5493997e-02  -1.4557965e+00   1.0678877e+00   1.3180178e+00
   2.0000000e+00   5.1716331e-01   1.0458514e+00   7.9974482e-01  -1.6810038e-02   4.2068724e-01  -7.9436405e-01   9.5773929e-01   7.6535291e-01  -1.5065079e+00  -7.1573914e-01  -1.4801486e+00  -6.8457635e-02  -1.4655149e-01   2.0621834e-01  -8.3802594e-01  -9.9497612e-01  -1.1122284e+00  -1.7305702e+00
   1.0000000e+00  -1.1873276e+00   8.9222550e-01   1.2824292e+00  -2.3466874e-01  -1.0848004e-01   4.7229798e-01   1.1437194e+00  -1.4094424e+00   1.2494520e+00   3.5310129e-01   9.2088381e-01  -2.5696911e-01   2.2679164e+00   2.4511900e-01   2.1130680e-01   1.2874920e+00  -1.3633446e+00   1.9136039e+00
   2.0000000e+00  -7.6667700e-01  -1.4152802e+00  -1.0989707e+00   8.0632668e-01   1.0192121e-01   1.0156513e+00   9.7003341e-01  -8.3483543e-01   4.0592826e-01   1.4715134e+00  -2.8173173e-01  -3.1343041e-01  -2.3701045e+00  -6.7042048e-01  -3.9177769e-01  -2.6230553e-01  -1.3990707e+00   4.9891144e-01
   2.0000000e+00   6.9363022e-01  -1.6712046e+00  -1.9905244e+00  -1.0806763e-01  -1.0406034e-02   2.4116010e+00  -2.6213122e-01   1.4210193e+00  -6.0160669e-01   2.2861025e-01   5.2445568e-01   1.3657684e+00   7.3523060e-01   3.5558479e-02   3.0784968e-02   2.7621848e-02  -6.1577807e-01   7.5522743e-01
   2.0000000e+00   3.0925838e-01   3.1262869e-01   8.6588431e-01  -2.0728488e+00  -6.4244738e-01   1.2353128e+00  -1.4577829e-01  -2.6727244e-01  -9.1097676e-01  -8.3770688e-01   1.1396894e+00   1.4751188e+00  -9.9679832e-01  -9.4415763e-01  -3.1440967e-02   1.1448527e+00  -1.0676245e+00  -1.0271832e+00
   2.0000000e+00  -3.3432465e-02   2.8421776e-01  -3.7825658e-01   1.1853786e+00  -4.3561181e-01   6.9400887e-01   1.0072975e+00  -1.4596795e+00  -1.2071600e-01  -2.5391323e-01  -1.1868975e+00   5.6546729e-02  -2.0406456e-01   1.3943455e+00  -2.4898616e+00   4.6368298e-01   3.0114768e-01  -2.0290876e+00
   1.0000000e+00   6.2853722e-01  -5.0762839e-01   8.9319525e-02  -1.6463483e+00  -7.9785320e-01  -1.9031453e+00   4.5906696e-01   1.0384026e+00  -9.5872300e-01   1.2106103e+00   1.4382755e+00   2.4959547e+00  -4.2195108e-01   1.9098281e-01  -7.0339783e-01  -2.9973047e-01   9.0512303e-01  -5.0216899e-01
   2.0000000e+00   2.3790820e+00   1.0847099e+00  -8.3600407e-02   1.3421063e+00   7.9526686e-02  -1.0488831e+00  -3.6761334e-01   1.2774077e+00  -1.7280267e-01  -3.3823889e-01   1.6576009e+00   6.4930548e-01  -4.6338310e-01   6.1127561e-01  -8.3383995e-01  -2.8179338e+00  -2.6598925e+00  -2.0018479e+00
   1.0000000e+00  -3.3386569e-01  -5.7681494e-01   7.3702410e-01  -4.6616746e-01  -2.7785890e-01  -5.0801736e-01  -7.7095613e-02   1.5045463e+00   3.5743065e-01   1.7005391e+00  -8.9589411e-01  -2.0046533e+00   1.3236959e+00   1.4121249e-01  -4.6209416e-02   1.0721653e+00   8.2351666e-01  -6.5770818e-01
   2.0000000e+00  -2.8198799e-01   2.4757441e-01  -1.0473506e-02   1.9232865e-01   4.7027777e-01   5.1678136e-01  -1.8921177e-01  -8.2046608e-01   1.6028231e+00   3.0566081e-01   5.7869855e-01   2.7647251e-01  -2.9081130e-01  -1.9587399e+00   9.1215796e-01   8.6127955e-01   1.8417012e+00  -3.1397243e-01
   2.0000000e+00  -9.4658428e-02  -1.3540031e+00   9.6689128e-01   9.2551081e-02   1.0247374e-01   8.0159646e-01   2.1148009e-01  -4.8727270e-01  -1.0625417e-01  -1.1722552e+00   3.9543175e-01  -2.4304963e-01   2.0747200e+00  -6.5156647e-01   2.1856559e+00  -1.9618813e+00  -1.9515357e-01  -4.8322262e-01
   2.0000000e+00   6.0565952e-02   9.4977206e-01  -3.6098344e-01  -2.1908254e+00   2.0740611e-01  -1.0545293e+00  -4.7790825e-01  -1.3513287e+00  -2.1453896e-01  -1.8222094e-01  -1.3957894e-01   7.8963642e-01  -5.0937098e-01  -5.8424444e-01   7.8563577e-01   5.9659926e-01  -1.6321778e-01  -4.3382220e-01
   2.0000000e+00  -9.6270984e-01  -1.2469489e+00  -4.7894271e-02  -2.0593957e+00  -7.0409015e-01   8.7593981e-01   8.8031585e-01   3.5809190e-01   4.7609199e-01  -9.3964566e-01   4.1826687e-01  -1.6156648e-01   3.5060492e-01  -9.3028334e-01  -3.4534334e-01  -4.2611908e-01   7.2936025e-01  -9.2568739e-01
   2.0000000e+00  -1.0295320e+00   7.8530448e-01  -5.8117492e-01   4.1877770e-01  -6.9288691e-01  -1.8003695e+00  -2.8840022e-01   7.8764450e-01   1.0398051e+00   1.0081970e+00  -1.3311499e+00   1.4057888e+00   2.0383948e-01  -7.5328436e-01   4.9071396e-02  -1.0162967e-01  -4.1420252e-01   7.9678902e-01
   2.0000000e+00   2.5066520e+00  -7.1555570e-01   3.3529905e-01  -9.6770240e-01  -1.1560882e+00   1.2775057e+00   3.0808096e-01   1.4463687e-01   2.1439486e+00   4.7910311e-03   3.1020579e-01  -1.9831093e-01  -2.7458602e-01  -4.4707361e-01   7.1065369e-01  -2.2619305e+00   6.8512015e-01  -1.1859046e+00
   2.0000000e+00   1.6615861e+00  -2.5744972e-01   9.4384239e-01   5.4541351e-01   3.3758370e-01   1.8628887e-01  -4.3469659e-01  -5.9812430e-01   1.8245342e+00  -1.7651841e-01  -3.5491537e-01   1.2626598e+00  -1.4687199e+00  -9.8643409e-01   5.9434067e-02  -1.4122307e-01  -4.2638763e-01  -6.5416912e-01
   2.0000000e+00  -2.5384027e+00   2.0700130e+00  -1.7947534e+00   7.1845661e-01   1.9491998e-01  -7.5602792e-01  -1.4363451e+00   1.3302490e+00   1.0911123e+00  -6.0131507e-01  -6.1870226e-01  -9.1420711e-01   1.2096467e+00   2.2381043e-01   1.6341384e-01   7.9525569e-03  -4.3318429e-01   3.9680586e-01
   2.0000000e+00   1.4268299e+00  -2.4510390e+00  -4.0839220e-01  -1.7730327e+00  -2.4583360e-01   6.3130260e-01  -1.9976469e+00   4.2355915e-01   1.0632829e-01  -6.5081306e-01  -4.5945597e-01  -7.1215406e-01  -3.2666833e-01  -2.2477281e-01  -5.7644425e-01  -4.7770033e-01  -4.7451045e-01   4.8311734e-01
   2.0000000e+00  -1.0326794e-01  -2.2584563e+00   1.5094209e-01   5.3798453e-01   1.8007438e+00  -6.0774477e-01  -7.7420372e-01   9.3592909e-01  -5.7997034e-01   2.0014578e-01  -4.7100576e-01  -1.6215620e+00  -5.9806240e-01  -1.1197534e+00   5.2048539e-01   9.4660077e-01  -6.0719403e-01   1.3714503e+00
   2.0000000e+00  -1.4692675e+00   3.3939935e-01  -1.2830681e-01  -5.5333009e-01   6.2144452e-02  -6.5378259e-01   4.7959637e-01  -6.1079040e-01  -7.0629402e-01  -2.2502865e-01   1.2504875e+00   5.6437324e-01  -2.4861197e+00   1.2691240e+00  -4.2581812e-01  -6.1574987e-01   2.3953249e-01  -1.0179700e+00
   2.0000000e+00  -6.4799717e-01   1.3606168e+00   8.2474835e-01  -2.9733337e-01  -6.6380805e-01   5.5201588e-01   3.2087274e-01  -1.4340984e-01  -3.6139923e-02   4.8159700e-01  -2.1450879e-01   3.7600870e-01  -1.8426727e+00  -6.5002410e-01  -1.3549799e+00   1.7906602e-01  -6.2116849e-02   4.1058304e-01
   1.0000000e+00  -8.8974148e-01  -7.6717200e-02  -1.7725136e+00  -3.9986552e-01   2.1035490e+00   6.7370915e-01   8.0706553e-01   2.4676224e+00   6.7841455e-01  -1.2571455e+00  -1.0162632e+00   1.0681308e+00  -1.9296413e+00   8.1450069e-01  -1.0608942e+00  -1.9227049e+00  -9.7338327e-01   1.0238651e+00
   2.0000000e+00   1.2146447e+00  -1.2837778e-01   6.8536974e-02  -1.1495408e+00   4.7162698e-01  -1.2784470e+00   5.3533639e-01   1.1241268e+00   1.1221662e+00   7.8583012e-01   1.6385901e+00   1.0571922e+00  -1.8747772e+00  -8.0810165e-01   3.7071341e-01  -1.5476893e+00  -1.4446028e+00  -7.3073829e-01
   2.0000000e+00  -1.1021431e+00  -1.7357245e+00   2.3330481e+00  -9.8545799e-01   1.6699488e+00   1.6619324e+00   7.2034238e-01  -3.1971746e-01   3.0132238e-01  -8.5577122e-01   8.6545675e-01  -1.8710686e+00  -4.1470933e-01   1.8310444e-01   6.7275645e-02   2.1364789e-01   6.1337629e-01  -1.6445198e-01
   2.0000000e+00  -8.1371167e-01  -1.1724390e-01  -5.0575405e-02  -4.7545403e-01  -3.2951524e-01   7.7800551e-01  -2.7168305e-01  -1.7724486e+00  -8.3794348e-01   1.4648872e+00   3.8618079e-01  -1.1939747e+00   1.1186625e+00   2.3921912e+00  -2.0729633e-01   5.0682944e-01  -4.4061241e-01   5.4301516e-01
   2.0000000e+00   9.4690281e-01   2.1724829e+00   5.1794859e-01   8.9503897e-01  -6.2717301e-01   1.8716262e-01   1.2000811e+00   1.1653720e+00  -8.6659550e-02   7.8420079e-01  -1.3192631e+00   1.0465524e+00   4.6859325e-01  -3.9961849e-01   8.4519521e-01   3.0806500e-02   5.7088844e-01  -8.8239394e-01
   2.0000000e+00   6.7551323e-02  -1.2327721e+00   8.6276136e-01   5.6948850e-01  -9.7805742e-01   1.0176195e+00  -8.4414396e-01  -2.8175598e-01  -1.6690194e-02  -1.4546241e+00  -6.9302448e-01   1.4839828e+00  -8.3679018e-01  -1.9137253e+00   6.1949596e-02   4.0013650e-01   2.0687636e+00   5.2501921e-01
   2.0000000e+00  -6.8500664e-01  -1.3767032e-01  -1.3482727e+00  -8.7618428e-01   1.4147296e+00  -5.8099669e-01  -7.3743676e-01   2.6507236e-01   3.6219990e-01  -1.1325391e-01  -1.4400280e-01  -3.4837009e-01  -7.6936225e-01  -1.8059366e+00  -5.6483137e-01   1.2658556e+00  -9.0397987e-01  -7.2124071e-01
   1.0000000e+00   1.4225123e+00  -3.3680727e-02  -7.8387387e-01  -1.2865717e-01  -3.7147440e-01   4.9388552e-01   1.0360155e+00   5.8919726e-01   8.9806255e-01   1.5326666e+00  -1.3246212e-01   2.8724527e-01   1.3769699e-01   5.9327930e-01  -6.7923916e-01  -2.1156063e-02  -1.0979331e+00  -4.5222469e-01
   1.0000000e+00   8.7885256e-01  -7.3121401e-01   3.3363932e-01   4.8037808e-01   1.5953437e-01  -3.1696960e-01   4.5722555e-01  -1.3207589e+00   8.5645984e-01  -2.1265015e-01   3.9961348e-01  -1.7537942e+00  -1.5493103e-01   3.2056798e-01   5.4605255e-01   9.0785627e-01   3.6068959e-02  -3.7406494e-01
   2.0000000e+00   2.3588300e-01  -4.7474639e-01   1.5958943e+00  -1.4024148e+00  -2.0247945e+00   1.4612388e+00   1.0724892e-01  -1.4495856e+00   3.3121726e-01   7.3588127e-02  -7.3315916e-01  -1.1870616e-01  -4.0217773e-01   1.1514097e+00   2.0340183e-01  -5.4853209e-01  -4.1572693e-01  -1.2361223e+00
   2.0000000e+00   7.7621751e-01   5.1216793e-02   8.5090048e-01  -5.9130507e-01   5.6239557e-01   5.1556943e-01  -1.3056092e-01   1.2089879e+00   1.3964921e+00   2.0719921e-01   4.6493896e-01   1.2217394e+00  -4.1622154e-01   1.0833633e+00  -1.5171691e-01   3.8855168e-01  -4.5867725e-02   1.1699637e+00
   2.0000000e+00   7.1119213e-01  -1.1203053e+00  -3.5330107e-01   9.8852508e-01   1.2376707e+00  -1.2865378e+00   1.1635927e+00  -7.6770580e-01   2.0552101e-01   1.0354076e+00   6.5171494e-02  -2.0167501e+00   1.4735519e+00   9.3735189e-01   2.8540217e-01   6.8308991e-01  -1.2438567e+00   9.7665803e-01
   1.0000000e+00   2.9711962e-01  -7.7555007e-01  -2.9820108e-01  -3.8489280e-01   2.4344657e-01  -4.5954955e-01   4.8154582e-01  -1.6799726e+00   1.1808238e+00   3.3867848e-01   2.0288419e+00  -6.3304997e-01  -4.9757440e-01   2.2893427e-01   8.9171872e-01   2.3125426e+00   1.9305603e-01   1.0259319e+00
   2.0000000e+00  -1.3326791e+00  -5.8480718e-01  -3.8770277e-01  -7.8217146e-01   5.4817148e-01  -8.6716747e-01   5.0172985e-01  -2.1467395e-01   7.5239231e-02  -2.7355337e-01   7.1210275e-01   1.0449089e-01  -1.5231133e+00  -3.0504432e-01   3.2628658e-01  -2.5012862e-01  -2.4255351e-01  -3.4247247e+00
   1.0000000e+00   1.3267364e+00  -1.0407325e-01   1.5175683e+00   3.9084977e-01  -4.1160957e-02   3.9360288e-01  -4.5292479e-01  -1.0684037e+00   2.4557035e-01  -8.0920922e-01  -6.3872878e-01   2.5028298e-01   1.5507381e+00   4.3630213e-01   4.1719334e-01   1.9726912e-01   1.9794962e-01   4.6252881e-01
   2.0000000e+00  -5.0854853e-01  -3.9077430e-01  -3.1271933e-02  -4.8103373e-01  -8.0029767e-01  -2.8878657e-01  -1.8315897e+00  -1.2097056e+00  -1.2307742e+00  -1.6772466e+00   7.2196109e-01  -1.3240667e+00  -9.2947060e-01  -1.1295478e+00  -9.7620958e-01   5.1326337e-01  -9.7951424e-02  -6.3331098e-01
   2.0000000e+00   1.9793218e-01   1.1798511e+00   4.7103606e-02  -9.0399291e-01  -2.4389283e-02  -1.4346722e+00  -1.1977054e+00   1.3477937e+00  -3.8004214e-01  -1.4958159e+00   3.4581277e-01   1.4106825e+00  -7.9450101e-01   1.3454123e+00  -1.0482892e+00  -6.2921737e-01  -8.5640800e-01   1.1125466e+00
   2.0000000e+00   6.0670755e-01   1.3851870e+00  -1.7590654e+00   1.3324614e+00  -8.5720348e-01  -5.6746014e-01  -4.9597203e-01  -5.8012717e-01  -1.6252300e-01   3.7302505e-01   5.9979399e-01   1.0353226e-01   2.5897554e-01   1.4854039e+00  -9.4575337e-02  -4.1947536e-01  -9.0890074e-01   1.4068231e+00
   2.0000000e+00  -1.5198800e+00   1.2595419e+00   7.3868040e-01  -7.9520422e-01   1.0282382e+00   1.3065395e+00   1.2723486e-01  -4.1294405e-01  -1.9710135e+00  -1.5354186e+00  -6.2302313e-01  -7.7264096e-01  -3.2492581e-01   3.4880848e-01   1.1555648e+00   8.7794846e-01  -3.8694616e-01   6.4542773e-02
   2.0000000e+00  -1.7319366e-02  -2.1484972e+00   9.6224189e-01  -3.6744969e-01  -7.4257973e-01  -7.2457973e-01   6.1238602e-01   1.6315481e+00  -2.5323127e-01  -3.4515391e-01  -3.0275164e-04  -6.8369868e-01   1.3939907e+00   6.5789851e-01   6.6782221e-02   2.0441724e+00   6.3131216e-01   1.2958628e+00
   2.0000000e+00  -3.0107755e-01  -7.3924914e-01  -5.4368923e-01   1.3162818e+00   1.5357856e-01  -1.6737404e+00  -1.7570140e-01   6.6592251e-01  -1.9553606e-01  -1.1801509e+00  -1.5623852e-01  -6.5548381e-01  -3.7060690e-01  -6.1451231e-02   9.3204254e-01   3.1924193e-02   1.0335127e-01  -9.2075088e-01
   1.0000000e+00  -8.6257537e-01  -5.5253734e-01   5.5719881e-01   2.1869353e-01  -1.6112352e-01  -1.2873441e+00  -3.2941377e-01   2.7175451e-01   3.5287083e-01   9.9131841e-02  -2.5857505e-02   1.0419604e+00  -5.4837935e-01   6.3084491e-01  -8.9800787e-01   3.0615414e-01  -8.5866731e-01  -5.3016636e-01
   2.0000000e+00   8.7783180e-01   9.1760707e-02   8.0414939e-01   3.8042873e-02   1.4239206e+00   6.8200366e-02   2.2999037e+00   3.2634543e-01  -1.0902173e+00  -1.0296499e+00   1.5381660e+00  -6.5496459e-01  -2.2524057e-01  -3.3869574e-01  -1.9390562e-01  -9.3388438e-01   2.4174715e-02   2.5081400e-01
   1.0000000e+00   8.4426394e-01   2.6216236e-01   5.8292832e-02   2.0173925e+00   1.9032189e-01   1.3098076e+00  -1.2123010e+00  -2.3493907e-01   1.9131576e+00   4.9666122e-01   3.4914926e-01   2.9612459e-02  -3.8679295e-01   3.2758166e-01  -1.1342619e+00   1.9854475e+00  -6.8574405e-01   4.3604311e-01
   2.0000000e+00   4.1094768e-01   1.2837820e-01   3.9213742e-01   1.0686503e+00   1.8030136e-01  -1.0743382e-01   1.6344925e+00   1.4369791e-01   8.7955438e-01  -1.6753202e+00  -3.5152072e-01   2.5975432e-02  -2.7722027e-01  -1.0109900e+00   2.1767435e-02   1.1803254e+00   7.2687993e-01  -3.5039980e-02
   2.0000000e+00   1.0156003e+00  -1.7758576e+00  -1.5475837e+00   1.0097769e+00  -7.2829505e-01  -2.0072658e-01   5.1196366e-01  -1.5403823e-01  -3.7140288e-01  -5.1675023e-01  -1.8717741e+00  -2.0633527e+00   9.0685081e-01  -1.1419221e+00  -6.3793706e-01  -1.4145192e+00  -1.0837369e+00  -1.1195430e+00
   2.0000000e+00   5.5882629e-01   2.9985019e-01   6.3476810e-01   1.4125087e-01   4.9959128e-01  -1.3592965e+00   7.6875821e-01  -1.7300569e-01   7.5354467e-01   5.7602667e-02  -8.8875330e-01   8.7050904e-01  -1.3393982e+00  -1.2826938e+00  -1.0719533e+00   5.0487348e-01  -6.2132971e-01  -3.9065769e-01
   2.0000000e+00  -2.5705045e+00  -2.9242204e-01  -8.1366306e-01   2.9375122e-01  -7.6131102e-01  -2.9206971e-01  -2.0691793e-01   7.8586086e-01   1.1190186e+00   3.7423249e-01   2.2904277e-01  -1.3397113e+00  -1.3537800e+00  -2.1168652e+00  -3.0875077e-01   1.2003586e+00  -1.7520852e+00   8.7889653e-01
   2.0000000e+00  -6.2083337e-02   4.9047358e-01   7.2194892e-01  -3.1463441e-01   7.0843033e-01  -5.9821291e-01  -1.5458690e+00   1.6171487e+00  -3.7619980e-01   9.8064534e-01   1.3209792e+00   1.9071019e+00  -1.3802085e+00  -7.9815265e-01  -1.0562570e+00  -1.8108718e+00  -7.4013126e-01  -1.3831482e+00
   2.0000000e+00  -1.1299286e+00   9.3307081e-01   1.2248976e-01  -6.6850438e-02   4.1997144e-02  -7.5210123e-01  -8.0385449e-01   9.0118755e-01  -3.2791748e-01  -7.0727959e-01   7.7180197e-01  -3.6077634e-01   1.1377587e+00  -4.8902158e-02  -3.4539013e-01  -3.1087209e-01  -1.4790974e+00  -1.2894346e+00
   2.0000000e+00   1.9863822e+00  -1.8620415e+00   1.8441418e+00  -1.4941584e-01   1.4427434e-01  -1.6539775e-01   5.4194744e-01  -1.7831941e-01  -1.4968251e+00   1.4276129e+00  -6.6365649e-01  -7.1739437e-01   2.3134847e-01  -2.6628380e+00   1.8964614e+00   1.8938156e-01   2.9255294e-02  -8.6011959e-01
   2.0000000e+00  -2.2771114e-01   2.6884929e-01   5.4352247e-01   1.4426167e+00  -3.4611032e-01   1.4281070e-01   2.2168861e+00   1.8717051e+00  -8.4138362e-01  -2.4985047e-02   4.1897729e-01   1.0947307e+00   5.7885455e-01   1.0531897e+00  -3.5657093e+00  -8.9084207e-02   4.7248764e-01  -2.2552211e+00
   2.0000000e+00  -4.6470534e-01  -1.0875571e+00  -8.4381580e-01  -1.2197948e+00  -1.1690182e+00  -4.4657989e-01   5.0060113e-01   1.0898448e+00   2.5531390e-01   1.5761224e+00   3.7386836e-01  -8.6202504e-01   4.2003517e-01  -1.2258639e-03  -1.4468108e+00   1.2744222e+00   6.6225911e-01   1.0596730e+00
   2.0000000e+00   4.6950092e-01  -1.7888497e-01   8.6862338e-02   7.6787426e-01   3.9942659e-01  -1.5440118e+00   5.8064772e-01   1.3737750e+00  -2.9034740e+00  -1.5933257e-01  -2.2785064e-01  -1.4315369e+00   6.3524988e-01  -5.9301082e-01  -1.4205107e-01   4.8501734e-01  -1.9604816e-01   3.0609030e-01
   2.0000000e+00  -6.4927956e-01   1.0887713e-01  -3.9514342e-02   1.1033789e+00  -4.6048062e-01   1.5055686e+00   3.3145944e-02  -1.2175063e+00  -6.8070410e-01  -6.6510955e-01  -5.3778094e-01  -3.7970343e-01   5.4627538e-01  -5.9018354e-01  -7.9947096e-01  -8.0720503e-01  -2.2379720e+00  -8.0877418e-01
   2.0000000e+00   8.8983453e-01   1.4490197e+00   1.9182821e-03  -8.5449881e-01  -1.6926917e+00  -2.1635364e+00  -1.1929438e+00   5.6540669e-01  -1.2268343e+00   2.7052025e-01  -1.2953652e+00  -6.0307599e-03  -6.8780231e-01   1.3969863e+00   1.1024120e+00  -2.1010193e+00   1.4385066e+00   5.7836924e-01
   2.0000000e+00  -1.5355552e+00  -1.1427196e+00  -7.5223644e-01  -5.3151377e-01   8.5819887e-01  -3.4667838e-01   1.5780077e+00   5.4547884e-01   4.2059886e-01   1.3491769e+00   1.1036307e+00  -5.9324021e-01   1.2138029e+00   2.4081452e+00   8.5173084e-01  -9.4848741e-01  -5.4145958e-01   3.4252391e-01
   1.0000000e+00  -1.7262855e-03   7.4085041e-01   3.3299744e-01  -1.8399333e+00   9.8163166e-01   1.4094670e-01  -8.3359075e-01  -1.2224907e+00  -2.9470516e-01   3.6207975e-01  -3.9709005e-01  -1.1589346e+00  -1.1585872e-01   4.0888425e-01  -9.4310917e-01  -2.1872086e+00  -1.5450502e+00   7.4875708e-01
   1.0000000e+00  -5.2716702e-01   5.2937888e-01  -5.6228903e-01  -8.6019804e-01  -1.1207016e+00  -3.9424671e-01   2.0432554e-01  -9.3744251e-01  -9.0308466e-01  -1.9904054e-01   2.1310258e-01  -6.1051194e-01   1.2318557e+00   5.3324206e-02  -7.9531679e-01   1.4500391e+00   1.4713955e+00   1.1007729e+00
   2.0000000e+00   1.0543546e+00  -6.6040245e-01   4.9833831e-01  -9.0349734e-01  -1.1999001e+00  -1.2722419e+00  -1.2507125e+00  -2.8746557e-01  -4.5293160e-01   1.5794966e+00   1.2566143e+00  -6.4798772e-01   7.6842506e-01  -6.3782556e-01   1.2290649e+00   9.7443226e-01   1.9939226e+00  -2.3183079e+00
   2.0000000e+00   4.0918959e-01   1.9279442e+00   9.9599172e-02  -5.2483725e-01   7.9492421e-01   1.2914989e+00   1.2033841e+00   2.4352594e+00  -5.0190403e-02   1.1488824e+00   1.0781837e+00  -7.8546845e-01   7.5412776e-01  -4.4401706e-01   7.5501966e-01  -5.3106606e-01   9.3512640e-01  -1.5973995e+00
   2.0000000e+00  -2.0504216e-01  -4.2280366e-01   1.6655849e-01   6.6222127e-01  -9.1916200e-01  -6.0359176e-01  -3.8788370e-01  -6.9489625e-01   9.6095995e-01  -8.1247659e-01  -2.6018351e-01   2.1257017e+00   8.1325687e-01  -1.1620236e+00   5.8634513e-01  -5.0991370e-01  -1.1093974e+00   2.0737421e+00
   2.0000000e+00   8.1412466e-01   6.0720366e-01   1.5665203e-01   2.1402257e-01   7.5125490e-01   2.6144356e+00  -3.7804614e-01   4.8560307e-01   1.0347932e+00   2.0462319e-01   2.6045906e-01   1.5924137e+00   1.2199441e+00  -4.2410819e-01   7.6344811e-01   9.0577439e-01   1.0718848e+00  -5.0407991e-01
   1.0000000e+00  -1.0810191e-01  -5.0214907e-01   3.4460077e-01  -6.4965705e-01   1.7998903e+00  -6.0705351e-01   1.4286280e-01   1.2864840e-01  -4.3094307e-01  -2.1094602e-01  -1.2931238e+00  -5.7529582e-01   8.7018977e-01   4.6569130e-01  -1.4853669e+00  -1.0814089e+00  -7.0638761e-01   1.7672586e+00
   2.0000000e+00  -2.3994708e-01  -7.5334506e-01  -1.0828624e+00   1.0748129e+00  -1.0468502e+00   2.0003744e+00   8.6830229e-01  -1.8676014e-01   3.5325681e-01   1.3543935e+00   2.9029463e-01   7.8882162e-01   5.5950680e-01   6.1360234e-01   6.2095882e-01  -1.7374261e+00  -7.7809485e-01   1.0025415e+00
   2.0000000e+00   2.8957572e-01   1.4946040e+00  -5.2225438e-01   2.2168154e+00   5.4071061e-01  -1.3918437e+00   2.8717934e-01  -2.5788070e-01  -1.6240225e+00  -1.7108790e-01  -2.1417291e-02   1.2221876e+00   6.3217242e-02  -1.6518137e+00   1.3108319e+00  -3.9067938e-01  -1.4138457e-01   2.6721590e-01
   2.0000000e+00  -8.6573107e-01   1.1917722e+00   1.2284747e+00   6.6692711e-01   1.7256712e+00  -6.0326381e-01  -3.4796094e-01  -6.4883823e-01  -9.4584603e-01  -1.2161361e+00   1.0851428e-01  -4.3917816e-01   4.7466094e-01  -8.6682754e-01  -2.2969321e-01  -1.5354327e+00   1.1708617e+00   5.6582745e-01
   1.0000000e+00   1.2098696e+00  -9.2027813e-02   4.3238835e-01  -3.7415578e-02   1.1735019e+00   3.8913457e-01  -1.0815884e+00  -9.2796744e-02  -6.7263837e-01   2.2837987e-01   9.1940968e-01   1.0367540e+00  -1.5144914e+00   3.2153888e-01   2.6781710e-01   1.0023201e+00   8.1658082e-01   1.1497683e+00
   2.0000000e+00  -1.3484103e+00  -1.2441880e+00  -5.2670355e-01   3.1940840e-01   1.3357849e+00  -1.4223370e-02  -2.1341607e-01  -2.6249974e-01  -2.2198797e-01   4.4763303e-01   5.8860137e-01  -9.2367928e-01  -2.1515467e-01   5.9104257e-01  -1.4450490e-01  -2.2497795e+00  -2.7477825e-01  -5.2549678e-01
   2.0000000e+00   5.0641014e-01   2.3241493e+00  -4.0337168e-01   5.2789120e-01   1.5894757e+00   1.4392387e+00  -1.1453835e-01   3.6180981e-01  -7.2891950e-01  -5.3004048e-01  -3.1000929e-01  -4.6707310e-02   6.4030312e-01   2.0133025e-01   6.4990985e-01  -1.7905433e+00  -5.2209014e-01  -6.5473287e-01
   2.0000000e+00  -1.3703932e-01  -1.2441641e+00  -2.7635505e-02   6.3862045e-01  -1.2986107e+00   5.1626622e-01   3.9513540e-02   1.6325311e+00   2.5260880e+00   1.6237725e+00  -1.9402303e-01   2.9005041e-01   1.0118455e-01   2.4428523e-01  -1.9245128e+00  -9.8906137e-02   5.7391985e-01   1.2061835e-01
   2.0000000e+00  -8.7861260e-01  -2.0395312e-01  -1.5746558e+00  -9.3412919e-01  -3.1397788e-01  -5.2580279e-01  -7.6359625e-01  -3.4460171e-01  -1.2342762e+00   1.6535098e-01   3.4850273e-03  -1.4631947e+00   1.3766387e+00   1.5103653e+00   3.3815310e-01   9.4883641e-01   7.5505069e-01   8.8616720e-01
   2.0000000e+00   2.8258250e+00   4.7797245e-02   6.5753907e-01   1.1802496e+00  -7.2793615e-01   1.6624189e+00   2.0389816e-01   5.9917855e-01  -2.4715849e+00   1.1701994e+00  -1.4037859e+00   5.6960970e-02   2.8262887e-01  -5.7721254e-02   1.9979427e-01  -4.4943336e-01  -1.2130235e-01  -6.8223636e-01
   2.0000000e+00   1.2475734e+00   1.3587239e+00  -3.2883826e-01  -4.6879238e-01  -8.0714804e-02  -1.2510040e-01  -1.0760556e+00  -9.2176416e-01  -4.9003781e-01   1.8728095e+00   2.5541986e-01   1.6463144e+00  -9.4196803e-01  -7.5341595e-01  -5.7004570e-01  -5.1085004e-01  -7.8860590e-01   7.0574981e-01
   2.0000000e+00  -4.1112662e-01   2.1480212e+00   7.2871975e-01  -3.5051274e-01  -1.0077636e-01  -1.4483211e+00  -2.6306763e-02   4.8799238e-01  -4.0833796e-01   6.0954460e-01  -5.2633332e-01   1.3079219e+00   1.2204849e+00  -6.5979988e-01   1.2258145e+00   4.7733461e-01   2.5571001e-01  -2.0550032e+00
   2.0000000e+00  -1.0052438e+00   8.1180975e-01  -8.7248263e-01  -1.9812781e-01  -1.0152442e+00   1.0076700e-02  -4.6309454e-01  -2.1565983e-01   1.6711738e+00  -1.5093119e+00  -5.3128664e-01   2.0951725e-01  -2.9228141e-01   5.9815429e-01  -1.1353751e+00   2.5429469e-01   9.3529032e-01  -2.5331418e+00
   1.0000000e+00   1.9900567e-01   3.4350163e-01  -5.0021899e-01  -5.3096384e-01   1.4081428e+00  -2.9238504e-01   4.6017623e-01   3.7401749e-01   1.1562437e+00  -4.1210985e-01   9.1284940e-01   2.0981374e+00  -2.6868072e-01   2.5955479e-01   2.0834715e-02   5.6054590e-01  -9.3979595e-01   1.9345992e+00
   1.0000000e+00  -1.9494460e+00   8.6721523e-01  -3.1563225e-01  -6.8401691e-01  -1.2723661e-02  -9.3765371e-01  -2.4187684e-01  -1.5279418e+00   5.3872873e-01   6.2014904e-01  -1.4141974e+00   8.9601652e-01  -5.8709608e-01   1.5236987e-01   1.9314123e+00  -1.5381385e+00   7.1395833e-01  -1.2152134e+00
   2.0000000e+00  -4.5787991e-01   5.7325890e-01   8.1835197e-01   4.5688288e-01   1.5921918e+00  -6.0570191e-01   3.4368497e-01   1.8988309e+00   1.0577475e+00  -7.9218921e-01   1.1262983e-01   1.8431342e+00   1.3442509e+00  -1.2920542e+00   9.8850523e-01  -8.5040643e-01   3.4512415e-02   1.9455066e+00
   1.0000000e+00  -1.2170302e+00  -8.5281383e-01   4.6945047e-01  -1.5022456e+00   4.5279822e-01   1.0446810e+00  -5.7998478e-01   1.0744985e+00  -1.3649100e+00   9.9946302e-01  -1.4624780e-01  -5.3046100e-01   8.5861004e-01   2.6555357e-01  -4.0927060e-02   7.2460454e-01  -1.0523319e+00  -4.2987832e-01
   2.0000000e+00   4.3251431e-01  -1.3163595e+00  -1.4364835e+00   9.2932093e-01   1.0621844e+00  -4.8007165e-01  -9.9780156e-01   6.5022331e-01   2.8497336e-01  -6.8874700e-01   1.4546911e+00   1.2690979e+00   9.2452988e-01   1.4585432e+00  -2.3369163e-03   1.8964481e-01   7.6189605e-01   3.5396022e-01
   2.0000000e+00  -5.3082400e-01   1.1891143e+00  -1.1913223e+00  -5.9179282e-02   2.1388097e+00   1.9073499e+00   1.9914570e+00   7.5858518e-01  -1.8309568e+00  -1.4817918e+00   7.1595004e-01   1.1651392e-01  -1.0449895e+00  -1.1117322e+00   1.1447652e+00  -3.1057424e+00   1.1545471e-01   8.1637781e-01
   1.0000000e+00   1.6827915e-01  -1.1035725e-01   1.0733668e+00  -1.7929492e+00   5.5065362e-01   5.1200700e-01   4.3723146e-01  -5.1076992e-01  -1.7527752e-01   4.5386263e-01  -1.2119737e+00   2.2217816e-02   4.7244152e-01   1.4825607e-01  -1.3696048e-01  -5.6430574e-01  -5.4184256e-01  -2.2456640e+00
   2.0000000e+00   3.8361372e-02   3.2981021e-01  -9.0194971e-01  -1.2703372e+00  -2.1469953e-01  -1.5864115e-01   1.0476055e+00   1.0427565e+00   8.3143788e-01  -1.6548220e-01  -5.5191013e-02   1.4493022e+00  -3.1026760e-01  -1.0733109e+00   2.7420897e-02  -6.6348944e-01   3.3827635e-01   8.6006084e-01
   2.0000000e+00  -1.7281910e+00  -9.2886516e-01  -3.1145291e-01   3.6211507e-01   3.2206206e-01   1.1050376e+00   4.7274122e-03  -7.7370996e-01  -1.5113427e+00   1.3323169e+00   1.1988270e-01   1.7161111e-01   3.6978002e-01  -5.2125338e-02  -5.7447172e-01  -3.1618717e-01   2.5914436e-01  -4.7484510e-01
   2.0000000e+00   4.6266577e-01  -1.2062467e+00  -9.8479459e-01  -1.5486063e+00  -1.7665030e+00  -4.7590654e-03  -7.3981284e-01   1.1169672e+00  -1.0691295e+00  -4.3409930e-01  -1.8234662e+00   2.5171445e+00  -3.1443501e-01  -5.3837147e-01  -1.5688176e+00   6.1468059e-01  -8.9857412e-02   2.4810691e-01
   2.0000000e+00   4.9750588e-01  -5.9078430e-01   4.8716828e-01   9.5855597e-02  -2.1369075e-01  -1.1248614e+00   9.8822056e-01  -1.0723924e+00   7.4039440e-01  -1.4953513e+00   6.8747136e-01   6.5805789e-01  -1.3820486e+00  -2.1434131e+00   1.4726961e+00  -2.1313752e+00  -4.5555140e-01  -1.4935317e+00
   2.0000000e+00   4.1084893e-01   1.6009536e+00  -4.9830828e-01   8.4074145e-01   1.2117057e-01  -1.1281458e+00   1.2859310e+00  -2.8381725e-01   1.1618976e+00  -8.6811730e-01   4.6590874e-01  -1.4036709e+00   2.3558585e+00   5.9261226e-01   1.5280717e+00  -1.6101308e-01   9.5856506e-01   1.4654033e+00
   1.0000000e+00   7.7850427e-01  -3.6204345e-01   7.3094044e-01   1.9132394e+00  -4.2118939e-01   9.9978707e-01  -1.6940438e+00   7.8656395e-01   1.1041373e-01  -5.6216362e-01   1.2780664e-01  -3.7286827e-02  -1.1757290e-01   7.5563866e-01   1.1319275e+00   1.8934806e+00  -6.6891296e-01  -3.1633598e-01
   1.0000000e+00   1.5165721e+00   4.8137364e-01   1.5026520e-01   5.7404591e-01   6.5926586e-01  -1.2541281e+00   9.6412226e-01   9.3795336e-01   3.2230966e-01   2.2852715e-01  -7.8853506e-01   5.8685887e-01  -2.2960489e+00   4.1764212e-02   8.8180984e-01   6.3057144e-01  -1.5798339e+00  -1.5256268e+00
   1.0000000e+00  -5.9674933e-01  -3.0989900e-01   1.9474711e-01   3.8580633e-01  -2.1786594e-01  -9.9083040e-01   4.3988228e-01  -2.4124127e-01  -1.1650938e+00   3.7130620e-01   7.0473764e-01  -6.5989233e-01  -1.0473977e+00   9.3464804e-01   5.8827987e-01  -7.4866417e-01  -1.2050094e+00   1.5425994e+00
   2.0000000e+00   1.3885392e+00  -6.2698690e-01  -3.9857085e-01   1.3989583e+00   1.3413699e+00  -8.1807151e-01   7.7808746e-01  -1.8428752e-02   2.3174957e-01  -1.4081284e+00  -3.1293665e-01   1.3166037e+00  -7.8220193e-01   1.5861606e+00  -7.0489740e-01  -6.1440979e-01  -8.4540391e-01   5.0680509e-01
   2.0000000e+00   8.9892956e-03  -9.7592992e-02  -2.4280302e+00   6.5640530e-01   7.0750960e-02  -1.0637470e+00   8.0233063e-01   1.0844170e+00  -1.9380224e-02   3.7453734e-01   2.9836368e-01  -8.1194422e-01   1.5113192e-01  -5.5802361e-01  -2.6178892e-01  -1.8004559e+00  -2.0324822e-01   5.4924278e-02
   2.0000000e+00   1.0606983e+00  -3.3961724e-01   8.0291433e-01  -8.6546402e-01   1.2957853e+00  -3.4888069e-01  -1.9683173e-01   1.8856743e-01   1.8822021e-01  -1.1256552e+00   1.6082312e+00  -1.1242362e+00  -3.0189366e-01  -1.9208718e+00   5.8691218e-01   2.8279922e-02  -6.1982759e-01   9.5816041e-02
   2.0000000e+00  -6.9172186e-02   1.1904896e+00  -9.6488944e-03  -1.8062854e-01  -1.7638410e-01   2.5099653e-01   2.4740975e-01   1.0626138e+00   2.3998759e-01   1.6482135e+00  -1.9743348e+00  -5.9579023e-01  -1.1327741e+00   2.0507430e-01   1.4164490e+00   5.5316321e-02  -9.6137363e-02  -7.0537246e-02
   2.0000000e+00   5.4349642e-01  -1.1113674e+00   2.6769288e-01   4.5301661e-01   4.0488525e-01   6.4428396e-01  -2.4212168e-01   2.1700575e-01   1.8504364e+00   4.3550884e-01  -2.4500684e+00   1.3066255e+00   1.3248349e+00  -8.2560144e-01  -4.2713804e-01   1.0778760e+00  -1.6857748e-01  -9.0990330e-01
   1.0000000e+00  -5.9272292e-01   2.5025012e-01  -1.9988710e-01   1.2214898e+00   5.0664881e-01   1.0821143e+00  -8.2534351e-01  -1.7225317e-01   4.7723053e-01   7.2934628e-01  -1.6787137e-01   9.4359904e-01   1.4409827e+00   4.1511636e-01   8.1770624e-01  -1.2392349e+00  -6.2482548e-01  -9.4985553e-01
   2.0000000e+00  -2.1228066e+00  -1.0333008e+00   3.1259189e-01   1.4653744e+00  -1.3184106e+00  -3.2920890e-01   3.9340828e-01  -1.5497182e+00   7.5039359e-01  -1.0491752e+00  -2.6440061e+00   1.3154599e+00   9.8124325e-01   1.6487011e-01   4.7992786e-02  -4.8321771e-01   1.0351727e+00   1.7589215e-01
   2.0000000e+00  -9.8221481e-01   9.1900212e-01   1.1027001e+00  -1.3252102e+00   9.7874394e-02   1.1506972e+00   1.9217551e+00   2.1072803e-01  -8.1259151e-01  -1.8158141e+00  -2.0242984e+00   1.7837258e+00   9.3787605e-01   1.2151600e+00   4.2278272e-01  -3.4809626e-01   9.9355202e-01   9.3113986e-01
   1.0000000e+00  -5.1733663e-01   8.7739869e-01   1.3403774e+00   2.5245486e-01  -1.7700187e-01   1.9480343e+00  -8.3928141e-01   5.1879125e-01  -7.7271975e-01   7.7933946e-01   8.4181224e-01   6.6542805e-01  -3.0878152e-01   3.6473530e-02   1.0706040e+00  -1.8308461e-01   1.3522150e-01   6.5611903e-01
   2.0000000e+00   3.9458964e-02  -2.0433014e-01  -1.2914450e+00  -2.0211475e+00  -5.9911247e-02   5.6719671e-01   6.7654260e-01   6.4565222e-01   4.2116266e-01  -1.0072455e+00  -4.3289168e-01   2.0950637e+00   1.0864056e+00  -5.0689007e-01   7.1020205e-01  -3.4713259e-02  -1.3648041e+00   1.6961497e+00
   2.0000000e+00  -9.0969421e-01  -4.8765744e-01   2.8177261e-01   5.3234601e-02  -4.5250274e-01  -6.1390635e-01  -1.1521970e-01  -1.3724215e+00  -1.3386735e-01   1.4621588e+00  -5.9137891e-01   3.6614072e-02   5.4290382e-01  -7.9236105e-01  -1.0411319e-01   9.6498928e-01  -1.4338612e+00   4.6422844e-01
   2.0000000e+00   1.0011277e+00  -1.2137893e+00   1.0407379e+00  -4.9972882e-01   6.5503262e-01   6.1579458e-01   4.7342420e-01   6.0229629e-01  -1.5884080e+00   8.9681445e-01   7.3635366e-01  -1.6552295e+00   1.0712965e+00   3.0380646e+00   1.9666278e-01   2.0494362e-01   1.7744412e+00  -1.0587444e-02
   2.0000000e+00   1.5011441e+00  -3.4400345e-01  -7.6223963e-02  -7.3178100e-01  -2.4098771e-01  -1.6551691e+00   1.9384153e+00  -8.1784823e-01  -1.8829281e+00  -1.2094993e+00   2.0810882e-01   8.0159018e-01   2.1263484e-01   2.5164987e+00  -5.6836273e-01  -2.2608747e+00  -2.4469069e+00  -1.2831843e+00
   2.0000000e+00   1.2576924e-01  -1.9375459e+00   5.1030977e-02   1.8986240e+00   5.9606035e-01   6.8834313e-01   1.5663625e+00   4.2532444e-01   8.8528710e-01  -7.0046600e-01   9.4071088e-01   4.0086167e-01   3.2617259e+00  -1.1245312e+00  -1.4050253e-01  -2.4928427e+00   1.6307696e-01  -5.8355991e-01
   1.0000000e+00   8.6838736e-01  -3.3758837e-01   1.2017533e+00  -9.4406687e-01   2.9510901e-01  -7.3201377e-01  -5.0705108e-01  -2.3908585e-01   1.3554839e+00   8.7770809e-01   1.0316046e+00   1.2133617e+00   8.4990545e-02   3.7001566e-01   1.0559208e+00  -1.0540363e+00   1.1969669e-01  -5.2135023e-01
   2.0000000e+00  -1.1100563e+00   4.9880479e-01  -3.4404120e-01   5.6994621e-01   6.6172020e-01  -5.3314197e-01  -8.3476926e-01   6.2005554e-01   3.7027338e-01  -1.9146579e+00  -7.0481069e-01   7.8811404e-03  -2.0202322e+00  -1.4396443e+00   3.4604814e-01   1.3997087e-01   4.2330222e-01   1.0936599e+00
   2.0000000e+00  -5.4160430e-01   9.3231255e-01   1.2266478e+00   4.1707472e-01   7.6863518e-01  -1.0973078e+00   9.1012902e-01   1.8648837e+00   1.7784747e+00   1.3040453e+00  -3.6506664e-01  -6.5747490e-01   1.8538864e-01   1.2448124e+00   3.9130025e-01   6.5058830e-01   1.8809439e+00  -1.7088530e+00
   1.0000000e+00  -1.7970311e-01   6.5397834e-01  -2.7967113e-01  -4.4058799e-01  -1.6755338e-01   2.6152241e-01  -8.6649215e-01  -1.0218114e+00   8.3289565e-01  -7.8493489e-01   2.6337194e+00  -1.2663174e+00  -1.1830429e+00   1.8475562e-01   1.2179941e-01   6.7000377e-01   1.6148866e-01  -1.7364982e+00
   2.0000000e+00   1.5170326e+00  -1.1129388e+00  -8.1204995e-01  -5.1127483e-01   2.0728864e-01   3.7084752e-01   3.4367648e-02  -4.6352225e-01  -1.4065024e-01  -9.7599164e-01  -1.9878891e+00   6.5493493e-01   1.0365481e+00  -6.1186833e-03  -1.5437135e+00   4.9879559e-01   2.4080283e-01  -4.3640568e-01
   2.0000000e+00  -1.8799118e+00  -2.0859709e+00  -1.7613220e+00   7.3113316e-01  -2.4811450e+00  -6.8290346e-02  -1.0539441e+00  -4.1081218e-01  -1.1294887e+00   8.8967795e-01  -1.0656765e+00   1.0501590e+00   4.0628027e-01   2.0886190e+00   1.4963912e-01  -7.3172634e-01   1.8865205e+00   1.0460585e+00
   2.0000000e+00   2.2987940e+00  -8.5958869e-01   6.8996663e-01  -2.4339354e-01   1.4449307e-01   4.3478778e-01   6.4084044e-01   5.1066264e-01   6.4038395e-01   4.3218804e-01  -3.0895224e-01   8.8574366e-01   2.3491027e-02   1.6500928e+00  -1.6057025e+00  -1.8045728e+00  -7.6453377e-01   8.6636424e-01
   2.0000000e+00   5.9439039e-01  -1.9975056e+00   1.1888048e+00  -2.1389288e-01  -6.2383346e-02  -2.4032270e-01   8.2912180e-02   1.0620671e+00  -6.7967232e-01   9.5038878e-01   2.9090095e-01  -3.3756441e-02   1.2139147e-01  -1.8707285e+00   5.1068413e-02   4.6212515e-01  -2.6100455e-01  -7.9312571e-01
   2.0000000e+00   6.2251857e-02   1.5065080e+00  -5.1985015e-01   1.6553434e-01  -2.4436645e-01   1.3432908e+00   9.3160782e-01   1.0824390e+00  -5.1877699e-01   1.1434356e+00   5.0215009e-01  -4.8792681e-03   4.2483505e-03  -1.7291099e+00   3.1519382e-01   9.9810198e-02  -2.8507367e-01   2.0281600e-01
   2.0000000e+00  -7.4523852e-01  -1.4827912e+00  -3.1985056e-01   5.7947815e-01  -6.9574755e-01  -1.2161509e+00  -6.5754451e-01  -1.6419909e-01  -6.1039290e-01   1.3657790e-01  -6.6797848e-02  -2.5976418e+00  -1.0570716e-01   6.6926700e-01  -5.4988390e-01   5.1804180e-01   2.8958112e-01  -6.2182813e-01
   2.0000000e+00   1.4649113e+00   1.8347055e+00   1.2802403e+00   1.5092076e+00  -4.3795600e-01   2.9617168e-01  -2.8972450e-01   3.5577750e-01  -2.4749777e-01  -2.2859751e+00  -4.1753471e-01  -2.8249273e-01   1.2720008e+00  -2.9103362e-01  -1.1666651e-01  -1.3636604e+00  -7.7661490e-02  -1.6858452e+00
   2.0000000e+00   1.3374855e+00   1.8080739e-01   3.9487019e-01   2.3356084e-01   2.6377660e-02   1.9316819e-01  -2.6927937e-01   5.5123007e-01   2.0685368e-01  -1.1485011e+00   3.0849473e-01  -1.8267078e+00   3.9759730e-01  -3.6899451e-01  -6.5272492e-01  -1.5362681e+00  -1.9938831e+00  -3.8506522e-01
   1.0000000e+00   3.2437876e-01   2.0332570e-01   8.5713608e-01  -4.2127476e-01   1.8417714e+00  -2.2300792e-01   1.4983705e-01   3.1822387e-01   5.8285578e-01  -7.5951911e-01   5.1748853e-01   1.1245918e-02   7.0188542e-01   2.4319346e-02   1.0857664e+00   3.8526616e-01  -7.3038678e-01  -1.3305013e+00
   2.0000000e+00  -9.3091029e-01   2.0969106e+00  -2.5840875e-01  -3.0794658e-01  -8.3180100e-01  -1.2644296e+00  -1.1991313e+00   7.1729529e-01  -6.5821848e-01   4.2088005e-01  -5.1861489e-01  -8.3613906e-01  -8.5272786e-01  -3.7189600e-01   1.5857402e-02   3.9996058e-01  -8.5853275e-01   1.6306230e+00
   1.0000000e+00  -1.6641359e+00   2.6382825e-01  -4.0315931e-01  -1.4343449e+00  -4.0417046e-01  -1.0415730e+00   8.4453805e-02  -1.0932729e+00   6.8217090e-01   8.4971964e-01  -4.3999118e-01  -1.1357860e+00  -8.6564260e-01   9.1776393e-02  -1.7506437e+00  -9.5277736e-01  -4.9822943e-01  -1.1862063e+00
   2.0000000e+00  -9.8934277e-01  -3.6742295e-01   6.4252919e-01  -9.0891111e-01  -1.7642644e-02  -2.2365973e+00  -9.8844985e-01  -1.2581336e+00   9.4565816e-01   1.3668341e+00  -9.2292959e-02  -9.1544957e-01   9.8470365e-01   1.4480317e-01   3.3837876e-01   3.5695406e-02   1.0972169e+00   8.3693779e-02
   2.0000000e+00  -2.3638309e-01  -1.7951993e+00  -8.8441578e-01   9.5262859e-01   1.3563711e+00   8.1496069e-01   4.0339843e-01  -3.6433508e-01   2.2712664e+00   7.1922068e-02   2.2928962e-01   1.3420417e+00   1.4394880e+00  -1.2416173e-01   1.1762133e+00  -1.8294176e+00   7.0045982e-01  -1.4302559e+00
   1.0000000e+00  -3.5468278e-01   1.4427632e-01   2.7280003e-01  -1.3337700e+00  -3.0856833e-01   4.5100333e-01   1.3567560e+00   6.3397362e-01   1.6495964e-01   1.7740620e-01  -8.4969815e-01  -7.2467234e-01   2.4957178e-01   9.1006695e-01   1.0883740e-01   4.7104425e-01   4.6740810e-01   1.4002629e-01
   2.0000000e+00   6.8094175e-03   5.5519870e-01   5.9090716e-01   9.5587472e-01  -5.7281722e-01   6.8018126e-02   2.0068570e-01  -7.2401435e-01  -6.9801968e-01  -3.7366043e-01   8.9695366e-02  -7.1825600e-01   6.7781707e-01  -2.1791118e-01   7.9401095e-01  -3.9487495e-01  -9.8553463e-01   1.6329924e+00
   1.0000000e+00   5.6026017e-01   7.3288017e-01  -1.4813971e+00  -8.4614194e-01  -1.3767247e+00   4.1299814e-01   1.0732089e+00  -8.7624327e-01  -1.8966046e-01   6.1673677e-01  -6.0518287e-01  -1.8035260e-01   3.8969296e-01   2.1355470e-01  -7.2030798e-01  -3.4707937e-01   1.1433850e+00  -3.9100272e-01
   2.0000000e+00  -9.3173190e-01   2.0530948e+00  -6.2324121e-01  -2.0943021e-01  -5.6089824e-01   8.5319314e-02  -8.2646893e-01  -1.0377237e+00   3.7093179e-01  -3.2435970e-01   1.3394566e+00  -1.2707655e+00  -2.4513651e+00   2.9907040e-01  -1.4772893e+00   1.6324663e+00  -1.1727655e+00  -2.7929653e-01
   2.0000000e+00   3.9854686e-01   1.2418681e+00   3.6690405e-01   1.5374283e-01   3.1132454e-01  -2.0699277e-01  -1.0321043e+00  -1.5437299e+00  -6.4696984e-01  -1.3429232e+00   1.0678616e-02   1.8517400e+00  -7.7951283e-01   2.3793277e+00   1.1155602e+00  -1.4285168e+00   8.2712456e-01  -9.4590065e-01
   2.0000000e+00  -7.4298840e-01  -1.5088241e+00   1.5570568e+00   1.0607373e+00   2.1062693e+00  -6.9348790e-01   5.7964707e-01  -5.2461324e-01   5.1540006e-01  -4.7555913e-01  -4.5445813e-01  -3.2342040e-01   1.1102419e+00   1.2222601e+00  -1.2927882e+00  -2.8289804e-01   5.8701819e-01  -1.0981319e+00
   2.0000000e+00  -1.3738827e-01  -1.0368922e-01  -1.1444934e+00  -6.0407304e-01  -5.1223574e-01   6.0983898e-01  -9.7837071e-01  -1.2037110e-01   8.5760366e-02  -1.8778488e+00   1.0615451e+00   1.2713852e+00  -8.0023037e-01  -1.7742665e+00  -8.1833051e-01   2.5260841e-01  -1.6111767e-01   5.8192206e-02
   2.0000000e+00   9.1894766e-01   7.3163135e-01   8.4815423e-01  -8.4262381e-01  -2.6958621e-01   4.1596879e-01  -1.1418025e-01   2.7084216e+00   9.0448204e-01   4.3461542e-02   4.4165438e-02  -1.7050154e-02   5.2346785e-01  -1.1737279e+00  -1.5019680e-01  -4.5226959e-01   4.2764456e-01  -4.9400460e-01
   1.0000000e+00  -3.2835483e+00   6.1704156e-02  -5.9250730e-01   4.4541756e-01  -1.6528590e+00  -7.1710370e-01   8.7313418e-01  -3.9840961e-01  -2.2292607e-01   1.1414659e-01  -1.3068880e+00  -1.0409174e+00   1.7348049e+00   4.0489475e-01   2.6904209e+00   2.7540521e+00  -1.6986528e+00  -1.6084714e+00
   1.0000000e+00  -1.5413954e+00   7.1102318e-02   7.9317279e-01   4.5704942e-01  -6.7885992e-01   9.0204945e-02   3.7207143e-01  -1.0262579e+00  -2.0431028e+00  -5.4813067e-01   1.3685040e+00  -2.1190542e+00   5.3183974e-01   1.6844503e-01  -1.2769973e-01  -4.9842275e-01  -4.2148927e-01   9.6716024e-01
   2.0000000e+00   1.1343377e-01  -1.8160682e-01   1.6316903e+00  -2.7687861e+00  -8.9353440e-01  -4.6310163e-01  -6.2242595e-01  -2.1767740e-02   1.9555884e+00  -4.6358252e-02   7.5276173e-01  -3.8695290e-01  -1.2112051e+00  -1.2277019e+00   6.5078801e-01   6.7113477e-01   7.0370683e-01  -1.3430068e+00
   2.0000000e+00   1.3460233e+00   1.3171595e+00  -2.4695385e+00  -6.9836169e-01   6.4445755e-02   4.4024113e-01  -1.0188761e+00  -9.4800214e-01   1.2712813e+00  -3.0737727e-01   1.0022721e+00   1.4324219e+00   1.4486995e-01  -3.9584382e-01   3.9965480e-03   3.3300741e-01   1.2963160e-02   1.8148420e-01
   2.0000000e+00  -1.1287503e+00  -1.0371730e+00  -1.9817449e+00   2.8870753e-01  -4.9139680e-01   1.9271920e+00   1.7845789e+00  -5.1013423e-01   1.0201233e-01   8.4330145e-01  -1.6816757e+00   3.5281765e-01  -6.2844298e-01   2.0341023e+00  -9.7380975e-01  -4.6002046e-01   5.0157956e-01   5.9977410e-01
   2.0000000e+00   9.4951880e-01  -2.0493089e+00  -3.0952486e+00   4.9688307e-01  -7.7569370e-01  -1.4186335e-01  -1.1016302e+00  -6.5041151e-01  -5.9888050e-02   1.1713019e+00  -1.1489873e+00  -1.5134683e+00   4.1338903e-01   2.8006576e-01   3.1777265e-01   8.7341698e-01   8.0735254e-01  -1.1137142e+00
   2.0000000e+00  -3.7871380e-01  -8.9064821e-01   3.0117783e-03   1.4956221e+00  -6.5329466e-01   8.2081107e-01   5.4918022e-01  -1.4153897e+00   2.0341605e+00   1.2439299e+00   1.4692874e+00   2.1704617e+00   1.1262791e+00  -7.7587957e-01   1.6837315e+00  -5.7769281e-01   3.5769818e-01   7.2621164e-01
   2.0000000e+00   1.2040246e+00  -1.1897507e+00   3.6964593e-01  -2.7176511e-01   1.0049195e+00   2.6402981e-02   1.0522432e+00  -1.1455485e+00  -1.1820414e+00   4.1517494e-01   1.5168631e+00   1.3745714e+00  -7.0277355e-02   1.0280768e+00  -1.4998836e-01   9.4462511e-01  -5.7454871e-01   1.0461269e+00
   1.0000000e+00  -1.0025762e+00   4.8763837e-01  -1.2206489e+00   1.0794939e+00   2.7803958e-01   9.9612514e-01  -1.9081104e-02  -1.0312845e+00  -7.8138577e-01   1.0192668e+00   4.7423959e-01   1.2441289e+00  -1.2766689e+00   6.5616008e-01  -6.8864495e-01   2.1907249e-02  -2.8007123e+00  -6.2574972e-01
   1.0000000e+00   1.9500219e-01  -5.7978719e-01   2.4333694e-01  -4.6038628e-02  -3.1765919e-01  -4.4252970e-01  -8.2526330e-01  -7.7017843e-01   4.0530060e-01   9.4831455e-01  -1.6073915e-02  -1.5853944e+00   6.0930179e-01   1.5019279e-01  -3.5468705e-01  -2.5190316e-01  -6.3925091e-01   1.5912336e+00
   1.0000000e+00   1.1013490e+00   1.8212408e-02   3.3245632e-01  -1.0705070e+00   6.9929270e-01   4.0638803e-01  -1.4011428e+00   1.6235295e+00   8.1933932e-01   3.8362777e-01  -1.5967518e+00  -1.4145470e+00  -1.0823737e+00   4.3392106e-01   5.9044443e-01  -1.2503215e+00   7.5997759e-01   1.9283362e+00
   1.0000000e+00   1.5487113e+00  -7.0203944e-01   5.3020998e-01   1.7421872e+00   5.2018883e-01  -7.7324120e-01   1.0468071e+00   5.4037346e-01  -6.2736143e-01  -1.0418561e+00   7.0606657e-01   8.7699748e-01  -1.0771203e+00   3.5141680e-01   9.0234903e-01  -1.3234396e+00  -1.0760884e+00  -2.7197682e-01
   1.0000000e+00  -1.4902011e+00   5.4949491e-01   1.5580109e-01   9.9838060e-01  -1.3398884e+00   3.4441535e-01  -1.0090035e+00   2.6251707e-01   1.0214691e+00  -1.2371401e+00   9.4455437e-01   5.7215661e-01  -2.1626502e-01   2.4705604e-02  -1.1286029e+00   6.6993685e-01  -5.8827391e-01   4.0790429e-01
   2.0000000e+00   1.9131383e-01  -2.3514216e+00  -9.9487641e-01  -4.7210513e-01  -4.8557301e-01   1.5188450e+00  -1.9807048e+00  -2.7521198e+00  -1.6078607e+00   1.3396604e+00   1.6018594e+00  -1.2057782e-01  -7.6889683e-01  -5.3036354e-01   7.0145569e-01   7.7871012e-01   6.1808622e-01  -2.1777342e+00
   2.0000000e+00   2.0462477e+00  -2.0987149e-01   1.8346111e+00  -1.5595077e+00   8.2192032e-01   6.0782476e-01   8.7339441e-01  -5.9186690e-01   2.0985825e+00   1.0771313e+00   3.2894587e-01   9.8745205e-01  -1.0228471e+00   1.4728107e+00   6.8978897e-01   7.8348988e-01  -1.0694001e+00   1.4984372e+00
   2.0000000e+00   2.7956356e-01   8.4599200e-01   4.5174593e-01   3.4747977e-01  -3.6464421e-01  -7.7650915e-01   5.1655248e-01   4.3614047e-01  -5.8390030e-01  -8.6123966e-01   2.7343580e-01  -4.9372966e-01   1.7015167e+00  -4.4287878e-01  -5.6842612e-02   1.2034917e+00  -4.8145617e-01   4.8260516e-01
   2.0000000e+00  -2.0416580e-01   1.3417589e+00   4.3591132e-01   1.1919103e-01   1.1733590e+00  -1.3421171e-01  -2.1110094e+00  -1.6240760e+00  -5.5823329e-02   8.1924840e-01  -3.5430962e-01  -5.0730428e-01   6.2170803e-01  -5.9109727e-01   4.4705987e-01  -1.0473986e+00   1.1014778e+00  -3.3525482e-01
   2.0000000e+00  -7.0073979e-01   1.6246941e+00  -2.6091972e+00  -2.9430480e-01  -1.6811132e-01   1.1375004e+00   7.5301950e-01   1.2274204e+00  -1.4731242e+00   1.0478488e-01   3.3811133e-01   2.5914764e-01  -1.9328974e-04  -1.8553586e-01  -2.2199304e-01  -8.0116928e-01   6.3798120e-01   4.8465743e-01
   2.0000000e+00  -7.5418805e-01   4.8226497e-01   6.2050374e-01   3.4916258e-03  -1.9613539e-01  -1.6094803e+00   5.1388627e-01   7.9486918e-02  -8.3083619e-02  -8.7640577e-01  -7.9336798e-01  -4.5495161e-01   9.4042363e-01  -3.7351849e-01  -1.0723237e+00   2.9702341e-02   5.6804061e-02  -2.6215472e+00
   2.0000000e+00   9.2940573e-02   2.2113478e-01  -4.3416499e-02   7.2699198e-01   9.6603781e-02   2.6302811e-01  -1.1964070e-01   4.2587161e-01  -5.4002434e-01   7.3032828e-01  -3.5579614e-01   4.2900614e-01   4.9456358e-01   1.0982558e+00   9.0804129e-02  -1.2393394e+00   5.8540894e-01  -1.1553308e-01
   1.0000000e+00  -6.3466268e-01   8.8373949e-01  -3.4931734e-01  -8.5752623e-02  -1.9364694e+00   7.0503839e-01   7.2387487e-01   1.4738096e+00   1.0025558e+00  -1.6829559e+00  -1.4261926e+00  -4.1041977e-01  -1.2378320e+00   4.4008488e-01  -1.7437421e-02   4.1064787e-01  -3.1497278e-01   1.9175532e+00
   2.0000000e+00   2.7613646e-01   3.8200847e-01  -1.3197212e+00   3.3035538e-01   3.2721853e-01   1.1245393e+00   5.7918622e-01  -4.2161844e-01  -1.2609319e+00   1.1468871e-02   7.6849834e-01   4.6203643e-01   6.5504336e-01   1.1958612e+00   5.2669260e-01   3.0499638e-01  -1.4428541e+00   7.4488873e-01
   2.0000000e+00  -2.0497882e-01  -8.4518666e-02   1.1629094e+00  -1.4368112e+00   6.7972515e-01   8.0049167e-01   1.1193838e+00  -1.4578501e+00   2.8227256e+00  -5.9291635e-01   6.2265452e-02  -3.9710677e-01   1.7001558e-01  -5.1783763e-01  -1.1186972e+00  -6.4839176e-01  -8.5337445e-01  -5.7599884e-01
   2.0000000e+00   8.4307545e-01  -1.2298698e-01   4.2595524e-01   1.2414165e+00  -4.2895129e-01  -1.2738562e-01  -4.1834410e-01   1.7507467e+00   1.2951821e+00  -4.4890375e-01   1.8652272e-01  -1.2248145e+00   1.1604671e-01  -3.6116574e-01   1.5025586e+00  -4.0331883e-01  -8.2914659e-01   1.1193661e+00
   1.0000000e+00  -1.0806891e+00  -4.8744665e-01  -3.4592412e-01  -1.8204510e-01  -6.4946960e-02   1.0990107e+00  -4.5502927e-01  -5.8335417e-01  -1.7224712e+00   1.5009134e+00  -1.2668097e+00  -1.7218671e+00   2.0892659e-01   3.8383465e-01   5.5976317e-01   1.2734935e-01   9.7503425e-01   4.8159496e-01
   1.0000000e+00   2.6661364e+00   7.0466485e-01   5.3889836e-01   5.9426035e-01   1.7621213e-01   3.4908948e-01   8.4997993e-01   5.4149001e-01  -1.0130407e-01   2.8028775e-01   5.7582808e-01   1.5010809e+00   9.8729166e-01   3.9404960e-01  -2.9497033e-01   7.2582829e-02  -3.1938631e-01   1.4494833e+00
   2.0000000e+00  -3.9923977e-01  -4.5229245e-01   1.5765105e+00   1.0773783e-01   4.5322110e-01  -1.2864605e-01  -4.9519722e-02   5.4539302e-01   6.7555627e-01  -8.0584585e-01   9.8694135e-01  -1.8916906e-01   5.8907830e-01  -2.0283286e-01   5.3669853e-01   3.4084393e-01  -6.5289620e-01   2.7209789e-01
   2.0000000e+00   1.6001215e-01   4.0824945e-01   6.9961010e-01  -2.0942318e+00   1.2181514e+00  -6.8093838e-01  -2.1436834e+00   7.7454619e-01   3.3703526e-01   2.7694017e-01   2.9971061e-01  -1.0571574e+00  -7.0557999e-01  -1.7028034e+00  -4.0098036e-01   2.2095154e-01   1.0992845e+00  -3.4920865e-01
   2.0000000e+00  -7.3159450e-01  -2.0825761e+00  -1.9091867e-01   1.6989354e+00  -1.5645959e+00   5.3747921e-02   6.3302431e-01   5.8411638e-02   2.0439953e+00  -2.9864006e+00   6.4609346e-01   1.1680420e+00   5.2615229e-02  -7.9221695e-01  -1.6088198e-02  -1.8275197e+00  -1.0901715e+00   6.7557041e-01
   1.0000000e+00   7.3605781e-01  -1.7126382e-01   7.5162604e-01  -2.2259124e+00   4.2338033e-01  -1.3033981e-01   1.5459436e+00   2.7918364e-01   2.5157040e-02  -1.7541404e+00  -1.6742398e-01   1.7209489e+00   5.2762806e-01   7.8801559e-01  -2.5090932e+00  -3.6567668e-02  -6.2386024e-01   7.5628820e-01
   2.0000000e+00  -4.4569149e-01  -8.4924024e-01  -7.3939837e-01  -1.2642795e+00   1.4228646e-01  -8.2039289e-01  -4.8020998e-01  -7.4968671e-01  -2.5704595e-02  -1.7880566e-01   7.3211780e-03   1.0871429e+00   6.7200083e-01   1.4577704e+00  -3.5838071e-01  -8.6172759e-01  -1.1878916e+00   1.3737463e+00
   2.0000000e+00  -1.3014802e+00   7.9043712e-01   2.0434887e+00   3.9740080e-01  -8.4013457e-02  -4.9117960e-01   1.6207005e-01  -9.7186184e-01  -5.2638636e-01   4.8753643e-01  -4.4931787e-01   1.1956203e+00  -1.1268767e+00  -6.0791659e-01  -5.8422245e-01   1.1222370e-01  -1.6246340e-01  -3.5294108e-01
   2.0000000e+00   1.5431228e+00  -1.5988596e-01  -8.6988330e-01   2.9876868e-01   1.0555966e+00  -3.8711787e-01  -7.1561470e-02  -3.7356680e-02   7.8677925e-01  -6.1684953e-01   1.0981164e+00  -1.6163703e-01   5.6813329e-01  -1.3395501e+00   2.0477563e+00   5.1026933e-01   7.7762820e-01  -1.3061793e+00
   2.0000000e+00   1.0170062e-02   9.3789918e-02  -1.2188664e+00   8.3855806e-02  -1.0870735e-03  -1.9596851e+00   1.6604394e+00   1.1572552e-01  -1.9366602e+00   1.0200735e+00   1.2351510e+00   1.2976833e-01   3.8920523e-01  -1.6671470e+00   1.5189422e+00   1.4834970e-02   4.7010946e-01   3.2084924e-01
   2.0000000e+00  -7.0728851e-01   8.6712481e-02   4.3521591e-01   8.7323729e-01  -3.1754079e-02  -6.6182067e-01  -2.6260750e-01   1.1160467e+00  -9.0949191e-01   1.0420425e+00  -1.6455529e+00  -6.2081333e-01  -9.2041553e-01  -1.6836972e-01  -7.2289479e-02   1.0746437e+00   7.3281074e-01   1.7566792e+00
   2.0000000e+00   1.8610821e+00   1.8159112e-01  -5.5533965e-01  -1.1322654e+00   8.9141612e-01  -7.5104339e-01   5.6491776e-01   1.1973826e+00   6.5448050e-01  -6.5104003e-01   6.0693160e-01   1.9703171e+00  -1.0314431e+00  -9.4042453e-01  -1.2943170e+00   1.8952742e-02  -1.3762097e+00   1.1106006e+00
   2.0000000e+00   1.9380786e-01  -6.2727912e-01   3.9645819e-01   1.3546224e-01  -7.9152227e-01   6.1308845e-01  -1.5177140e+00   1.7676937e-01   5.1559729e-02  -1.4739006e+00  -7.5402000e-01   9.8353663e-01  -1.2290972e+00  -1.4261848e-01   1.9542560e+00  -1.0264012e+00   1.0980005e+00  -1.3760082e+00
   2.0000000e+00   4.3768211e-02  -5.1306810e-01  -1.7729448e-01   8.5567926e-01   1.3351326e+00   5.4826047e-01   1.9907596e-01   8.1101677e-01   3.3643655e-01  -1.3802007e+00   4.3978768e-01   1.8884332e+00  -5.6158751e-01  -6.0988256e-02  -3.6080616e-01  -6.7140080e-01  -2.6770445e-01   1.1328705e+00
   1.0000000e+00  -1.7143333e+00   6.9805550e-01  -1.2876890e-01  -1.0035788e-01   4.0145882e-01   7.5202556e-01   1.0049702e+00  -1.2164429e+00  -2.2404516e-01   6.9020091e-01  -1.0628569e+00  -9.5569485e-01   2.7484121e-01   1.6209165e-02   2.3101073e+00   7.8560887e-01   7.9597971e-01   1.0587975e+00
   2.0000000e+00   1.2080041e-01  -1.4369434e+00   8.9672571e-01  -2.5486938e-02  -3.3206580e-01   1.7639119e+00   3.1642536e-01   3.7254612e-01   9.0875172e-01   1.0119567e+00   4.4100928e-01  -7.5499415e-01  -1.5914701e+00  -7.3739595e-01   4.6628846e-01   7.9276934e-01  -9.6039798e-02  -5.6742461e-01
   1.0000000e+00  -1.0158487e+00  -9.1606529e-01   6.7167821e-01  -9.6066454e-01  -1.2312176e+00   7.7694965e-02  -2.8827194e-01   8.2924619e-01  -1.5014486e-01   1.2417559e-01  -3.7960302e-01   1.0322575e+00   8.5236291e-01   3.0722226e-01  -1.2118970e+00  -1.1426612e+00  -5.6607000e-01   7.1898138e-01
   1.0000000e+00  -1.1404256e+00  -7.8366060e-01   1.8832442e-02   1.2421761e+00  -2.8354124e-02   4.4401104e-01   1.2762244e+00   1.1057921e+00   5.3006584e-01   2.1126363e-01   3.8655778e-01   4.2563798e-02  -7.8892201e-01   6.2032036e-01   1.4964840e+00   1.5049336e+00  -1.6737444e-01  -9.4415849e-01
   1.0000000e+00   4.8745120e-01  -2.8781583e-01   1.4083206e+00   1.0180337e+00   3.3103231e-01   4.9020875e-01   1.9742313e-01  -1.2432306e+00   1.5516820e+00  -1.0920147e+00  -1.4064798e-01  -1.5435074e-01   1.0882415e+00   5.2465431e-01  -1.0490492e+00  -9.3314504e-01   3.1327170e-01  -5.6362592e-01
   2.0000000e+00   1.1443885e+00  -3.6209583e-01  -2.9672889e-01  -1.7029865e+00   1.2660598e+00  -1.4629908e+00   8.4305047e-01  -6.3603520e-01  -1.5469593e+00   1.0511813e+00  -6.3111943e-01  -4.5016641e-01   5.1158221e-01  -1.9600737e+00  -5.3595367e-01   8.6618752e-01   1.3261935e+00  -1.1730942e+00
   2.0000000e+00   4.0898184e-01   4.3245659e-01  -1.4120109e-01  -4.4187315e-01   1.4516892e-01  -9.4415061e-02   1.3630585e+00   2.0745071e-01   7.3871265e-01  -1.8328462e-01   2.9672412e-02  -6.2333195e-01  -8.7571619e-01   1.0619975e+00   1.2659992e+00   1.8577934e+00   5.0929889e-01  -7.9213635e-01
   2.0000000e+00   1.1880604e+00   6.0290640e-02  -9.4457951e-01   6.7969471e-01   6.4620839e-01   9.2551151e-01  -1.3628919e+00   5.0948646e-01  -8.2664140e-01   2.0319586e-01  -6.5634393e-01  -1.6226033e+00  -5.6312129e-01  -4.9761377e-01  -5.6801114e-01  -5.2177033e-01   1.9533608e-02  -1.2245302e+00
   2.0000000e+00   1.9756469e-01  -1.0301518e-02   9.0236142e-01  -1.2479238e+00  -3.0264842e-01   1.4115827e-01  -1.3890068e+00  -1.7916862e+00  -4.9549140e-01   6.3371642e-01   3.6316909e-01   1.4169160e-01  -1.2353131e-01  -3.0740311e-01  -1.4276712e+00  -5.2199424e-01   1.8993079e+00   5.3674292e-01
   2.0000000e+00   1.3851927e+00   1.2766388e+00  -4.5447526e-02  -5.0917276e-01  -2.2102157e+00  -2.6419118e-01  -3.9446930e-01   1.2624380e+00  -2.8044562e+00  -2.2909397e-01   7.3291456e-01   3.2591142e-01   1.1427350e+00  -5.3913349e-01   9.1974393e-01   1.3742640e+00  -9.8740368e-01  -1.6171802e+00
   2.0000000e+00  -3.0412518e-01  -2.2494603e+00  -5.1702152e-01   8.3133690e-01  -8.6981662e-01   2.3157987e-02   6.9598283e-02  -2.3725365e-01   3.0780940e-01  -1.0561453e+00  -4.1885475e-01   1.1192026e+00   2.7783295e+00  -9.1074927e-01  -1.0564636e+00   1.1287783e+00  -1.1504949e+00  -1.7569821e-01
   1.0000000e+00   1.4487704e+00  -3.5021749e-01   1.2836380e+00   1.3268805e+00   3.1512918e-01  -1.0559831e+00   5.0197412e-01  -2.8243445e-01  -2.6246235e-02   2.5869087e+00   7.2332374e-01  -3.8266585e-01   1.3105071e-01   6.6526341e-01   1.4704157e-01   7.0223304e-01  -8.6839211e-01   2.3216824e+00
   2.0000000e+00  -1.6464520e-01   6.3669371e-02  -6.7795291e-01   7.8594670e-01  -7.3646413e-01  -4.2260548e-01  -2.6149490e-01  -2.2295510e+00   1.2151568e+00   1.7930010e+00  -5.3032078e-01   1.6173121e+00  -3.5568512e-02   1.2368355e+00  -2.0882347e-01  -1.2860787e-01  -1.5581465e+00  -7.5190369e-01
   2.0000000e+00  -2.4187093e-01  -1.5411462e+00  -1.5766249e+00   1.1058481e-01  -1.0579265e+00   1.3993376e+00  -8.3358736e-01  -5.3828223e-01   1.7985448e+00   5.4894294e-01   1.3545662e+00  -1.5057360e+00   1.3397746e+00  -3.6224129e-01   3.7901614e-02   7.3791236e-01   2.2045951e+00   1.2223923e+00
   1.0000000e+00   4.9202978e-02  -5.7479503e-01  -8.8175716e-01  -7.5904202e-01  -4.4117238e-01   9.0423510e-01   7.0055255e-01   6.5474844e-01   3.5851586e-01   1.3765140e+00   2.9891010e-01   2.9975787e-02  -3.7863573e-01   6.1867862e-01   2.1294118e-01  -2.6501835e-01   2.5272316e+00  -6.9482412e-01
   2.0000000e+00  -2.5695611e-01  -9.5557214e-01  -1.6981242e+00  -1.0336903e+00  -4.3196694e-02   1.5523491e+00  -1.4354866e+00  -1.4903236e-01  -8.2789385e-01  -5.1555783e-01  -8.2976456e-03   4.4379553e-01   5.7534155e-01  -1.8643119e+00   1.1207277e-01  -1.2488729e+00  -1.5368940e+00  -4.9262006e-01
   2.0000000e+00   8.0653322e-02  -1.2419527e+00  -6.0609356e-01  -6.3491266e-01  -1.9620604e+00   6.8954908e-01  -1.6634487e-01   2.3076246e-01  -1.3260703e+00   3.9926936e-02  -2.0944395e+00   2.9777674e-01   3.8614529e-01  -1.6970023e+00   6.1071642e-02   1.4391914e+00   3.2004163e-01  -8.9733507e-01
   2.0000000e+00   3.6420572e-02  -3.5599872e-01  -1.2992602e+00  -8.8371498e-01   8.8777472e-02  -1.6532114e+00  -5.6180734e-01   1.5776928e+00  -1.8495257e-01   3.7074757e-01  -5.2488778e-01   1.1228105e+00  -1.9963700e+00  -9.3280594e-01  -4.0648344e-01  -2.7280741e-01   3.8922424e-01   8.0696458e-01
   2.0000000e+00  -1.5766168e-01   2.5425151e-01  -5.0779759e-02   1.5553288e+00  -2.7493485e+00  -1.4605744e+00  -1.1678451e+00  -7.8787531e-02   7.6944479e-01   2.0409665e-01  -3.2475784e-01   3.4518788e-02  -1.5120392e+00  -5.8258344e-01  -1.3024466e+00  -5.0905690e-01   1.3949847e+00  -2.1116050e-01
   2.0000000e+00  -8.1777622e-01   5.9746467e-01   6.4142343e-01  -8.3030066e-01   6.9232043e-01   7.4641428e-01   5.5554943e-01  -8.1873100e-01   8.2674336e-01   1.0155970e+00  -8.1564104e-01   1.9565709e+00  -1.9287785e+00  -5.9151089e-01  -1.6806639e+00   7.0952662e-01   2.3448048e-01  -5.2419504e-01
   2.0000000e+00  -1.0661293e+00   8.1539789e-01   1.6063061e-01   1.4946716e+00  -1.0727758e+00   9.7350705e-01   5.2029878e-01  -6.8141464e-02  -9.9137042e-01   4.7391746e-01  -2.2361796e+00  -1.1485800e+00   1.2121453e+00   7.0657616e-01   1.4728278e+00  -1.0449737e+00  -8.9153229e-01  -7.5153200e-01
   2.0000000e+00   1.0597617e-01   1.7724695e+00   8.2270823e-01  -6.1502199e-01   7.3173463e-01   3.1426904e-01  -1.0323226e+00   1.5257745e+00  -9.7965838e-02   6.4122725e-01  -5.3497107e-02   6.5970179e-01   1.4190994e-01  -5.3343769e-01  -3.5245856e-01  -7.2498809e-01   1.2700585e-01  -1.4145890e+00
   2.0000000e+00   4.2608545e-01   1.0401698e+00   2.0465282e-01  -4.9142806e-01  -1.0363745e+00  -9.6213586e-01  -9.9029844e-01  -1.2288371e-01  -5.5561538e-02  -4.6925734e-01  -2.4981781e-02  -1.9766814e+00   4.3689097e-01  -5.7584978e-01   4.4973548e-02  -1.2503659e+00   2.4574416e-01   1.1526857e+00
   1.0000000e+00  -1.6355740e+00  -1.7055490e-01  -2.7144152e-01   1.4026726e+00  -3.8325663e-01   5.0676263e-01   2.7622474e-01  -1.7307748e-01  -1.0779991e-02  -6.5400896e-01  -3.3412010e-02   5.3714490e-01  -4.5952273e-02   8.1354488e-01  -4.7990335e-01  -8.7617875e-02  -4.1208073e-01   3.0615062e-01
   2.0000000e+00  -3.5424748e-01  -5.0129484e-01   7.1672397e-01  -1.4409802e+00  -4.1954202e-01   4.2065077e-01  -1.5176118e+00   5.8049671e-01  -1.3399615e+00  -6.0639282e-01  -1.4091201e+00  -1.1917506e+00   1.7547617e+00   1.1060173e+00   9.0743059e-01   5.4194461e-01  -2.0130955e-01   1.2104963e+00
   2.0000000e+00  -4.9123660e-02  -3.0781374e-01  -6.2878873e-04  -1.2395670e+00  -5.0834116e-01  -2.5496775e-01   2.0126467e-01   7.8996462e-01  -1.5917460e-01  -1.6441908e+00  -2.0347024e-01   1.9009125e+00  -8.5203726e-01   1.2355260e+00  -1.2785839e+00   1.3981532e+00   1.5158924e+00  -4.8314920e-01
   2.0000000e+00  -1.0594660e+00   6.4296015e-01   1.3287807e+00   5.3152043e-01  -1.4213655e+00  -2.5349222e+00   2.3709438e-01  -1.0972051e+00   4.8829973e-01   2.3676627e-01   5.1682293e-01   4.6165021e-01  -1.2022864e+00  -1.2066535e+00  -1.1157401e+00  -1.2497229e+00   4.8011667e-01   9.2179680e-02
   2.0000000e+00   2.1829257e-01  -9.6862776e-01   6.9844739e-01  -4.0219646e-01  -2.6480054e-01   1.0475905e+00   7.7287442e-02   2.2424580e+00  -1.3840503e-01  -8.3369524e-01   2.8793467e-01  -3.2166926e-02   3.0122632e-01   3.5018587e-01   1.2573656e+00  -6.7079019e-01  -1.6077842e+00   1.7471388e-01
   2.0000000e+00  -7.0943507e-01   1.2140466e+00   5.8990289e-01   3.4572241e-01  -7.7520734e-01  -1.6572765e+00   6.4649759e-01  -3.7100392e-01  -1.0894024e+00   1.6678111e-01  -1.2099274e+00   2.9340492e-01  -1.4130071e+00  -4.4458161e-01   6.3001364e-01  -1.6380165e+00  -8.6203210e-01   1.9888314e+00
   2.0000000e+00   2.3558558e+00   1.9948458e-01   9.3480370e-01  -1.0018268e+00  -4.8145866e-01   7.3326689e-01   1.2917544e+00  -7.2441819e-01  -3.0251349e-01  -9.5194324e-01   1.5355964e+00   6.1792238e-01   6.3498267e-01  -4.0794859e-01   1.5226377e-01   1.7862175e-01   1.8148688e-01   7.3237270e-01
   2.0000000e+00  -8.6744228e-01   1.1439705e+00  -1.9520894e-01  -9.8600261e-01  -1.0614414e+00  -7.0764775e-01   3.3793847e-01   4.0093577e-01   2.5995043e-02   1.2312312e+00   1.2479482e+00  -2.2636836e-01   3.2337557e-01  -1.5979941e+00   2.4796963e-01  -1.1085725e+00  -1.1520217e+00   7.1390299e-02
   1.0000000e+00   5.9953169e-01  -7.6388483e-01   2.2933743e+00   1.3370238e+00   3.8612736e-01  -3.7917342e-01  -1.0664269e+00  -1.0364846e+00   1.4138102e+00  -1.3981642e+00   6.9695930e-01   1.4793418e+00   2.0122758e+00   1.4523420e-01  -1.1510798e+00   2.1278825e+00  -3.6902033e-01  -1.6565511e+00
   2.0000000e+00  -9.1583737e-01   3.8951964e-04  -1.1618207e+00  -7.5601076e-01   1.0485459e+00   7.7168117e-01  -2.6978214e-01  -2.1505838e+00   5.9918248e-01   1.4141785e+00  -1.1238597e+00   6.3031500e-01   1.2678914e+00  -4.5495391e-01   1.5550282e-01   5.2264990e-02   2.6229594e-01   3.7574132e-01
   2.0000000e+00   2.2722493e+00   2.5419856e-01  -7.0945458e-01  -8.4090170e-01   3.5623934e-01   1.3650601e-01  -9.9938886e-01  -6.9995942e-03   6.5523157e-01   9.1536215e-01   1.9268006e+00  -1.2797647e+00   2.2942423e+00  -1.1829969e+00   6.8449649e-01   1.7796065e+00  -1.8691128e-01   1.1677786e+00
   1.0000000e+00   7.9181652e-01   1.0778426e-01  -1.9149500e+00  -1.0488140e+00  -1.7220135e-01  -4.3292235e-01  -6.1155280e-01   1.0288330e-01  -5.2236468e-01  -4.6418965e-01   2.0444589e+00  -4.9461272e-01   9.5313717e-01   2.8657715e-01   3.7464512e-01  -7.8487111e-01  -4.7864932e-02   1.8728062e+00
   2.0000000e+00   1.2464820e+00  -9.0536916e-01  -3.9311029e-01   3.8243335e+00   7.8409014e-01   9.1595053e-02   2.8627997e-01   1.0289052e-01   1.8126998e-01  -2.1770428e-01   1.4698931e-01   4.9909269e-01   1.0539894e+00  -1.4162301e+00  -2.2565067e+00   5.3378255e-01  -2.6567249e-01  -1.4767442e+00
   2.0000000e+00  -7.9488092e-01   5.7704869e-02  -1.1824011e-01   6.2752557e-02   9.2541756e-01   2.1077284e+00   8.6673772e-01  -4.8630617e-01   5.2013563e-01  -8.9416648e-01  -3.0036112e-01  -5.9258188e-01  -6.5888004e-02   4.2058956e-01  -1.2631347e+00  -1.4438537e+00   1.3751007e+00  -2.1731794e-01
   2.0000000e+00   1.2641388e+00   5.0030956e-01   8.8026978e-01   1.9995850e-01  -1.8653111e-01   1.2307357e-01  -7.0342980e-02  -6.0513733e-01   9.9124220e-01  -8.1992738e-01  -1.2208258e+00   2.2705634e-01   1.6281652e+00   1.4426652e+00   1.4609167e+00  -1.3318453e+00   4.5296910e-01   1.2346767e+00
   2.0000000e+00  -2.3208733e+00   1.3714835e+00  -7.3758403e-01  -1.4900602e+00   6.4393034e-01  -2.1241714e+00   5.5183133e-01  -8.0367806e-01  -7.3608832e-01  -1.5031098e+00   9.5314899e-01   7.2863487e-01   2.0743128e+00  -5.6769897e-01  -1.2069630e-01  -7.1098577e-01   6.5210646e-01   3.7285082e-01
   2.0000000e+00  -1.0916300e+00   2.6814551e-02  -1.2083788e+00  -2.2354999e+00   1.5583971e+00   9.1905290e-02   1.1123802e+00  -2.0299773e+00   2.8385746e-01   7.2677774e-01  -5.1560732e-01  -8.5523820e-01  -1.3330110e+00  -4.2168577e-01   4.2008458e-02   5.4113223e-01  -9.4801567e-01   1.9333305e+00
   2.0000000e+00  -5.8497402e-01  -9.5756998e-01  -6.3736207e-01  -1.8534558e+00   2.0562006e+00   1.8046883e-01  -3.8370606e-01   1.3368049e-01  -5.4903692e-01  -1.6869087e+00  -2.4019009e-01  -1.1347261e-01   3.5645592e-01   6.9570458e-01  -5.1148298e-01  -1.8608855e+00  -1.4519956e+00   4.2735928e-01
   2.0000000e+00   6.1424267e-01  -2.3558967e-01   7.7028615e-01  -1.1273154e+00  -1.0709921e+00  -7.3168422e-01   3.8160588e-01   2.0167655e+00   6.9302450e-02  -1.3074817e-01   6.9087688e-01  -9.0096964e-01   2.4096739e-01  -1.0804712e-01   1.3950996e+00  -3.7163816e-01  -1.0799776e-01   4.9790309e-01
   2.0000000e+00  -6.5445287e-02  -6.4584906e-01   6.8132019e-01   1.2209790e+00  -2.4493281e-02   6.3390613e-01  -9.6554767e-01  -1.8861052e+00  -2.7486141e-01  -5.5547146e-01  -1.0597331e-01  -1.6368012e-01  -4.0719582e-01  -6.4189791e-01   5.7782010e-01  -1.3029034e+00   9.4822477e-01   2.8145201e-01
   1.0000000e+00  -7.4341748e-01  -6.7725562e-03  -1.3399031e+00   5.9447298e-01   5.7776846e-01  -1.0432438e-01   1.7469334e+00   2.9220522e-01  -2.0865438e-02  -7.3807037e-02   1.3223556e-02  -1.0620350e+00   4.0391544e-01   3.1329848e-01  -3.4284396e-01   2.1753754e-01   1.3848126e+00  -1.3181122e+00
   2.0000000e+00   1.2282713e+00   1.4542545e+00   6.8251870e-01   4.9177262e-01   4.5666929e-01   8.3667835e-01   8.9571410e-01   8.1276642e-01   3.2943355e-01   7.1903470e-01  -2.2972493e-01  -1.5331495e+00   1.7926670e+00  -2.0172667e-01  -9.3993346e-02   1.3090180e+00  -1.5049875e-01   7.9346407e-01
   2.0000000e+00  -4.7618237e-01  -1.8206071e+00  -1.4305303e+00  -2.3726785e-01  -4.3492954e-01  -6.4330732e-01  -1.6083169e+00   2.0729995e+00  -8.7763296e-01   8.3852889e-01   3.3465769e-01   1.5154980e+00  -1.1455671e-01   1.3211468e+00   6.9688166e-01  -1.3446923e-01   4.4359103e-01   2.2914089e-01
   1.0000000e+00  -7.3463074e-01  -7.0004884e-03  -1.2014317e+00  -2.0933686e+00  -9.8988897e-01   3.4753417e-01  -9.8042986e-01   4.2323320e-01  -5.2933841e-01  -1.9671969e+00  -7.3539592e-01   4.6821928e-01   2.1005682e-03   7.3136672e-02  -5.5039138e-01  -1.6168882e-01   1.4832307e+00   4.4855577e-01
   2.0000000e+00   7.1471703e-01   3.5569042e-01  -1.7775605e+00  -1.7358435e-01  -9.9483965e-01  -5.2993537e-01  -7.8327808e-02   1.2106628e-01  -5.8027501e-01  -1.7392954e-01   9.3686242e-01   8.4433224e-01   1.6956288e+00  -1.6182016e-01   1.9043248e+00  -1.5669053e-05  -7.0687725e-01   3.3124028e-02
   2.0000000e+00  -2.2233743e-01  -8.9209556e-01   5.3920631e-01   2.2035431e+00   9.3510466e-01   8.3425075e-01   1.3070891e-02   1.2262984e+00   1.0030782e+00  -9.5420797e-01   6.8395593e-01   4.8957433e-01  -1.8987947e-01  -4.0344936e-01   5.4635827e-01  -4.5598767e-02   1.0678481e-01  -1.1670737e+00
   2.0000000e+00  -1.6470026e+00  -1.9620130e-01  -1.0064260e+00   4.3606851e-01   1.5207383e+00  -3.8967754e-01  -3.9188702e-01  -5.8699657e-02  -7.8476153e-01  -1.1181697e-01   6.7315778e-01   9.7184016e-01   3.9587073e-01   1.3991514e+00  -1.1403619e+00  -5.6566968e-01   4.6262901e-01   9.7281747e-01
   2.0000000e+00   1.6404417e-01   1.2971227e+00  -1.1261634e+00   1.9077848e+00   3.8890887e-01  -4.0294462e-02   1.9624782e+00  -5.9176857e-01  -1.6609114e+00  -1.2369123e+00  -9.0917988e-01   5.7405532e-01  -4.5848641e-01   9.9315973e-01   4.3933967e-01   6.0695653e-01   8.0386576e-01   9.0445096e-01
   1.0000000e+00  -2.0768593e+00  -3.1155112e-02  -1.1460567e+00  -3.7786515e-01  -4.2292897e-01  -9.8238560e-02   1.0593140e+00   1.7855902e+00   7.9574945e-01  -6.3570978e-02  -6.8918785e-02  -7.5300698e-01   4.4309890e-01   7.1214273e-01   4.5128517e-02  -7.9136951e-01   8.8794798e-01  -1.4904868e+00
   2.0000000e+00  -9.4822089e-02  -7.0386547e-01  -9.9946004e-01   1.0149487e+00   4.0492224e-01   1.7525301e+00   1.8102301e-01  -5.0219284e-01  -3.5369023e-01   1.0557048e-01  -3.5772592e-01   8.4923248e-01   1.1302235e+00  -2.4492142e+00   2.7844597e-01   2.9870812e-02   5.1533055e-01   1.1580571e+00
   2.0000000e+00   1.0236993e+00  -1.7666166e-01   7.5750475e-01  -3.0318842e-01  -1.6075244e+00  -8.2479891e-01  -1.1424728e+00   1.4648023e+00   1.1397296e+00  -5.9623797e-01   1.8546288e-01  -1.0329662e+00  -7.3236217e-01  -3.8567376e-01  -9.0475290e-01  -2.1047410e-01   4.5249085e-02   1.1548509e+00
   2.0000000e+00   6.5141756e-01  -6.6698462e-01   6.3170573e-01   1.5552879e-02  -6.4005542e-01   3.4197800e-01  -8.6770041e-01   3.0307625e-01  -9.8144454e-01   2.9864484e-01  -1.6129457e+00  -4.0359649e-01  -1.1065841e-01   1.9300991e+00   1.4242604e-01   1.4218243e+00  -7.2572583e-01  -9.8806159e-01
   2.0000000e+00  -1.1310865e+00   1.8556861e+00  -5.8604211e-01  -1.5634944e+00   5.2129519e-01  -5.8273035e-01   1.4272878e-01   1.1225308e+00  -6.3310137e-01  -6.1070433e-01   2.1976073e+00   5.2330665e-01  -3.4943182e-01  -3.5102282e-01   1.6950630e+00   6.9109610e-01  -5.5738498e-01   1.7143363e+00
   1.0000000e+00   1.3215236e+00   2.2430264e-01  -5.2711603e-01  -4.9227030e-02  -1.7514196e+00  -8.9359625e-01   3.4332554e-01  -1.2397431e-01  -1.9305831e+00  -9.6545881e-01   1.7948808e-01   1.7658002e+00   2.6383693e-01   1.1557747e-01  -1.3090921e+00  -6.1406208e-01  -1.7315313e+00   3.2572385e-01
   2.0000000e+00   2.0202616e-01   1.1485829e-01  -7.6457223e-01  -8.4961048e-01   1.4336614e+00   1.9367384e-01  -3.4331016e-01  -1.5950796e+00  -2.2870299e-01  -2.2481638e-01  -1.1982872e+00   1.6901246e+00   7.0425458e-01  -1.0373293e+00  -6.2259003e-02  -6.1758546e-01   1.3453084e+00  -1.8961876e+00
   2.0000000e+00   5.2514026e-01   2.3566617e+00   4.0549427e-01   5.8952862e-01  -2.0678626e+00   8.2171722e-01  -8.6866015e-01   5.8573491e-01  -1.2974040e+00   4.4599811e-01   2.5817540e-01  -4.7019631e-01   1.9737891e-01   1.1409912e+00   6.3161446e-01  -1.6417026e-01  -1.0503704e-01  -5.8950877e-01
   2.0000000e+00  -1.5554122e+00   3.3007794e-01   4.2575704e-01  -1.0765989e+00  -2.0596052e+00  -1.6619681e+00  -2.3783905e-01  -4.6050798e-01   4.4693321e-01   1.0457910e-01  -1.2753361e+00   5.1889628e-01  -3.0964420e-01  -8.7265278e-01  -2.9713365e-01   3.9720768e-01  -1.3918652e+00  -3.9283550e-01
   2.0000000e+00  -1.7224545e+00  -2.9133438e-02  -1.0088131e+00  -1.5627382e-02  -9.9552131e-01   5.7162478e-01   4.9369504e-01  -5.8342526e-01   4.3527715e-01   1.1973969e+00  -7.9559619e-02   2.4914377e-01   2.1660668e-01   1.2832983e+00   6.0597618e-01   3.3014161e-01  -9.6166867e-01   1.5898620e+00
   2.0000000e+00   1.7681087e+00  -6.4632273e-01  -6.5773937e-01  -1.9924142e-01  -7.9733219e-01  -8.8808509e-01   1.3767489e+00   4.3738558e-02  -4.2267433e-01   1.3778283e+00  -4.8500981e-01  -1.2334171e+00  -9.3796502e-01  -3.3782536e-01  -1.1053910e+00   3.8496308e-01  -6.5887893e-01   2.1505625e-01
   2.0000000e+00  -1.5473193e+00  -1.0390261e+00  -1.1209932e+00  -1.5854725e+00   7.3210192e-01   2.4129351e-01  -3.9842968e-01   1.6578004e-01   9.6918439e-01   3.2571905e-01  -5.0432348e-01   1.5528892e+00   8.9642517e-01   9.5536180e-02  -1.0918537e-01  -1.4965423e+00   2.3059771e-02  -8.3023450e-01
   1.0000000e+00   2.4554544e+00   3.3032123e-01   1.2249822e+00  -2.9649201e-01   1.2832968e+00  -3.8537890e-02  -1.4029455e+00   6.9170791e-01   4.0094808e-01  -5.4602541e-01   1.0607019e+00  -6.2290661e-01  -1.5912606e+00   2.0409443e-01  -1.0141290e+00  -1.0801472e+00  -4.4283272e-01  -9.7966199e-02
   2.0000000e+00  -6.0566930e-01   1.4182683e+00   2.8255794e-01   2.4488178e-01   6.3456058e-01   2.1540251e+00   8.8295909e-01  -2.8898067e-01   1.9484335e-01   3.6902969e-01  -1.3994226e+00   1.3265379e+00  -1.6284443e-01  -1.9409245e-01  -1.1248827e-02   4.5926680e-02   2.0289427e+00   4.5535859e-01
   2.0000000e+00   8.8113065e-01   5.2246606e-01   6.8733263e-01  -7.2256127e-02  -6.0361125e-02  -1.4798332e+00  -7.9257570e-01  -3.4505833e-01  -8.3924704e-01   1.6851633e+00   1.2818681e+00   4.8396997e-02   1.2820470e-01  -3.7278352e-01   4.6727925e-01  -2.5895095e-03  -9.3500417e-01   5.1632824e-01
   2.0000000e+00  -2.1095259e+00   3.7129107e-01   9.0279360e-01   2.0249657e-01   1.1246998e+00  -5.5750468e-01  -6.0700913e-02  -7.8740275e-02   3.9905056e-02  -7.0610574e-01  -2.8828744e+00   1.7211390e+00   3.6692986e-01  -1.3222734e+00  -7.6618453e-02  -1.0034106e+00   1.5635325e+00  -2.3979677e+00
   2.0000000e+00   3.6605831e-01  -8.4229662e-02  -8.7851627e-02  -6.1425105e-02  -1.0994236e+00  -2.1144459e-01  -8.3582236e-01  -8.8732902e-01  -1.0209795e+00  -1.7614713e+00   8.8323719e-01  -1.2967363e+00   3.4456256e-01  -9.2627534e-02  -3.5074913e-02  -6.0127003e-01  -3.9193006e-01  -2.0239224e-01
   2.0000000e+00  -8.7347850e-01  -5.3527252e-01  -4.4586033e-01   3.3183791e-01  -4.6606039e-01  -4.4381989e-01  -6.8952641e-01   5.3769787e-01   8.5252622e-01  -9.0291344e-01   2.7332695e-01  -3.8034724e-01   1.8652499e-01  -1.2442826e+00   2.4007063e-01  -4.4770137e-01   8.3369555e-01   1.7952868e+00
   2.0000000e+00  -1.6650563e+00  -7.1711298e-01   5.4210459e-01  -1.9941538e+00   4.8920407e-01   1.5928173e+00  -1.1398691e+00   1.4225604e+00   4.0574097e-02  -2.1747983e-01   7.2301997e-01  -3.7827630e-01  -1.0478198e+00  -4.7765107e-01  -1.8332981e+00   9.0410689e-01  -1.4131474e+00   3.8443684e-01
   2.0000000e+00   6.0029059e-01  -3.9962085e-01  -1.6534090e+00  -1.1138550e+00  -1.0915629e+00  -1.3652347e+00  -8.5864258e-01   1.6714520e+00  -4.1752852e-02  -2.6820871e-01   6.6746816e-01   7.5443738e-01   7.1809675e-01   1.0169410e+00  -4.9143413e-01   5.7380165e-01   2.5717539e-01   2.4780752e-02
   2.0000000e+00   2.0627254e-02   6.4810233e-01  -6.4001319e-01   9.3652415e-01   5.4461166e-01   4.9381304e-01   2.2654863e-01  -3.5776915e-01   1.8716000e-01  -6.8510286e-01   3.4619888e-01   9.2679408e-01  -8.0916112e-01   1.0280052e+00   1.5123542e-01   1.4459059e+00   1.0500933e-01  -7.8755755e-02
   1.0000000e+00  -2.8041716e-01  -7.7469874e-01   2.9157983e-01   3.8576568e-01  -3.1830678e-01  -8.8241464e-01  -1.9075989e-01   3.3476185e-02  -1.0210694e+00  -8.9588063e-01   2.3288899e+00   7.3338546e-01  -1.6653747e+00   2.0939415e-01   1.4875089e+00   3.9259283e-01  -1.2456851e+00   2.6358711e+00
   2.0000000e+00   1.4563875e-01  -1.1935449e-01   1.1558628e+00   1.5309292e+00   4.4464849e-01   3.2759202e-01   1.8707644e+00   9.1661922e-01  -2.6340031e-01  -9.9019036e-02   8.8968555e-02   4.2028777e-01   8.0625850e-01  -2.9203989e-01  -1.2618573e+00   1.5143139e+00  -8.1899470e-01  -1.8494617e-01
   2.0000000e+00   2.8663434e-01   1.5170277e-01   3.7862030e-01   3.5960633e-02   2.3772170e-01   1.4704589e+00  -5.4967061e-01   2.5761359e-01  -6.8779987e-02  -8.1557607e-02   3.2505002e-01  -3.6552401e-01   5.2834597e-01  -3.8345613e-01  -7.5718724e-01  -5.4707703e-01   5.4683817e-01  -1.0448300e+00
   1.0000000e+00   9.3972053e-01   1.5670169e-01  -1.4404711e+00  -7.3093717e-01  -1.9532131e-02   6.2997734e-01  -8.0137992e-01   5.6876456e-01  -1.3592255e-01  -8.0316352e-01   1.1280667e-01   7.9228368e-01  -4.8751906e-01   6.7909329e-01  -4.9517714e-01   5.7950168e-01   9.7355378e-01  -4.8098202e-01
   2.0000000e+00  -1.5454064e+00  -1.4868390e-01  -9.4343810e-01   6.5014185e-01   1.2443417e+00  -9.2310190e-02  -3.3692918e-01   2.2083655e-01   7.7116322e-01  -1.0815403e-01  -2.9386062e-01  -6.9659151e-01  -5.1085487e-01  -1.1009474e+00  -1.1375910e+00  -1.9366168e-03  -6.8639807e-01  -2.7980015e-01
   1.0000000e+00   2.0757172e+00  -4.7374216e-02   2.3004402e-01  -6.6291880e-01   8.0469508e-01   1.0717284e+00  -7.8174639e-01   9.1302803e-01   1.7479275e+00  -1.0593401e+00   8.2053247e-01  -1.2181550e+00  -1.7689762e+00   4.4260035e-01   7.5463906e-01  -8.0797532e-01   6.9808323e-01   6.9049086e-01
   2.0000000e+00  -1.3339241e+00  -1.8489388e+00  -5.0157502e-02  -4.5770088e-01  -3.8937294e-02  -1.9145777e-01   8.0979286e-01  -2.7697151e-01  -1.0015190e+00  -3.6505434e-02  -5.8743325e-01   3.7898233e-01  -1.0439014e+00   3.7258967e-01   1.0961592e+00   1.3358262e+00  -6.0634427e-01   2.1882668e+00
   2.0000000e+00   3.9592505e-01   5.5999004e-02   7.7262620e-01   1.3028006e-01   2.4457739e+00   1.4239292e+00  -1.7805341e+00  -1.1921977e+00  -1.0592168e+00  -1.6120935e+00   1.3952163e+00  -2.8380382e-01   2.1774412e-01  -8.7290290e-01  -1.2414548e-02  -6.5870871e-01   1.1098294e+00  -1.7614827e+00
   2.0000000e+00   2.7865318e-02   1.6803180e+00   6.1020208e-02   2.8952984e-01   3.3716464e-01   6.7992976e-01   3.0408067e-01  -1.4588493e+00  -1.4228358e-01  -5.4480907e-01   2.9946451e-01   1.8488112e-02  -2.7330953e-01  -1.2253023e+00  -3.1001337e-01   1.1412834e+00  -1.9685734e-01  -3.1588999e-01
   2.0000000e+00   5.1000957e-01  -4.8395638e-01  -4.8184206e-01  -1.0364269e-01  -7.4555071e-01  -6.8096265e-01  -2.3902545e-01   7.7030005e-01  -1.1586233e+00   6.2636530e-01  -4.0946518e-01   3.4049468e-01  -4.1659881e-01  -9.4866791e-01   3.3943066e-01   1.1733068e+00  -1.2272678e+00   4.2485692e-01
   2.0000000e+00   6.1717136e-01  -8.5272505e-01   7.4910468e-01   2.9189187e-01  -7.8546433e-01   8.7069790e-01  -3.8761990e-01   9.6567984e-01   7.9264197e-01   6.8073965e-01  -2.9354741e-01  -9.7658602e-02  -1.3299384e+00  -2.1346138e+00   2.8100263e-02   1.2003304e-01  -1.0089245e+00   7.6508033e-01
   2.0000000e+00   8.2371146e-01  -2.9387319e-01   4.6776833e-01   6.1565823e-01   8.2085338e-01  -6.6624914e-01   7.5300695e-01  -2.5903553e-01  -8.7733038e-01   7.1814887e-01   2.6426462e-01  -1.2810241e+00   2.4912771e+00  -8.4906871e-01   4.3717911e-01   1.2135818e+00  -6.0284719e-01  -8.5984314e-01
   2.0000000e+00  -1.2044729e+00  -2.8525275e-01  -6.5020897e-01   5.8521852e-01   5.0144866e-01  -1.5956965e+00   8.5013365e-01   1.3229274e+00   9.9690218e-01  -9.4271480e-01  -1.3148741e+00  -2.2071616e-01   3.2754710e-02   1.5500531e+00  -2.8130052e-02  -1.2321581e+00   6.8209010e-01  -3.9746036e-01
   2.0000000e+00   8.8884912e-01   2.9537317e+00   1.4237570e+00  -1.9668422e-01  -1.4311532e-01  -1.0654647e-01  -6.9018347e-01  -4.4356777e-01   1.9608085e-02   1.9623206e+00   9.2519121e-01   8.8217239e-01  -4.4089375e-01   6.0478063e-02  -3.0422926e-01   6.1442685e-01  -3.3651716e-01  -1.3724683e-01
   2.0000000e+00   3.7615797e-01   3.6717006e-01   6.2029965e-01  -1.1616927e-01  -1.0790586e+00  -6.9835912e-01  -1.1293620e+00   1.2687630e-01   9.1837992e-01   2.2457459e+00   6.4966854e-01   2.0483357e-02   6.2680741e-01  -2.0048043e-01   9.1967454e-01   5.3186364e-01  -4.8781332e-01   2.8407300e+00
   2.0000000e+00   1.6949939e+00  -4.2251099e-02  -1.1802244e-01   1.5905916e-02  -1.5052904e+00   1.0741094e+00  -1.6652314e+00   1.9870230e+00  -4.6038702e-01  -9.2227252e-02  -8.3240141e-01   3.4504389e-01  -1.6473048e-01   1.6263605e+00   8.5909699e-01  -7.8348230e-01   7.4519969e-01   5.0951575e-01
   2.0000000e+00   1.2756339e+00  -3.9232226e-01  -8.3007348e-01  -1.7397135e+00   2.0871840e+00  -5.2286123e-01   1.3132484e+00  -3.5669632e-02  -1.7616748e+00   3.5311607e-01  -1.2001893e+00  -5.1064920e-03  -1.6314689e+00  -2.4261312e-01  -2.4127857e-01   3.4385808e-01   9.3824235e-01  -8.4473310e-01
   2.0000000e+00  -5.6566005e-01  -8.3421375e-01   6.3452072e-01   1.1580166e+00  -1.1411948e+00   2.5041694e+00   1.1591974e+00   2.4788189e+00  -7.0731720e-01   1.5181189e-01   1.4553796e+00  -1.7511624e+00  -9.7419657e-01  -1.0367832e+00   1.6387146e+00  -8.3951802e-02   1.4789491e+00  -4.0933754e-01
   2.0000000e+00   1.7671160e+00   5.9405506e-01   1.6906701e-01  -4.3470791e-01   1.3136430e+00  -6.5210909e-01   9.9392421e-01   1.5739526e+00  -2.0325515e+00  -1.4026627e+00  -2.6702946e-01  -5.3988443e-01   7.9242320e-01   1.6632071e+00   5.7856870e-01   2.4470726e-02  -7.2431560e-01  -1.7355685e-01
   2.0000000e+00  -8.3182988e-01   1.0609745e+00   1.9075979e+00   7.6822868e-01   1.2452201e+00  -2.1462816e-01  -6.0106961e-01  -1.5741292e+00   1.4723946e+00  -1.0236858e+00  -1.1983499e+00  -8.8877299e-01   9.4127384e-01   1.6129263e-03  -2.0082227e-01  -3.8747035e-01  -1.1995126e+00  -4.1255554e-01
   2.0000000e+00   5.9638807e-01  -1.4941598e+00  -4.3041348e-01  -1.4511814e+00   1.6614170e+00   1.5885104e+00   2.2848230e+00  -4.1628015e-01  -2.4147405e-01  -8.9508542e-01  -8.3414853e-01  -1.8055875e+00  -6.2624586e-01   1.5192921e+00  -3.9861706e-01  -1.6157067e+00   1.0250605e-01  -5.9359981e-01
   2.0000000e+00  -8.9248098e-02   1.4108322e+00   5.1153955e-01  -8.4861523e-01   4.9133193e-01  -4.4796257e-01   1.7956980e+00   7.8874017e-01  -1.6419329e+00   3.4775212e-01   1.0220011e+00  -8.6842436e-01  -3.0301348e-01  -2.6059091e+00  -6.0988153e-01  -6.3880809e-01   1.8361153e+00  -3.9367312e-01
   2.0000000e+00   4.1353183e-01  -5.0806798e-01   1.3607049e+00   5.9717700e-01  -3.0344342e-01   1.3797870e+00  -1.6245733e+00   1.4195025e+00  -2.1045785e-01   6.9486948e-01   7.4324723e-01  -3.3194280e-01  -4.8496684e-01  -8.4173214e-01  -2.9934692e-01  -3.1125343e+00  -7.2841423e-01   2.7626779e-01
   2.0000000e+00   5.2413869e-01  -3.6039499e-01   5.0912317e-01   2.5837727e-01  -2.7774069e-01  -1.2019599e+00   1.3395708e+00   1.5452670e+00  -1.3157400e-01   3.1772939e-01  -5.4638021e-01   1.0849274e-01  -3.9440303e-01  -1.4755604e+00   8.9391421e-01   7.2067061e-01  -8.6692118e-01   9.7698951e-01
   2.0000000e+00  -5.7841262e-01  -1.6572614e+00   2.6279861e+00   1.5748943e+00  -9.2284287e-01  -5.8238676e-01  -7.0799018e-01   1.2338981e+00  -4.4215826e-01   4.3407593e-04  -5.2663411e-02   2.5057722e-03  -1.6622926e+00   2.2148815e-01  -9.8915171e-01  -5.3780670e-01   7.5883560e-01  -4.0886159e-01
   2.0000000e+00   1.6229509e+00   8.7459826e-01  -1.7663066e-01   3.6327179e-01  -9.4110403e-01  -6.5496645e-02  -1.5467553e+00   5.5376574e-01  -7.4855603e-01   1.1245673e-02  -2.5636492e-01  -2.7901397e-01  -6.1734671e-02  -1.0552482e+00  -9.4314650e-01  -8.7062672e-01   1.0905219e+00  -4.1858720e-01
   2.0000000e+00   1.4384167e+00  -2.9545759e+00  -6.7848559e-01   1.7999986e+00   6.5907619e-01   1.1130452e+00   5.8297503e-01   1.1227386e+00   5.3704965e-01   3.8046070e-01  -6.3312853e-01  -2.2437586e-01   6.4018999e-02   2.0497904e+00  -1.2345097e-01  -4.9868176e-01   9.8063656e-01  -1.1470106e+00
   2.0000000e+00   4.1200216e-01   2.7688359e-01   1.3514550e+00   1.7361094e-01  -9.4517789e-01  -1.6770714e+00   8.6307993e-01  -2.7261194e-01   2.8872758e-01  -6.2008840e-01   3.5557242e-01  -1.1361674e+00   5.3383033e-01  -7.1951455e-02   3.3595979e-01  -6.0220227e-01   2.9909362e-01   1.2578075e+00
   2.0000000e+00  -7.8155316e-01  -1.0409821e+00  -6.1659829e-02   9.6032889e-01  -1.0398595e+00  -9.5493110e-02   9.0127110e-02  -7.8508588e-01   8.8196110e-01   2.6744493e-01  -4.3213385e-02   1.2302331e+00   1.3705957e+00  -6.6063791e-01  -8.4490740e-01   1.0257595e+00  -1.3821595e-01   9.7131226e-01
   2.0000000e+00   1.3526876e-01  -1.1927910e+00   3.0725483e-02  -4.7260344e-01   1.4420106e+00   7.4501489e-01  -1.0795320e+00  -1.2120769e+00  -4.6337565e-02  -1.0652873e-01  -8.3914795e-01   1.2877509e+00  -9.8503622e-01   1.5372785e-01  -1.2569722e-01   1.4489519e+00   3.1227555e-01  -4.9696655e-01
   1.0000000e+00  -1.7749549e-01   9.1243922e-02   3.6008255e-01  -1.1418814e+00  -7.9590863e-01   1.3683591e+00  -7.5517377e-01  -3.5137239e-01  -1.9240870e+00  -7.0467557e-01  -1.2482172e-01  -5.1262635e-01  -1.8109947e-01   2.9369430e-01   1.5157005e+00  -4.6259435e-01  -6.1131264e-01   5.1874516e-01
   2.0000000e+00   1.0625976e+00  -6.3899041e-01  -1.5493801e+00   5.0129249e-01   3.6071421e-01   3.4218189e-02  -4.5032019e-01  -3.5976224e-01   1.2932810e+00   2.5832721e-01  -3.1334316e-01   6.1415322e-02   1.4364074e+00   9.0250947e-01  -3.8192763e-01  -7.5936144e-01  -1.0066575e+00  -1.3963237e+00
   2.0000000e+00  -2.3513904e-01   6.5383220e-01   8.7396340e-01  -1.4057670e-01  -2.7994822e+00   8.4996752e-01  -6.4164128e-01   2.9147294e-01   4.8091749e-01  -1.0192871e+00   2.3299793e+00   7.7429576e-01  -2.1159567e-01  -1.1353524e+00  -1.4348068e+00  -1.2735402e+00  -5.1020976e-01   2.0629125e-01
   2.0000000e+00  -2.2109701e+00   6.0768298e-01   1.5174789e-01  -5.8249209e-01   1.2428130e+00  -4.3178313e-01   1.1592001e+00   1.5315095e+00   5.8110607e-01   1.1366902e+00   1.7984339e+00  -7.5224667e-01  -1.5826352e-01  -1.5988797e+00  -6.2556558e-01  -1.0532080e+00   1.7675194e+00  -5.8744242e-01
   2.0000000e+00  -6.5388105e-01  -1.1261337e+00  -9.4299260e-01   2.7789880e-01   3.7365833e-01  -1.3119435e+00  -6.8361313e-01  -1.3024955e-01  -4.2558677e-01   9.8104158e-01   1.4021413e-01  -2.5097788e+00   3.9285687e-01   9.7063386e-01  -1.7972105e+00  -5.5671064e-01  -1.9149121e-01   3.0012935e+00
   2.0000000e+00   1.5114865e+00  -1.6080894e-01   1.4092934e+00  -3.7256937e-01  -2.3505373e-02   1.4469293e+00  -2.3454118e+00   2.6612626e-01  -2.6941153e-01   2.2588433e+00   3.8895431e-02  -2.6868739e-01   2.8653513e-01   1.4936064e+00  -1.2061047e+00  -5.3471164e-01  -1.8284396e+00   6.0973270e-02
   2.0000000e+00   8.3820791e-01   1.4609550e+00  -2.6997328e-01  -8.7825831e-01  -3.3872983e-01  -2.6781502e-01   2.6257617e-01   1.2949360e+00  -4.3583957e-01   4.9976464e-01   7.2781504e-01  -7.2107114e-01   1.4374148e-01   6.4831864e-01   2.0358351e-01   1.4175849e+00  -2.3418531e-01   4.2812300e-01
   2.0000000e+00   1.0566702e+00  -5.7425532e-01   2.0171876e+00   4.8391656e-01  -6.3839492e-01   3.4652409e-01   2.3180996e-01  -8.7496620e-01  -8.4166673e-02  -2.9571778e-01  -7.9836628e-01   1.1211773e+00   3.1801452e-01  -5.1560035e-01   1.7364784e+00   1.2093023e+00  -5.8940495e-01  -1.7128637e+00
   2.0000000e+00   1.3394773e+00  -4.4950104e-01   2.5704333e-01   1.2452934e-01  -8.0233669e-01   5.2999892e-01   1.6932621e+00  -6.9272042e-01   5.1697585e-01  -1.3175405e+00   2.7981345e-01   3.0030468e+00  -1.1507719e+00  -5.6807982e-01  -6.0964885e-01   1.6573583e-01  -7.6129849e-02   2.1149129e+00
   1.0000000e+00   2.2547288e-01   2.1655558e-01   2.0207417e+00  -2.2146476e-01   9.5873601e-01   5.5911336e-02   2.3778931e-01   7.5460040e-01   5.0869391e-02  -1.2474548e-01   3.6739906e-01   5.4846563e-01  -4.5724342e-01   7.4317274e-01   1.7714271e-02   3.5711370e-01  -5.6404843e-01   8.8812522e-01
   2.0000000e+00  -2.8171879e+00  -8.1512981e-01  -1.0181791e+00   8.5370317e-01  -1.5143929e+00  -9.5160472e-01  -1.3490581e-02   5.2131424e-01   1.4192617e+00  -2.0021144e-01  -9.5765840e-01   1.2292053e+00  -1.6701843e-02  -1.4454382e+00   9.9786777e-01   3.8486152e-01  -3.4918994e-01  -3.8090501e-01
   2.0000000e+00  -1.6063381e-01  -6.2973772e-01   8.6460799e-01  -1.0402837e-01   7.1542289e-01   1.0385898e+00   2.4288049e+00   1.2411239e-01   8.6474758e-01  -3.7953905e-01  -2.4205695e+00   6.0139428e-02  -4.1955053e-01   1.7910262e+00   1.4012429e-02  -3.8928901e-01   6.0040638e-01  -7.8639699e-01
   1.0000000e+00  -7.5902632e-01   8.0754619e-02  -1.8047169e-01  -3.7520518e-01  -3.0154946e-01   6.7376006e-01   1.7025843e+00  -1.4618570e+00  -6.5750478e-01  -7.5235145e-01   1.3868023e+00   6.0424129e-02   1.5469114e+00   8.4694176e-01  -1.5463711e+00   6.0486277e-01  -5.1161815e-01   4.9973920e-01
   2.0000000e+00   2.1286189e-01  -1.1527818e+00  -1.8134348e+00   6.0694841e-01  -1.8866727e+00  -1.8291984e-01  -1.5359527e+00  -2.7627901e-01  -2.2171666e-01   5.8181621e-01   4.0783190e-01  -2.9832802e-01  -2.1614790e+00   5.1314957e-01   3.4204589e-01   4.9650942e-01   1.0890275e+00   8.1834610e-01
   2.0000000e+00   1.7546401e-01  -1.8679591e+00   9.3775006e-01  -2.4061931e+00  -6.3861518e-01   4.7910905e-01   1.0596475e+00   1.6534842e+00  -1.6864082e+00  -1.3209597e+00   3.3638392e-01  -4.1904602e-01   4.5089465e-01  -1.2438412e+00  -6.4323657e-01  -2.9047834e-01  -1.3535688e+00   4.5239109e-01
   2.0000000e+00   1.6351538e+00   8.7702689e-01   6.1333696e-01  -1.0723738e-01  -6.5266349e-01   1.6004179e+00   5.6087193e-01  -7.4366473e-01   2.1257561e+00   1.3611531e-01   7.6672472e-02   1.2205862e+00  -8.0308877e-02   1.6498524e+00  -7.0694039e-01  -1.0879361e+00   1.4876657e+00   2.1511109e-01
   2.0000000e+00  -8.2187557e-01   1.2210833e-01   2.7954846e-01   8.7767226e-02   1.8462188e-01  -6.4506726e-01   4.6349238e-01   5.6967571e-01   1.1963188e-01  -1.1643588e+00   5.1379892e-01   3.9331147e-01  -8.2455935e-01  -7.0793693e-01   8.6942434e-01  -4.3340025e-01   4.2936232e-01  -5.7113062e-01
   2.0000000e+00  -1.2475504e+00  -8.8856589e-01  -9.0737252e-01   2.0495587e-01   1.1001450e-01   8.0664142e-01   5.4115338e-01   2.4572986e-02   1.0157106e-01  -1.0164563e+00  -1.3150044e+00  -1.0281178e+00  -1.4491158e+00   1.2388438e+00  -2.4984396e+00  -5.7734435e-01  -2.0062542e-01  -9.7215348e-01
   2.0000000e+00   3.5082296e-01   4.2716673e-01  -1.9057071e-01  -6.0631359e-01  -5.0452723e-01  -2.6575306e-01  -8.9154505e-01  -1.3242660e-01  -2.6207190e+00  -1.8552563e-01  -1.7551092e+00  -1.0046836e-01  -1.3513594e-01  -2.6912448e-01   1.2415485e+00  -4.7917287e-01  -1.1503911e-01  -4.0885794e-01
   2.0000000e+00  -1.2353717e-01  -1.0997723e+00  -1.3194515e+00   1.7267679e-01   7.1514788e-03  -9.9794367e-01  -3.5207060e-01  -1.0477939e+00  -3.7188859e-01  -2.0933511e+00  -8.4534466e-01  -4.0778381e-01   4.6221140e-01   2.8898052e-01  -5.5040291e-01   8.0367273e-01  -7.9706664e-01  -1.1966110e+00
   2.0000000e+00   7.5886097e-01   2.0431143e+00  -9.5081196e-02   3.5582975e-01  -1.4661584e+00   5.0768933e-01  -1.4219571e+00  -2.3952938e-01  -5.5832605e-01  -5.2680266e-02   8.7712503e-02   1.0807142e-01  -1.0471011e+00   5.3019657e-01   6.0643756e-01   1.4340912e+00   1.2827451e-01   1.2568578e+00
   2.0000000e+00   3.5042073e-01   3.0398316e-01  -4.3481608e-01  -2.9986241e-01  -4.4443002e-01   3.8294288e-01   1.4769364e+00   1.6411494e-01  -1.1744857e+00   1.6766634e-01  -1.3130126e-01  -1.5646237e+00  -1.8139525e+00   1.0085412e+00  -5.8553335e-01   5.6217723e-01   9.4804682e-01  -6.0279946e-01
   1.0000000e+00   1.9255286e+00   1.4030604e-01  -1.0207322e-02  -1.6978459e-01   1.0136270e+00  -7.5010625e-02  -5.6840730e-01   1.1912076e+00  -1.3441123e+00  -5.8344840e-02  -1.9268878e+00   7.6499485e-01  -3.8107850e-01   6.3746779e-01  -5.2210254e-01  -1.3162238e-01  -1.5006709e+00   1.4672796e+00
   2.0000000e+00   4.8777062e-01   1.7259289e-01   1.5167116e+00  -3.7378398e-01  -6.0821732e-01   4.4329145e-01  -2.5209278e+00   6.3335092e-01   7.5026284e-01  -8.9767463e-03   2.4024917e+00  -1.1757874e+00  -1.3957188e+00  -1.4306025e-01   5.0045506e-01  -1.2803736e+00  -6.4093878e-01  -2.5690713e-01
   1.0000000e+00  -5.6039775e-01   2.8263948e-02   6.2712840e-01   6.3848257e-03  -8.1995428e-02  -1.1342403e+00  -4.5578757e-01  -3.0819325e-01   1.1395516e+00  -7.8065101e-01  -5.1954243e-01  -3.1249155e-01  -6.8473345e-01   8.5164941e-01  -1.6837334e+00  -7.6707194e-01  -8.5896630e-01  -1.1084600e-04
   1.0000000e+00   9.9335178e-01  -8.3086680e-02   6.6406769e-03   5.8045330e-01  -9.1543781e-02   1.5894325e+00   1.0939735e+00  -6.4856196e-01  -8.4000453e-01  -3.4963996e-01  -9.2234074e-01  -1.1968876e+00  -8.0729456e-01   9.0928169e-02   8.1854929e-01  -1.4111643e-01  -1.3705088e-01   3.9099315e-01
   2.0000000e+00  -2.2004820e-01   2.1023687e-01   1.5950902e+00  -1.4012394e-01   4.2727701e-01   1.1253529e-01  -7.5053729e-01  -5.7033332e-01  -1.9263514e-03   1.1343095e+00  -7.7044719e-01  -3.5880975e-01  -1.4747674e+00   1.2592568e+00   3.7289890e-01   2.6053510e-01  -1.0195621e+00   1.3442182e+00
   2.0000000e+00   5.0734250e-01   3.0106999e-02  -9.5837175e-01   1.7259509e+00   1.0332691e+00   9.5348594e-01   7.5812246e-04  -1.9701635e-01  -1.2122386e-01   6.6898031e-01   2.0562850e+00   1.0828423e+00  -1.0614502e+00  -1.3363550e+00   1.1461159e-01   1.8979326e+00  -8.1519197e-01  -3.2672834e-01
   1.0000000e+00   3.9891860e-01   7.7479040e-01   1.0712385e+00  -7.5021624e-01   4.1633126e-01  -3.2744366e-01   6.9439645e-01   1.1129619e+00   7.7279935e-01   7.0220830e-01   9.9726188e-01  -1.9528717e+00  -5.4974645e-01   1.3300000e-01   7.1788657e-01   1.1450940e+00   4.9224864e-01  -8.7678531e-01
   2.0000000e+00  -1.1780552e+00   5.4951568e-01   1.7661070e+00   1.0625830e+00  -1.5690903e-01   2.4883059e-01   6.2755644e-01   8.7004244e-01   2.1817934e+00  -7.5918064e-02   2.1986558e+00  -1.3684774e+00  -2.0051665e-01  -9.1595968e-01  -2.4878428e+00   1.2558735e+00  -8.3317144e-01   4.0950353e-01
   2.0000000e+00  -4.7297492e-03  -2.3353856e+00  -3.6288296e-01  -8.1810398e-02  -7.9204722e-02  -5.0902554e-01  -3.8503122e-01  -2.3869755e-02  -7.9733619e-01  -5.6414559e-01  -5.7621566e-01   6.9613893e-03  -9.1540780e-01   9.8692602e-01  -7.6696864e-01  -7.8289051e-01  -9.2799618e-01  -2.9703100e-02
   2.0000000e+00  -1.7616958e+00   1.6120986e+00  -1.4646622e+00   2.2993571e-01  -9.1191857e-01   1.5674698e+00   1.9473656e-01   9.9375617e-02   9.7237349e-01   1.8942878e+00   5.6149826e-01  -1.8300188e-01  -6.9343012e-02   4.1683161e-01  -5.5776558e-01   6.3722963e-01   1.4203878e+00  -1.0758465e+00
   2.0000000e+00  -4.6230765e-01  -1.3245556e+00   1.7232974e+00  -1.3977399e+00   9.1376796e-01  -1.4592322e+00   1.1688422e+00  -2.0625251e+00   2.3385393e+00   2.0162113e-01   9.9908030e-01   6.0542617e-01  -9.1794959e-01  -3.7568842e-01   2.9203515e-01  -1.3157593e+00  -9.1735603e-01  -2.4201743e-01
   2.0000000e+00   3.6377523e-01   1.9878326e+00  -1.8320842e+00  -7.0173552e-01   1.4393216e-01   1.7441097e-01   1.3641955e+00   5.4867781e-01  -1.3337511e+00   8.1192126e-01   1.5729952e+00  -9.5225380e-02   1.0557753e+00  -8.2115986e-01   4.0130705e-01  -1.4926549e-01   1.1023473e+00   7.9234244e-01
   2.0000000e+00  -8.1625662e-01   6.3567469e-01   1.5305944e+00  -5.1534507e-01   2.4470200e-01  -3.8857600e-01  -2.2526328e+00  -2.5552760e-01  -1.6286275e-01   1.4408283e-01  -1.3797220e-01  -1.5123662e-01  -8.7321094e-01  -3.4943859e-01  -6.9020145e-01  -1.0142449e+00   2.1680130e+00  -3.5716992e-01
   1.0000000e+00  -4.3292340e-01  -1.1195776e-01   4.9022982e-01  -9.7111689e-01   2.2721662e-01  -1.6308784e+00   1.3119518e+00   8.6789720e-01   2.8438699e-01   8.8433155e-01   3.5453208e-01   1.8243487e-01  -9.3594018e-02   1.4448849e-01  -8.7575691e-01  -1.2329820e+00  -1.5163278e+00  -7.6497726e-01
   2.0000000e+00   9.1923040e-01  -9.2944882e-01  -7.0044039e-01  -2.4266004e-01   1.2096900e+00  -2.4934524e+00  -1.3903943e+00  -6.0062293e-01   1.2937742e+00  -1.7724535e-01  -9.1634516e-01  -6.5473605e-01  -1.6592696e+00   1.8497224e+00  -1.3575535e-01  -6.4634425e-01   1.0421490e+00  -1.2232038e+00
   2.0000000e+00  -2.6045531e-01  -7.9454732e-01  -1.0466730e+00  -7.2627615e-01   8.1949659e-01  -6.4853223e-01   1.7334553e-01   7.8954214e-02   4.6472673e-01   1.3859520e+00   8.4726877e-02  -9.1559397e-02   1.5588196e+00  -9.6315431e-01   7.9330291e-01  -5.4534739e-01  -1.3380839e+00   1.0664131e+00
   2.0000000e+00   1.1628500e+00   1.0202155e+00   8.4658459e-01   9.4179619e-01   5.5198022e-01  -1.2153807e+00   1.2106313e+00  -4.3178224e-01  -1.2873819e+00  -1.5634339e+00  -8.4274452e-01  -8.2791773e-01  -9.2298804e-01  -1.0194628e+00   8.7413898e-01   2.3223624e-01  -4.2762932e-01   2.8611350e-01
   2.0000000e+00  -9.8037858e-01  -1.3336152e-01  -1.5407281e+00   3.4592790e-01   1.7861666e+00   2.1977543e+00   4.1234610e-01  -1.0825105e+00   1.0787011e+00   6.7404123e-01  -1.1779173e+00   1.6884700e+00   2.5060246e-01  -1.3484982e+00  -1.9322366e+00  -3.8666000e-01   2.3406708e-01   5.6004864e-01
   2.0000000e+00  -5.4441990e-01   1.9526276e+00  -7.5686508e-01   1.3480239e+00  -4.8651886e-01   1.1589128e+00  -7.7043625e-01   2.7124982e-01   4.6404361e-01   1.6860252e+00   1.5412842e+00  -1.2292993e+00   2.5977983e-01   3.3123102e-01   3.6838708e-01   1.5861779e+00  -6.5910565e-01  -1.0670990e+00
   1.0000000e+00  -2.2239106e+00  -7.3511422e-02  -3.4805697e-01  -3.2577438e-01  -5.4433447e-01   2.3145903e-02  -3.9318435e-01  -1.6404621e+00   8.3922666e-03   1.1311337e+00  -2.3945634e-01   4.7049695e-01   1.8807200e+00   3.9567393e-01  -1.0969513e+00  -4.3885619e-01  -7.4511167e-01  -2.7984320e-01
   2.0000000e+00  -3.6962187e-02   1.1769369e+00  -2.5927698e+00  -2.4114240e-01  -5.0194071e-01   2.2399186e-01  -1.6064160e+00   1.0015374e-01  -9.8657773e-01  -1.1532024e+00  -6.8599680e-01   5.7074137e-02   2.3292103e+00  -5.6434050e-01  -6.6421405e-01  -1.6527272e+00  -7.0233791e-01   1.4311174e-01
   2.0000000e+00  -8.4592745e-01   1.0555379e+00  -3.3748762e-02   1.6598837e+00  -6.9574410e-01   1.2022220e+00  -7.8408725e-01  -2.5198295e-01   1.0032934e-01  -4.6674871e-01  -1.1797692e-01  -2.4091881e-01  -2.4975081e+00   6.6822391e-01  -1.0037584e-01   3.4308841e-01   5.9485741e-01   1.9218623e+00
   2.0000000e+00  -3.6036947e-01   1.4558296e+00  -1.8343096e+00  -6.5183653e-01   8.5194410e-01  -5.3435122e-01  -1.2909571e-01   9.9802396e-01  -1.3744352e+00   7.3218288e-01  -2.4015012e-01  -7.0144653e-01   1.0167858e+00  -1.3077158e+00  -1.6866336e+00  -1.3513513e+00   1.2609113e+00   2.4398786e+00
   2.0000000e+00   3.4605241e-01  -1.4903961e+00  -5.3771494e-01  -7.7881230e-01   6.9011292e-01   1.1373957e+00  -1.0058914e+00   2.0344826e-01  -1.3018145e+00  -3.9580660e-01  -3.4505185e-01  -1.0789516e+00   8.4000438e-01  -2.4169937e-01   4.2859169e-01  -1.5082608e+00  -7.4931645e-01   7.2996366e-01
   1.0000000e+00   2.7963500e-03   4.4109121e-01  -1.3728000e+00  -5.9919453e-01   3.6704831e-01   7.7575346e-01  -1.1059444e+00   6.3009587e-03  -1.0781778e+00   9.5868589e-02   5.9018395e-01  -8.2928696e-01   2.1404144e+00   5.9944413e-01  -1.8348296e-01   1.4440570e+00   4.0903262e-01   9.6782391e-01
   2.0000000e+00   1.2239703e+00  -7.0627199e-01   1.0100190e-01   4.0629033e-01   3.0913520e-01   1.4031245e+00   5.3448115e-01  -4.5332934e-01  -8.4393420e-01  -2.0781772e-01  -2.2935919e+00  -1.7225770e+00  -1.3894480e+00  -1.2717191e+00  -1.4337866e-01  -1.2233139e+00   1.0320330e+00   1.2832162e+00
   2.0000000e+00  -1.1839696e+00  -2.8778240e+00  -3.4048598e-01   1.0208128e+00  -3.1326151e-01   1.4212598e+00   6.4811405e-01  -1.0380307e+00   2.6329232e-01   9.6425233e-01  -4.1929971e-01   4.7789526e-01   4.2231383e-01   9.2323857e-01  -1.4162652e+00   6.2177135e-01  -1.0212102e+00  -1.3053988e+00
   2.0000000e+00   8.4097969e-01  -7.8272793e-01  -8.5707997e-01  -2.0491020e+00  -5.2026019e-02   5.9213897e-01  -6.6334635e-01  -8.5437007e-02  -1.2688779e-01  -1.1239950e+00  -6.4040443e-01  -8.7784155e-02  -1.4947885e+00  -1.1577737e+00  -6.0614071e-01  -1.0826698e+00   3.9132798e-01  -1.8146798e-01
   2.0000000e+00   8.7242960e-01   6.2382915e-01   5.6266976e-01  -1.1311510e+00   1.2074865e+00   3.8263363e-01  -1.2002640e+00   3.0147134e-01  -1.3375260e+00   1.8303235e+00   8.1593015e-01   1.7617337e+00   7.5502252e-01   1.3477634e+00  -8.5816983e-01  -2.8408454e-01   5.6911057e-01   7.3326201e-01
   2.0000000e+00   1.4469220e+00   4.9803913e-02   1.0282884e+00  -2.4383595e-01   5.9188201e-01   6.0137765e-01  -1.2331011e+00   9.6484480e-01   4.8890873e-01  -8.1203142e-02  -2.8386253e-01   1.3373109e+00   8.9331724e-01  -7.2801102e-01   9.4939375e-01  -1.4231366e+00  -1.0489797e-01  -7.3551493e-03
   1.0000000e+00   7.4293454e-01   1.4493126e-01  -9.4436472e-01   1.5697464e+00  -3.2088638e-01  -1.4957598e+00  -2.6658438e-01  -9.8607701e-01   6.0498026e-01  -1.1851565e+00   1.2125523e+00  -2.9927293e-01   8.6732813e-01   3.7047676e-02   5.3481933e-01   1.4786382e-01  -1.3358574e+00   1.6689351e+00
   2.0000000e+00   1.2770973e+00   5.4614897e-01  -1.5752354e+00   7.7800573e-02  -1.1993686e+00  -9.8851292e-01  -1.3844012e+00  -6.2879117e-01   5.5634385e-01   6.0021417e-01  -3.3719810e-01   3.5761968e-01   6.6716090e-01   1.3325331e+00  -2.1239955e-01  -9.8969146e-01  -4.0134854e-02  -4.4181028e-01
   2.0000000e+00  -7.3418419e-01  -7.5286568e-01   1.0293110e+00   2.4400988e-01   2.9816282e-01   4.9333501e-01   4.5479061e-02   1.2986023e+00  -1.5640487e+00  -8.6334844e-01   4.4204172e-01  -1.1174374e+00  -7.4486559e-01  -1.5776244e+00  -9.6228601e-01   3.3472140e-01   1.0794436e+00   6.2925991e-01
   1.0000000e+00   6.2748583e-01  -6.7149044e-01  -7.9183327e-01   2.2451847e+00   6.1307026e-01   4.2195433e-01  -6.0516459e-01   4.4373085e-01  -4.1072619e-01   5.5608546e-01   1.2036339e+00  -5.8164413e-01  -1.5685929e-01   2.7456522e-02  -1.0023955e+00   5.0799388e-01   6.9365571e-01  -2.2571999e+00
   2.0000000e+00   8.1066743e-01  -9.7713361e-01   7.6208522e-01  -5.0886266e-01   1.0001063e+00   1.2364126e-01  -6.4271767e-01   1.6905573e+00   3.0404591e-01   4.7047456e-01  -8.8288946e-01   4.1340657e-01   1.8563199e+00   1.0948131e+00   5.6466314e-02  -4.2982701e-01   4.8711362e-01  -1.0546908e+00
   2.0000000e+00  -1.3881484e+00   8.3557905e-01  -3.0418535e-01   8.0839869e-02   1.0671351e+00   1.3556339e+00   7.1629182e-01  -2.1118582e+00  -5.8884632e-01   1.7904354e-01   3.9241861e-01  -1.1647582e+00  -1.8102969e+00  -1.2192309e+00   3.1199829e-02  -1.1945721e+00   1.1581926e+00   7.2967290e-01
   1.0000000e+00   8.1651589e-01  -2.2037485e-01   4.0574163e-01  -1.1124194e+00  -5.6189591e-01  -2.3545670e-01  -1.4488563e+00  -2.4511060e-01   1.1991278e+00   1.6315100e-01   1.4674072e-01   1.2920451e-01   9.9940291e-01   1.3315732e-01  -2.0363895e+00  -7.5032373e-01  -2.9855996e-01  -2.4285249e-01
   2.0000000e+00  -3.0098119e-01  -6.4274071e-01  -2.4457223e-01   1.3887491e+00  -6.2837014e-01  -2.0684130e-01   5.6381439e-02  -1.0226907e+00   6.1913927e-02   1.3470317e+00   3.7772961e-02  -1.0363279e+00   2.0776662e-01  -1.7278473e+00   1.9661157e+00  -2.8710450e-01  -6.2352261e-01  -7.6226643e-01
   2.0000000e+00  -1.7531746e+00  -5.0412270e-01   1.0563885e+00  -6.5614558e-01   1.6135160e+00  -2.2402181e-01   6.3657522e-01  -5.8565380e-01  -1.1484783e+00   8.6415705e-02   8.0476930e-01  -9.4641521e-02  -4.8382710e-01   1.9482658e+00   1.1651515e+00  -1.3927208e+00  -3.7937780e-01  -1.7237607e-01
   1.0000000e+00   4.7040250e-01  -4.8733567e-01  -2.2459289e-01   2.3182967e+00  -1.3730522e-01   7.4447048e-01   1.6714963e+00  -1.4642072e+00   6.2462338e-01   9.3730898e-01  -5.6467397e-01  -1.7239936e+00   1.1178689e-01   7.4153793e-01   1.2510576e+00   1.8335113e+00   2.1255331e-01  -4.5580641e-01
   2.0000000e+00  -1.1938334e-01   1.2313384e+00  -1.4583112e+00  -1.4706007e-01  -1.0143083e+00  -1.1317837e+00   1.2758464e+00  -3.3718918e-01   4.8317917e-01  -6.0323470e-01   4.3341022e-02   1.0670954e+00   1.3252273e-01   6.7711328e-01   1.3572861e+00  -3.7701755e-01   5.2966394e-01  -5.1000804e-01
   2.0000000e+00   4.5732978e-01   9.4339795e-01  -1.2283270e+00  -1.0349511e+00  -4.9367623e-01   8.4844697e-01   1.2529825e-01  -1.2499810e+00   5.4759595e-01  -3.4639984e-01   5.0541775e-01  -3.7571407e-01   3.6967831e-01  -1.3531926e+00   1.0403335e+00  -7.2162375e-01   6.4978395e-01  -3.6863440e-01
   2.0000000e+00  -2.0972413e-01  -9.5335732e-01   6.6388097e-01   4.7639608e-01  -1.1896714e+00   2.2246691e-01  -6.6895017e-01   4.5367186e-01  -6.9707950e-01  -1.3835804e+00   1.6257651e-02   4.6163387e-01  -6.1370995e-02   2.4994276e+00   2.1793127e+00  -1.9052581e+00  -4.8777839e-01   4.8247767e-01
   2.0000000e+00   5.1257681e-01  -3.8548191e-01  -1.6039103e+00   2.5516662e-01   6.6702504e-01  -1.2827478e+00   1.4300490e-02  -1.6939678e-01  -5.5095334e-01  -1.4343453e+00  -6.7378715e-01  -9.6070223e-01  -3.1809880e-01  -6.8464301e-02   4.6170510e-01   3.7290142e-01   2.1953815e+00   3.5376597e-01
   1.0000000e+00  -1.8600453e+00   5.7449556e-01  -7.9028918e-01  -1.9779606e+00   2.4873123e+00   1.2309109e+00  -1.6376696e+00   8.9449068e-01  -3.4397925e-01  -6.6856483e-01   4.0563285e-01   9.7734957e-01   1.1626170e+00   6.9996705e-01   2.8492940e+00   6.7329126e-01  -8.5487452e-01   1.4164640e-01
   2.0000000e+00  -9.3089991e-01   2.6661380e+00   1.5200017e-02   4.1238087e-01   9.0966564e-02  -3.1290525e-01   2.2596679e-01   7.6744913e-01   3.8433721e-01  -3.0980489e-01   4.3340272e-01  -2.4509931e-01  -3.2642065e-02   1.0657466e+00   1.5932874e+00   1.6410215e-01   1.3934729e+00   6.0259957e-01
   1.0000000e+00   1.5327953e+00   2.2735181e-01   1.5446068e-01   4.1958169e-01  -1.4399543e+00   2.7658534e-01  -3.9141051e-01   4.8804206e-01   1.2556759e-01   2.9709396e-02   1.2223236e+00  -2.7932195e-01   1.1802565e+00   1.5093645e-01  -5.1441054e-01   5.6460379e-01  -9.8078521e-01  -6.5624551e-01
   1.0000000e+00  -8.5175116e-01   3.2945895e-01  -1.6525989e-01  -2.5845157e+00   5.2974461e-01  -5.4853253e-01   1.4002129e-01   2.6641204e-01   2.6016928e+00  -7.6387782e-01  -1.1536209e-01  -3.0398758e-01   1.8147762e+00   4.5076420e-01   1.0704765e+00  -1.7360704e+00   1.6985713e-01  -4.2918294e-01
   1.0000000e+00  -1.2737930e+00  -1.9535628e-01   6.5447512e-01  -2.5825234e+00   1.1707773e+00  -5.6317719e-01   9.4186339e-01  -1.2708607e+00   6.1677499e-01  -9.6143106e-02   8.1319743e-01  -8.8018300e-01  -9.9828899e-01   2.2399709e-01  -2.0175254e-01  -1.6799026e+00  -1.5472435e+00  -6.2862530e-01
   1.0000000e+00  -6.8823233e-01  -2.8905081e-02   2.5666994e-01   7.8784116e-01  -2.8683109e-02   1.5669030e+00   6.8990614e-01   8.2479915e-01  -3.8724654e-02   1.0475751e+00   7.5176784e-01  -1.0905010e+00   6.6588635e-01   2.0861058e-01  -1.1845320e-01   1.3507464e+00   1.3242555e+00   1.0789276e-01
   2.0000000e+00  -8.9170500e-01  -6.9507758e-01  -2.5105430e-01  -7.5235132e-01  -1.0776957e+00   1.6634305e+00  -1.9846837e-01   4.6092622e-01  -5.2339423e-01  -1.0308890e-01   2.1117984e+00   1.0682450e+00   6.7729333e-01  -1.8418345e+00  -2.2594520e+00  -1.3840732e-01   1.1773646e-01   1.6639714e+00
   2.0000000e+00   1.3498111e+00   5.6094158e-02  -2.6695961e-01   2.1220830e+00  -4.3718623e-02  -1.2578601e+00  -9.9910288e-01   5.0719332e-01   5.5330591e-01  -7.8294982e-01   2.2524226e+00  -8.5704423e-01  -6.8666337e-01  -8.7680032e-01  -3.5013190e-01   3.1256872e-01   5.6612658e-01   5.1435788e-01
   2.0000000e+00   9.4450043e-01   8.2340747e-01  -3.1434832e-01  -3.0645880e-01  -7.8884169e-01  -8.7535073e-02   1.6586361e-01   2.1001759e+00  -1.7550418e+00   1.9465424e-01  -1.3418525e+00   2.9600337e-01  -7.3860587e-02  -2.2119989e-01   3.8482465e-01   1.0160013e+00  -7.9718523e-01  -2.0169521e-01
   2.0000000e+00   2.7101470e+00   4.3443183e-02  -1.2819176e+00  -5.4395075e-01   3.7911709e-01   2.3276061e+00   1.5053827e+00   6.8732210e-01  -4.6465994e-01  -7.0153336e-01   1.1474336e+00  -5.2900086e-01   2.7569151e-01   2.2227172e+00  -5.5154268e-02   5.5339321e-01  -1.5984856e+00  -1.5250022e+00
   2.0000000e+00  -2.0989448e-01  -1.2187282e+00   2.2207789e+00   1.2543413e-02   3.1548561e-01   5.8164043e-01  -1.3498275e-02   5.6452612e-01  -2.0182649e-01  -5.2213367e-03   7.0051899e-01   6.3229556e-01  -3.5253035e-01   1.9404358e+00   1.8080675e+00  -4.7407929e-01  -3.8053476e-01  -5.1774803e-01
   2.0000000e+00  -3.9467758e-01  -2.1195273e-01   1.7487219e+00  -1.3956484e-01  -9.6748583e-01  -1.8936559e+00   5.6978963e-01   1.8546131e-01   4.1519587e-02   1.0623714e-01  -3.8836218e-01   8.9202377e-01   8.0574713e-01   7.8854109e-01   8.6073293e-01   8.0150450e-01  -2.2712768e-01   8.6921693e-01
   2.0000000e+00   1.0809285e+00  -4.6856858e-01   8.3737034e-01  -1.0135837e-01   6.6655552e-01  -1.1309068e+00  -1.3784192e-01  -1.0114713e+00  -6.3491815e-01   4.7412240e-01  -4.8237473e-01   1.3486002e+00   8.9927024e-01  -7.8162348e-01   5.0970931e-01  -4.5680656e-02   1.5495297e+00  -3.5355932e-01
   2.0000000e+00   4.8266945e-01   1.1531040e+00  -1.1188959e-01  -2.9469190e-02  -2.1490767e-01   1.3735240e+00  -4.9346647e-01   1.8901031e+00   1.8851454e+00  -1.3483159e-01   8.9174243e-01   7.6185152e-01   4.4147083e-01   1.0824077e+00  -6.5349020e-02   2.6840356e-01  -1.1267127e+00   1.5033705e+00
   2.0000000e+00   1.2399206e+00  -9.7368087e-01   1.1411142e+00  -8.7733787e-01   4.7824523e-01  -1.0035536e+00   8.6008749e-01  -5.4558915e-01  -1.0060867e+00   1.8817163e+00  -2.5732976e-02  -6.7123395e-02  -1.4683418e+00   3.7187456e-01  -7.5620580e-01  -1.2878204e-01   3.6905968e-01  -1.6781459e+00
   2.0000000e+00  -2.8754942e+00   9.8494768e-02   2.7720903e-01   2.7526293e-01   1.0066772e-02  -1.3540793e+00   1.4416227e+00  -1.4460914e+00  -5.1732689e-01  -8.9408422e-01  -9.3838039e-01  -5.4947003e-01  -2.2734043e-02   3.2662889e+00  -1.6917398e-01  -5.0877389e-01   1.1259845e-02   5.1685659e-01
   2.0000000e+00  -6.6318837e-01   1.0961284e-01  -4.0554200e-01   9.7326579e-01   5.6347052e-01   1.3375256e-01  -3.2860363e-01   1.7121272e+00  -1.1639039e+00   4.4192997e-01  -1.9431727e+00   4.3310384e-01  -1.2375497e+00  -1.7711824e-01  -6.5736524e-01  -6.1541440e-01  -2.5690935e-01  -8.1711115e-02
   2.0000000e+00   1.1330990e-01   9.0830187e-01  -7.7085872e-01  -1.1163625e+00   2.3295619e-01  -4.1048386e-01  -7.5775842e-01  -8.0398787e-02   8.3104751e-01  -1.4467361e+00  -1.4118056e+00   8.6536521e-01  -5.4304414e-02  -1.8456984e+00   1.7061667e-01   1.7409172e-01   3.1337779e-01   9.4590058e-01
   1.0000000e+00   1.3420768e+00  -3.3238817e-01   1.2850625e+00  -2.2387978e+00  -7.5308013e-01   7.5041906e-01   3.8394307e-01  -9.0237367e-01  -1.5109271e-01  -4.4833420e-01   7.3627872e-01   1.0750189e+00   5.9607736e-01   8.5754539e-01  -7.1932264e-02   3.4049419e-01  -9.6749937e-01  -6.7656953e-01
   1.0000000e+00   1.0656120e+00   1.0779216e-01   1.2825192e+00  -1.2920666e+00  -3.7878160e-01   4.1972517e-01   1.1278028e+00   3.6675978e-01   1.2759872e+00  -1.0790492e+00  -9.4684627e-01  -5.1030724e-01   2.7390613e-01   5.2174074e-01  -7.8689751e-01   1.1233012e-01   8.4591580e-01  -1.0632379e-01
   2.0000000e+00   9.4317505e-01  -9.4267165e-01   1.5012271e+00   1.1537865e+00  -5.7826560e-01   3.5867696e-01  -7.2212863e-01  -8.1158846e-01   4.4083541e-02   2.4351332e-01   9.1834784e-02  -1.5531264e+00  -6.4836538e-01   8.0173396e-01  -1.1573058e-01   1.7766414e+00   5.4885920e-01  -6.3856574e-01
   2.0000000e+00  -7.5626725e-01   3.7238798e-01   1.0636606e+00   2.6362149e-01   4.8404232e-01  -1.5240309e+00  -6.4130532e-01  -1.3202668e+00   8.1136657e-01   8.4259575e-01  -6.0223058e-01  -1.6359628e+00  -6.6019058e-01  -1.1086569e+00   4.3730001e-01  -4.3025124e-01   2.6752242e-01  -1.2963801e+00
   2.0000000e+00   3.8941899e-01  -1.9612653e-01   1.4259745e+00  -9.2139431e-01   1.9981503e-01   1.1475189e+00   4.5305159e-01  -1.5793436e-02  -2.1236829e+00  -1.3998070e+00  -1.3120640e-01   1.6024177e+00   7.2436848e-01  -4.0614213e-01   1.0949406e-01  -2.0758628e-01   1.6269475e+00   3.0173056e-01
   2.0000000e+00  -2.7982160e-01  -2.0886497e+00   1.2257122e+00  -2.3384620e-01  -4.8057447e-01   1.7472159e+00  -3.7460113e-01  -6.2326297e-01  -4.3093768e-01  -7.7636160e-01  -8.8765177e-01   6.3734312e-01   1.0478081e+00   6.8600234e-01  -9.9013295e-01  -1.4875951e+00  -1.9137698e-01  -2.3372688e-01
   1.0000000e+00  -1.4104467e+00   7.5266728e-01  -1.9003514e+00  -5.7966951e-01   1.0468109e+00  -5.2004462e-02   2.1435893e-02  -4.0624321e-01  -5.2174103e-01  -2.5378344e+00  -4.3144174e-01  -1.1276593e+00  -1.0897486e+00   4.0673681e-02   2.2812415e+00   2.0575350e-01   1.5083902e+00   7.6765824e-02
   2.0000000e+00  -1.9434121e+00  -4.8680070e-01  -8.6684619e-02  -1.1116798e+00  -2.0935139e+00  -1.0696535e-01  -8.2122926e-01   7.3959434e-01  -4.1722930e-01  -4.2954919e-01  -4.4595051e-01   1.1053337e+00  -2.6784332e+00   9.2025178e-01  -1.2776935e+00  -1.0581023e-01   5.2703021e-01  -1.2795326e+00
   2.0000000e+00  -5.5548008e-01  -8.6766542e-01   1.5248190e+00  -1.6308971e-01  -9.1086611e-01  -8.6485164e-01  -3.5320868e-01   1.7267718e-01   7.0139469e-01  -8.2700999e-01  -1.8139204e-01   1.3605866e+00   1.1851225e+00  -1.0538519e+00   1.4669157e-02  -2.2772515e-01  -2.0620310e-01   6.8349335e-01
   2.0000000e+00   1.0937973e+00  -1.1979898e+00  -1.3198446e-01   7.9162211e-01  -1.8255055e-01  -4.9129369e-01   1.2146965e+00   1.6171927e-01   1.9615972e-02  -6.3157769e-01  -1.1239246e+00  -4.2891512e-01   1.6480575e-01   2.3924952e+00   1.2555444e+00  -1.0573016e+00  -1.3170807e+00   1.7894843e+00
   2.0000000e+00  -9.1636522e-01   2.7745113e-01   8.0199403e-01   8.1384110e-01   2.0324672e+00   1.8190791e+00  -7.0557481e-01  -2.1531412e-01   6.4365255e-01  -2.6047436e-02   5.2683291e-01  -1.1695930e-01   1.1023437e+00   1.0543072e+00   6.2741729e-01   2.5369238e+00   1.9757052e-01   1.2080263e+00
   2.0000000e+00   1.5621361e-01   2.4489095e+00  -1.8425218e+00   1.2437151e+00   2.6639976e-02   1.8008404e+00   7.1542429e-01  -1.6345503e-01   2.0270678e-01   4.2880023e-02   6.2908650e-01  -1.6538056e+00  -1.2106508e+00   2.7518350e-01  -7.5247727e-02  -2.1611643e-01  -5.5683572e-01  -2.3108397e+00
   2.0000000e+00   1.7930941e+00  -4.5927143e-01  -3.9378016e-01   2.1077339e-01   1.8548891e-01   4.5456503e-01   3.9860860e-01  -7.5817101e-01   1.7048230e-01   8.6770290e-01   2.6874903e-01   3.9748317e-01   1.0785090e+00  -5.9878007e-02  -5.1801971e-01  -1.9709376e+00  -2.8561011e+00   2.1515980e-01
   2.0000000e+00  -4.2600354e-01  -7.7141995e-01  -8.8404750e-01   3.1938118e-02  -1.9396161e-01  -3.5176134e-01  -5.1838339e-01   1.2607376e+00   4.0693110e-01  -5.6526514e-01  -1.3754854e+00   1.1042547e-01   1.0786505e+00  -7.6721670e-01   1.5104782e+00   6.0989145e-02   1.9573846e+00  -7.7493023e-01
   2.0000000e+00   1.7031258e-01  -2.0407103e+00  -1.7542351e-01   1.1761924e+00  -1.7902771e+00  -2.2424958e-01  -9.8950367e-01   1.0591765e+00   1.0931738e+00  -4.9911721e-01  -2.0055664e+00   1.7065287e+00  -7.9956862e-01   3.9435655e-01  -1.7347661e+00  -2.3812682e+00   3.6309457e-01   1.7190598e+00
   2.0000000e+00  -1.8237390e-01   8.0379241e-01   3.9255383e-01  -4.5941883e-01   1.1239584e+00  -1.2643744e+00  -6.5048280e-01  -1.6640171e-01  -9.4778257e-01   7.9638684e-01  -1.4987221e+00  -1.3135957e+00  -1.8149635e-01  -1.0721688e-01  -6.2693155e-01  -4.9948461e-01   9.6218295e-01  -8.6107276e-01
   2.0000000e+00  -5.6625920e-02   8.4856628e-01   6.2277622e-02   8.7994733e-01   1.4818227e+00   4.2204760e-01   3.3568103e-01   1.2249725e+00  -3.4474921e-01  -9.2658028e-01   1.3129349e+00   1.2536682e+00  -3.0173985e-01   6.9650021e-01  -7.1807753e-01   1.5703939e-01  -1.7511957e-01   1.0988489e+00
   2.0000000e+00  -1.3508998e+00   5.2574021e-01  -1.2454721e+00  -1.6739547e+00   3.7131728e-01   2.0991950e-01   1.5516918e-01  -2.8311154e-03   1.0032082e+00   1.4855983e+00   1.8210908e-01   2.1915263e-01  -3.4986857e-01  -2.0804918e-01  -2.6446259e+00  -1.2375277e+00   1.3544319e+00   1.1009484e+00
   2.0000000e+00  -1.4300995e+00  -9.5429985e-01  -1.0000105e+00   1.4279658e+00   1.9386047e-01  -8.5448460e-01  -4.6357033e-01  -5.9042589e-01   7.3154075e-02  -1.7789085e-01   2.3585983e+00   1.2621394e+00   1.2258075e+00  -6.9397416e-01  -1.5769476e-01   1.5668188e+00  -8.1385835e-01   8.1253218e-01
   2.0000000e+00  -1.1023890e+00   1.3734395e+00  -4.2203645e-02   1.1290671e+00  -1.2093471e+00  -5.7192429e-01  -5.6887404e-01   1.0804908e+00   3.1669257e-01  -6.9576900e-01  -1.7272527e+00   2.8883486e+00  -4.8854417e-01  -3.1642903e-01   1.0705735e+00  -3.9811961e-01  -1.7098653e+00  -1.6437645e+00
   1.0000000e+00  -1.3605253e+00  -3.2396521e-02  -7.3739669e-02  -3.4051625e-01   1.6345117e+00  -2.4933127e-01   2.0888596e-01   9.6136377e-01  -6.8903677e-01   8.0901578e-01   5.5805805e-01  -2.1314893e-01  -7.4599087e-01   7.4793628e-01  -1.0267841e+00  -6.0787575e-01  -2.0359745e-01   2.9989254e-01
   2.0000000e+00  -1.7072351e-01  -2.5268922e+00   4.4088017e-01   9.5872156e-01   5.5784600e-02   1.5319055e-02  -8.5311875e-01  -8.9230702e-01  -1.1498467e+00  -1.1611648e+00  -1.1980755e+00   1.1463593e+00  -2.5531449e-01   4.8969800e-01  -7.2389697e-01  -9.6285371e-01  -1.4202286e-01   1.4610677e+00
   2.0000000e+00   5.4916511e-01   1.0346524e+00  -7.6092934e-01  -9.7601201e-01   4.8016814e-02  -8.9860287e-01   8.7309320e-03   3.8137638e-02   1.1047357e+00   2.1966049e-01  -6.0730848e-01   9.2524960e-01  -1.0799124e+00  -6.4075554e-01   1.0304481e+00  -4.3883106e-01  -1.3190331e+00  -1.5646785e+00
   2.0000000e+00  -1.5164079e-01   1.7315341e+00  -4.0661008e-01   3.9265641e-01  -7.5995171e-01   7.9348627e-01   7.7894069e-01   5.5819197e-01   2.6703778e-01   1.5432230e+00  -3.2776972e-02  -8.9081827e-01   8.2850327e-01   5.7516402e-01   2.8212564e-02   1.1485513e+00   4.9678674e-02  -1.7210768e+00
   2.0000000e+00   4.1132869e-01  -8.1681903e-02  -3.9454638e-01  -7.7855885e-01  -7.9331151e-01   1.0872961e+00  -1.1760423e+00  -1.4552084e+00   6.2718151e-01  -6.7665032e-01  -1.3290296e+00  -6.1721502e-01   9.6582689e-01  -7.1690594e-01   5.8876678e-01   1.5103163e+00   6.0062837e-01  -1.1159309e+00
   2.0000000e+00   1.2600138e+00  -1.0233398e+00   9.0151886e-01   1.9584885e+00  -3.7473987e-01   1.0159912e+00   2.0037929e+00   1.3635051e+00  -1.2413403e-01   4.3757768e-01  -4.2047043e-02  -4.9416743e-01  -1.6871415e+00   1.4279389e+00   1.5858178e+00   3.4786764e+00   4.7042252e-01  -1.0819954e+00
   1.0000000e+00   5.3114193e-01  -5.3609512e-01   2.5055236e+00   3.5614851e-02   3.3336926e-01  -4.6041845e-01   4.8669647e-01  -1.6794859e+00   4.6101762e-01   5.0454423e-01  -1.2960552e+00  -8.6636093e-01   8.6742624e-01   3.0366339e-01  -1.3538396e+00  -4.7151954e-01  -7.3483416e-01  -3.4636234e-01
   1.0000000e+00   9.2062312e-01   3.6370026e-01  -1.4305603e-01  -7.7816044e-01  -4.9322623e-01  -9.9332512e-01  -1.7690673e+00   7.1122831e-01  -1.2640495e+00  -1.0289109e+00  -2.1739283e+00   1.1668257e+00  -8.6446908e-01   1.2298684e-01   8.2036197e-01   1.5720461e+00   2.8609542e-01  -3.6198480e-01
   1.0000000e+00  -6.2333539e-01   8.5072806e-01   2.5331612e-01   2.3247795e+00   1.2665614e+00  -6.4645907e-01   1.3272099e+00   1.1202144e-01  -2.0421691e+00   3.3032736e-03  -1.0435720e+00  -1.5026772e+00  -1.7633224e-01   2.2526866e-01  -1.4501234e+00  -2.1122063e-01   3.1220225e-01  -1.1054263e+00
   2.0000000e+00  -5.7765149e-01   1.6191203e+00   1.5241379e+00   1.3527750e+00   6.8416907e-01  -5.1941390e-01   1.1535341e+00   5.0842451e-02  -2.5011955e-01  -1.2750927e-01  -6.2070396e-01   4.0169334e-01   1.7287885e-01   1.7100483e-01  -7.0722608e-01  -7.7951494e-01   5.4338897e-01  -6.5519614e-01
   2.0000000e+00  -1.0240869e-01  -1.5519424e+00  -6.3607011e-01   9.5489091e-01   7.3602555e-02  -2.3605503e+00   6.0635317e-01   7.6596000e-02  -7.1395838e-01   9.9446385e-01   2.9745850e+00   1.0144297e+00  -7.6143158e-01   9.9844860e-01   8.0010239e-01   1.4588643e-01  -9.6744308e-01  -8.2856501e-01
   2.0000000e+00  -1.3086112e+00  -7.5566518e-01  -4.4254378e-01   1.9229131e-01  -6.9556914e-01  -1.8417739e+00   1.2592793e-01  -3.4873047e-01  -1.9900097e-01  -3.2107382e-01  -1.6757092e+00   1.4930387e-01   6.7960355e-01   1.8803642e+00   2.3177957e+00   2.7449360e-01   1.9101516e+00  -4.2166499e-01
   1.0000000e+00  -1.6816858e+00   7.6865414e-01   4.5210834e-02   9.8209944e-02  -1.2541581e+00  -3.6572424e-01  -1.1492713e-01   2.0396431e-01  -8.6778337e-02  -1.7524334e-01   6.8319584e-01  -1.3751226e+00   8.4424363e-01   9.7882251e-03   9.8060136e-01   6.3012120e-01   6.7409282e-01  -6.1466374e-02
   2.0000000e+00  -6.4268732e-01   5.1405618e-01   4.9368775e-01   1.6007699e+00   6.2119577e-01   1.3627080e-01   6.5579658e-01  -9.6204247e-01  -1.6517983e-01   1.2975056e+00   9.9609482e-01  -6.5459331e-01  -5.2272580e-01  -2.7279261e-01  -3.0275594e+00   8.8515753e-01   2.5353370e+00  -2.7246521e-01
   1.0000000e+00  -1.5953121e+00  -4.1289014e-01  -6.4023977e-01   9.8593427e-01   4.4379024e-01  -9.5632787e-01  -4.2929710e-01  -1.7891926e-01   2.4612800e-01   5.2846089e-01  -5.5653366e-01  -8.9817237e-01   5.5920163e-01   5.8242356e-01  -7.7399566e-01   2.7476136e-01  -5.9904730e-01  -1.1282077e-01
   2.0000000e+00   1.6489178e+00  -1.1871030e+00   1.1078335e+00   9.3670341e-02   1.4920318e-01   1.5572449e-01   5.9254896e-01   7.2472243e-01  -5.1020458e-01  -8.7314154e-01  -8.1860427e-01   3.3507275e-02  -5.1621735e-01   1.5221107e-01  -2.7837226e-02  -1.0617374e-02   2.0456109e-01  -7.9850402e-01
   2.0000000e+00  -1.2350564e+00  -7.3337469e-01  -4.3929887e-01  -2.4221108e+00   1.4677764e+00   3.7717630e-01   2.0676301e-01  -5.6746650e-01  -1.9724250e+00   1.3716435e-01   2.0234041e-01  -7.6570713e-02  -3.6337249e-01  -5.3140537e-01  -1.6982125e+00  -4.9007309e-01  -1.5076044e+00   2.5521416e-01
   2.0000000e+00  -7.6931816e-01  -1.5028059e+00   1.6562903e+00  -3.1356675e+00   1.1676158e+00   1.1610688e+00  -2.5407600e-01  -2.1321374e+00   1.4639854e-01  -1.5301715e-01   4.1514053e-01  -1.7882084e+00   1.7558703e-01   1.7056004e+00   1.4592279e+00  -2.7080770e-01  -1.3449875e+00   4.8211627e-01
   1.0000000e+00   1.7093617e+00   6.7871465e-01  -5.0831161e-02   1.9116931e-01   1.4960309e-01  -9.2722283e-01   6.4888986e-01   5.6573393e-01  -8.9975758e-01  -2.5095085e-01   3.0738572e-01   2.3136954e-01  -1.9860915e+00   5.5609909e-01   2.2774795e-01  -1.8944508e-01  -1.8871104e+00   1.3156688e+00
   2.0000000e+00   2.1815489e-01  -1.0012999e+00   1.1996775e-01  -7.7331427e-01  -8.0274022e-01   1.8989819e-01  -9.8076006e-01   1.4277896e+00   7.9659644e-01  -3.6203751e-01  -6.5424562e-01   9.7402516e-02  -1.2610225e-01  -7.2178929e-01  -1.9193128e-01  -3.3683935e-01  -4.9128825e-01   2.2027554e+00
   2.0000000e+00   1.2941168e+00  -7.1728453e-01  -5.9170057e-01  -1.6049788e+00  -6.8668281e-01   1.4157072e+00   1.7080490e-01   1.1938589e-01  -2.4169439e-01   5.4603900e-02   1.2619806e+00  -1.1341936e+00  -2.8186659e-02  -4.0100105e-01   1.0235104e+00   6.3274448e-01   6.3077813e-02   2.1845603e+00
   1.0000000e+00   5.1204697e-01  -5.8145254e-01   6.9838725e-01   3.0286718e-01  -4.5191826e-02  -3.6195700e-01   4.5047524e-02   3.2779185e-01   1.5854715e-01   5.6501615e-01   9.2149735e-01  -4.3233737e-01   1.3794993e+00   7.6026814e-01   1.1278428e+00  -4.5555570e-01   5.4042407e-01  -1.3325867e+00
   2.0000000e+00  -7.1613134e-01   2.8057519e-01   1.6203864e+00  -1.3998655e+00  -2.2676450e-01   1.7379767e+00  -1.1911739e+00   8.1267152e-01   1.7070508e-01  -4.1156082e-01   1.2885853e+00  -7.8535402e-01  -2.1570809e+00  -1.2082140e+00  -3.1477846e-01  -8.1479164e-01   5.5521752e-01  -1.1337314e+00
   2.0000000e+00  -4.7076090e-01   1.7179866e+00  -1.3443920e+00  -7.4245506e-01  -1.4952441e+00   6.7536358e-01   2.1238392e-01   8.9024143e-01   1.7206433e+00   7.7767261e-01  -7.0181578e-01   1.1188451e+00   1.5412287e+00  -1.2580749e+00   1.6662504e+00   9.9531510e-01  -2.1628291e-01   3.0316304e-01
   2.0000000e+00  -1.7119897e+00  -1.4636316e-01  -3.8256264e-01   3.0799112e-02   4.2285794e-02   2.5720830e+00   3.9840380e-01  -4.8608477e-01  -2.8274281e-01  -6.6414592e-01   7.8288556e-01   6.8744861e-01  -8.4750614e-01  -2.2461727e+00  -6.2471755e-01  -1.1030240e+00  -2.8738779e-01  -2.2191752e-01
   2.0000000e+00   1.2703831e-01  -1.2124326e+00  -9.2350630e-01  -5.7841033e-01  -2.4390503e-01  -1.8325788e-01   4.6658054e-01  -6.8479583e-01   1.4958321e+00  -1.0599113e-01   1.2273548e+00   9.7804062e-01  -4.4758340e-01  -8.6428742e-01  -3.0442239e-01   1.0972259e+00  -4.5442959e-01  -1.8343529e+00
   2.0000000e+00   1.6151475e+00   4.0392850e-01   2.5527887e-01  -1.1153769e+00  -9.4035338e-02  -4.7251873e-01   1.3437409e-01   4.7977453e-01   8.2663989e-01  -5.3819153e-01   1.6080936e+00  -1.3478127e+00  -2.2514446e-01   1.5145400e+00   1.2156438e+00   4.0837589e-01   1.0728228e+00  -6.3863958e-01
   1.0000000e+00  -2.2079005e+00  -2.2737843e-01   7.3408400e-02  -3.0773548e-01  -1.2475545e+00  -1.0353807e-01  -5.4618678e-01   5.7630250e-01   5.2097871e-02  -2.2122774e+00   8.0117706e-01   8.7585214e-01  -9.8577935e-02   8.3060317e-01  -1.9545434e+00  -7.7141088e-01  -2.3131804e-01   1.4646956e+00
   2.0000000e+00  -1.2143734e+00   1.1559104e+00   5.0343188e-01  -1.9667579e-01  -1.3891464e+00   1.5345542e+00  -1.1552084e+00  -2.6751750e-01  -1.1379279e+00   4.8880155e-01  -6.6789957e-01   1.1022140e+00  -1.4921509e+00   6.9856718e-01  -6.5524280e-01  -4.0512212e-01   1.4330774e+00   1.5322070e-01
   2.0000000e+00   2.8396864e-01  -1.4339792e+00  -6.9065190e-01  -6.3107433e-01   1.3326883e+00  -3.3789476e-02  -5.1355838e-01   2.8790793e-01   1.2673653e+00   4.2076490e-01   1.7390920e+00   1.4901813e+00   7.9728208e-01   1.6843923e+00   4.4618500e-01   1.1716973e+00  -1.9070690e+00   2.1778475e+00
   2.0000000e+00   2.1231739e-01  -1.1453304e+00   6.1694768e-01  -2.5373817e-01   6.1649346e-01  -1.0142348e+00   4.2909070e-01  -2.2298660e+00  -8.2441070e-01   7.8118951e-01   2.3435209e-01  -2.2051339e-01  -7.2413850e-02  -7.3452773e-01   1.6875036e-01   2.4667590e-01  -1.3882363e+00  -3.1657815e-01
   2.0000000e+00  -4.2699220e-01   1.7829042e+00  -5.0795891e-01   5.2547838e-01   3.7341142e-01  -3.2181812e-01   9.8455414e-01  -9.3204548e-01   7.5029302e-01   8.6970770e-01  -4.1012631e-01   1.9059350e+00   1.6442528e+00   1.4438788e+00   1.6130742e+00  -9.1480439e-02   9.7230035e-01  -1.0188597e+00
   1.0000000e+00   2.3372783e-01  -3.2001265e-02  -5.7661498e-01   7.1627302e-02   3.2778587e-01   4.5283956e-01   1.0619667e+00  -2.9128881e-01   2.0050402e+00   1.3392213e+00   1.7531106e-01  -2.8114314e-01   8.8441688e-01   9.9626540e-01  -6.7287738e-01   3.4388212e-01  -2.4288590e-01   3.1247878e-01
   1.0000000e+00  -8.7805221e-01   8.2691866e-01  -5.7206192e-01  -4.9202686e-01  -8.7181359e-01   1.8040406e-01   2.5662399e-01  -8.2594873e-01  -1.1273890e+00  -7.7484974e-01  -2.6726655e+00  -3.0081549e-01   2.0833940e+00   2.0410170e-01  -6.6542263e-01  -2.4418772e-01  -2.5317390e-01  -1.2150003e+00
   2.0000000e+00   1.1742289e+00   7.9463091e-02   2.8606498e-01  -7.0493103e-01   7.2726094e-01   2.4006851e-01   2.2961883e-01   1.8668592e+00   2.0507981e+00   9.0939886e-01   4.4179539e-01   1.6374067e-01   1.0206193e+00  -6.2622479e-01  -3.7091027e-01  -5.1735064e-01   8.8056319e-01   9.2079327e-01
   2.0000000e+00  -6.0529324e-01  -1.9725411e+00   9.8848784e-01  -1.2770905e+00   6.2520566e-01   1.8367791e-01  -4.0135753e-02  -9.2984785e-01  -3.0004396e-01   5.6336304e-01  -1.8065129e+00  -1.3834961e+00  -2.4405525e+00  -2.0203336e+00   1.0938612e+00  -4.8166825e-01  -1.0622687e+00  -8.3484709e-02
   2.0000000e+00   2.3986070e+00  -1.6270260e+00   6.0991084e-01  -5.9873203e-01  -1.3547795e+00   1.9449230e-02   7.1603159e-01  -4.0145814e-01  -3.4107929e-01   4.3112017e-01   1.2684221e-01  -9.5744670e-01   2.3573780e-01  -8.5578070e-02  -1.2296373e+00  -5.7191658e-01   2.4162471e-01   2.0013087e+00
   1.0000000e+00  -8.3067346e-01   2.4020218e-01  -1.2384932e+00  -3.7409129e-01  -1.1408418e+00  -5.8785898e-01  -7.6203726e-01   6.4453853e-01  -9.3287638e-01  -6.1203997e-01  -1.4788284e+00   1.1501253e+00  -2.3963064e+00   1.8608849e-01   1.8353481e+00  -7.5809014e-01  -1.5731859e-01   9.6822353e-02
   1.0000000e+00  -6.9599546e-01  -6.7875961e-01  -7.6662823e-01   1.7719198e+00  -6.8138451e-01   1.5702321e+00   5.4901054e-01   1.2248534e+00   2.3529860e+00  -4.4601791e-01   1.1229633e+00   3.3579465e-01   1.6211454e-01   2.6128337e-01   6.5160994e-01  -3.2974738e-01   1.0079498e+00   6.0879980e-01
   1.0000000e+00   2.9993063e-01  -7.9505926e-01  -7.5469180e-01   1.9273025e-01  -1.9958735e-01  -1.5543325e+00  -5.1119159e-01  -2.7966167e-01  -5.3174680e-02   1.2373548e+00  -5.8523399e-01   3.7172813e-01  -7.3827448e-01   5.3840212e-01   8.8391014e-02   5.2387152e-02  -2.0567441e-02   1.5869637e+00
   1.0000000e+00  -6.9379943e-02   4.3400523e-01   3.1537537e-01   1.2737132e+00   8.2687608e-01  -3.0083080e-01   1.2082095e-02   8.3389074e-01  -1.1974643e+00   2.1210674e-01  -2.0656395e-01  -5.0093916e-01   5.4451195e-01   4.3137715e-01   5.2023955e-01  -1.5962159e+00   1.6095375e+00  -1.6745212e+00
   2.0000000e+00  -5.9722938e-01   1.6055841e+00   6.7994248e-02   2.3422597e-01   1.0345251e+00   9.4111814e-01   6.2675061e-01  -1.6111044e-01   3.0933303e-01  -4.7469564e-01  -1.4815716e+00  -1.7269537e+00   5.4441310e-03  -9.2809712e-02   4.0501660e-01  -4.9885191e-01  -1.7782738e+00   4.9721621e-01
   2.0000000e+00   5.8421965e-01   2.1040395e+00   8.9631732e-01  -2.1126176e+00  -1.2072769e+00  -1.0661646e+00  -1.5564619e+00  -1.3713082e+00  -1.4642832e-01  -4.0986374e-01  -3.2231988e-01   8.4210635e-02  -5.9824031e-01  -3.7456355e-01  -5.0522157e-01   1.1421909e+00   1.0041224e+00   1.8534629e-01
   2.0000000e+00   2.5760990e+00  -9.1867083e-01  -3.9320953e-01  -5.4202001e-01  -1.0540489e-01  -1.4587033e-01   5.5424191e-01  -7.8075788e-01   1.4816941e+00  -1.0403620e+00   1.4856235e+00  -3.1964792e-01  -1.1440673e-01  -2.1263238e-01   1.2576012e+00   2.4176726e-01   1.4758153e-01   8.0981864e-02
   2.0000000e+00  -1.3570922e+00   8.7424976e-01   6.3056640e-03   7.2485496e-02  -3.8795181e-01   1.4072292e+00   1.4426946e+00   9.6651053e-01  -5.6945161e-02  -9.1293753e-01  -1.9505913e+00   5.1526213e-01   3.8692931e-01  -6.3178548e-01  -8.3711200e-01   1.8289089e-01  -1.4761405e+00   1.6713012e-01
   2.0000000e+00  -6.8753794e-01   3.7182139e-01   3.0780382e-01  -1.1283309e+00  -5.2716486e-01  -2.9206628e+00   7.5688459e-01  -1.0945743e+00  -1.1138707e+00   4.7221674e-01  -4.9276745e-01  -9.7782971e-01  -8.2437319e-01   1.0875277e+00  -4.1115245e-01   1.4464562e+00  -1.8002515e+00  -7.8818641e-01
   2.0000000e+00  -2.5516663e+00   1.4149805e+00  -4.8482845e-01  -9.3128330e-02   2.0711914e+00   5.0468537e-01   1.6458230e+00  -1.0356194e-01  -2.2403356e+00   4.9774323e-01   5.7734586e-01   1.0379133e+00   1.3387868e+00   2.8638582e-01   1.4142083e+00  -1.3089720e-01   1.5564868e+00   1.1365964e+00
   2.0000000e+00  -5.1452288e-01  -5.7981960e-01  -8.0387666e-01  -5.1050635e-01  -1.8849575e-01  -6.4030936e-01   3.4687361e-01   4.8796898e-01  -1.6369172e+00  -1.1457058e+00  -1.9148430e+00   9.2746748e-01  -1.1931166e+00  -1.8458552e+00   3.2924059e-02   1.8278416e+00   4.6505204e-01  -6.3998627e-01
   2.0000000e+00   3.9860056e-01  -3.4340687e-01  -1.7608583e-01  -4.8989723e-01  -8.9288885e-01   4.2600035e-01  -1.0141136e+00  -1.2004430e-01  -2.0558824e-01   5.9389808e-02   1.8871330e+00  -6.4319674e-01  -1.0585086e+00  -1.2987348e-01  -2.1651423e-01   2.9872942e-01  -5.3779717e-01  -1.2459051e+00
   2.0000000e+00   2.2669759e+00  -6.9705194e-01  -8.1627290e-01  -4.4799899e-01  -3.2793928e-01   2.9268377e-02   1.6449424e+00   1.2045400e+00  -8.7984547e-01   9.6535866e-01  -1.3185560e+00  -1.4919140e+00   1.5778061e+00  -9.8152602e-01  -9.4611541e-01  -1.0016838e+00  -4.8934972e-01  -1.0052546e+00
   2.0000000e+00   1.2529305e+00   1.0504146e-01  -4.6417515e-01  -9.5422131e-01  -2.4757415e-01   8.5850860e-02  -4.9333394e-01   1.7344837e-01  -5.7636817e-01  -8.4621233e-01   5.5870204e-02  -1.0756898e-01  -6.2217595e-01  -1.1808517e-01   4.5003635e-01  -1.5040581e+00   8.2003260e-01   3.5848807e-01
   1.0000000e+00  -8.2049809e-01  -7.4014846e-01   8.6730966e-01   1.6089786e+00  -7.1558006e-01  -5.9375322e-01  -7.7936040e-01   1.1265044e+00   3.4558401e-01  -2.5149298e-01   1.9960255e+00  -1.3247709e+00  -2.5858049e+00   2.8237911e-01  -6.8692272e-01   9.5148955e-01   8.4930799e-01   5.4566087e-01
   2.0000000e+00  -3.6831399e-01  -4.3304964e-01  -6.6222349e-01  -5.4804782e-01  -9.8741078e-01  -4.9280551e-01  -6.4524927e-01  -1.8275729e+00   1.1458584e-01  -1.6836754e-01  -6.3537602e-01   1.0317701e+00  -7.5076226e-01  -2.5176503e-01  -1.4743790e+00   6.2104450e-01  -6.5614612e-01  -9.0886257e-01
   2.0000000e+00  -2.5260500e-01   1.1656985e+00   4.9730699e-01   2.7489432e+00  -3.0307429e-01   1.3648454e+00   3.2509650e-01  -9.6259249e-01  -1.3552277e+00  -1.1674582e+00   9.9945354e-01   1.2357102e+00  -4.8781561e-01   2.6781735e-01   7.6082663e-01  -9.1718993e-01   6.2685307e-01  -1.0227495e+00
   2.0000000e+00  -1.9487599e-01   7.1725289e-02  -2.7455337e-01  -5.3054849e-01   6.3653259e-01  -1.7816580e+00  -9.6638614e-01   1.0637824e+00  -3.4189367e-01  -1.9016942e+00   4.9188644e-01  -5.9130849e-01   1.8427032e-01  -1.9695522e+00  -6.5149207e-01  -6.6671539e-01   8.5912314e-01  -6.9983463e-01
   2.0000000e+00  -1.0341569e+00   1.0741408e+00  -1.4707649e+00   3.9394764e-01  -6.0423718e-02  -1.7559836e+00  -1.3755181e+00  -2.2225614e-01  -1.9389160e+00   8.7428042e-01  -6.3297131e-01  -1.0576894e+00   1.0736915e-01  -6.9776057e-02   1.3431148e+00   3.7391274e-01   1.5623218e+00  -8.7596772e-01
   2.0000000e+00  -5.6986279e-02   3.2204217e-01  -6.1997338e-01  -6.9708008e-02   4.4255344e-01  -5.6148697e-01  -8.6395587e-02   1.4810072e+00   1.7539224e-01  -4.3988410e-01   2.4818541e-01  -1.5255727e+00  -6.1010055e-01  -5.0547385e-01  -1.3908666e+00  -1.6552973e+00   1.3935846e+00   1.5798449e-01
   1.0000000e+00  -5.5176567e-01   1.3934222e-01  -6.4209376e-01  -6.4881067e-01  -1.4128960e+00  -1.3653799e+00  -1.9759720e+00  -2.2781435e-01  -1.1846916e+00  -5.0151787e-01   1.7113740e+00  -3.2435437e-01  -4.9124627e-01   3.0828902e-01  -2.2250677e-01   5.8818996e-01   9.8169602e-01   4.0476978e-01
   2.0000000e+00  -5.9453531e-01   8.0290643e-01  -1.4294845e+00  -5.1857934e-01  -5.4113481e-01  -3.5451243e-01   1.1927323e+00  -1.9967326e-01  -3.7587843e-02   3.0211617e-01  -2.2492343e-01  -1.3310070e-01   7.1716823e-01  -1.9666588e+00  -7.2481744e-01  -2.8791057e+00   1.4525499e+00  -8.6297762e-02
   2.0000000e+00  -5.0665389e-01   1.4560047e-02  -1.1101151e+00  -1.9572173e-01  -6.2773310e-01   2.6849687e-01   9.2971582e-03   9.9319930e-01  -1.7621741e+00   2.3480221e-01   5.9244618e-01  -1.3844091e+00  -4.0570665e-01  -1.8452308e-01  -4.1510826e-01   1.6110240e+00   1.8990399e-01   2.3688638e-01
   1.0000000e+00  -9.3050838e-01  -6.1395885e-01   1.0907540e+00   7.9607750e-01   3.6188415e-01  -7.2967934e-02   6.7446265e-02   3.3796530e-01  -1.1449762e+00  -8.3284066e-02  -9.5467264e-01  -8.2166889e-01  -4.7143391e-02   6.6873527e-01   1.6455699e+00   1.0058272e+00   4.8699450e-02   1.2918843e+00
   2.0000000e+00  -4.0548402e-01  -2.1036480e-01   5.6562488e-01   1.3165837e+00  -2.4494155e-01   1.4936124e+00   1.0667793e+00  -1.5833050e+00  -4.5087318e-02   7.7153542e-01  -7.6261814e-01  -5.8399186e-01   6.3510640e-01  -4.3119146e-01   6.5302280e-02   1.6069321e-01   5.7234871e-01   1.3344256e+00
   2.0000000e+00  -5.6608241e-02   5.3868634e-02  -1.7568573e-01   9.0955067e-02   1.5014760e-01  -1.4505651e+00  -1.3121951e-01   1.0134649e-01   6.9171617e-01  -2.9820505e-01  -3.4741666e-02  -8.7208998e-01  -6.0933327e-01   1.0458664e+00  -8.3302146e-01   7.2375243e-01   7.1506563e-01  -2.9916416e-01
   2.0000000e+00  -2.5537907e+00   6.8560101e-01  -1.1157466e+00   2.8044870e-03  -7.6912975e-01  -8.2089884e-02   1.9822553e+00  -7.5946809e-01  -2.0124200e+00  -1.1980137e+00  -8.2890211e-01   6.3283697e-01  -1.0005317e+00   9.8969073e-01  -5.4124327e-01  -2.3834338e-01  -4.8836673e-01   3.3353967e-01
   2.0000000e+00   3.6196548e-01  -9.7420123e-01   1.0998824e+00   1.4252091e+00  -1.4672378e+00  -2.0540699e-01   6.5107945e-01  -1.0078142e+00  -2.5779488e-02   9.2179781e-01   4.3556954e-01   3.6457866e-01   2.0957571e-01  -1.6164298e+00   6.8116892e-02   4.1582024e-02  -1.2537165e+00  -9.0462145e-01
   2.0000000e+00  -1.6847113e-02   6.1861014e-01   6.6268399e-01   1.1507372e+00  -4.7900400e-03   8.0508050e-01   1.1267673e-01  -9.9349570e-01   1.7399091e+00  -3.4416070e-01  -1.2568929e+00   1.4610936e+00   3.6943327e-01  -3.6815038e-01   1.1138965e-01   3.7674004e-01   1.1716612e-01  -3.6360330e-01
   1.0000000e+00   1.4209688e+00   3.3799500e-01   8.5324389e-01   3.6478069e-01  -2.4689938e-01  -1.2108175e+00   9.5814287e-01  -4.1640525e-01  -1.6299588e+00   7.9903379e-01  -7.7542201e-01   5.0848416e-01  -2.7904129e+00   3.0363639e-01   3.4141671e-01   6.2590760e-01  -1.9743534e+00   4.6572187e-01
   1.0000000e+00   1.4045039e+00  -3.0525531e-02  -4.9208890e-01  -1.1352177e+00   4.3761091e-01  -7.7798245e-01   9.1368274e-01  -1.0910170e+00   2.4075407e-01  -4.1238846e-01  -2.7280928e-01   2.7276131e-01   5.3997957e-01   7.6127758e-03   8.8335479e-01  -1.6744546e+00   6.7422371e-01   1.2579215e+00
   2.0000000e+00  -1.8705390e+00   1.1093520e+00  -4.3468832e-01  -1.2764874e+00  -3.0370433e-01  -1.2538902e-01   4.4949000e-01  -9.4084349e-01  -1.5655472e+00   7.0600409e-01   3.2226196e-01  -4.2168139e-01   1.5396611e+00  -3.0461096e-01   3.1133494e-01  -1.1299103e+00   1.5441032e+00   2.5332463e-01
   2.0000000e+00   1.2717740e+00   7.1496260e-01   4.5975880e-01  -1.0182398e+00   1.8005573e+00  -1.1191068e-01   1.3807942e-01  -1.6663532e+00  -1.4992794e+00   2.4844233e-01   5.7090354e-01   3.7326367e-01  -6.4054179e-01   7.0549080e-01   1.0489284e+00   2.7117728e-01   7.5494970e-02   7.0691594e-01
   2.0000000e+00  -4.4385287e-01  -6.8602405e-01  -7.3058101e-01  -5.5995933e-01   1.8342210e-01   3.7808418e-01  -1.1259241e+00  -1.2340078e+00   3.2266919e-01   8.6172819e-01  -8.4314134e-01   9.9975835e-01   4.0370285e-01  -3.7544302e-01   1.7395964e+00   7.1201187e-01   6.2999558e-01   8.3072751e-01
   2.0000000e+00   2.7529948e+00   4.7536425e-01  -2.1884013e+00   1.2354515e+00  -1.5222693e+00  -9.2190017e-01  -7.1545964e-01   1.3380952e+00   2.2061487e+00   1.2211669e+00   1.1684198e+00  -1.0901277e+00  -2.9046835e-01  -1.0689986e+00   6.7655046e-01  -5.4948526e-01   4.0034346e-01   1.0354829e+00
   2.0000000e+00  -7.6849904e-01  -2.3439064e+00  -1.0588343e+00   6.7010221e-01  -1.1729989e+00  -1.2857789e-01   7.7672629e-02  -5.6847417e-02   1.3340185e+00  -8.6621071e-02   7.7977205e-01  -8.9715583e-01   2.2312053e-01   1.2414021e+00  -6.4782811e-01  -5.0137180e-01   1.2960135e-01   2.4590571e-01
   2.0000000e+00   9.3952256e-02  -1.9149880e+00   5.0704021e-01   2.8001323e-02  -4.1275472e-01  -6.4991507e-01  -1.4318521e-01   1.2207556e+00   2.2593894e-01   8.0365466e-01   9.1254564e-01  -1.1967159e+00   1.9578954e-01   1.1779216e-01  -1.7568020e+00   1.6921873e+00   4.3499422e-01   8.0167249e-01
   2.0000000e+00   1.2104882e+00  -5.6479839e-01  -4.1152524e-01  -3.9765820e-02   1.5626814e+00  -2.3045362e+00   2.5149389e+00   5.9658548e-01   8.5874092e-02   2.3095603e+00  -1.5768978e+00  -1.9476366e-01  -1.0012265e+00   5.7053931e-01  -7.1834841e-01   4.7429823e-01   9.5762159e-01   8.7954278e-01
   2.0000000e+00   6.0480453e-01   5.0054265e-01  -6.2411717e-02  -3.6212790e-01  -7.9685821e-01   2.4565540e+00   6.0505851e-01   2.4362951e-02   4.4015156e-01  -5.4835084e-02  -1.8030021e+00  -9.0193360e-01  -1.1138533e-01   9.7207105e-01  -9.4926895e-01  -1.1183140e+00  -2.3403966e-03   1.4743442e+00
   2.0000000e+00   4.2089168e-01  -5.6594243e-01  -2.1577130e+00   1.4675072e+00  -7.8654089e-01  -9.1822165e-01   4.6954969e-01   1.0059313e+00   2.5055977e+00   1.0782012e+00   6.3170329e-01   1.0528351e-01   6.7454764e-01  -1.2402104e+00   4.2687335e-01  -2.6654159e-01  -1.7760784e+00  -4.3693054e-01
   1.0000000e+00   2.8462523e-01  -3.7821636e-01  -5.7302284e-01  -1.0412296e+00   1.8484118e+00  -1.5262184e-01  -2.0340754e+00   1.1358807e+00   1.3242809e-01   3.3092862e-01  -5.4131194e-02  -2.9509542e-01  -1.3683462e+00   1.7889348e-01  -9.8255024e-01   8.2507258e-01   2.5901624e-01  -1.4135307e-01
   2.0000000e+00  -1.2410334e+00   1.2455766e-02  -1.1842841e+00  -9.0942567e-01  -2.5737662e-02   1.9711173e+00   3.4282551e-01  -5.4107271e-01   3.8726261e-01  -1.1537509e+00   8.7739556e-01  -9.2230782e-01   8.2650588e-01  -1.9507681e-01  -5.6721648e-01   1.1599468e-01  -1.1141463e-01   1.5718895e+00
   2.0000000e+00  -6.6264992e-01  -8.4348264e-01  -1.3450194e-01  -5.9951372e-01   1.0305541e+00   6.8815429e-01   6.8212284e-01   8.9707905e-01  -2.4052666e-01   1.0263813e+00   1.5721146e-01   6.5636905e-01  -1.0182075e-01  -8.1302161e-01  -6.0641223e-01  -1.0570092e+00   9.4412228e-01  -1.3461447e+00
   2.0000000e+00   1.4382715e+00   1.1712401e+00   1.0518475e+00   2.3282815e+00   2.2737816e-01   1.1914059e-01  -1.2679036e+00  -2.3298146e-01  -2.2075163e+00  -1.2179183e+00   2.0145088e-01  -3.3890533e-02  -7.3327226e-02  -7.4791720e-01   2.5890153e-01  -1.7075130e-01  -1.1804364e+00   1.1149711e+00
   1.0000000e+00   8.7527066e-01  -5.8329094e-01   1.3961833e+00  -1.6071330e+00  -7.3967381e-01  -1.3179088e+00  -1.1786782e+00  -9.6016377e-03   1.4317012e+00   5.3127123e-01   1.2421629e+00  -2.8608919e-01   1.6809108e-01   4.7940649e-02   6.0001343e-01  -1.0154591e+00  -1.5401528e+00   5.8534327e-01
   2.0000000e+00   1.2564084e+00  -5.7761187e-01   1.0447530e+00   1.0767482e+00   5.7408148e-01   6.2720321e-02   1.6281138e+00   3.5050145e-02   6.2584842e-01  -1.2859036e+00  -2.3400681e-01  -9.2274341e-01  -5.4889615e-01  -1.3034730e-01   4.5535203e-01   1.9045479e-01  -2.3468086e-01  -3.9436980e-01
   2.0000000e+00   5.6275330e-01   1.0696321e+00  -2.2269908e+00   6.9342288e-01  -5.5850841e-01  -2.3806352e+00  -1.2439761e+00   1.2890599e+00  -4.3010395e-01   8.1420846e-01  -1.1336422e+00   1.7893437e-02  -1.2338275e+00   3.9320484e-01   1.3361933e+00   1.3935370e+00   1.9347639e+00  -6.3454290e-01
   2.0000000e+00   1.8038331e+00  -5.9432813e-01   1.5456224e+00  -9.8101660e-01   9.8519469e-01   6.5266489e-01   9.1582016e-01   2.6714203e-02  -5.1336063e-01   1.5139562e+00  -1.1004167e+00  -2.4301328e-01   1.2451163e+00  -9.4379301e-01   1.6452269e+00   1.0141447e+00   5.2882801e-01  -1.1435359e-01
   2.0000000e+00   1.8374672e-01  -2.7181096e-01  -9.5778180e-01  -3.9834501e-01   7.4179673e-01  -3.9773635e-01   2.3714225e+00   4.9602650e-01  -1.8297371e+00   3.6925654e-01  -2.8810373e-01  -1.3317751e+00  -9.6482338e-01  -7.9403808e-01   3.3935448e-01  -1.7439948e+00  -1.1361852e+00   1.6845894e-01
   2.0000000e+00  -6.6927435e-01   1.3527093e+00   1.9130733e+00  -4.8043834e-01   7.6336944e-01   3.1550596e-02  -7.4076885e-01  -1.1348706e+00   1.8902887e+00   1.5315662e-01  -3.9116513e-02   2.4685240e-01   1.0630535e+00   3.2419075e-01   8.9829937e-01   5.4653856e-01  -9.0479574e-02  -1.2195558e+00
   2.0000000e+00   7.2093905e-01  -4.7056196e-01  -1.9685739e-01   1.2354226e+00  -1.3831202e+00   2.0178530e-01  -9.3431501e-01  -2.8019837e-01  -8.2914524e-02   4.3371481e-01  -9.5127038e-01  -1.1527478e+00   6.8772982e-01  -1.0111103e+00   6.1131783e-01   1.5433712e+00  -4.5326941e-02   1.2200748e-01
   2.0000000e+00  -1.5252939e+00  -1.5208125e+00  -2.7142512e-01  -1.3741836e+00   1.3192980e+00   1.2780290e+00   1.4097381e+00  -8.4614283e-02   4.0542450e-01   9.8865656e-01   5.7907816e-01  -8.3393913e-01   1.9832111e+00  -1.5806779e-01   5.7913818e-01   2.4528654e+00   1.9491750e+00   1.0211953e+00
   2.0000000e+00  -7.5155692e-01   9.3832824e-01   7.9473011e-01   1.2466333e+00  -4.0502866e-01   3.3787003e-01   2.3885602e-01  -2.5439315e-01   4.9987880e-01   2.4019864e-01  -6.2358626e-01   2.6879822e-01  -4.0212160e-01   3.5462110e-01  -1.4930166e+00  -8.7531100e-01  -2.4076874e-01   4.8608258e-01
   2.0000000e+00   1.1495231e+00   9.5908312e-01   8.2401183e-01   4.8676053e-01   1.2267366e+00   6.4786964e-01   1.2203220e+00   5.6085628e-01  -4.2060286e-01   1.2273622e-01  -5.7878359e-01   4.3493261e-02   7.8434508e-01   3.6355735e-01  -2.4988057e-01   1.5370289e+00  -1.7319769e-01  -5.3882876e-01
   2.0000000e+00  -8.7468662e-01   5.3871875e-01   3.6933632e-01   1.1570672e-01  -1.9687283e+00   1.1498154e+00  -1.0615713e+00  -7.6247118e-01   1.2958462e+00  -4.1083461e-02  -9.1650467e-01  -1.5959774e-01  -1.2295588e+00  -1.6585438e+00  -4.8478327e-01   7.0967084e-01  -1.4360245e+00   2.4301834e-01
   1.0000000e+00  -7.6951794e-01   2.6243985e-01  -2.2272019e-01  -3.9410244e-01   1.0116070e+00  -1.1169890e+00   4.3042687e-01   5.4171526e-01  -2.6518626e+00  -1.7822522e+00  -4.5470659e-01  -9.0121854e-01  -5.7596759e-01   5.5111906e-01   4.6807260e-01   8.8037221e-01  -2.0286551e-02  -9.5991719e-01
   2.0000000e+00   1.3598745e+00  -2.1125559e-01  -2.7046408e+00   9.4581667e-02  -8.4915682e-01   1.2641186e+00  -1.9758693e-01  -1.5915779e+00  -2.3207322e+00  -3.9075381e-01  -5.6973553e-01   3.3457449e-01  -2.3223338e-01   1.6089264e+00  -1.2684802e+00   3.0482050e-01  -8.7506645e-01  -1.0628334e+00
   2.0000000e+00  -8.8841552e-01  -6.8621145e-01   2.5295836e-01   5.3926755e-01   5.0375639e-02  -4.3307103e-01   2.4498264e+00   1.5488805e+00   3.5215510e-01  -4.9999985e-01   2.0505603e+00  -1.8090974e-01   3.3747183e-01   1.1225192e+00   1.1076150e+00   8.0367705e-01  -7.1280326e-02  -1.4229360e+00
   2.0000000e+00  -3.2859311e-01   1.3611303e+00   1.8563904e+00  -4.8864528e-01   3.1863448e-01  -6.4806159e-01  -8.2096789e-02   1.2952635e-01  -2.0218773e+00  -8.2851805e-01   1.8366850e-01  -1.6323528e+00  -3.6478381e-01  -1.3833151e-01   1.7384091e+00   1.1430185e-01   2.0991030e-01   9.7593386e-01
   2.0000000e+00   1.5080116e+00   5.4316677e-01   3.1151170e-01  -4.2846499e-01  -1.0613376e+00  -9.3937284e-01   2.0014883e-02  -8.7687659e-01  -5.0726929e-01   1.4142650e+00  -1.2170954e-01  -9.2405337e-01   1.2510649e+00  -3.9180988e-01   3.8577946e-02  -3.1988657e-01   9.7769339e-01  -8.3459806e-01
   2.0000000e+00   1.4035762e+00   1.8507792e+00  -1.8695092e+00   2.3073832e+00   8.3061541e-01  -1.5806619e+00  -1.4588323e+00   2.9414081e-01  -1.2534332e+00  -4.5157820e-01  -2.3903647e+00  -3.1001374e-01  -3.7145342e-01  -5.7348325e-01  -4.5867055e-01  -6.9142837e-01   8.0807006e-02   3.7782208e-02
   2.0000000e+00   2.5928559e-03  -5.4560248e-01   1.5169748e-01   2.2644076e-02   1.5923126e+00  -1.2244085e+00  -1.6554227e+00   1.2566876e+00  -5.6564996e-01   1.3961160e+00  -3.0691282e-01  -4.3433798e-01  -1.7456451e-01  -1.4978099e+00  -1.1362268e+00  -1.1548796e-01   5.5665466e-01   3.4986029e-01
   2.0000000e+00   4.5128095e-01   8.4109702e-01  -9.1703655e-01   2.0671865e+00  -1.0464386e-01   8.1955905e-01  -9.2120365e-02   7.8896624e-01  -1.4699162e+00   7.8889371e-02   4.2204318e-01   9.0885085e-01  -6.9824474e-01  -9.6385654e-01   9.1750707e-01  -8.5673053e-01   1.8503596e-01   8.7589769e-01
   2.0000000e+00   9.0912893e-02  -6.2554902e-02  -1.3732959e+00   3.8996596e-01   1.0275644e+00   1.0313851e+00   9.6421142e-01   1.2894924e+00  -1.5272691e-01  -1.3628250e+00   6.2096513e-01  -1.6035276e+00   4.7358997e-01  -2.9549136e-01  -2.7694481e-01   4.1897980e-02   3.8635332e-01  -4.8693090e-01
   2.0000000e+00  -9.3322973e-01  -5.4221736e-01  -6.5868174e-01   6.7404292e-01   7.7575847e-01   2.1352087e+00  -7.0719162e-01   5.6571104e-01   1.0508622e-01   1.1229786e+00   1.0611065e+00   2.1181636e-02  -8.1391449e-01  -5.9164015e-01   7.1257759e-01   3.9643629e-01   1.3093742e+00  -2.3427905e+00
   2.0000000e+00  -4.4357855e-01  -7.6181016e-01   8.8648967e-01  -6.9305887e-01  -7.0912771e-01  -2.3543353e-01  -8.7522722e-02   1.9042488e+00  -1.7117234e+00   5.5237075e-02   1.7218424e+00   9.1455651e-01   2.5036846e+00   1.9215184e+00   6.8415751e-01   3.6821485e-02   7.7609577e-02   1.5425011e+00
   2.0000000e+00   9.3664948e-01   1.5469345e+00   4.3647959e-01  -6.4752598e-01   1.3275925e+00   2.9600373e+00   1.0857884e+00   3.8607475e-01   1.4089001e-01  -6.3971161e-01   9.9603943e-01   1.1729924e-01  -3.3428279e-01  -6.5718381e-01  -6.7480987e-02  -8.1472615e-01   1.6404531e+00   5.8591659e-01
   1.0000000e+00  -1.5900776e+00   1.0865335e-01   1.0923051e+00   5.5617837e-01   2.5960879e-01   1.4647580e+00  -1.1951303e+00   9.6531330e-01   1.3522295e+00  -6.0977456e-01  -2.1571223e+00   2.8959534e-01  -9.0126321e-01   3.0563050e-01  -9.0616832e-01  -3.4113398e-01  -1.1162318e+00  -4.4322652e-01
   1.0000000e+00  -2.9618332e-01  -3.7816781e-01  -3.6825820e-01   1.3093196e+00   2.1451415e+00  -8.8160354e-02  -1.1595480e+00   1.5788554e-01  -3.9650818e-01  -1.5828897e+00  -5.2934812e-01  -3.0564134e-01   1.1716430e-01   6.1750575e-01   1.9829405e+00   6.7190071e-01  -4.8654771e-01  -8.9548308e-01
   2.0000000e+00   3.5218722e-01  -1.4645296e+00  -3.0969696e-01   4.1682127e-01   5.1314283e-01   2.0719642e+00   7.5223373e-01  -1.8590663e+00   8.6380587e-02   1.2861747e+00  -1.1850067e+00   1.0151359e+00  -1.6971914e+00  -1.6361236e-01  -1.1517184e+00   3.1880031e-01  -1.6066679e+00   7.9537686e-01
   1.0000000e+00  -5.3047159e-01  -1.1488993e-01  -6.5315851e-01   1.8016614e+00   6.5891783e-02   7.0799806e-01  -2.2546387e+00  -1.5770393e+00   2.5902162e+00   3.6487531e-01  -3.9338170e-01   2.7106162e-01   1.1752305e+00   1.5904672e-01  -1.4213690e+00   1.7888388e-01  -8.7702883e-01   6.4300722e-01
   2.0000000e+00   8.2421182e-01   1.0777169e+00  -1.0193932e+00   1.6320271e+00   1.1759401e+00   4.6190155e-02   2.6762972e-01   3.6063856e-01   8.1184710e-01   3.5205300e-01  -1.4054638e+00   1.7723984e-01   1.0824110e+00   7.8633298e-01  -9.1706921e-02   2.1737878e+00  -1.1858760e+00   5.0382704e-01
   2.0000000e+00  -7.5340500e-01   6.0806920e-01  -1.4551465e-01  -2.0886585e+00  -7.0112696e-01  -9.4937911e-01   2.7289037e-01  -8.5401313e-01  -5.3412159e-01  -9.1988811e-01   5.6603507e-01   7.8249548e-02  -7.3663092e-01   2.0083981e+00   2.6486897e-01   3.2329511e-01   9.0961386e-02  -9.5809894e-01
   2.0000000e+00  -1.0558752e+00   7.2239354e-01   4.5799838e-01  -5.4841922e-01  -5.6840897e-01   7.9613379e-02  -4.4025738e-01  -1.3619011e+00   5.7052799e-01   5.6769247e-01   1.0482515e-01   6.8990026e-01   6.5080981e-01  -1.7674386e+00   5.4519641e-01   1.7622513e+00  -1.4232709e+00   1.9371919e+00
   2.0000000e+00   1.4504544e-01  -2.4002261e+00  -1.9700573e-01   9.3320348e-01   7.8987355e-01  -1.9084792e+00  -7.4626247e-01   1.6713344e+00  -5.9461034e-01   5.0137757e-01  -8.8968081e-01   2.0107830e+00  -1.3702693e+00  -6.3243019e-01   1.4739716e-01  -5.4476006e-01   1.2461208e-01   6.4159686e-01
   1.0000000e+00   9.9742966e-01  -6.4999786e-01   1.3476269e+00  -3.3434942e-01   8.5420945e-01  -1.8100590e+00   1.3238590e+00  -5.8288384e-01  -7.4590195e-01  -1.5095532e-01   1.5914081e+00  -4.1848315e-01  -1.8567176e-01   4.5476500e-01  -1.0002790e+00   1.9812980e+00  -3.0292899e-01  -4.1277845e-01
   2.0000000e+00  -1.0354282e+00  -7.9544188e-01  -1.0022280e+00   8.1959346e-02  -8.0293375e-01  -5.5494060e-01   1.8404974e+00  -7.1499985e-01  -3.5620672e-01  -1.0308326e+00  -7.3733769e-01   7.1876410e-01   1.4792126e-02   8.5067270e-01  -4.4960357e-01   1.3410470e+00  -1.0203578e+00  -1.0266035e+00
   2.0000000e+00  -7.0730962e-01  -1.7798657e+00   1.6389584e-01   1.0360403e-01  -6.5389967e-01  -4.3924735e-01  -5.0104604e-01  -3.1385534e-01  -8.0388302e-01   1.8729243e+00  -2.4691200e-01   2.5146057e+00   3.4640376e-01   1.1273283e+00  -5.4937621e-02   8.1386651e-01   2.3562639e-01  -4.7796790e-01
   2.0000000e+00   1.5387468e+00   8.9242785e-01   1.3145479e-01  -2.3203761e+00   1.8845222e-01   1.3395206e+00  -1.8908693e+00   5.5880038e-02  -1.0652282e+00  -5.5337281e-01  -2.4008419e-01   7.5024376e-01  -3.3058245e-01   7.1246160e-01  -7.2481785e-01   8.7961630e-01  -6.0640618e-01  -7.7259228e-01
   2.0000000e+00   4.1999436e-01  -3.5934345e-01  -8.6702574e-01   7.5075295e-01  -2.8544997e-01  -5.0679470e-01  -4.2948713e-01   2.9136500e-01  -2.4852658e-01  -2.3464459e-01  -6.4480500e-01   2.6679251e+00   1.3928370e+00  -6.8622790e-01   2.2013711e+00   1.6415729e-01   5.2486023e-02   2.0906774e+00
   1.0000000e+00  -1.2217458e+00   3.8388005e-01  -1.0449362e+00  -6.8635564e-01   1.0639584e+00  -9.3655412e-01  -1.0652896e+00  -1.6388693e+00   7.6176412e-02   4.2772883e-01  -3.5438447e-01   7.8421873e-01  -1.8088978e-01   5.6018466e-01  -8.6763479e-01  -1.2845659e+00   1.0668266e-01  -2.5430432e-01
   2.0000000e+00  -1.0296489e+00   1.4899076e-01  -5.1187835e-01  -1.2836238e+00  -3.7364656e-01  -5.6157393e-01  -1.0865374e-01  -2.3887819e-02  -5.1620566e-01  -1.8217931e+00   7.2677341e-01   1.0057600e+00   1.1357993e+00  -1.5574895e+00  -6.1068374e-01   3.3270675e-02   1.2558936e-01   6.9972240e-01
   2.0000000e+00   4.6674750e-01  -1.2198198e+00  -2.5556441e+00   1.2033006e+00   9.3378260e-01  -8.6949656e-01   7.1614216e-02  -1.9316986e+00   1.4413247e-01  -4.4104826e-01   1.7198076e+00   4.4199372e-01   4.6425951e-01   2.6782560e+00   5.7452196e-01   2.1229138e-01   9.2366392e-02  -1.8424890e+00
   2.0000000e+00   1.6240609e-01  -5.3072702e-01   7.8530876e-01  -2.8013668e-01   6.5154599e-01  -2.1976460e-01   7.2401522e-01   2.7940842e-01   2.4558318e-01   6.5268605e-01   1.3085013e+00  -2.9407230e-01   1.2142943e+00  -3.7394730e-01  -3.1796349e+00  -8.7842700e-01  -6.2018974e-02  -2.2514490e-01
   2.0000000e+00   1.0816648e+00   1.2510992e+00  -1.4913308e-01  -1.2092944e+00  -1.1124622e-01   1.3843624e+00  -2.0702440e-01   5.0734446e-01  -1.5811464e-02  -1.6303399e+00   6.4236171e-01  -8.1368044e-01   1.2239858e+00   2.1623258e+00  -1.6346400e+00  -7.2078224e-01  -4.4987357e-01  -2.1201108e+00
   2.0000000e+00   7.8376538e-01   3.5785797e-01   6.7851612e-01  -1.2352636e-01  -7.4804232e-01  -9.6039770e-01  -7.7267137e-01  -3.7818079e-01   1.5016831e+00  -1.6652102e+00  -1.9217463e+00  -3.1107499e-01   9.6901683e-01   1.7353266e+00  -2.8668670e-01   4.4589430e-01  -7.3815590e-01  -4.3449796e-02
   2.0000000e+00   2.3305767e+00  -4.1183888e-01   6.4892454e-01   1.7558463e-01   1.0686751e+00   5.4423880e-01   4.9272973e-01   5.5918038e-01  -7.5102525e-01  -7.6022274e-01   1.5909852e+00   1.3203166e+00  -4.0669224e-01   1.6413990e+00  -1.2216194e-01   2.1484543e+00  -8.9361995e-01  -5.1512921e-01
   2.0000000e+00  -7.5159502e-01   1.7716788e+00  -6.4459574e-01   1.6438469e+00   7.5139725e-01   1.0514904e+00  -1.1625234e+00  -2.4105679e+00   3.3191217e-01   2.5094411e-01  -2.0869843e+00   4.7682163e-01  -9.5062810e-01   8.7375909e-01   2.1476077e+00  -1.5939502e+00  -7.6162099e-01  -6.8652508e-01
   2.0000000e+00  -2.0113210e+00   3.8274001e-01   4.3967634e-01   5.9502907e-01   1.5260532e+00  -3.4891667e-01   8.9540322e-01   1.2737695e+00  -5.0490656e-01   4.9374525e-01  -8.0122469e-01   1.5963759e+00   5.6734474e-01   1.8502916e+00   6.1379457e-01  -1.3139222e+00   1.5420489e-01  -1.4957220e-01
   2.0000000e+00   1.8062380e+00  -4.9209967e-01   1.1063612e+00  -5.1620352e-01   6.5786797e-01  -9.1296066e-01   2.6632959e-01   1.7299118e+00   1.4298893e+00   1.2201320e-01  -1.4026295e+00   7.0317293e-01   6.0682022e-01  -1.0460655e+00   1.2161552e+00  -1.9741449e-01  -1.0960602e+00  -5.3754081e-01
   2.0000000e+00   1.6625231e+00  -1.4222208e-01   3.8395399e-01   6.9505454e-03  -5.0322105e-01   9.5580037e-01  -1.9971764e+00   9.3849730e-01   7.0183471e-01  -6.1785972e-01   1.2047754e+00   1.3483827e-01  -9.4338444e-01  -1.1528139e-01   1.0637548e+00  -1.1816246e+00  -1.4892745e+00  -1.2156767e+00
   2.0000000e+00   5.7387454e-01  -6.0416015e-01   9.2147293e-01   9.1802246e-02   4.0630568e-01  -4.0483504e-01   2.4198737e+00  -1.4001156e+00   8.4485791e-01   1.0645414e+00   1.1526129e-01  -1.8479333e+00  -4.8822742e-01  -1.2836259e-01   3.9864994e-01  -1.0697747e+00  -5.4055510e-01  -5.0213542e-01
   2.0000000e+00  -3.5016085e-01  -2.3985719e-02   3.9017329e-01  -8.3772342e-01   1.0996242e+00  -5.6203036e-02   8.3611671e-01  -2.5117431e-01  -1.2514471e+00   2.5277381e-01  -5.0036251e-01   9.3907188e-01  -1.3326323e+00  -7.9005461e-01   1.2120585e+00  -4.0974548e-01  -2.4100211e-01   5.7158891e-01
   1.0000000e+00  -1.3321776e-01   6.3433964e-01   8.6658969e-01   1.2361107e+00  -1.0747831e+00  -1.4026231e+00   2.8481435e-01   5.7484473e-01   2.1124106e-01   3.3453473e-01   1.5000341e+00  -4.2846576e-01   9.2118524e-01   6.1929290e-01  -2.6184910e-01  -5.7386950e-01   1.6700365e-01   1.9814144e-01
   1.0000000e+00   1.6613719e-01  -1.1969577e-01   1.5932915e+00  -1.0758833e+00   1.0793539e+00   1.5128829e-01  -7.1283190e-01   1.6470563e-01   9.1439155e-01  -1.0755968e+00  -7.9582866e-01   5.7481799e-01   1.4357997e-01   8.7510689e-01  -6.7996583e-01   1.1023444e+00  -9.6012564e-01   5.8622941e-01
   2.0000000e+00   8.3729420e-01   7.9062877e-01  -1.9444031e-01  -2.4781621e-01  -8.2665089e-01   8.3025871e-02   1.5168247e+00   1.1443938e+00   7.8474923e-01  -1.8252363e-01   8.7136624e-01   1.8942420e-01   8.1735134e-01  -1.0463341e+00   8.2337038e-01   1.9784450e+00   4.0288249e-01   5.0427573e-01
   1.0000000e+00  -6.4002564e-01  -4.8815172e-01   1.0099878e+00   6.2669276e-01   5.0287201e-02   4.5838852e-01   7.9555606e-01   8.6836358e-01   2.5223554e-01  -4.7588732e-01  -1.5703386e+00  -1.2787643e+00  -2.1171882e+00   2.3879393e-01   4.9959072e-02  -7.9550173e-01   4.2045576e-01   3.7240523e-01
   2.0000000e+00   6.6807160e-01   4.0036053e-01  -1.4650728e-01   5.1523208e-01   9.6524093e-02  -6.9651834e-01  -1.6794739e-02  -3.1159667e-01  -1.0382014e-01   6.7336722e-01   7.8649892e-01  -2.1342384e+00  -3.6603946e-01  -1.1894340e-01   1.4871431e+00   2.2199275e-01   9.8579476e-01  -1.8240286e+00
   1.0000000e+00   7.1328975e-01   1.6164166e-01   7.3827985e-02  -1.7717062e+00  -6.1147527e-01   3.4032096e-01  -1.9238034e+00  -1.4462359e+00   1.6141671e+00   1.0187996e+00  -9.6761971e-02   5.1807459e-01   2.4786863e-01   2.2357888e-01  -8.9360919e-01  -1.3219071e-01   1.5979241e-01  -9.1504785e-01
   2.0000000e+00  -3.0025598e-01  -5.0190703e-01  -1.0160649e+00   5.3769034e-01  -1.1909089e+00  -6.6293241e-01  -2.1389643e-01   1.5916048e+00   1.7991116e+00   2.8312943e-01   1.1008979e+00   4.2382753e-01  -1.4906093e-01  -1.1547886e+00   5.2927643e-01   6.4508316e-01   9.9918677e-01  -4.2603644e-01
   2.0000000e+00   9.9292876e-01  -8.4074956e-01   1.9323493e+00   1.4596804e+00   1.1675376e+00   3.9906979e-01  -2.0954081e+00   3.3665755e-01  -9.3202831e-02  -1.9994427e-01  -5.7644266e-01  -1.4432005e+00   2.2884950e-01  -1.7806246e+00   2.1505720e-01  -1.1139817e+00  -9.3758639e-03  -2.5393287e+00
   1.0000000e+00  -1.4012697e+00  -2.6126604e-01  -3.4316740e-01   8.6382753e-01   1.2521244e+00  -1.0675553e+00   1.7185358e+00  -4.3464081e-02   8.6509407e-01  -3.5100505e-01   7.6300575e-01   1.1910644e+00  -1.0922356e+00   3.2854490e-01   1.8775833e-01   1.7548636e+00  -7.7386656e-02   1.7401772e+00
   2.0000000e+00   1.2316574e+00  -1.0248054e+00  -4.8123992e-02   9.9540737e-02  -2.0955285e+00  -1.2356432e+00   4.4921056e-01   9.1113379e-01  -7.1778131e-01   9.3564844e-01   1.7015005e+00  -1.9610233e+00  -1.3805220e-01   7.5608972e-01  -3.2215914e-01  -1.0144066e+00  -3.9670814e-01   5.1430897e-02
   2.0000000e+00   1.1290258e+00   8.2302496e-01   5.4311457e-01  -1.1755243e+00  -2.0942696e+00   2.7518809e-01   1.3320395e+00  -4.5622785e-02   8.0056732e-01  -1.1766397e+00  -2.6568277e-01  -8.1374512e-01  -1.2111464e+00  -1.4443051e-01   1.5485617e+00   1.8704984e-01   7.3894965e-01  -6.0373367e-01
   2.0000000e+00   3.6805398e-01   5.9917234e-01   4.2787510e-01  -1.1020780e+00  -1.2175287e+00  -9.4476387e-01  -3.5373441e-01  -1.2238650e+00   4.0070555e-01  -6.4450667e-01   1.0978163e+00   1.5833071e-01   5.8473369e-02  -1.2857576e+00   1.4182987e+00   6.2727243e-01  -6.0013630e-01  -6.6744659e-01
   2.0000000e+00   7.5471727e-01  -1.3143254e+00  -1.1314609e+00  -1.2305003e+00  -1.4667832e+00   1.1474576e+00   1.2705560e+00  -8.4918744e-01   1.0238142e+00   1.4893298e+00  -9.7104997e-01   3.9422228e-01   8.1390981e-01   1.4863771e+00  -7.1707323e-01   1.5099146e+00  -1.6299988e+00  -4.0051367e-02
   2.0000000e+00   6.9810066e-01  -1.4416393e+00  -1.5837364e+00   6.3894003e-01  -1.1124381e+00  -2.7123145e-01   2.4486428e-01   7.0533520e-01  -5.8845848e-01  -5.1678168e-01  -7.5403252e-01  -7.6907882e-01  -9.4273942e-01  -3.7281173e-01   1.8385179e+00  -1.3292695e+00   2.5665985e-01  -2.4472694e+00
   1.0000000e+00   1.4730353e+00   6.8157920e-01   1.5488602e+00   1.1594407e+00   9.9715753e-01   2.3490478e-01   2.4497162e-01   8.1489294e-01  -3.6082059e-01  -1.8971494e+00   2.9203488e-01   2.5005376e+00  -1.4355263e-01   4.5657184e-01  -1.6528703e+00  -9.0732437e-01   1.3372227e+00   2.4986510e-01
   2.0000000e+00   7.5877727e-01   1.8500064e+00  -5.2412664e-01   1.1433497e+00  -1.4205420e+00   4.6463030e-01  -7.5094187e-01   1.3164116e+00  -1.7074581e+00   7.3068157e-01   9.9252765e-01  -8.1882576e-01  -1.2985248e+00   1.6367385e+00   3.2282689e-01  -1.1008821e+00   8.7387164e-01  -2.1253187e+00
   2.0000000e+00  -1.9443842e+00   9.3543007e-01  -5.7761983e-01   1.3539219e+00  -7.8949680e-01  -1.4444030e+00   4.8630716e-01   7.1176627e-01  -1.5984488e+00   7.8940699e-01   1.3123045e+00  -1.3887552e+00   6.9203973e-01  -9.8473053e-01  -8.5315985e-01   3.2462314e-02  -2.0629407e-01   8.1869492e-01
   1.0000000e+00  -2.0851088e+00   4.7068247e-02  -2.2892900e-01   1.2015001e-01   1.8356133e+00   5.3934094e-01  -2.6363553e-01   1.1569438e+00  -4.1990242e-01   1.0065553e+00   4.9065938e-01  -7.1666913e-01   1.2189714e-01   8.4159427e-01  -9.4507863e-01  -5.1039500e-01  -1.2741637e+00   8.5958234e-01
   2.0000000e+00  -1.7427533e-01  -1.9612130e+00   3.6822643e-01   8.9797774e-01  -4.9169595e-01  -1.1039630e-02  -9.4532472e-01  -7.7648677e-01   8.9380219e-01   2.7910728e-01   2.2257732e-01   2.5637256e-01  -4.3017068e-01  -1.3610145e+00  -9.8630711e-01  -1.3323963e+00   2.5227160e+00  -1.0370285e+00
   2.0000000e+00   4.8548072e-01  -6.3105199e-01  -2.0253833e-01  -3.4069299e-01  -5.1446312e-02  -2.3573916e-01  -9.3668230e-01   1.8633391e-01  -1.1769191e-01  -5.5638999e-01  -3.4439630e+00   1.9128537e+00   5.5990414e-01  -1.3024211e+00  -5.1805772e-01  -1.5480240e+00   1.1677044e+00  -2.8825648e-01
   2.0000000e+00  -1.4160574e+00  -7.5211386e-01   7.5047514e-01  -2.1123510e-01   4.9099164e-01  -2.1723031e-01  -1.1086735e+00   4.1129181e-01  -1.5786096e+00  -1.2655478e-01   5.8137790e-01   1.2219638e+00   1.9970311e-01  -9.5640076e-01   8.4960968e-01   5.4104880e-01  -9.9434938e-01   2.0451839e+00
   2.0000000e+00   7.6217370e-01   9.6005771e-01   1.1853917e+00   5.2348721e-01  -1.9049367e+00  -3.4913753e-01  -2.4703701e-01  -1.4615677e-01  -2.5237841e-01   1.4380100e-01   1.2357732e+00  -2.3410237e+00  -4.6606667e-01  -6.4835806e-02  -2.5539856e-01   1.2811253e+00   4.1390012e-01   5.0464458e-01
   2.0000000e+00  -2.0654448e+00   1.8918832e+00  -1.9186804e+00  -6.2616089e-02  -1.7486751e+00   5.1697554e-02  -1.0236826e+00  -1.9666669e+00   2.7409835e-01   3.1756101e+00   1.0866845e+00  -1.2224565e+00   1.0078121e+00   3.2528096e-01  -1.1040008e+00   1.1490206e+00  -2.5096358e-01  -3.0406491e-01
   2.0000000e+00  -2.8783925e-01  -1.0011887e+00   1.8768945e+00  -5.7582736e-01   1.6659791e-01   8.5107009e-01  -1.2936963e+00   4.3964979e-01  -1.4374387e+00   6.9212219e-01   9.0151857e-02  -8.3260701e-02  -1.8686335e-01  -2.4770238e-01   5.3453264e-01  -3.4421464e-01   1.0784612e+00   2.5645260e+00
   2.0000000e+00   8.7338637e-01   8.7769928e-01   5.5499527e-01  -7.0719321e-01  -3.0145069e-01  -3.7174447e-01  -1.0366256e+00   9.3258132e-01   5.5572235e-01  -6.8786548e-02   1.7910699e+00  -4.2828091e-01  -6.8058862e-01  -1.5437615e+00   1.4819377e-01  -3.1389905e-01   9.4750345e-01   6.7117566e-02
   2.0000000e+00   3.0159172e-01   1.3975817e+00   1.2572394e+00  -1.1743244e+00   6.8957859e-01   2.0505337e-01  -4.3972393e-01   1.2922789e+00   8.3317783e-01  -2.2541259e-01  -7.7748430e-03   2.8076442e-01  -8.1681186e-01   1.3583232e+00   5.5505018e-01  -2.1598908e-01   1.0893811e+00  -2.9768341e-01
   2.0000000e+00  -5.1023260e-01   1.8487668e+00   2.6745229e+00   9.6524210e-01  -1.3615953e+00   4.2822073e-01   7.4153384e-01  -2.1236949e-01  -1.1457515e+00   7.1989896e-01  -2.8330493e+00   1.1838420e+00  -1.2409510e+00  -1.4087659e+00   1.7076329e+00  -1.7476422e+00   1.4842640e+00   2.1550263e+00
   2.0000000e+00  -8.2023278e-01  -2.6356922e-01  -3.9980900e-01   7.4459332e-01   8.2849017e-01   1.0912281e-01   3.9356969e-01   1.3438304e+00  -8.9286239e-01  -8.3752908e-02  -5.5227127e-01   1.0094786e+00  -7.0999624e-02  -3.8066457e-01   9.9656075e-01  -6.8738026e-01  -7.6449248e-01  -8.1519393e-02
   1.0000000e+00  -1.9684307e+00   3.5786876e-01  -7.7415628e-01   6.4786202e-02  -1.6839644e+00  -1.0245694e+00  -2.8914107e-01  -1.0007637e+00  -2.7869363e-01   2.3949761e-01  -6.2492972e-01  -1.1773549e+00   1.1503773e+00   4.6754534e-01  -3.6874798e-01   3.3678438e-01   1.1454838e+00   4.1627228e-01
   2.0000000e+00  -9.9198767e-01  -2.2341552e-01   1.4737387e-01   1.3609761e-01  -3.0919927e-01  -1.6635164e+00  -6.8874068e-01   9.8038600e-01  -8.3578640e-01   7.1744020e-02  -5.6111762e-01   1.1761063e+00  -2.4089153e+00  -3.7227602e-01  -7.2473192e-01  -1.7339483e-01   1.0885174e+00  -4.9319915e-02
   2.0000000e+00   6.3423843e-01   5.2245832e-03   6.4098801e-01   6.0431224e-01  -4.3678814e-01   1.4361224e+00   4.2991341e-01  -2.6154878e+00  -2.3032243e+00  -6.0633015e-02   2.2305574e-02  -5.8273510e-01  -6.0251832e-02  -5.9005711e-01  -1.4883241e+00   2.5934887e-02   9.4126646e-01  -1.9743726e-01
   1.0000000e+00  -3.0268658e-01   4.2918719e-01  -1.9386952e+00   1.2044703e+00   5.6994785e-01  -1.1797217e+00   1.5956924e+00  -3.9500567e-01   1.3252456e+00   1.4108012e-01   6.7779399e-01  -8.7047297e-01  -1.3256716e-01   2.8767573e-01   2.6221912e-01  -7.3947306e-01   1.0484689e-01   2.3224532e-01
   1.0000000e+00  -1.5931701e+00  -2.8920484e-01  -2.9434663e-01  -1.9103120e-01   4.6418760e-01  -8.5879724e-01   5.0402246e-01  -1.9959463e+00   3.6054141e-01  -1.3219061e+00  -1.6078898e-01  -6.9446450e-02  -1.8581532e+00   2.6520297e-01   5.8777571e-01  -7.6097384e-01  -1.1507038e-01   1.1713575e+00
   2.0000000e+00   1.6134135e+00   4.2560873e-01  -2.6005690e+00   8.4968970e-02  -8.9165472e-01  -2.7998170e-01   1.1098229e-02   3.2034651e-01   7.9535930e-01   8.0756658e-01  -3.1007823e-01  -3.7339263e-01  -1.5965203e+00  -1.0000958e+00   1.0270800e+00   1.8193454e-01  -1.2850334e-02   1.7351654e+00
   1.0000000e+00  -8.2830334e-01   2.9257373e-01   9.8544255e-01  -7.9951804e-01   8.8800198e-01  -4.5965124e-01   5.2207364e-01   2.0260687e-01   2.0447769e+00  -1.3294215e+00  -3.4602889e-01   3.2302440e-01  -1.6921389e+00   3.1001086e-01  -1.2302863e+00  -9.5335566e-01  -6.6683530e-01  -1.3114924e+00
   2.0000000e+00  -5.0797929e-02  -9.4781800e-01   7.9842340e-02   1.2945622e+00   2.9691260e-01   5.1103891e-01  -5.1567178e-01   1.5438148e+00  -7.3733708e-01  -7.7785371e-01   6.7607699e-01   5.2193510e-01   9.7051360e-01   2.3287605e+00   7.3445591e-01   4.8824512e-01   2.6619005e-02  -1.3265580e+00
   2.0000000e+00  -4.4756773e-01   8.2853814e-01   1.1314174e+00  -6.3771444e-01  -8.5063358e-03   1.4746221e+00  -6.2745126e-01   1.2919819e+00   3.5578696e-01   1.5520538e+00   1.6757754e-01   9.3659619e-01  -8.7589450e-01  -1.7365748e+00   1.2594493e+00  -6.1566920e-01   6.9176984e-01  -2.5384617e-01
   1.0000000e+00  -1.2187416e+00  -2.3127682e-01   2.4233587e+00  -1.0193560e+00   1.8264543e+00  -1.6279024e+00   1.0599148e-01  -6.8211256e-01   1.9244213e+00   5.4163100e-01   1.4831166e+00  -2.5254137e-01   2.3685996e-01   6.8050938e-02  -1.4314113e+00  -1.1390143e+00  -3.3502879e-01  -1.1844492e+00
   1.0000000e+00   1.4112397e+00   1.8404940e-02   1.9255252e-01   1.9581572e+00   6.5747066e-01  -9.6608824e-01   8.6050468e-01  -1.0102552e+00   2.8914881e+00  -2.4664930e-01  -4.8985817e-01  -3.9598413e-01  -4.2886196e-01   7.9779643e-01   7.1839250e-01  -9.6316556e-01   1.5035014e+00  -1.5452758e+00
   2.0000000e+00  -5.3652830e-01  -2.7587667e-01  -1.0985431e+00   8.7371485e-01  -1.0630584e-01  -3.5266540e-01  -2.0254250e-01   9.7874598e-02  -5.4042424e-01  -1.3794391e+00   2.2380236e+00  -2.6542219e+00   9.1167409e-01  -1.5263204e+00  -2.3421829e-02  -4.3285587e-01  -5.0176530e-01   1.9059019e+00
   2.0000000e+00  -2.3084318e-01   1.9868487e+00   5.5657805e-01  -5.8462633e-01   9.6566332e-02  -1.3453417e-01   2.3679980e+00   5.1335794e-01  -4.6903331e-01   1.4286075e-02  -5.7217746e-01   1.0420384e+00   2.9890080e-01   1.2361468e+00  -1.7853848e-01  -1.0453619e-01  -1.1161667e+00   7.1566439e-02
   2.0000000e+00  -1.2378664e+00  -1.4154737e+00  -2.2056706e-01   1.5235016e+00  -4.6495819e-01  -8.2656039e-01   7.0306254e-01  -1.2428617e+00  -9.1449385e-01   5.9009824e-01  -6.6667928e-01   6.2837285e-01  -6.5636773e-01  -2.3257721e+00   1.1731054e+00   1.5147628e+00  -7.9346290e-01   1.2397986e+00
   2.0000000e+00   1.1672731e-01  -4.1947302e-02   9.4738993e-01  -1.3782240e+00   2.3209966e-01  -9.6119717e-01  -1.0018741e+00   3.5548912e-01   9.8413217e-01   5.3044240e-01  -2.9520986e-01   5.4654363e-01  -1.2450959e+00  -4.0531464e-02   2.1222303e-02  -8.4446527e-01   1.0697407e+00   4.8407155e-01
   1.0000000e+00   1.9955940e+00  -2.0922777e-01  -7.2604129e-01  -1.2476721e+00   9.1132782e-01   1.0277193e+00  -9.9194110e-01   1.1487791e+00  -7.7116959e-01  -9.5387772e-01  -8.0909798e-01   6.0522793e-01  -3.2095872e-01   6.4449430e-01  -4.4392277e-01  -1.6623024e+00   7.3187543e-01  -1.8564082e+00
   2.0000000e+00   5.8578297e-01  -1.0981254e+00  -1.1692588e+00  -6.4333730e-01   3.8796609e-01   1.3948289e+00   8.3972051e-01  -3.2059146e-02   1.7880434e-01   1.3719949e+00  -1.9258143e+00  -7.0605598e-01   1.8899452e+00   3.4606609e-01  -8.0648377e-01   1.0108190e+00  -5.1279708e-01  -1.2974415e+00
   2.0000000e+00   3.0400403e-01  -1.8937795e-01  -3.5419734e-01  -1.2767878e+00   1.4985920e-01  -1.3854011e+00   1.2057100e+00   1.9176962e+00  -1.6503236e+00   5.7716959e-01   2.1462400e-01  -9.6780710e-01   2.0123462e-01   1.0259448e+00   5.5183059e-01  -1.1542002e+00   8.6914939e-01   9.3573001e-01
   2.0000000e+00  -4.7851757e-01   7.9569566e-01   2.2728709e-01   5.0348001e-01  -9.0700285e-02  -1.1872752e+00   2.8315647e+00   3.9713273e-01   6.3578756e-01  -8.5095559e-02   6.8798033e-01   8.9916416e-01  -6.5050535e-02   1.5174439e+00  -7.4523439e-01   1.4678135e-01   3.1069700e-02   1.0404159e+00
   2.0000000e+00   4.2638029e-01   1.6709571e+00  -1.4205996e+00  -3.0444261e-01  -3.5202996e-01  -2.8539574e-01   1.2087742e+00   8.5357235e-01   1.4517125e-01   1.7249229e+00  -1.7378305e+00  -2.3522890e-01  -7.5479373e-01  -9.6357669e-01  -9.2801015e-01  -5.1548184e-01  -1.2256290e+00   1.4078334e+00
   2.0000000e+00   4.1784908e-01  -1.2005419e+00   9.6693310e-01  -8.1036645e-01  -4.6627927e-01  -1.5353190e+00  -9.7048256e-01  -1.1734147e-01  -1.4787781e-01   1.1201002e+00  -2.4228469e+00   2.5370451e-01  -1.7610754e+00  -1.1157727e+00   2.0508612e+00  -6.7911978e-01   4.0519486e-01  -4.8558227e-01
   2.0000000e+00   2.8948938e-01  -2.1662416e+00  -1.5171338e+00   2.5254689e-01   1.2241437e+00  -3.2502084e-01  -2.6554538e+00   1.0261018e+00  -7.8410788e-01  -5.1013683e-01  -1.5723203e+00  -5.0222285e-01  -6.5014809e-01  -6.6523530e-02  -1.2443589e+00  -7.4855312e-01   5.0018636e-01   1.0991852e+00
   2.0000000e+00  -2.4595104e+00   1.1325909e+00  -3.7703394e-01   8.3900219e-01   3.6157005e-01   9.7159186e-01  -5.4385825e-01  -5.2044559e-01  -1.4712780e+00  -8.0478390e-01  -1.8646290e+00   7.7275115e-02   6.3879017e-01  -1.5588447e+00  -5.1523389e-01  -1.3858717e+00   1.5664224e+00  -4.8006735e-01
   1.0000000e+00  -3.8293637e-01   5.0183990e-01  -7.9963421e-01   6.2544838e-01  -7.5456051e-01  -2.5823526e-01  -8.4436565e-01   1.7255609e+00   8.7693802e-01  -9.1225577e-02  -7.0003122e-01  -6.7539662e-01   3.1079621e-01   6.2870943e-01  -1.7376441e+00  -2.1240990e-01   2.2635305e+00  -2.2422048e-01
   2.0000000e+00   2.1804755e-01   1.1926791e-01  -3.5663993e-01  -2.1558244e-01  -1.0821475e-02  -7.5958560e-01   2.7000517e-01   8.5885091e-01   8.2120361e-01  -1.2257947e+00  -1.7199011e-01   1.6045691e+00  -2.0416964e+00  -1.5245564e+00   2.2007528e-01   1.2905193e+00  -1.7032324e+00  -1.1488728e+00
   2.0000000e+00  -7.9854785e-01  -4.5357766e-01  -1.6909284e-01   1.9701747e+00  -6.7520145e-01  -1.9503893e+00   3.2887966e+00  -1.0600577e+00   3.1737931e-01  -6.1929323e-01  -9.1614263e-01  -6.6040603e-01   5.1980808e-01  -1.1566337e+00   4.2016976e-01  -1.0423769e-01  -7.0871534e-01  -4.5897539e-01
   2.0000000e+00   7.1768060e-01  -1.1693004e+00   5.4955935e-01  -8.2684795e-01   1.4905994e+00  -8.1021670e-01   3.3824947e-01   5.3014973e-01  -3.1770296e-01   1.4210407e+00  -1.0491669e+00  -9.2314799e-01   2.7795799e-01  -6.1760943e-01  -2.6668291e-01   3.2671040e-01   8.8628380e-01  -3.5651592e-02
   2.0000000e+00  -1.6190194e+00  -1.2137990e+00   6.8466851e-01   1.6495387e+00   1.0287201e+00   7.9162480e-01  -7.4568518e-02  -1.2541695e+00  -8.9203953e-01  -1.3599913e+00  -1.4174655e-01  -6.7840674e-01  -1.7079877e-02  -7.6051770e-01  -6.4758028e-01  -7.4253883e-01  -3.8762483e-01  -2.1674475e-01
   2.0000000e+00   1.6329165e+00   1.1056324e+00   6.3255313e-01  -2.2027346e-01   1.1947590e+00  -4.6442927e-01  -9.3589188e-01   8.0284455e-01   2.0320328e+00   7.9407359e-01   6.1943311e-01   5.1257997e-01  -1.8572029e+00   1.1617932e-01  -8.5915120e-01   8.2770154e-01  -2.2850230e+00  -1.1487143e+00
   1.0000000e+00   6.1061116e-01   7.3133756e-01  -1.4068350e+00  -7.3633357e-02  -1.6560978e+00   1.0437640e+00   7.8859010e-01   4.4693417e-01  -3.8985043e-01   5.4597764e-01   3.4884061e-01  -1.0373950e+00   3.4861463e-01   3.0271265e-01   1.8434938e+00   2.2457295e-01   3.7452409e-02  -1.7326137e-01
   2.0000000e+00  -3.1439319e-01  -1.6160453e+00   5.2504966e-01  -4.9128277e-01  -1.5418882e+00   8.7904202e-01   4.0225127e-01  -1.1072103e+00   1.5476111e-01  -5.9652141e-01  -4.7092599e-01   9.2950855e-01  -1.9830986e+00   2.2427766e-01  -1.1543298e+00   7.4351521e-01   1.4653935e-01   3.7189381e-01
   2.0000000e+00   2.0921053e+00  -1.6401314e+00   7.2141991e-01  -5.5040748e-01  -3.9299055e-01   1.5150380e-01  -1.3308419e-01  -1.5461554e+00   6.3599133e-01   5.9210325e-02   3.2921384e-01  -2.9731569e+00  -1.3226930e-01  -1.8537824e-01  -6.3017661e-02  -3.5914519e-01   1.2595143e+00  -1.2602084e+00
   2.0000000e+00  -7.8754411e-01   1.8215694e+00   5.7723236e-01   6.0768781e-01   3.7590445e-01   1.4498160e-01  -6.5469313e-01   1.5396318e+00   8.1593890e-01   4.5764918e-01  -6.4113707e-01   5.5119148e-01   5.5891318e-01   6.0740229e-01  -6.6231361e-01   5.3538261e-02   1.7430805e-01   1.9657241e+00
   2.0000000e+00  -6.7914583e-02   6.6741975e-01  -1.3938481e-01   1.7091860e-01  -2.2663249e-01  -2.6599578e-01  -1.3496571e+00   7.1915047e-01   1.1727645e+00   3.4528325e-01  -1.7745407e-01  -9.1787447e-01  -2.0671119e-01  -1.2038579e+00  -4.7861872e-01  -1.3811462e+00   1.3530476e+00  -1.5186698e+00
   2.0000000e+00   2.2599860e+00  -6.8835428e-01   6.0498098e-02   3.6332120e-01  -3.9138968e-01   1.0262846e+00  -4.3677031e-02  -7.0780632e-01   4.0867812e-01   2.2781466e-01   1.1515794e+00   1.5267005e+00  -3.3721231e-01  -4.9074841e-01  -2.7559390e-01  -1.1534929e+00  -1.0495632e+00   1.0791501e+00
   2.0000000e+00  -9.0138599e-01  -1.1563285e+00  -7.7766829e-01   1.1448065e+00  -9.5207055e-01   3.6403830e-01   6.2145391e-01   2.0015848e+00   5.3045972e-01  -1.1124088e+00   4.0191102e-01  -1.0411846e-01   5.9017769e-01   9.4037882e-01  -6.8864459e-01   3.3195996e-01  -1.4833327e+00  -6.7622940e-01
   2.0000000e+00  -1.0979174e+00   1.0715377e-01   1.2243070e+00   6.7066780e-01   4.1303902e-01   1.6769633e+00   3.6990363e-01  -2.1134934e-01  -1.0471998e+00   8.6751128e-01   2.1230460e+00  -5.8798739e-01  -7.2616657e-01  -1.6410775e+00  -1.2517604e+00  -1.1393742e+00  -1.0438450e+00  -2.1535782e+00
   2.0000000e+00   8.0019037e-01  -1.0713812e+00  -1.5570142e+00   4.1949544e-01   1.2476176e-02  -1.8615308e+00   1.9047322e+00  -9.2263687e-02  -5.0914184e-01   6.9533126e-01   2.3425671e-01   1.1564126e+00   3.6040154e-03   2.0597390e-01  -4.1352134e-01  -3.4610592e-01  -6.0324544e-01   3.8479189e-01
   2.0000000e+00  -9.5039245e-01  -6.6275457e-01  -1.3010589e+00  -1.0426093e+00   4.3171660e-01   9.6890476e-01  -5.7419415e-02   1.1013212e+00   5.5078203e-01   4.3909288e-01   1.0546884e+00  -2.7150462e-02   9.0044023e-02  -1.1800909e+00   1.8207129e+00  -4.4023247e-01   1.5355416e-01   1.6254455e+00
   1.0000000e+00  -7.5840261e-01   4.6172710e-02   4.3102800e-02   2.2846208e-01  -1.4296575e-01  -4.8893191e-02   1.9868823e-01   4.4639691e-01  -4.1450458e-01   1.7933465e+00  -9.5511924e-01  -9.8196786e-01   8.0356168e-01   1.7660864e-01   1.1086683e+00  -3.4021459e-01  -9.1649684e-01   1.7175941e+00
   1.0000000e+00   9.3168328e-01   3.9679637e-01  -4.3315618e-01   2.4993524e+00   1.7393304e+00   8.9877059e-01  -2.6803024e+00   1.1550961e+00   4.7342279e-01  -4.8823107e-01   8.3472188e-01  -5.6605662e-01   8.3178761e-01   4.4905582e-01   1.3668371e+00  -1.2284302e+00  -1.4945018e-01   8.4777554e-01
   1.0000000e+00   2.9182039e+00   5.2445369e-02  -9.8500711e-01   9.2159523e-01   2.1327909e+00  -2.1512961e-01  -1.7279907e+00  -3.8868348e-01   3.8458349e-01   2.4085553e-02  -3.3193094e-01  -2.1448211e+00   1.2855029e+00   3.4692243e-02   1.6449980e+00  -5.2249024e-01  -1.6507570e+00  -7.6929259e-01
   2.0000000e+00  -8.3253868e-02   9.8885956e-01  -7.7701297e-01  -7.4321167e-01   1.2458071e+00  -8.2110147e-02  -6.9799706e-01  -3.6078785e-01   1.4645005e+00  -1.4859034e+00   8.5608937e-01  -7.5934057e-01   6.5421484e-01  -5.7451126e-01  -1.7230164e+00  -4.6118884e-01  -6.2367631e-01  -2.7263787e+00
   2.0000000e+00  -1.0498693e-01   3.2662889e-01  -2.6202017e+00  -1.0550472e+00  -1.6137971e-01   1.8673815e+00  -1.9149225e+00   1.9081701e-01  -1.4174528e+00  -6.5502369e-01   3.0419473e-02   5.0649061e-01  -1.2405366e-01   2.0779478e+00   4.6099355e-01  -9.4557927e-01   2.4621020e+00   8.8153125e-01
   2.0000000e+00  -7.9307272e-02  -2.5524784e+00   8.2692656e-01   1.1273830e-01   1.1792042e+00  -9.5209970e-01  -1.3376828e-01  -9.9457256e-02  -1.3058529e+00   1.5286537e+00   3.3091450e-01   3.2968373e-01   1.2156026e+00   3.3976173e-01   7.8876205e-01  -8.3319301e-01   5.8092751e-02  -5.3201518e-01
   2.0000000e+00   5.6619945e-01   9.5333781e-01  -4.6787391e-01   2.2602001e+00   8.2349901e-01  -1.5044686e+00  -1.0115135e+00  -9.1417852e-01   5.4411441e-01   7.1484945e-01  -1.9122998e+00   9.6705531e-01  -1.7241355e+00   4.2633608e-01   1.3921771e+00   4.7260250e-01  -2.2271976e+00   8.5775693e-01
   2.0000000e+00  -1.2731803e+00  -5.7180027e-01   4.1961228e-01  -5.0105820e-01  -1.0060229e+00   3.6124294e-01   7.0935709e-02  -2.4198715e-01  -1.4674784e+00  -1.0671413e+00  -3.5009104e-01   5.5244223e-01  -1.9241137e+00  -1.9372195e-01   4.3273371e-01  -1.2369071e+00   1.0009654e+00  -8.9448511e-01
   2.0000000e+00  -1.6645849e-01   1.9470008e+00   3.4694381e-01  -5.2301264e-01   8.9035673e-02   1.5711078e+00   8.7092140e-01  -1.8749239e+00   9.5400357e-02   1.5511465e+00  -6.9759008e-01  -2.2779494e+00   1.8790003e+00   9.1451091e-02   1.5629302e+00   6.4323368e-01   6.4872113e-01   1.2786425e+00
   2.0000000e+00  -1.3235015e+00  -1.3963217e+00  -2.3602386e-02  -1.7562246e+00  -7.3105308e-01  -7.9497987e-02   8.3377344e-01  -1.7307993e-01   5.3221057e-01  -6.9192800e-02   5.0309821e-01  -1.2413348e+00   1.4762098e+00  -1.8502250e+00   1.5964401e-01   3.5130041e-02  -1.1910320e+00  -1.2656084e+00
   2.0000000e+00  -7.7734817e-01   5.2798429e-01  -3.2888186e-01   1.0385128e-01  -6.1173564e-01   8.2950767e-01   3.2541998e-01   3.3863161e-01  -2.8069866e-01  -8.9687450e-01   1.0089117e+00  -6.5794108e-01   4.9790404e-01  -8.2409875e-02   5.0383389e-01   1.4954110e+00   1.1406846e+00   9.6157330e-01
   2.0000000e+00   4.7501097e-01   9.2968553e-01  -8.6292860e-01   9.9336783e-01  -1.3392581e+00  -4.5486269e-01  -2.6124612e-01   1.6528444e-01   3.8901627e-01  -3.2870869e-01  -1.6781323e-01  -2.8533252e-01  -1.6187684e+00   6.6676006e-01   7.7643385e-01  -7.9561690e-01  -1.2705171e+00   1.0493409e-01
   1.0000000e+00   1.2132127e-01  -2.7414559e-01   4.5969156e-02  -3.5954090e-01  -1.2551753e+00  -1.2050702e+00   1.2419340e+00   1.0551949e+00  -2.6877541e-01   4.8568857e-01   1.0525371e-01   6.4892068e-01   5.4957243e-03   4.2906557e-01  -3.8622015e-01  -1.5814123e+00   1.0295326e+00  -8.7105582e-01
   2.0000000e+00   9.4854789e-01  -4.4516474e-01  -6.0040212e-01   3.9660644e-01  -9.4130525e-01  -8.1564364e-01   3.6197948e-01   6.7352244e-01   1.2458249e+00   1.2645086e+00  -1.0261409e+00  -8.5378786e-01   7.9301827e-01   1.4088268e+00   1.3890083e+00  -4.5799896e-01  -6.3271395e-01  -1.4060302e-01
   2.0000000e+00   7.6730328e-01  -6.5602550e-01   6.8110969e-01  -4.5613127e-01  -6.4999881e-01  -9.9851783e-01  -5.7466291e-01  -8.8648790e-01   1.5938513e+00  -1.7775807e-01   1.1450003e+00   1.4871787e+00  -1.0507771e+00   1.4941628e+00   6.6444846e-01  -1.1785498e+00  -1.2370272e+00  -9.6366668e-01
   2.0000000e+00  -1.5155806e+00  -1.3843136e+00   5.6964132e-01  -2.6273613e-01   2.0241409e-01  -1.1049311e+00   4.1324282e-01   5.3720660e-01   1.0660079e-01   1.4892559e+00   3.2769706e-01  -1.5586247e-01   9.8395925e-01  -1.7896839e+00   1.3578014e+00  -1.1326213e+00   4.0876444e-01   1.0266236e+00
   2.0000000e+00  -4.3938676e-02  -9.9273069e-01  -1.1113155e+00  -1.3140735e+00  -5.8774329e-01   1.0907031e-01   2.6570069e+00  -1.8966975e-01   3.4154019e-02  -6.5376767e-01   1.7854899e+00   1.4234322e-01   8.0742985e-01  -9.5650657e-01   1.6746452e+00   6.8693477e-01   2.6118171e-01  -1.5207152e+00
   2.0000000e+00   1.4199962e+00  -3.2177169e-01   6.9267957e-01  -2.7662697e+00   7.1716545e-02   7.3037910e-01   7.0344674e-01  -1.2936673e+00   3.0476384e-01   1.1609582e+00  -2.5462310e+00   3.1981286e+00   2.6359652e+00  -2.4011638e-01  -1.1416461e+00  -2.0080102e-01   6.2653838e-02   1.2151712e+00
   2.0000000e+00   8.6454840e-01   1.2869080e+00   7.3900416e-01  -9.7752671e-01  -1.0654131e+00   1.6736960e-01   1.8329566e-01  -6.9562354e-02   4.2749145e-01  -9.5917150e-01  -2.0953718e-01  -9.7049095e-01  -9.3605920e-01  -1.0979821e+00   1.2213723e+00  -1.8511519e+00   1.1032291e+00   1.0176114e+00
   2.0000000e+00  -4.1283968e-01   7.4377215e-01   5.3224448e-01  -5.7880868e-02   1.0582197e+00  -7.7912726e-03  -8.1155018e-01  -3.1021413e-01   4.9866199e-01   7.7779436e-01  -5.6867135e-01   1.1712119e+00  -3.1210906e-01   1.8922032e+00  -1.3476256e+00  -1.5681333e+00  -1.2639937e+00  -4.7267501e-01
   2.0000000e+00  -3.7071437e+00  -7.6122633e-01  -1.2576669e+00  -2.6163038e-03   4.1571258e-01   6.6267946e-01   1.5385580e-01   2.8317158e-01   1.4788125e+00  -1.9858457e+00   2.0478332e-01   1.9464462e+00   6.9489585e-02   1.2095336e+00   5.6988345e-01  -5.8785394e-01   7.6443505e-01  -1.3775410e+00
   2.0000000e+00   5.0852180e-01  -1.6374904e+00   8.3738613e-02   3.4453137e-01   1.3023537e+00   3.5723510e-01  -1.8798933e-02  -5.0870491e-01  -4.7407491e-01   7.0262213e-01  -3.9270601e-01  -4.6910836e-01   1.4800157e+00  -6.2526271e-01  -1.8012596e-01   5.5117988e-02   5.7571250e-01  -3.8248567e-01
   2.0000000e+00   2.9854493e-01  -1.0317995e+00  -7.9464598e-01   6.4976072e-01   1.8074725e+00   1.3896736e+00   1.3138077e+00  -1.1067888e+00  -1.1558003e+00   7.8082653e-01  -1.0075998e+00  -2.1827354e+00   3.4925841e-01   3.5992399e-01   2.7526915e-01  -2.3586495e-01   7.4169214e-01   4.2022899e-01
   2.0000000e+00   3.7941764e-01  -9.5557057e-01  -2.6105435e-02  -1.7541286e+00   1.6644803e-01  -7.5235758e-01  -1.6687317e-01  -6.1282783e-01  -1.5678797e+00  -4.2487473e-01   3.3908901e-01   2.5035680e-02  -1.1764970e+00  -1.7387362e+00  -5.9819532e-01  -1.9771320e-01  -9.7002005e-01   7.0104487e-01
   2.0000000e+00   5.8898927e-01   8.7258048e-01  -2.0305720e+00  -1.5132819e-01  -3.9479898e-01   2.7603299e+00   6.4740236e-02   6.0583078e-01  -7.1181024e-02  -1.1083973e+00  -2.3305236e-01   4.8567111e-01   8.1048803e-01  -1.0903750e+00  -1.0151320e+00  -9.0357057e-02  -6.4568662e-02  -1.5945207e+00
   2.0000000e+00  -4.3770096e-01  -1.2239527e+00   3.5029131e-01  -6.5888073e-03  -1.0838800e+00   4.3749963e-01  -3.0097441e-01  -1.3294492e+00  -1.0154326e+00  -4.9924873e-02  -3.6776979e-01   4.2278044e-01  -5.1311945e-02  -4.1627075e-01   3.2846711e-01  -1.6345452e+00   1.2819453e+00   1.5565419e-01
   2.0000000e+00  -1.0738973e+00   2.3607505e+00   2.4771724e-01   1.7655969e+00  -8.5290855e-02   3.0431252e-01  -1.5034178e+00   8.1442822e-01  -2.9718171e-01   1.1500883e+00   3.1416168e-01   2.6429136e+00  -1.0619450e+00  -7.4967202e-02   7.5942985e-01  -5.2091151e-01  -2.8530932e-01   5.6957233e-02
   2.0000000e+00   9.1662235e-01  -1.1905059e-01   3.3859803e-01   9.1292925e-03   4.1011430e-01   1.1759732e+00  -2.1144017e-01  -6.4990854e-01   1.8402566e-01  -1.2154521e+00  -1.3706471e+00  -5.2364921e-01  -7.2796624e-01  -2.7467320e-02  -1.2822111e+00   7.5767702e-01   5.3125495e-01  -1.2006113e+00
   2.0000000e+00   4.2748785e-01  -1.7358116e-01  -7.8933863e-01   1.5084176e+00  -4.4188297e-01  -6.0885645e-01  -1.8621276e-01   1.6697212e+00  -1.0548212e+00  -4.6546235e-01  -1.2753421e+00  -1.7618211e+00  -9.2061963e-01  -6.5588236e-03  -8.3058357e-01  -1.7215449e-01  -1.8660022e-01   3.8379354e-01
   1.0000000e+00  -6.2553156e-02  -2.0987859e-01   6.5043162e-01   5.4431446e-01   1.6565002e-02   7.1402718e-01   1.1980893e+00  -2.3779724e-01   4.7552715e-01   4.0522720e-01  -2.4870787e-02   5.5941382e-01  -7.9822021e-01   4.4087508e-01   9.3378138e-02   6.1994011e-01  -5.9116571e-01  -8.6360967e-01
   2.0000000e+00  -1.9358273e+00  -8.1046487e-01   1.9384895e+00   8.1199797e-01  -6.8509899e-01   9.6216560e-01  -3.3438155e-01  -1.0414244e+00  -1.2466897e+00  -1.4650539e+00  -4.2814260e-03  -1.4842859e+00  -1.4565308e-02   6.5108242e-01   7.4061446e-01  -2.4078616e+00   1.0386835e+00  -1.3173015e-01
   2.0000000e+00   1.0989877e+00   5.7761739e-01  -1.9001433e+00   7.1519111e-02  -8.9055673e-01   1.3514436e+00   1.0926695e+00  -1.1090996e+00  -3.1834244e-02  -1.2686825e+00  -2.7085934e-01   1.4773577e+00  -4.2708719e-01   9.9686600e-01  -3.5141496e-01   7.9536146e-01  -3.4052718e-01  -1.8773648e+00
   2.0000000e+00   9.9928629e-02   2.3425635e+00   8.4974752e-02   1.4459381e+00  -2.1814841e+00   3.9589567e-01   1.1713847e+00   4.1747492e-02  -9.1329275e-01   4.5919525e-01  -8.6029966e-01   1.5328767e+00   9.9866318e-01   2.0019928e+00  -7.1646990e-01   9.4116400e-01  -4.6606628e-01   1.9538903e-01
   2.0000000e+00   4.6301566e-01   2.5647990e-01  -9.6445909e-02  -3.0563891e-01   3.4388712e-01   1.4002897e+00   4.0703253e-01   5.4349499e-01  -4.7726354e-01  -8.9438842e-01  -1.9211870e-01  -4.3950361e-01  -4.4754536e-01  -8.0483103e-01  -2.3745011e+00   8.8976899e-01   1.2212471e+00   1.5079210e+00
   2.0000000e+00  -1.1846214e+00  -9.5711920e-01  -1.3421464e+00  -2.0971717e-01   7.2241419e-01   1.1763214e+00   1.5274433e+00   2.0097707e-01  -6.6084389e-01  -4.8318613e-01   8.4429220e-01  -6.5163529e-01   7.0057913e-01  -1.0108352e+00  -7.0690859e-01  -1.5006049e+00  -1.6335529e+00  -7.7172399e-02
   1.0000000e+00   2.1966510e-01  -2.3584374e-01   2.8936741e-01   8.8897256e-01   2.5007025e-01   1.7714133e+00   7.4776736e-01  -1.0418453e-01  -1.2028811e+00  -6.5449004e-02  -1.4563151e-01  -1.5827044e+00   8.7393071e-01   7.2908222e-01   6.3555960e-02   6.0961218e-01  -3.0774678e+00  -1.4093667e-01
   2.0000000e+00   2.3684346e-01   1.9312394e+00  -5.1682898e-01   1.9256038e-01  -2.0848534e-01   2.0312940e+00   2.5838409e-01  -1.0717659e-01  -6.1656643e-01  -7.0963094e-01   4.3017585e-01  -1.0709581e+00  -1.2769311e+00   2.5103982e+00  -2.1962754e-01   2.5989972e-01  -6.1405825e-01   5.0724918e-01
   2.0000000e+00  -1.1504664e+00   1.4837226e+00  -1.0408575e+00   6.2322764e-01   4.5445677e-01   1.9254528e+00  -1.7525801e+00   1.9470503e+00   1.7045077e+00  -1.2366113e-02  -6.8663339e-01   1.8623769e+00   7.6358598e-01   6.6104922e-01   5.9365517e-01  -8.0397265e-01  -1.7323933e+00   1.6120932e-01
   2.0000000e+00  -1.1754232e+00  -2.0978863e+00   1.0189025e+00  -2.7640195e-01  -2.6124274e-01   3.2192991e-01   1.1828024e-01  -2.6035959e-01   9.3772662e-01   3.7905688e-01   2.6749487e+00   6.1644540e-01   1.5942911e+00   7.7786002e-01   1.8948390e+00   6.1823994e-01   4.1561020e-02  -7.4478474e-02
   2.0000000e+00  -9.6746941e-01   5.2342874e-01   9.9742483e-01  -1.5713866e+00  -6.6986046e-01  -3.7340413e-01   1.3621899e-02  -2.2377245e-01  -3.8790292e-01   5.0313237e-01   7.2386688e-01   1.6888616e-01  -1.2947222e-01  -2.9816741e-01   1.3081148e+00   1.9686772e+00  -1.4598446e+00   9.2382565e-01
   1.0000000e+00  -2.7973834e+00   4.1818824e-01  -9.3328728e-01  -1.1350034e+00  -1.5337140e+00   1.2124801e+00  -2.1391417e-01  -7.8455952e-01   1.3729299e+00  -6.8817912e-01   1.5393936e-01  -1.8792296e+00   5.1597257e-01   8.4365977e-01   1.8408802e+00   3.1060685e-03   4.7539808e-01  -9.0284735e-01
   2.0000000e+00   1.3124458e+00   7.6459721e-01  -2.9169932e+00   3.4978401e+00   1.3184468e+00   6.6132292e-01  -1.4534255e+00   2.4330880e-01   3.7433080e-01  -1.2048725e+00   6.6413529e-01  -1.6332343e+00   7.1066510e-01  -1.6774046e+00   6.8609773e-01   7.3347901e-01   4.2595804e-01   8.0987300e-01
   2.0000000e+00   7.5668596e-01   8.1325635e-01   3.0029909e-01   5.0776135e-01   5.6986007e-01  -2.1721692e-01  -6.5889808e-01  -1.1384688e+00  -1.6799303e+00  -1.6049333e-01   1.6100700e+00   5.8452634e-01  -6.8032172e-01  -2.3295614e-01   2.0299979e+00   1.6975011e-01  -1.2817423e+00  -6.2579677e-01
   2.0000000e+00  -3.6384160e-01  -2.9032642e-01   1.1614865e+00   1.1863463e+00  -1.6477911e+00   8.1498852e-01   3.4640989e-01   2.0724124e-01   9.2267929e-01   3.2733237e-01   6.4864569e-01   1.0340733e+00  -1.0324704e+00  -3.7704902e-01   5.8571476e-01   6.2141728e-01  -7.5790428e-01   6.5700794e-01
   2.0000000e+00   2.5292398e-01  -8.6343347e-01  -1.7932594e+00  -1.9569040e-01  -1.9979448e+00   7.2120307e-01   1.2239469e+00  -2.1512924e-01  -4.0316314e-01   1.5844191e+00  -1.1190683e+00  -2.4609566e-01  -4.2933331e-01   7.2800224e-01  -8.6906648e-01   2.2039551e-02   9.8095733e-01   3.3606492e-01
   2.0000000e+00   8.9863737e-01  -7.4893788e-01  -1.0246446e+00   2.8876014e-01   3.4648238e-01  -3.3754107e-01   6.2751040e-01   1.3689618e+00  -1.1802677e+00  -1.6318190e+00  -1.5571477e-01  -9.0638252e-01  -5.1529805e-01  -1.3832055e-01  -9.2550590e-01   1.1716833e+00   1.8030469e-01  -9.1290727e-01
   2.0000000e+00  -1.5091150e+00  -4.7022330e-01  -1.1320764e+00   7.6343518e-01   6.2648474e-01   9.3385818e-01   2.6963588e-02  -4.3483590e-01  -5.2943491e-01   7.8908025e-01  -6.1106487e-01   7.1710535e-01   1.4810834e+00  -8.4306367e-01  -7.8600778e-02  -9.9237360e-02  -2.0519861e-01  -1.7735215e+00
   2.0000000e+00  -7.8139344e-01   1.4896021e+00   1.1662699e+00  -2.6432741e-01  -1.0509051e+00  -1.0563155e+00   2.3484092e-01   8.1996674e-01   1.0367841e+00   1.2261399e+00   1.3970141e-02   2.4458557e-01  -4.3400783e-01  -2.5801608e-01  -1.4402372e-01   1.6200149e+00  -2.4546219e-02  -9.6697556e-01
   2.0000000e+00  -5.6565851e-01  -1.2570933e+00   1.2059430e+00   2.9156217e-01  -2.0665609e+00  -2.2531364e-03   1.5183240e-01  -1.1344410e+00  -4.2259869e-01  -3.8084627e-01  -1.1483304e+00   1.4545998e+00  -5.1564627e-01   6.5742872e-01  -4.4644153e-02  -8.4450675e-01  -6.6128803e-01   5.2978247e-02
   2.0000000e+00   6.2129957e-01  -8.2058931e-01  -4.3106327e-02   2.8380884e-01   3.6149851e-01  -5.1453308e-01  -1.3870836e-01  -1.0626003e-01  -1.2328145e+00  -7.0011283e-01   4.4793831e-02  -8.2909835e-01   1.2637415e+00  -6.9073680e-01  -6.1734496e-01  -1.3307376e-02   2.9218069e-01   4.9133997e-01
   1.0000000e+00   3.8115612e-01   2.5263918e-01  -7.1767304e-01   1.8853004e-01   7.9524227e-01  -1.8944193e+00  -2.5415199e-01   9.1102184e-01  -1.2644165e+00  -1.5213254e+00   1.9003008e+00   6.4190095e-01   1.5027152e+00   6.2274131e-01  -3.5961709e-01  -1.2079908e-02   2.2214659e-01  -4.7112439e-01
   2.0000000e+00  -9.4522688e-02   7.9905295e-02   5.5135636e-02   3.0943598e-01   9.4927347e-01  -1.2964576e+00  -1.1822360e-01   1.6412590e-01   1.2343717e-01   8.6021654e-01   5.6989089e-01  -1.7213792e+00  -1.6914836e+00  -2.0809543e+00   8.3459614e-01  -6.4914201e-01  -1.0082716e+00  -9.9695398e-01
   2.0000000e+00   1.5703014e-01  -2.4890736e-01  -1.3839292e+00  -1.3633656e+00   8.7378051e-01  -3.8545934e-01  -5.0917239e-02  -2.0042085e+00   8.4315777e-01   7.9751421e-01   5.9818404e-01  -3.5728457e-01   5.2886461e-02  -3.5226362e-01   3.1425797e+00  -6.5480642e-01   5.2527800e-01  -1.1854716e+00
   2.0000000e+00   8.7457019e-01  -1.2115512e+00  -1.3480334e+00  -4.5788181e-02   2.2296057e-01   6.0283518e-01   2.8915687e-01   1.1645015e-01   6.9699686e-01   6.1763036e-01   5.6539597e-01   1.4548906e-01   1.1702538e-01  -9.3857997e-01  -9.7312656e-01  -1.0570639e+00   1.6270979e+00  -2.2891681e-02
   2.0000000e+00   9.7523233e-01   1.6241137e+00   1.7379143e-01  -8.1017064e-02   1.3390367e+00   3.0602852e-01  -6.4101377e-01   8.5418793e-01  -2.1160481e-01  -3.6796959e-01   2.6540446e+00  -2.4850385e-01  -1.1466847e+00  -3.2265454e-01   9.8458500e-01   1.1250995e-01  -7.6323038e-01  -8.4171976e-01
   2.0000000e+00  -1.1955701e+00   1.7279697e+00   1.4437322e+00   1.0633330e+00   4.1730624e-01   1.5874871e+00   2.1562593e+00  -1.1981996e+00   3.2281649e-01   1.1334430e+00   8.5848068e-01  -7.3344200e-01  -7.0942298e-01   6.1700893e-01  -1.1163406e+00   7.7299827e-01   1.4012480e-01   1.7373172e-01
   2.0000000e+00   1.0239386e+00   2.0760775e-01  -1.1543726e-01  -7.3202593e-01   2.2699616e-01  -8.8890032e-02  -1.4409448e-01  -6.9054995e-01  -1.5602912e+00   3.5527177e-01   5.8778695e-01   1.4283568e-01   1.9486243e+00  -1.6144497e+00  -3.5645647e-01  -2.2909647e+00  -1.5191490e+00   3.9959897e-02
   2.0000000e+00   1.9570831e+00  -1.7042678e+00   5.2439818e-01   1.9670561e+00   2.9077098e-01   1.2352890e+00   5.0721974e-01  -7.3926588e-01   2.9349136e-01   5.2818548e-02  -1.4727209e-01  -1.2591522e+00   1.3152659e+00  -8.6748810e-01  -2.5728979e+00   8.5606371e-01   5.0867300e-01  -2.3470771e-01
   2.0000000e+00  -6.8818875e-01  -7.0923088e-01  -2.6113480e+00   4.4709485e-01   7.7897437e-01   3.6948195e-01   5.7677196e-01   6.3547549e-02   5.0626920e-01   1.4550513e+00  -1.2730283e+00   5.6625871e-01  -1.1114455e+00   1.3240214e+00   1.0280479e+00   1.5294631e-01  -1.3530118e+00  -1.5100021e+00
   2.0000000e+00   7.3212686e-01  -2.3821494e-01  -1.0245513e+00  -2.0489045e-02   7.4596247e-03   7.2997215e-02  -4.2040053e-01   1.3975383e+00   1.7570615e+00   1.4115317e-01   7.5883737e-02   2.4736788e-01  -8.0078529e-01  -4.4068074e-01  -1.0473071e+00   2.5849757e+00  -9.5851964e-01   1.3816403e+00
   2.0000000e+00  -2.3415262e-01  -2.1941574e-02   1.6097259e-01   8.1338308e-01   3.9626741e-01  -2.7474021e-01  -3.8053790e-01  -6.8545640e-01  -4.4873736e-01   2.0293657e+00  -1.1199985e+00  -1.4033137e-01  -1.4078702e+00   1.1426828e+00  -2.1782237e-01  -3.7943873e-02   1.0459056e-01  -1.5704427e+00
   2.0000000e+00   8.2719002e-01   6.1546753e-01  -7.9947831e-01   1.3215847e+00   9.1372245e-01  -1.2878100e+00   9.3664220e-02  -3.1956245e-01   7.4118776e-01   4.7785684e-01  -7.0972266e-02   3.4670699e-01  -5.6758199e-01  -6.0674634e-01   2.0073252e+00  -6.2384670e-01  -5.6849918e-01   9.5440940e-01
   2.0000000e+00   9.1193684e-01   5.7622193e-01  -6.2538506e-01   1.5443728e+00  -6.5765095e-01  -8.4230240e-01   2.3575684e-01  -1.2272449e+00   8.2287620e-01  -1.6496921e-01  -1.7969358e+00   3.1757019e-01   5.9753849e-01  -3.5496722e-01   4.8363177e-01   5.8043033e-02  -1.3646359e+00  -9.6825765e-01
   2.0000000e+00   5.8045604e-01  -1.6912179e-01  -8.4781003e-01  -7.8936898e-02  -8.9404824e-01   7.0248247e-01  -3.1436958e-01   3.2410154e-01  -1.2389624e+00  -1.5631903e-01  -8.6212039e-02  -1.0478238e+00   9.0110336e-01  -9.3014083e-01  -2.2322681e-01  -6.2775968e-01  -1.9375955e+00  -3.7837127e-01
   2.0000000e+00   7.3520229e-02  -2.6370727e-01  -7.4705480e-01   8.8490867e-02   1.2215787e+00  -8.3340996e-01  -8.1638026e-01   2.6346369e-02   1.8646659e-01  -5.7100819e-01  -1.0793872e-01  -6.8179835e-01   1.0900525e+00  -9.8442377e-01  -1.5102226e+00   4.2264285e-01  -3.7630972e-02  -8.2399963e-02
   1.0000000e+00   1.1211735e+00   6.4349633e-01  -1.5519240e+00  -1.7440795e-01  -5.5381434e-01   4.1692612e-01  -1.2800744e+00   1.2994215e-01  -1.2265134e+00  -6.6827683e-01  -1.7669891e-01   3.1414637e-01  -3.3137308e-01   4.2889238e-01   5.3802118e-02   1.9737879e+00  -2.1765316e+00   4.1717474e-01
   1.0000000e+00   1.4040660e+00   5.6938740e-01   2.1670947e-01   2.4952335e-01  -7.1130182e-03   1.6073390e-01   3.3414383e-01  -1.0334565e+00  -1.3497626e+00  -1.7004076e-01  -9.6554005e-01   5.9788533e-01   2.8690367e-01   7.7251597e-01   1.0211553e+00  -9.5557985e-01  -1.0084604e+00   1.5489209e+00
   2.0000000e+00   5.2068407e-01   1.1203533e+00  -9.3775180e-01   3.3502782e-01  -8.6336121e-01   1.9174168e-01   1.5312780e+00   8.4337411e-01   1.6220337e+00  -1.7000345e+00  -5.8300784e-01   7.6157544e-01   4.6512169e-01   7.4332148e-01   2.1543398e+00  -5.3822530e-01  -1.0033861e+00   8.6831431e-02
   2.0000000e+00   2.5836576e-01   4.8134068e-01  -9.3438892e-01   3.1366339e-01   2.0726008e-01   1.5613416e+00  -3.3756148e-01  -3.6029824e-01   1.3085855e+00  -1.7726936e+00  -8.0236944e-01  -4.7114521e-01   1.1606027e-01  -1.1185137e+00  -8.3592902e-01   8.3043797e-01   7.6525834e-01  -9.0854170e-01
   2.0000000e+00  -6.2829953e-01  -2.1589107e+00  -3.7720159e-02  -2.3055784e-01  -1.0329034e-01  -9.6532558e-01  -1.7429169e-02   3.3632905e-01   2.3244611e-01   2.5472687e-01   1.1511009e+00  -2.6602932e-01  -4.3221876e-02  -4.0557798e-01   1.8122093e+00  -1.0187936e+00  -4.9064328e-01  -1.1662788e+00
   2.0000000e+00   2.2454687e+00  -1.2030410e+00   8.5634736e-01   2.4040996e-01  -8.6463814e-01   2.3019286e+00   4.5287982e-01   5.6410633e-01   9.3473161e-01   4.4867371e-01  -3.6738159e-01   7.7213061e-01  -1.2884705e+00   2.1391617e+00   5.4871082e-01  -9.0053436e-01   8.4989113e-01  -7.7056861e-01
   2.0000000e+00   4.4517699e-02   6.4173994e-01   5.3154090e-01  -9.3316850e-01  -1.5767288e+00  -2.0791980e+00   9.3761421e-02   1.5320888e-01  -1.7234404e-01   1.4757629e+00   1.1005724e+00   7.3485785e-01  -1.2131511e+00   6.7204399e-01  -4.7210565e-01  -9.3926924e-02  -9.1277980e-01  -3.6119995e-01
   1.0000000e+00   1.1935502e+00   2.0048228e-01  -1.6714834e-01  -8.2203057e-01  -6.9736492e-01  -1.3944832e+00  -7.8927909e-01  -1.8345439e+00  -1.1530490e+00  -1.7235264e-01   1.4235083e+00  -1.4195030e-01   8.9041920e-01   9.1411732e-01  -1.1620766e+00  -2.1441478e-02  -1.5057509e+00  -1.6762338e+00
   2.0000000e+00  -4.7787122e-01  -4.1235350e-01   1.5180434e+00   6.3806846e-01  -4.3765878e-01   1.2900717e+00   1.1412298e+00  -4.2974575e-01   1.1903967e+00  -9.2304222e-01   4.7783821e-01  -3.4471745e-01  -6.6637555e-01  -3.3091550e-01  -1.9540144e-01  -7.9320975e-01   1.7721678e-01  -7.7976436e-02
   2.0000000e+00  -1.9954958e+00   1.5320250e-01  -1.4004855e+00  -5.2439609e-01   3.3476864e-01  -7.6044005e-01   3.2873451e-01  -1.1071290e+00   1.3913742e+00  -1.3424648e-01   1.1453175e-01   1.5565121e-01   1.7049702e+00  -1.9820626e+00   3.8646356e-01   2.5083174e-01  -8.5144362e-01   8.0207023e-01
   2.0000000e+00  -5.9876615e-01   1.1740421e+00   2.2138939e+00   2.0003757e+00   2.1699048e+00   1.5238312e-01  -1.1696925e+00  -6.2050200e-01   1.2075389e+00   2.2020502e-01  -1.4959702e+00  -9.3544432e-01  -4.5805564e-01  -2.1101951e-01   1.5986767e+00  -1.3770910e+00   7.3166060e-01  -3.6154183e-01
   2.0000000e+00   1.5866157e+00   1.0099623e+00  -6.7539175e-01  -1.1493679e+00  -1.8162395e+00  -1.5172219e+00  -1.1128128e+00   1.5205442e+00  -2.3388035e+00  -1.4997404e-01  -4.9893464e-01   1.2247889e+00  -3.8987004e-01  -2.7632149e-02   1.5750054e+00  -2.7449114e-01  -5.0141139e-01  -8.4003009e-01
   2.0000000e+00   3.2166236e+00   8.5899159e-01   5.5144249e-01  -1.5421904e-01   3.1488693e-01   1.1678706e+00  -5.6535632e-01   1.5116339e+00  -1.2180381e+00   1.5772904e-01  -4.8541840e-01  -1.1307982e-01  -4.5706272e-01  -5.9349303e-01  -8.3615754e-01   8.9257685e-02   1.9975491e-01  -5.4951213e-01
   2.0000000e+00   6.0490504e-01   5.6062151e-01  -8.1258848e-01  -1.4424320e+00   9.2640270e-01  -1.1547485e+00  -4.9522217e-01  -1.0368269e+00   9.4432538e-01  -3.2089209e-01   6.1465752e-01  -2.4871694e-01   4.8797755e-01   1.2309931e+00  -1.0649583e+00   9.2358308e-01   2.5862164e+00  -1.4681902e+00
   2.0000000e+00  -1.4145430e-01   5.8287103e-01  -1.2029222e-01   1.3756881e+00  -3.2933906e-01   9.0270316e-01   6.8344490e-01   4.7686290e-01  -1.2085613e+00   1.5339422e+00   6.8706652e-01  -9.1051315e-01  -1.1580430e-01   1.1888869e+00  -9.4891056e-01  -1.0993465e+00   1.4869814e-01   4.9174685e-01
   2.0000000e+00  -4.6104040e-01  -7.9398489e-01  -1.1307886e-01  -2.3469694e-01   1.6588258e+00  -1.4517412e+00  -5.4800927e-01  -1.1982853e-01   9.5814946e-01  -9.6875970e-01   1.8124976e-02  -5.7256929e-01  -2.9931997e-01   1.0056605e+00   4.1665311e-01   2.0018947e-02  -6.0796237e-01   1.2960728e+00
   2.0000000e+00   1.5943693e+00  -1.3240292e+00  -4.3744226e-02   1.5657275e+00  -1.2311982e+00   5.1629685e-01   6.5455182e-01  -6.4600506e-02  -3.6525921e-01  -4.5094908e-01   2.6559439e-01  -5.2324937e-01  -1.0635808e-01  -2.2694167e-01   2.0727091e+00   1.6152985e+00  -2.4555863e-01   5.5234897e-01
   2.0000000e+00  -2.6356175e-02  -1.3695623e+00  -2.5984996e-01  -6.2362078e-01  -6.6051563e-01   1.3098568e+00  -7.6246909e-01   4.7644792e-01   1.2903557e+00  -4.1314981e-01  -5.6647381e-01   1.3306822e+00   6.4391998e-01   1.4266473e+00  -6.1292686e-01  -2.7485354e-01  -3.7080846e-01  -4.0721120e-01
   2.0000000e+00   1.1515218e+00  -2.5150105e+00   3.3194760e-01   3.9695073e-01  -7.7864126e-01  -1.5840217e-01   2.8248070e-01   1.2334769e+00   1.5548045e+00  -2.5227782e-02   1.4098327e-01  -3.3492375e-01  -5.6297825e-01   6.9818439e-01   1.1053765e-01  -5.0612349e-01  -2.5703256e-01   1.1934850e-02
   2.0000000e+00   3.0582447e-01  -1.0756630e+00  -7.5162515e-01   7.2226433e-01  -5.7756911e-01  -1.5608083e-01   2.0193229e+00  -1.1188835e+00   1.5227294e+00  -1.7252076e-01  -4.1763629e-01   3.1549005e-01  -2.7409000e-01   3.7299592e-01  -1.6282749e+00   9.1651677e-01   2.1535306e+00  -1.6580237e-02
   2.0000000e+00   1.9888469e-01  -2.2649512e+00  -2.8338850e-01   5.3251620e-01  -4.3532717e-02  -1.7271251e-01   2.4138960e-01   7.2114623e-01   3.1903244e-01   1.0347132e+00  -5.1728210e-01  -6.8976807e-01   4.0955324e-01   3.9370698e-01   8.1334469e-01   1.3886690e+00  -3.3796860e-01   1.1156524e+00
   2.0000000e+00  -3.0742997e-01  -2.0196686e+00   3.2331072e-01  -6.0449666e-02   1.2200680e+00  -2.2486960e-01   2.6178673e-01   5.5479287e-01  -1.5550185e+00   1.1685748e+00  -4.4298055e-01  -2.1816677e+00  -7.6003825e-01   3.0433786e-01  -4.1430530e-01   3.7769671e-01   7.1085999e-01  -3.2617600e-01
   1.0000000e+00   4.8835624e-01  -7.6655786e-01   2.4692295e-01  -2.7529766e+00   7.9048691e-01  -9.9878290e-01   1.0940014e+00   7.9163037e-01   6.7549862e-02  -6.9237923e-01  -1.7258875e+00   3.8751634e-01  -7.1125380e-01   6.2814702e-01  -8.8432476e-01  -3.6524687e-01   1.1131163e-01   7.0951044e-01
   2.0000000e+00   3.2285551e-01   1.1343718e+00  -1.8672391e+00   2.3199997e+00  -2.1557302e+00  -4.2496744e-01   3.8004543e-01  -1.2441322e+00   1.2126402e+00   6.4061610e-02  -9.2507339e-02  -1.1946196e+00  -6.2957581e-01  -1.0569733e+00   7.6071045e-01  -8.1372538e-01   8.8609899e-01  -8.7499399e-01
   2.0000000e+00   1.5559488e-01  -2.3976551e-01  -1.4351941e+00   6.6089442e-01   6.5643762e-02  -9.1279495e-01   7.2300970e-01  -1.2773006e+00  -1.7756996e+00   4.7360903e-01  -7.5024308e-02  -9.3547935e-01  -1.6924188e+00   1.6118459e+00   7.8936369e-01  -6.3028361e-01   4.0878950e-01   1.2041653e-02
   2.0000000e+00  -2.6461521e-01   6.2075489e-01   1.0219131e-01  -1.5852112e+00   3.4446583e-01   3.1613490e-02  -4.7796782e-01   2.7479672e-01  -1.2848252e+00   4.9918336e-01   6.2132828e-01   7.2976864e-03   2.8653761e+00  -1.7146561e+00   1.5615109e-01   2.8830924e-01  -3.4439420e-01   1.1402440e+00
   2.0000000e+00   1.4404571e+00  -1.3978276e+00   1.4756625e+00   1.2936993e+00  -5.8946805e-01   6.4538987e-01  -9.0446923e-01   2.4178976e-01  -7.6320137e-01  -6.2909958e-01  -1.5220279e+00   1.0394200e+00   1.2507660e-01  -1.0081115e-01  -7.9253937e-01  -1.2782056e+00  -4.9182435e-01   2.4040904e-01
   2.0000000e+00   1.8965355e+00   1.0452564e+00   1.2584497e+00   6.4974720e-01  -1.3130323e+00   8.0136668e-01   1.5305339e+00   1.0580449e+00   2.6251784e-01   1.1564305e+00  -2.4498774e-02  -1.1884999e+00  -7.5672064e-01  -1.8618679e-01   1.0539460e+00   1.2916984e+00   6.9662662e-02   8.4822873e-01
   2.0000000e+00   5.2419480e-01  -7.9833623e-01   7.9098756e-01  -3.2511320e-01  -5.9808814e-01   5.1231041e-01   2.0353618e+00   3.1589179e-01   9.1741998e-01   2.2198842e-01  -1.3238773e-01  -3.2792443e-01   7.6525198e-01   1.7122041e+00   8.2327543e-01  -8.4335114e-01  -9.0575940e-01  -8.2419108e-01
   2.0000000e+00  -7.1663907e-01   8.0883134e-01   5.6164497e-01  -3.9778574e-01   1.7391258e-01   9.4808725e-01  -6.5175613e-01   8.8585229e-01  -1.4605361e-01  -3.5057645e-01  -2.4992976e+00   7.7977985e-01   1.0438644e+00  -2.7436055e-01   3.1339893e-02  -1.9324998e-01  -8.3882717e-02   4.6903627e-02
   2.0000000e+00   4.8363089e-01  -3.2513618e-01  -6.3604796e-01   1.2411730e+00  -3.1959698e-01  -1.6608235e+00  -1.5690197e+00  -4.3769915e-01  -2.2338007e+00  -4.0573566e-01   1.3972206e+00  -1.8445603e-01   8.0214668e-01  -3.7614711e-01  -5.6336419e-01   6.2987723e-02  -1.3380802e+00  -8.8318612e-02
   1.0000000e+00   1.1849313e+00   5.4247194e-01  -1.3450523e+00   4.5326503e-01   4.9117743e-01  -4.7364945e-01  -1.4872506e-01   6.6719520e-01   8.1834123e-01   5.9344431e-01  -1.5902781e-01  -5.0188750e-01  -8.6758609e-01   2.9479629e-01   3.7986671e-01   1.5936398e-01  -6.9245794e-01   3.8185572e-01
   1.0000000e+00  -1.0934884e+00  -3.5067339e-01  -1.0509076e-01   8.3035214e-01   1.8281450e+00   6.8168131e-01   2.8285868e-01   6.0205932e-01   4.3431713e-01  -5.9526584e-01  -1.4375651e+00  -1.2191759e+00   1.8535849e-01   5.7556981e-01   7.5071854e-02  -1.5490018e+00   2.0985500e-01   5.0921019e-01
   2.0000000e+00  -2.6758164e-01   7.4351022e-01   1.2717906e+00   7.0733913e-01  -1.3992308e-01  -7.9368627e-01   4.1787779e-01  -1.0390905e+00   8.4625038e-01  -2.6662094e+00  -4.6520161e-01  -3.4432046e-01  -7.3257028e-01   8.7203497e-01  -1.5288425e+00  -1.2509164e+00   4.0126999e-01   2.2963234e+00
   2.0000000e+00  -9.0870780e-01   1.4694060e-01  -1.0713577e+00  -1.2783381e+00   1.6860718e+00  -2.1174892e+00  -5.1937966e-01   8.0477202e-01  -1.9545793e-01  -1.7533838e-01   1.3270327e-01   4.0471413e-01  -2.5741758e-01  -9.0037735e-02  -9.4610484e-01  -1.7140752e+00   2.0838006e-02  -1.3129456e+00
   1.0000000e+00  -1.7549361e-01   6.2130070e-01  -1.5960253e+00   1.1247269e+00   1.5567082e+00   1.9623868e-01  -2.0633136e-01  -8.4778744e-01  -6.7282833e-01   2.7318078e-01   2.4960286e-01  -2.8013042e-01  -1.1822445e+00   1.8658883e-01  -1.5626072e+00   1.1212497e+00   2.4908133e-02   8.4935613e-01
   1.0000000e+00  -1.1339923e-01   9.8341845e-02  -6.4514058e-01  -2.6203547e-02  -4.7988787e-01  -3.5420110e-01  -1.5085160e+00   4.5560971e-01  -1.2234235e+00   1.1508236e+00   2.3565309e+00  -1.7421772e+00   2.8640791e-01   1.0847335e-01   4.9307688e-01   1.4952728e+00  -6.2948874e-01   5.4161579e-01
   1.0000000e+00   4.4076446e-01   3.5136160e-01  -1.4981675e+00  -5.4689610e-02  -2.3026545e+00   9.5619285e-01  -1.8506812e+00   4.0092977e-01   1.7526644e-01   3.5623494e-01   2.6131088e-02   1.6418934e+00  -7.6801277e-01   5.3525937e-01  -1.1507891e+00  -4.8655678e-01  -7.5925317e-01  -5.9546524e-01
   2.0000000e+00   4.2667642e-01   4.7867014e-01   9.5994340e-01   6.5743923e-01   1.6747728e+00   1.4773844e+00   1.0769589e+00   3.4276907e-01   3.7767235e-01  -8.6058161e-01  -2.0304699e-01   1.3811834e-01   1.0517259e-02  -2.3048607e-01  -1.7563994e+00   1.6563873e+00  -5.4722313e-01  -3.6923954e-01
   2.0000000e+00  -1.4736379e+00   1.1551590e-01  -2.2870650e+00  -1.3006930e-01  -9.8320330e-01  -1.0114808e+00   1.3140382e+00   2.1206002e-01  -1.4120287e+00   4.7988061e-01   1.6425867e+00  -1.0220892e+00   1.2576506e+00  -1.0930629e+00  -1.1001599e+00  -2.1879920e-01  -4.2596541e-01   1.3043876e+00
   2.0000000e+00   5.7142849e-01   1.5242449e+00  -3.0831888e-01  -8.5365451e-01  -3.9095851e-01  -7.6757638e-01   3.3256903e-01  -3.8311440e-01  -1.6034361e-01   1.1666970e+00  -1.4794144e+00  -4.5806015e-01   8.1479258e-01   5.1485951e-02   1.3653780e+00  -7.7858784e-01  -2.8983267e-01  -6.1098902e-01
   2.0000000e+00   1.2000783e+00   2.3766509e-01  -1.8482851e-01   6.0510063e-01   1.1673288e+00   8.9968553e-01   4.1198687e-02  -1.2024967e+00   7.3016928e-01   1.0225191e+00  -7.4682593e-01   9.8526669e-01   2.2030128e-01  -1.1680488e+00   6.5605983e-01   6.8739840e-01   2.0064581e-01   6.7272830e-01
   2.0000000e+00   2.0064129e+00  -1.0856141e+00  -1.8764237e+00  -4.1270713e-01  -8.9280410e-01  -8.6253820e-01   7.7333876e-02  -3.9124770e-01   8.3266502e-01  -1.6060988e-02  -1.8558928e+00  -1.8836433e-01  -1.2365839e-01  -4.7108601e-01  -9.8075565e-01   1.5122225e+00  -8.9233035e-01   1.8539404e+00
   1.0000000e+00   2.9073546e-01  -1.1258476e-01  -4.6228467e-01  -1.2900401e+00  -1.4921991e-02   9.1706530e-01   2.6548765e-01  -5.7045412e-01   1.9440229e+00   1.0172353e+00  -8.3709534e-01   1.4129374e+00   1.1947438e+00   7.8085099e-01  -1.0670615e+00   2.9966981e-01   2.6585987e-01   6.2937472e-01
   1.0000000e+00   1.7906130e-01  -5.3892266e-01  -7.3216329e-01  -6.1420158e-01   6.2195312e-01  -4.1789845e-02  -1.2954188e+00   9.9672871e-01  -1.3540972e+00   5.1363320e-01  -7.8482683e-01   2.7376880e+00  -1.3254747e+00   5.4452160e-01   9.2329639e-01   5.2745763e-01   9.6569604e-01   1.2163556e+00
   1.0000000e+00  -3.6062292e-01  -2.5016365e-01  -1.2727500e+00  -1.9575024e+00   2.3458218e-01  -4.4433977e-02   3.8218390e-01   4.0623412e-01   8.2804553e-02  -1.1736321e+00  -1.8991091e-01  -3.6714255e-01  -2.1287752e+00   2.3677820e-02   8.3268593e-02  -2.7017241e-01   1.2667103e+00  -9.2634723e-01
   2.0000000e+00   1.7686334e-01  -5.3136855e-01   1.5554389e+00  -7.1751368e-01   5.7696516e-01   4.3077973e-01   7.4539820e-01   1.4682367e+00  -1.3248043e-01  -9.8822421e-01   1.3446321e+00  -8.6319994e-01   3.6456222e-01  -8.0545836e-02  -6.6122676e-01   7.5738081e-01   6.5834595e-01   6.3545721e-01
   2.0000000e+00  -7.3565780e-01  -1.1570609e+00  -3.1791716e-01   1.5174601e+00  -1.7128825e+00  -5.7703692e-01   6.4731593e-01  -4.2010307e-01   5.9636692e-01   3.1093374e-01  -4.6815769e-01   2.7391686e-01  -4.3561312e-01  -1.1622375e+00  -5.1648229e-01  -1.2340098e-01   1.0578193e+00  -2.0160728e+00
   2.0000000e+00   1.5603613e-01  -5.4788296e-02   1.4096908e+00  -8.0205121e-01   3.6453576e-01   1.3225434e+00   6.8071285e-01   8.0556169e-01   1.2586964e+00   4.8054806e-01   5.5336487e-01   1.2656293e+00  -1.5040543e+00  -1.0606696e+00   2.5487511e-01  -2.1562097e-01   7.6658585e-01   6.0536820e-01
   2.0000000e+00   2.8047345e-01  -9.0519963e-02  -3.0745867e+00   1.3527566e+00   9.6165910e-01   1.0455163e+00  -2.8673263e-01   5.8148898e-01  -3.5092687e-01  -1.4944824e+00   4.4073951e-01  -1.8172996e-01  -3.2372347e-01  -1.2885017e+00  -4.6528319e-01   4.6699109e-01  -1.2272177e+00   1.9397519e+00
   2.0000000e+00  -3.3764497e-01  -6.9315673e-01   5.3997216e-01  -1.5018432e+00  -3.7096886e-01  -6.1476859e-01   2.3192812e-02  -1.4161345e+00   1.5487935e+00  -6.2777270e-01  -2.1213111e-01  -7.7850480e-01   3.5082489e-01   1.1774469e+00  -1.0487770e+00  -1.5766767e+00  -2.5179301e+00  -5.1189371e-01
   2.0000000e+00   2.0458003e-01  -3.7120084e-02  -9.9147526e-02  -1.9593409e-01  -1.6236898e-01   7.2164888e-01   1.5070176e-01  -1.2833998e+00  -9.7134031e-01  -2.1366933e+00   1.9148928e+00  -3.8929772e-01  -3.4795692e-01   2.7671676e+00  -1.1110288e+00  -8.8574534e-01   3.8469382e-02  -8.1218309e-01
   2.0000000e+00  -1.1830427e+00   6.5241199e-01   1.6926240e+00   6.2403032e-01   5.9832356e-01   4.9805218e-01  -2.3809967e-01   9.9023681e-01   9.1480620e-02  -9.0256627e-01  -2.9256088e+00   1.4488299e+00  -8.1025488e-01  -1.6677400e+00  -8.8872675e-01  -1.6811355e+00   1.7009292e-01  -7.2606460e-01
   2.0000000e+00   1.3600547e+00  -1.2777253e+00   2.4920864e+00  -9.1458882e-01  -1.1659651e-02  -8.8646719e-01   3.7467168e-01   9.2605057e-01   1.4049514e+00  -1.8982448e+00   5.3595101e-01   1.2310444e+00  -1.6614247e+00  -1.3738407e+00  -1.1078813e+00  -1.3654428e+00   5.8002922e-01  -7.0021394e-01
   2.0000000e+00  -5.4085038e-01   1.2520435e+00   6.5626791e-01  -1.2494035e+00   3.3741202e-01  -4.1507055e-01  -1.8953210e-01  -1.4589875e+00  -1.9776674e+00   1.5852163e-01  -1.9543438e+00  -1.0952306e+00   1.0091299e+00  -1.2995240e+00   1.3570071e+00  -8.7794248e-01  -1.6041504e+00  -1.2363851e+00
   1.0000000e+00   7.1968056e-01  -9.0670465e-01  -2.1286354e-01   1.4982911e-01   1.6722919e-01  -9.7390417e-01  -5.5747637e-01   1.8785524e+00  -1.6295657e+00  -2.0398940e+00   7.3030715e-01   9.4787168e-02   8.5562996e-01   3.5285976e-01  -5.9148537e-01   2.0340423e-01  -2.4993059e-01   1.3857976e-01
   1.0000000e+00   1.2125515e+00  -3.2129524e-01   1.3158527e-01  -7.2080173e-02   8.4393375e-01  -3.5219978e-01   4.6037495e-01   6.1831016e-03  -1.6294867e+00  -5.8182979e-01  -2.3920185e-01   8.8213719e-01  -3.0185861e-01   2.1192380e-01   7.5831795e-01   7.1884293e-01   4.6563108e-01   6.9277445e-01
   2.0000000e+00   3.7837461e-01   8.8969165e-01  -3.4670766e-01  -6.0460351e-01  -1.7878705e+00   9.4541661e-01  -1.4549958e+00  -4.1249546e-02   1.7583931e+00   4.4858169e-01   5.4610248e-01   5.0610243e-01  -5.9085465e-01  -1.4121087e+00  -6.8749911e-01  -1.3458884e+00  -9.9896058e-01   2.9931950e+00
   2.0000000e+00  -7.1472835e-03  -1.6924254e+00  -6.6599339e-02   6.0154105e-01   7.2529563e-01   1.4951503e+00   8.5645940e-01   1.1906893e+00   7.9314658e-01  -8.8478755e-01  -1.3214581e+00   1.5698996e+00   9.8274584e-02   1.1049846e+00  -2.1077290e+00   6.7586708e-01  -8.5398007e-01   7.9071497e-01
   2.0000000e+00  -3.6236043e-01  -8.7273749e-01   1.7841554e+00   2.6587900e-01  -2.6876010e-01   1.2861296e-01  -1.2526825e-01  -5.6149421e-01  -7.9260922e-01  -8.3500827e-01  -1.1285869e+00   3.6422542e-01   1.0908614e+00  -4.7301082e-01  -1.8926926e+00   1.1526100e+00  -1.6197119e-01  -5.4875512e-01
   2.0000000e+00   4.9312467e-01  -5.9472688e-01  -1.7714862e+00  -8.1887491e-01  -8.9958347e-01  -1.1180992e+00  -1.5680781e+00   2.7718925e-01   6.5004534e-01   1.2724223e+00  -8.4503238e-01  -2.7904299e-01  -1.0139462e+00   2.5185038e+00   7.8843092e-01  -1.9306439e+00   3.4284259e-01   1.3428038e+00
   2.0000000e+00   1.1249547e+00   9.1978046e-01   7.8769321e-01  -1.1085562e+00  -5.4769993e-01  -1.9969581e-01   1.3926963e+00  -3.0373537e-01   2.6935079e+00  -7.8510148e-01   7.8421368e-01  -5.3803094e-01  -1.6631657e-01  -1.4144044e+00   6.5983171e-02   3.6917841e-01  -6.9850391e-01   8.7844480e-02
   2.0000000e+00  -1.9166916e-01   2.9026189e-01   1.2807321e-01   4.4331770e-01   5.4456201e-01  -1.0154246e+00  -8.8455924e-01  -1.1085871e+00   9.4451049e-01   1.0607062e+00   1.2715337e+00  -1.6010216e+00  -2.6486876e-01   2.0320496e+00  -1.1228018e+00  -1.3100149e+00  -8.9215490e-02   1.8028505e+00
   2.0000000e+00  -1.8361950e+00   6.5724147e-01  -1.8173034e-01  -2.9536446e-01   1.9411736e+00   5.6785382e-01   9.7205278e-02   8.1337668e-01  -4.8351040e-02   1.0141062e+00   5.7221682e-01   2.1569160e-01   8.2538903e-01  -1.3105479e-01   1.6443026e+00  -7.2852909e-01   9.5029602e-02  -1.9596091e+00
   2.0000000e+00  -7.5011193e-01  -2.3812974e+00   1.0045428e+00   5.0512329e-01  -9.9863906e-02   6.3589322e-02   3.1915564e-01  -9.9527940e-02  -3.9291358e-01   3.8516441e-01  -4.3897420e-01  -8.2164012e-01  -9.8777636e-01  -5.5404226e-02  -1.3692094e+00  -2.7355331e+00  -1.7653368e+00  -1.5049987e+00
   2.0000000e+00  -1.2534593e+00  -1.1254598e+00  -2.1981181e-01   2.1271212e-01  -9.7566292e-01   1.0526419e+00  -1.0117488e+00  -1.1734035e+00   1.1497239e+00   3.8513133e-01   4.2502546e-01  -1.5514738e+00   3.8668980e-01   6.8497822e-01  -1.2513808e-01  -8.6001919e-01  -8.1252204e-01   6.3348857e-01
   2.0000000e+00   2.2653249e-01  -7.9175884e-01  -8.1628736e-01  -6.3358673e-01  -8.2688662e-01  -2.8995575e-01  -1.1299515e-01  -1.1265027e+00  -4.1932722e-01  -1.1263871e-01   1.4571031e+00   8.0991752e-03   2.5224071e+00  -3.9509982e-01  -1.1253492e+00   1.3693915e+00   7.2706353e-01   1.3618823e-01
   2.0000000e+00  -7.8171011e-01  -5.6464407e-03  -1.2952886e-01   9.5171868e-01  -2.2764685e+00   7.9748883e-01   4.3509053e-01  -3.1604556e-01  -5.9512707e-01   6.2567192e-03   6.2700841e-01   1.5320294e-01  -8.5311279e-01   2.0748677e+00  -1.1799462e+00  -3.0711269e-01   2.1408833e+00  -5.1765955e-01
   2.0000000e+00  -2.5825324e+00   9.9893617e-01   5.6828642e-01   8.8786533e-01   1.3999868e+00  -6.4435711e-01   1.8318060e+00  -2.8923732e-01   1.5437828e+00   1.0607310e+00   2.9433944e-02   7.1324401e-01   8.7967912e-02  -9.4373306e-01  -1.6967942e-01  -3.8495828e-01   2.8895252e+00  -6.2452100e-01
   2.0000000e+00   3.8520816e-01   1.9965242e+00  -4.7361863e-01   1.7552929e+00  -1.2275837e-02   2.9675650e-01  -1.3027240e+00  -1.7559079e+00   1.2838088e+00   3.1780895e-01   1.9878005e+00   1.2260279e+00  -1.4464255e-01  -2.4554543e-01   9.0207614e-01   8.0203893e-01  -6.4612667e-02   8.4598813e-01
   1.0000000e+00   2.4050895e-01   1.0596727e-01   9.3721672e-01  -1.3781954e+00  -8.8189351e-02   1.2331695e+00  -2.7194343e-01  -7.9000270e-01   5.1488988e-01  -1.0122561e+00   6.9395173e-02   8.1279259e-01  -1.7933964e+00   9.4202987e-01  -5.8694318e-01  -2.1493534e+00   1.5783581e+00  -1.3479317e+00
   1.0000000e+00   1.0501041e+00  -6.6139955e-01   3.4415916e-01  -1.4916605e+00  -1.5194999e+00   7.3388698e-02  -2.4000714e-03   1.3277396e-01   1.6536138e-01   2.2884404e-01   7.8744739e-01  -8.6605834e-01   7.2493696e-02   1.3701681e-01   8.4205931e-01  -3.4557773e-01   6.6707462e-01   1.0713123e+00
   2.0000000e+00  -1.4844478e+00   1.5328214e+00  -1.1026406e+00   4.1177799e-02  -1.2131200e+00   9.7236487e-01   1.1682130e+00  -3.7608865e-01  -1.7855824e+00   6.3593499e-01   8.1559258e-01  -1.4726325e+00  -1.4678614e+00  -9.5083795e-01  -5.1433628e-01  -1.1830569e+00  -6.6739836e-01   4.7384298e-01
   2.0000000e+00  -3.8611280e-01  -5.9673127e-01  -1.8431439e+00  -6.5747569e-01  -9.2064716e-01  -8.3185180e-02   1.4569691e-01   2.2068242e+00  -1.9608870e-02   8.1816627e-01  -7.3210568e-01  -1.3471327e+00   6.5410394e-01   1.8256619e+00  -4.2807122e-02  -2.1495103e-01  -1.5606622e+00  -1.6165431e-01
   1.0000000e+00   6.4064387e-02  -8.2076712e-01  -1.2013497e+00  -1.8289284e+00   1.9230949e-01  -1.5089657e+00  -2.6355889e-02   3.2194202e-01  -1.7672163e+00   3.4639534e-01   1.2629623e+00   1.4761255e+00  -2.5871441e+00   3.9324619e-01  -6.1882176e-02  -3.0003417e-01   8.5033849e-01   5.3197059e-01
   1.0000000e+00   3.5748064e-01  -5.4787159e-01   1.1798166e+00  -8.3725822e-01   5.2789305e-01  -1.6754288e+00   1.0680417e-01  -3.8808919e-01   7.8333669e-01   1.0418417e+00  -2.6836983e+00   1.8069489e+00   1.0947584e+00   1.4503335e-01   6.2860544e-01   7.7792237e-01  -7.5166000e-01  -5.2561602e-01
   2.0000000e+00  -7.8439248e-03   1.1093456e+00   1.0014297e-01  -6.7011375e-01  -1.3225370e+00  -1.6373224e+00   2.3179862e-01   5.6757071e-01   1.2842754e+00  -2.6822762e-01   9.3399662e-03   9.0709041e-01  -5.2869390e-01   2.2998157e-01   9.9903467e-04  -2.5489832e+00   1.7790082e-01   2.4235816e-01
   2.0000000e+00  -1.0162787e-02  -1.0348409e+00  -3.9767583e-01  -3.3475283e+00  -2.4327051e-01  -8.1687886e-01  -5.3069327e-01  -1.7490163e+00  -1.3423112e-01   3.5900772e+00   1.2399774e+00   3.9033059e-01   1.8343253e+00  -7.5757215e-01   1.0088664e+00  -5.5227976e-01   9.2117815e-01   8.2108069e-01
   2.0000000e+00  -5.2664448e-01  -2.2150663e+00   2.3887532e-01  -2.1553868e+00   4.5401470e-01  -1.0296940e+00   1.6806998e+00   3.6076095e-01  -1.1825063e+00   5.2365707e-01   1.7201454e+00  -1.0750627e+00  -1.9438184e+00   3.8289208e-01  -7.1112577e-01   1.3601643e+00  -2.2661316e+00  -1.0029831e+00
   2.0000000e+00   9.3256294e-01   9.0763221e-01   1.9121326e+00  -1.7131978e+00   4.4170816e-01   7.0007022e-01  -2.4981104e+00  -5.5517879e-02   2.2621781e+00   4.6242942e-01  -2.7767625e-01  -5.5902203e-02  -1.6179305e-01   1.8533312e+00   2.1619883e+00  -1.3697274e+00  -5.3155200e-01   9.5860745e-01
   1.0000000e+00   3.3310006e-01  -1.4347325e-01  -1.0241973e+00  -6.5897909e-01   3.7302493e-02   5.1763372e-02  -3.7971185e-01   6.5365326e-01  -1.7725412e+00  -2.7050390e-01  -2.0205301e-01  -1.5999455e+00  -6.4549218e-02   2.2419934e-02  -1.4922444e-01  -2.4148547e-01   5.5271836e-01  -1.3484706e-01
   2.0000000e+00   6.6625934e-01  -1.8070314e+00   1.0941914e+00   1.0989221e-01  -1.7984176e+00  -1.4401057e-01   1.1870715e+00  -4.0853695e-01   8.6341034e-01   2.5870829e+00  -1.1076702e-01   3.9921144e-01   1.4497036e+00   2.1601747e+00   1.9173620e-01   9.3649048e-02  -2.4329017e-01  -1.0650106e+00
   1.0000000e+00  -1.3438641e+00   4.7730775e-01   1.9702632e+00  -6.9601925e-01   3.4600713e-01  -9.4445377e-01  -2.9141704e-01   1.2245989e+00   1.7053445e-01  -8.1360401e-01   3.4976423e-01   2.0974568e-01  -1.2380279e+00   8.1544727e-01  -1.0038020e-01   9.5023732e-02   2.8763205e-01   1.0656228e+00
   2.0000000e+00  -3.7954365e-01  -1.2681147e+00   1.6041168e+00  -1.9718415e-02   5.6074181e-02   4.7467705e-01   5.7344253e-01  -7.7330508e-01   1.8040461e-01  -1.2892237e+00   7.8969520e-01  -1.2284068e+00  -2.5699368e-01  -3.8423347e-01   6.1909953e-02   8.8485281e-01   2.2827858e-01   5.7679380e-02
   2.0000000e+00  -2.3736436e+00  -1.1296222e+00  -1.4810715e+00  -8.4390189e-01   6.5846012e-01  -2.6173959e+00  -5.6751317e-01  -2.0193858e+00  -1.5863061e+00  -8.7633326e-01  -9.8019189e-01   1.5006636e+00  -1.6405638e+00  -2.7641688e-01  -3.5198497e-01  -7.6291710e-03  -1.0094094e+00  -7.0029340e-01
   2.0000000e+00  -3.7957269e-01  -1.9520480e+00  -6.5023903e-01  -1.6374086e+00   2.0215859e+00   1.1321203e-01  -3.6662629e-01   1.0433449e+00   9.3736314e-01  -1.8460763e-01  -9.7647793e-01  -8.9385253e-01   3.8095051e-01   7.8250127e-01  -2.1094225e+00  -6.6872580e-01   1.9689270e+00   1.1809063e-01
   2.0000000e+00  -1.8251495e-01  -1.1313831e+00   1.8640018e-01   3.9364089e-02   2.0837959e+00  -4.7014624e-01  -3.5233422e-01   1.4373836e+00  -1.2920410e+00  -3.9190697e-01  -1.6002343e-01  -1.2122356e+00  -9.5668612e-01  -3.6379032e-01   1.2037631e-01   6.4261029e-01  -2.6505259e-01   1.7962693e+00
   2.0000000e+00  -2.8264766e-01  -2.0974039e+00   3.8904526e-01  -2.1201785e+00   2.9433175e-01  -1.0039488e+00  -1.1928885e+00  -9.3095520e-01   1.3221905e+00   3.6993622e-01  -9.9004184e-01   5.0732129e-01  -1.0902469e+00  -2.7300834e-01   2.7705049e-02  -1.7486529e+00  -2.5189687e-01   1.1676267e-01
   2.0000000e+00  -1.1301348e+00  -2.7460523e-01   8.6331119e-03   4.8704266e-01   2.0065818e+00   1.4725186e+00  -1.4706384e+00   1.8678417e+00   5.2011113e-01   1.9412773e+00  -4.5509738e-02  -3.0124132e-01  -9.4039487e-01  -3.3487033e-01   9.7984130e-03  -5.4467325e-01  -1.3958185e-01   2.0200291e-01
   2.0000000e+00  -5.0373740e-01  -7.1309777e-01  -7.8958818e-01   1.1473707e+00   1.7883866e-01  -7.4097801e-02   9.8692038e-01   1.8257373e+00  -2.0732456e-01  -1.7176195e-01   3.4500862e-01   7.5682779e-01   1.2066253e+00  -5.9395728e-01   2.7493499e-02   4.0333169e-01   2.9217728e-01   1.9327258e+00
   2.0000000e+00  -1.1381431e-02   8.2681735e-01  -8.1247303e-01  -7.1014338e-01   5.4957744e-01   1.8243700e+00   4.6787510e-01  -4.4547201e-02  -1.1614359e+00   2.0618358e-01   1.8923745e+00  -1.7867825e+00  -9.9445640e-01  -1.1249151e+00   6.7967933e-01  -3.1139858e-01   1.6521183e+00  -2.4794451e-01
   2.0000000e+00   8.4004713e-01  -1.7349754e-01  -1.1061539e+00  -2.7077608e+00  -7.4457890e-02   6.7143890e-01  -7.9216818e-01  -6.9606558e-01  -9.9112843e-01  -7.8754545e-01  -3.5633481e-01   2.9848229e-01   4.5238472e-01  -9.4438391e-01   5.8201544e-01   1.8356765e+00  -1.1092357e-01  -6.6638577e-01
   2.0000000e+00   8.8590804e-01   6.8022583e-02  -7.6659526e-01  -1.5155282e+00   9.2997950e-01   6.2705808e-01   1.3596697e+00  -1.4730348e+00  -4.5402705e-01   2.3349362e-01  -4.1459200e-02  -9.3886074e-01   7.3633456e-01   1.6005537e+00   1.3850484e+00   1.5000040e+00  -1.1288688e+00  -8.4319634e-01
   2.0000000e+00  -2.5353029e+00   4.6656917e-01  -5.7846465e-01   1.7340037e+00   4.1529897e-01  -9.4455557e-01   4.2517879e-01  -6.8954644e-01   1.1981355e+00  -5.3966794e-01   3.7756982e-01  -1.4887515e+00  -6.2778374e-01  -2.6027718e-01   6.9041652e-01  -7.5524269e-01   5.8364293e-01  -3.5774605e-01
   2.0000000e+00  -7.1115106e-01  -3.6031325e-01   1.0723286e+00  -9.7917593e-01   4.2815716e-01   2.1151773e-01   5.7022164e-01   1.2943806e+00   1.4937389e+00  -9.4837006e-01   2.1787893e-01  -7.2977858e-01  -6.1048807e-01  -8.3650256e-01   1.1246438e+00  -9.3164190e-01   3.6811460e-01  -2.4559413e-01
   2.0000000e+00  -2.3289244e-01   2.2398992e+00  -7.4356742e-02   2.9352326e+00   7.8034565e-01   1.1037407e-01  -8.1964394e-01   2.5835671e+00  -5.9745209e-01   3.2070479e-01   1.0584867e+00  -9.2531133e-01   7.7186054e-01  -1.8746399e+00   1.3870468e+00   5.2932825e-01  -2.2874652e-01   3.1699846e-01
   2.0000000e+00   6.0324108e-01  -6.4581800e-01  -3.8003661e-01  -9.4805048e-01  -1.8095905e+00  -8.2577072e-01  -4.3474115e-01  -9.9844982e-01  -5.4198227e-01   9.1199186e-01  -3.0704790e-01  -3.7434315e-01  -3.3050575e-01  -1.6438330e+00   2.8641519e-01  -2.0952131e-02   2.0952117e-01   2.7776214e+00
   2.0000000e+00   6.9787395e-01   6.9506311e-01   1.7381618e-01  -1.6908730e+00  -1.4264716e-01   2.2231620e-01  -1.7324368e+00   4.1982392e-01  -9.4202900e-01   5.8654853e-02   7.0585699e-01   1.4461907e+00   1.4752497e+00   1.2653027e+00  -1.5066193e-01   1.4569973e+00  -2.5602541e-01  -8.2238739e-01
   2.0000000e+00   9.8887324e-01  -2.7980829e-01  -1.7761830e+00  -2.1365048e+00  -1.5231044e+00  -2.2875825e+00   1.2538431e+00  -6.4637730e-01   5.8705548e-01  -2.6555934e-01  -3.1681354e-01  -1.8557116e+00  -6.5422305e-01   4.1164969e-01   1.1393776e+00  -3.9205236e-01  -1.4033860e+00   1.9507250e+00
   2.0000000e+00  -1.1531529e+00  -5.6481266e-01  -9.7779192e-01   1.5420882e+00  -6.4970319e-01   4.2243584e-01  -3.0893603e-01   4.4708187e-01  -8.9019781e-01   6.8422274e-01   1.9545002e+00  -8.2451562e-01   7.9227985e-01   1.2294323e+00  -1.7984278e-01  -2.1131432e+00   1.6492438e+00  -3.3977516e-01
   2.0000000e+00  -2.5295489e-01  -1.3676134e+00  -1.6988644e-01   5.2675434e-01   8.3665042e-01  -1.8310384e+00   4.6162498e-02  -1.2838563e-01  -1.6624067e-01   8.9643008e-02  -3.0801615e-02   7.7026055e-01  -7.8742843e-01  -2.1863053e-01   1.3191338e-01   2.7901223e-01  -1.5416798e+00  -9.4702101e-01
   2.0000000e+00  -1.4917321e-02   1.0033327e+00  -1.0111334e+00   1.1384013e+00  -8.4242760e-01   5.5299329e-01   1.0198297e-01  -6.6266387e-01  -9.9744326e-02   1.1817722e+00   1.2847742e+00  -1.9151672e+00  -1.4054141e+00  -1.6641857e+00   1.3528335e+00   4.5510106e-01  -1.0994040e+00  -6.5145549e-01
   2.0000000e+00  -1.8855188e+00   1.1653366e+00  -1.8324835e+00  -9.3481833e-01   4.1879767e-01  -1.3930642e+00   1.4200118e+00   2.4083263e-01   1.3867355e+00   4.7203998e-01   8.2283743e-01  -2.1076885e-01  -4.1130067e-01   8.5109570e-01  -2.1496733e-01  -7.3927751e-01  -1.4844305e-01   7.8588653e-01
   2.0000000e+00  -4.0567655e-01   5.6867596e-01   8.6748580e-02   2.5462036e+00   5.9132710e-01   7.2131388e-02   1.1695918e+00   7.4279573e-01   8.8262302e-01   6.7244154e-01  -1.1748571e+00   3.0674817e-01  -1.0208838e+00  -1.5144441e-01  -2.0250917e+00  -2.0562800e-01   5.3977676e-01  -6.7486822e-01
   2.0000000e+00  -2.9036107e-01  -3.0379828e-01   2.1860774e-01  -1.0648054e-01  -4.2213829e-01   1.0840115e+00  -6.3684290e-01   1.1665399e+00  -2.1592847e-01  -1.2439360e+00   2.2879878e-01   3.5066659e-01   6.0018221e-01  -1.0163164e+00  -2.1907311e-01  -1.5337906e+00   7.9985870e-01  -3.8361902e-01
   2.0000000e+00   1.8229992e-01  -4.8964873e-01   2.1087131e+00   1.0859672e+00   5.1927129e-02  -4.5559657e-01   1.2032741e+00  -5.4908309e-01   4.9286258e-01  -2.3232664e-01   1.7977294e-01  -2.7867864e-01   7.9494735e-02  -1.9014437e+00   5.5568815e-01   2.8992406e-01   1.8366785e-01  -2.9283309e-01
   2.0000000e+00  -9.2933823e-01   4.0948066e-01  -1.5935825e+00   1.6697683e+00  -5.4004377e-02  -1.3568818e+00  -1.1582141e+00   2.0179184e+00   3.2335658e-02  -8.5474345e-01  -5.2137277e-01  -4.5212022e-01  -8.8681681e-01   1.1079656e+00   7.7085486e-01  -7.9955079e-01  -2.5911468e-01  -1.3793691e-01
   2.0000000e+00   1.0357333e-01   1.2243890e+00   8.8225906e-02  -1.8031056e-01   1.3904554e-01   1.6659238e+00  -1.5633030e+00   1.1009388e+00   1.0078169e+00   2.9998933e-01  -2.4062640e-02  -1.8419833e+00  -1.8573170e+00  -1.2786042e-01   5.4224155e-01  -3.0474478e+00  -1.2714283e+00   1.8036508e-01
   2.0000000e+00   2.1114699e-01  -3.7713845e-01  -3.6306526e-01  -1.2651719e+00   9.4370146e-01   1.4583560e+00   1.3954554e+00   2.4179079e+00  -7.2469349e-01  -1.5994343e+00   2.1576849e-02  -4.4262260e-01  -4.3400398e-01  -5.5451858e-01  -2.0637451e+00  -5.5749170e-01   8.7846624e-01   1.1458399e+00
   2.0000000e+00   1.5795593e+00  -1.7457423e+00  -3.4439018e-01  -1.2474978e+00  -1.9970415e+00  -2.1606802e-01  -6.2878142e-01   1.5314249e+00  -1.5760946e+00   9.7496444e-01   2.8573870e-01  -2.1451285e+00   4.3649352e-01  -2.6921942e-01   1.8095365e+00  -1.7956292e+00   1.3464625e+00   2.9580732e-02
   2.0000000e+00  -7.8901981e-01   9.3014994e-01  -1.0447087e+00  -3.1539209e-01  -7.3583785e-01   6.7696279e-01  -2.3070521e-01  -1.0918941e+00  -7.9111752e-01   6.4429725e-01  -5.8383560e-01   6.2697408e-02   9.3570855e-01  -1.9931265e+00   4.2629817e-03   1.5568201e+00  -1.5748163e-01  -5.7052772e-01
   2.0000000e+00   4.6791888e-01  -1.0932787e+00  -1.2986995e+00   1.4001149e+00  -4.3671931e-02  -3.0525905e+00  -1.9712214e+00   4.2945889e-01  -1.8123523e-01  -4.5976006e-01   1.7606173e-01  -3.4473531e-01  -6.0329936e-01   1.1871378e+00   8.8652218e-01   5.9575173e-02  -1.1290175e+00  -3.1505288e-02
   2.0000000e+00  -4.0992812e-01  -1.3974354e+00   2.2123969e-01   6.5870084e-01  -2.6190657e+00  -1.6297031e+00  -7.2816939e-01  -9.5189312e-01  -1.2142050e+00   1.1463119e+00  -2.4361598e-01  -1.0312322e+00   3.4272182e-01  -5.5968895e-01   1.6943940e+00   1.1977066e-01   5.9495490e-01   1.5825893e+00
   2.0000000e+00   1.8762288e+00   1.3416767e+00  -4.6764039e-01  -4.6233354e-01  -6.0179884e-01  -8.5453197e-01   2.9848009e-01  -1.0482927e+00   1.6442009e+00  -7.4069374e-01   1.1278476e+00  -1.6639992e+00  -1.9870308e+00   8.1132132e-01   2.6238976e-01  -9.4427160e-01   3.4201672e-01  -1.3060388e+00
   2.0000000e+00  -8.4519081e-01   6.8051626e-01  -9.8925592e-02   2.8757954e-01   3.6817026e-01   6.8675948e-01   3.5324585e-01  -1.0535760e+00   3.7280527e-01   3.4618798e-01  -6.2963387e-01   3.1464179e+00   1.7055633e+00  -1.2582963e-03   1.6137736e+00   1.6888041e-01  -4.0807418e-01   1.1094038e+00
   2.0000000e+00   2.0371979e+00   5.8739265e-01  -1.9273767e+00  -3.3790114e+00  -7.8297520e-01   4.5522899e-01   5.8500170e-01  -1.7797540e+00   6.9086989e-01  -6.5719012e-01  -7.8063359e-01  -7.2748580e-01   9.7205032e-01   1.1189837e+00   2.2100772e+00   6.5745612e-01  -1.2586076e-01   4.8362256e-01
   2.0000000e+00   9.2553461e-01   2.1578724e-01  -7.8554978e-01  -9.3269616e-01   1.1277049e+00   8.8265067e-01   2.3513659e-01  -1.7003435e+00  -1.0686157e+00  -6.8821115e-01   8.8200767e-01  -2.0417458e-01   8.7422741e-01   1.6003446e+00  -2.1627489e+00   1.2306413e-01  -7.4427128e-01  -4.5617117e-02
   2.0000000e+00   9.2986225e-01  -8.0191637e-01  -2.5605191e+00  -7.8254219e-01   8.9183173e-01  -2.8533040e-01  -9.7773309e-01   1.4349817e+00  -7.3064431e-01   3.2393412e-01   5.0169185e-01   2.0727139e+00   1.3224053e+00   6.3798143e-01  -1.3945054e+00   8.7761225e-01  -1.7562262e+00   8.3665827e-02
   2.0000000e+00  -1.2444682e-01   1.1282497e+00   4.0835425e-01   4.5885107e-01   3.0577281e-01   1.2946322e+00   2.8588005e-01   4.5112575e-01   6.8568338e-01   1.1711334e+00   1.8881618e-01  -2.4582547e+00  -5.2636196e-01   7.4223798e-01   3.9783750e-01  -5.5066629e-01   8.5784023e-02  -3.4496043e-01
   2.0000000e+00  -2.8372286e+00   1.5813247e-01   2.6595452e-01   9.2283255e-01   5.0411460e-01  -1.9003530e-02   2.8344999e-01  -2.0245871e+00   9.6617306e-01   6.7853907e-01   3.6400073e-01   5.6483957e-01   5.4161267e-01  -6.5465933e-01  -7.3837220e-01   1.0936664e+00  -9.7413429e-01   3.1012774e-01
   2.0000000e+00  -7.0503201e-01   1.3406197e-01  -1.2045619e+00   7.8694211e-01  -8.7812335e-01  -1.4323977e+00   1.7137425e+00   1.4420547e+00   1.7798613e-01   4.6007911e-01   1.2247207e+00   1.0113671e+00  -2.2015383e+00  -9.3315062e-01   1.2647091e+00   3.7944059e-01  -8.2210838e-02   1.9716053e-01
   2.0000000e+00  -8.3504753e-01   2.5476851e-01   8.6068932e-01  -6.5101435e-01  -2.0612784e-01   2.8176172e-01  -9.5351226e-01   3.9696137e-01  -1.3488334e+00   1.7316821e+00   1.7160416e-01   1.7670385e+00   2.7162839e-01  -6.0460059e-01   1.0122867e+00   1.1930976e+00   2.4646206e-01   5.1223075e-01
   2.0000000e+00  -8.5055685e-02   2.1152745e-02  -6.5734190e-01  -6.7645247e-01   5.0826641e-01   1.3164526e+00   1.2237200e-01  -3.1038395e-01   5.6911075e-01   8.2324799e-01   2.9309569e-02  -2.0694149e+00  -3.4929174e-02   1.1062669e+00  -8.9113866e-01  -5.8057828e-01   7.8998010e-01  -4.6781412e-01
   2.0000000e+00   1.0485541e+00  -1.5650790e+00   5.1326818e-01  -1.3519443e+00  -8.1921059e-01   6.7448046e-01   6.6200914e-02  -1.2409961e+00   8.6285991e-01  -2.2067656e-01   1.9850482e-01  -1.9283911e+00   6.6654695e-01  -4.3989366e-01   1.5564306e+00  -1.8821431e+00   1.1831574e+00  -1.2749787e+00
   2.0000000e+00  -1.4239190e+00   1.6449101e+00  -4.9698135e-01   4.7317787e-02   1.0777791e+00  -1.3904586e+00  -4.2948756e-01   4.1857242e-01  -1.1317763e+00  -4.5085509e-01  -1.4042955e-01  -1.9219204e-01  -3.2287386e-01  -8.4589492e-01   1.9740946e+00  -4.6966823e-01   2.8721468e-01  -1.0829157e+00
   2.0000000e+00   4.9182382e-01   1.6396511e+00  -3.1544691e-01   1.0307396e+00   5.0708761e-01   1.3675213e+00  -3.3345501e-01   1.0819076e+00   1.1774020e+00   4.7178229e-01   1.9061904e-01   5.0836980e-01  -6.4805931e-01   1.2158678e+00  -5.5029223e-01   1.4074843e-01  -1.2221839e+00  -1.4605579e+00
   2.0000000e+00   5.1310314e-01  -1.6650045e+00   7.2435006e-01  -7.1033636e-03   3.2398754e-01   1.2065950e+00  -4.8938486e-01   1.7968775e-01  -1.0827007e+00  -1.6262861e+00  -1.3152568e-01   7.2635223e-01   1.0903819e+00  -2.0865466e-01   2.9063395e-01   3.3293557e-01  -4.4435164e-02  -1.1811829e-01
   2.0000000e+00  -1.0079462e+00  -1.9837595e+00   1.3304171e+00   1.1740283e+00   1.8839544e+00  -3.0789061e-01   4.4819722e-01  -1.2544852e-01   2.5855078e-01  -4.9471019e-01   1.0422644e+00   1.5751386e+00   2.0295110e+00   1.4641209e+00   2.6223120e-01   2.6057928e-01  -5.7937521e-01   2.0762924e-01
   2.0000000e+00  -3.3535497e-01   7.8084006e-02   7.9391629e-01  -1.2692792e+00  -2.9142325e-01  -1.1681285e+00  -9.8965832e-01   4.0818776e-01   3.0842043e+00   6.6066789e-01   2.0351162e+00  -1.2968090e+00  -1.4391976e+00   1.7686649e+00  -1.1309293e+00  -7.0911547e-01  -8.5200709e-01   4.1020533e-01
   1.0000000e+00   9.6679416e-02   6.5669876e-01   4.4386667e-01  -1.2938344e+00  -2.9845571e-01   1.1980603e+00  -1.0938860e+00   3.6402829e-01   1.1516072e+00  -1.2195583e+00   6.3811518e-01  -9.8727660e-01  -1.7155108e+00   5.6181484e-01   2.2378157e+00   5.8426417e-01   2.0493383e+00   2.6236598e-01
   1.0000000e+00   1.0192332e-01  -1.7472883e-01  -1.1766523e-01  -5.5149852e-02   8.2021654e-01  -1.9881338e-01   4.3371109e-01   3.6726523e-01   1.1773102e-01   1.3833024e+00  -1.5250615e+00   1.1019499e+00  -2.3671389e-01   5.6019765e-01   1.9365246e+00   1.3468038e+00  -9.8468967e-01  -5.2523012e-01
   2.0000000e+00   8.2273307e-01  -1.2622735e+00  -8.5944829e-01  -5.7043230e-04  -2.0209558e-01   9.5164852e-01  -1.0131853e+00   2.6149255e-01   7.3805980e-01  -1.2173776e+00  -4.4249413e-01   3.4447877e-01   1.6926739e+00   1.2675851e+00  -3.4291080e-01   6.9216924e-01   1.1193058e+00  -8.2041781e-01
   2.0000000e+00  -1.3441279e+00   1.6059765e-01   1.4093684e+00   2.3546708e+00  -5.9346633e-01   4.1212513e-01  -1.0758164e+00   4.5540986e-01  -6.5350284e-01  -1.0205016e+00   1.2693358e-01   1.0469315e+00  -1.8204431e+00  -3.6341221e-01   7.5604809e-01  -1.7383522e-01  -2.7559630e-02   2.4085012e-01
   2.0000000e+00  -5.9211503e-01   6.9342337e-01  -8.6328533e-02   1.4959272e+00   2.4474205e+00  -5.5121263e-01   1.1607483e+00  -1.2192863e+00  -1.5532123e+00  -7.0034280e-01  -1.6886262e+00   9.9059247e-01   6.0627430e-01  -4.8871119e-01  -9.9239672e-01   1.2772364e-01   1.8719857e+00  -6.5637145e-01
   2.0000000e+00  -5.5396850e-01   1.1337932e-01  -1.0303844e+00   2.9801651e-01  -2.1561228e+00  -1.9376377e+00  -1.6835616e+00   1.2325510e+00   3.5881858e-01  -4.6857559e-02  -6.3391727e-01   5.4403559e-01   2.0657344e+00  -4.1287282e-01  -9.2660892e-01   1.5464227e+00  -3.3081757e-01   8.7088573e-01
   2.0000000e+00   2.5784875e-01  -2.3047738e-01   1.2249300e+00   5.6159183e-01  -1.3543396e+00   9.1278019e-01  -2.3423246e-01  -6.8677885e-02   1.8740757e-02  -8.7463568e-01  -2.2379689e-01  -6.6906425e-01  -7.1172230e-01  -8.4043858e-01  -2.1466224e-01   1.1334433e+00  -6.0874823e-02  -2.0327224e+00
   2.0000000e+00  -6.4159057e-01  -7.7728483e-01   1.5055142e-01   1.2961023e+00   1.9766260e+00   1.1713870e+00   5.4327926e-02  -5.3701477e-01   2.7291937e+00  -2.1695797e+00  -4.6029662e-01   7.3467139e-01  -2.0773505e-01   1.0795752e+00  -9.0758156e-01   1.4491667e+00   1.6516622e+00  -1.4034609e+00
   1.0000000e+00  -7.2662548e-01  -4.2983756e-01  -6.3550750e-01   1.1732851e+00   2.9743360e-02   7.6815017e-01   1.9251789e+00   1.8520712e+00  -6.9721723e-01   3.3404999e-01   6.8430835e-01   1.0526540e+00  -3.5834832e-01   1.3734884e-01  -1.1839919e+00   3.8478359e-01  -2.1538281e+00  -1.7419386e-01
   2.0000000e+00   5.6485988e-01   2.7887287e-01   1.6895498e-01   1.2221121e-01   1.0978435e-01  -1.2163949e+00  -9.8335829e-01   1.7722329e+00   2.5651555e-02  -1.8702736e-01   5.7872688e-01   6.2760361e-01  -9.1561853e-01  -2.9168118e-01  -3.4096630e-01  -8.6760049e-01  -8.0396876e-01   6.9286150e-01
   2.0000000e+00   1.3144541e+00  -1.4888879e+00  -1.9501689e-01   4.4509440e-01  -1.8143904e+00   3.8158609e-01  -4.9235040e-01   1.6746097e+00  -2.7342303e-01   4.5185150e-01   6.2415730e-01  -4.5572117e-01  -1.8982708e-02  -5.2286831e-01  -3.9764706e-01  -1.5434872e-01   1.3980861e+00   4.6203634e-01
   2.0000000e+00   1.1920254e+00   1.9556569e+00   8.8860178e-01  -6.5164108e-02  -1.6853898e-01   2.0606390e-01  -2.3860846e+00   6.3260772e-01   7.6762107e-01  -5.7088780e-01   1.0929339e+00  -1.6086055e+00  -1.0367452e+00  -4.0660434e-01   5.2239560e-01   1.8519190e+00  -1.6814242e+00  -1.0244469e+00
   2.0000000e+00  -1.7903019e+00   7.3139165e-01  -5.1493178e-01   1.3887735e+00   2.0746754e+00  -4.2041813e-01  -1.6053118e+00   5.6235363e-01   1.3945164e+00  -1.0957533e+00   8.0570249e-01  -3.6988394e-01  -9.0840570e-01   1.8496754e+00  -5.5241590e-01   1.1530017e+00  -5.8428969e-02   1.9632311e+00
   1.0000000e+00   6.5266484e-01  -1.9635582e-02   7.8243035e-01  -2.7260481e-01  -1.4575698e-01   4.4763532e-01  -3.6031774e-01   4.7873610e-01   3.0810460e-01  -3.1689817e-01  -1.4905562e+00  -2.6157330e-01   1.9695971e+00   2.5493060e-01   5.2325840e-01  -9.5362006e-01   3.6576640e-01   7.1146947e-01
   2.0000000e+00   1.0170723e+00   6.4498907e-01  -3.3069537e-02  -1.0030164e+00   1.2591893e+00  -4.4220271e-02  -1.2212393e+00  -1.5096661e+00   7.2016790e-01  -2.9180221e-02  -2.9746175e-01   1.5737102e+00   3.0493209e-01   1.2141508e+00  -9.2977653e-01  -1.5239340e+00  -3.9318914e-01  -1.2452311e+00
   2.0000000e+00  -1.4846126e+00  -5.3783302e-01   5.6596153e-01   1.6876072e-01  -7.8785154e-01  -9.8445620e-01  -1.9392720e+00  -3.6472474e-01   1.0401029e+00  -1.4761904e-01  -1.6166912e-01  -3.7003882e-01   1.4883511e+00   1.6682124e+00   1.1955732e+00  -9.1903204e-01  -1.1892562e+00   5.5528897e-01
   2.0000000e+00   1.0558464e-01  -9.5064901e-01   7.3229867e-01  -3.4583864e-01   1.4152510e+00  -8.3645307e-01  -2.3249069e+00   5.5421753e-01   3.0564089e+00   1.0905942e+00  -9.1964510e-01  -1.4954414e-01   5.8674813e-01  -4.2023127e-02   2.6944120e-01  -6.7779458e-01   7.4544221e-01  -3.3732050e-01
   2.0000000e+00  -1.2002105e+00  -6.2880556e-01  -1.8575781e-01   3.3202603e-01  -1.0402742e+00  -8.9754574e-01  -1.9273972e-01  -1.9685394e+00   5.1813360e-01   1.2401131e+00  -5.9468007e-01   1.2696453e+00   7.3926832e-01   1.4133117e+00   1.8596718e-01   6.8051542e-01  -2.2265671e+00  -3.7180490e-01
   2.0000000e+00   1.4311953e+00   2.9596723e-01   2.6678567e-01   1.3892412e+00   9.8702428e-01  -1.9590475e-01  -9.2753087e-01  -3.4979798e-01   3.2222355e-02   7.8231870e-02  -1.2503993e+00   3.2731656e-01   9.1834322e-01  -1.5991860e+00  -1.5329991e+00  -2.1401484e-01  -1.5092696e+00  -9.7278559e-01
   2.0000000e+00   1.9727661e+00  -1.5049426e+00  -6.4633600e-01  -4.4574946e-01   1.3058892e+00   3.9332033e-01   2.1996250e-01  -1.3786521e+00   1.0691306e+00  -9.2328725e-03   6.8288263e-01  -9.2120302e-01   1.9882774e+00   8.8001399e-02  -1.3694985e+00   7.3907180e-01  -7.5868301e-01   9.6497133e-02
   2.0000000e+00  -3.9638310e-01  -5.4674167e-01   1.1269502e+00   2.0744409e+00   1.8856036e+00  -8.0407993e-01  -4.0563903e-02   1.3297098e+00  -5.7137671e-01   7.2590435e-01  -1.1071900e+00   3.6210955e-01  -9.5014600e-01  -1.1603350e+00  -7.1568569e-01   3.2360834e-01  -1.8902820e+00   3.6458941e-01
   2.0000000e+00  -8.6111509e-01   1.5723630e+00   1.0372158e+00  -5.3354777e-01  -1.7197038e+00  -6.0118514e-01   3.2946822e+00  -7.7766452e-01   1.3452110e+00  -7.9645928e-01  -6.1946644e-01  -1.9672709e-01   7.1141423e-01  -3.4546359e-01   6.6026728e-01   7.3453148e-01   2.1222663e+00   6.8831993e-02
   2.0000000e+00  -6.4839684e-01  -1.8404644e+00   1.0625306e+00   6.8842014e-01   1.2246670e+00   2.0430070e-01  -7.1598478e-01   1.0723166e-01   1.2083446e+00  -1.2445489e+00   4.8408011e-01   1.8972718e+00   1.0174353e+00  -1.2793403e+00  -6.3970069e-01   1.5613511e+00  -7.3331052e-01   1.5955694e+00
   2.0000000e+00  -1.3819508e+00   1.8480360e+00   5.5812378e-01   5.8073395e-01   1.9262320e+00  -1.4777779e+00  -1.0328278e+00  -7.8727706e-01   7.7757360e-01   1.0843493e+00   8.5440270e-01  -1.2391071e+00   3.5638723e-01  -3.9639747e-01  -9.6460501e-02   1.3228917e+00  -1.1596952e-02   3.4301056e-01
   2.0000000e+00   8.6119688e-01   1.8479026e+00   5.8343091e-01  -9.4678625e-02  -9.8265010e-01  -4.8312634e-01  -4.4352850e-01  -2.0583401e+00  -3.1193371e+00   2.9450877e-01  -1.5181375e+00   4.6869499e-01   2.3787931e+00   2.5595031e-01  -6.0999060e-01   7.9969296e-01  -6.5570688e-01   1.4364306e+00
   2.0000000e+00   9.1312152e-01  -2.1971229e+00   3.6167632e+00  -1.4432442e+00   1.9849634e+00   8.7081340e-01   5.2877394e-01   2.0297557e-01  -7.5166097e-01   9.5617376e-01  -6.8875837e-02  -2.9064111e-01  -2.3350085e-01   4.1484029e-01   6.6900591e-01  -8.8763764e-01  -4.3593146e-01   6.1702991e-01
   2.0000000e+00   7.1951035e-01   2.8331034e-01  -5.7904089e-01  -5.8452322e-02  -7.3035112e-01  -8.0024503e-01  -5.5815078e-01  -5.1277338e-01  -8.3530933e-01   6.6204943e-01  -1.4291003e+00   2.3102200e-01   1.0052816e+00  -2.6522898e+00  -1.9758229e-01  -2.0023664e+00   7.6788231e-01   1.1357467e+00
   2.0000000e+00  -1.3995584e-01  -1.4234971e+00   8.4470132e-02   2.7052140e-01  -4.1884728e-01   5.6658797e-01   1.3358172e+00   6.1454701e-01   1.4866111e+00   3.2001526e-01   3.1175414e-01   1.1755404e+00   1.0607409e+00  -7.2276809e-02   7.2978762e-01   1.0367032e+00  -7.2676815e-01  -9.9395991e-02
   2.0000000e+00  -5.8221254e-01   1.3168828e+00   5.6079841e-01   1.4491655e-01   6.1495202e-01  -7.4889503e-01  -1.3664100e+00   1.7479331e+00   4.4399802e-01  -8.6090706e-01   1.2626794e+00   9.1534725e-01   2.1347178e+00  -7.7432545e-01   3.1288609e-01   1.1822691e+00  -5.9655954e-01   8.3283713e-01
   2.0000000e+00  -4.1158184e-01  -1.3844547e+00  -3.6788118e-01  -6.1258509e-01   1.7683442e-01  -8.5629758e-01  -1.3621380e+00  -2.0103653e-01  -1.5952906e+00  -1.6128270e+00   1.4423038e-01  -4.7851843e-01  -4.4936483e-01  -9.3337287e-01  -1.1783300e-01  -9.7498831e-01   3.4994203e-01   6.8180925e-01
   2.0000000e+00   1.5943752e+00  -9.3092202e-01   1.9901902e+00  -6.6652429e-01   1.5920083e+00  -1.4925273e+00   7.9742216e-01   1.1923766e+00   1.0151355e+00   1.7273622e+00   5.2002169e-02   9.5498496e-01   3.7586259e-01  -2.6869387e-01   3.6878741e-01  -6.4002989e-02  -2.9887926e-01   4.8571119e-01
   2.0000000e+00   1.8846456e+00  -1.3018784e+00  -2.2454908e+00  -2.6397872e-02   5.5792409e-01   9.5538216e-01   7.6218658e-01  -5.9509551e-01  -3.1612977e+00   9.2523479e-02   2.0809157e-01  -1.5426395e+00   5.4228749e-01  -4.3070212e-02  -9.3935889e-01   3.0759643e-01  -3.8717771e-01  -1.2267875e+00
   2.0000000e+00  -7.0246526e-01  -5.8194716e-01  -3.4941078e-01  -5.1885854e-01   6.5059404e-01   1.8164788e-01   1.3181680e+00   9.2653226e-02  -2.0833271e-01   9.1018072e-01  -7.3351139e-01  -1.4055295e-01  -1.2672243e+00  -5.3509040e-01  -1.3080521e+00   8.2242479e-01  -4.4224287e-01  -1.7827676e+00
   2.0000000e+00   1.0786450e+00  -7.4773992e-01   1.1066111e-01   9.1736933e-01  -8.2277646e-01  -1.6300304e+00  -1.1345816e+00   1.8703418e-02  -8.4613947e-01   8.6699985e-02   7.7258423e-02   8.3288873e-01  -2.3634470e-02   1.6172953e+00   2.0798986e+00  -1.3796418e+00  -1.7127161e+00   6.4674753e-01
   2.0000000e+00   9.6894819e-01  -9.5656293e-01  -2.6811573e-01  -1.0447602e+00   4.0979080e-01  -3.9887447e-01  -1.4868578e+00  -1.7567552e-02  -4.3217602e-01   2.1259404e-01  -5.2672948e-01  -1.2479160e+00   1.6942108e+00  -1.1124041e+00  -3.4974810e-01   1.3411673e+00  -1.9400535e-01   1.2145804e-01
   2.0000000e+00   2.2396900e+00   1.9662899e+00   7.1806937e-01   3.6988781e-01  -5.2864376e-01   1.0418598e+00  -5.0346313e-01  -1.1072842e-02   4.8456218e-01   1.7211505e+00   5.4153102e-02  -4.2190735e-01   1.1992179e+00  -1.0171763e-01  -1.9760083e-01  -6.0602763e-01  -6.1848898e-01  -4.6435345e-01
   2.0000000e+00  -5.2800138e-01  -8.2945260e-01  -1.0789287e-01   2.0659837e-01  -6.8632613e-01   1.5747572e+00  -2.2503595e+00  -1.2089737e+00   1.8899731e-01   2.7063466e+00  -2.4354338e-01   6.8487516e-01  -1.1430919e+00  -1.3285898e+00  -8.0475483e-02  -8.2207379e-01  -8.0409547e-01  -2.0944874e-01
   1.0000000e+00  -1.3297595e+00   2.8710256e-01  -3.3931800e-01  -1.8088783e-02   2.0311811e+00   1.5840569e+00   1.2761320e+00   3.9648131e-01  -1.9036775e-01   1.3754415e+00   7.7458988e-01  -4.0035633e-01  -1.5324646e+00   1.7428769e-01  -4.6965360e-01   4.0837742e-02  -4.6905477e-01  -2.0892314e-01
   1.0000000e+00   9.0933801e-01  -4.9951015e-01  -2.9003628e-01   1.1474799e+00  -1.0909931e+00  -1.7511310e+00   5.3692752e-01  -1.8633956e+00   1.9830096e+00   2.8246192e+00   7.7103209e-01  -3.5173055e-01  -6.7057381e-01   6.1865682e-01  -8.6125816e-01  -4.4091297e-01  -4.9559547e-01   6.7788385e-01
   2.0000000e+00   1.5548910e+00   2.6301012e-01   1.7856401e+00  -1.2444419e+00   1.2109555e+00  -1.9758993e+00  -2.9681536e-01  -1.1260907e+00   1.0729537e-02   7.1289385e-01   2.7004414e-02  -1.4027628e+00   1.9133452e+00  -4.7354350e-01   6.5022037e-01  -5.3014437e-01  -4.2817928e-01  -1.0529715e+00
   2.0000000e+00   1.4629708e+00  -2.0505753e+00  -7.8180467e-01  -1.7290924e+00  -2.0939397e-01  -1.1557410e-01   2.6782808e-01  -1.1532138e-01   2.4450478e-01  -1.0765383e+00  -2.7449062e-01   2.3761887e+00  -5.4020817e-01  -3.2982196e-01  -2.1653196e-01   3.8899420e-01   9.6664267e-02  -1.2189623e-01
   2.0000000e+00  -2.9233531e-01  -2.9979614e-01   5.5129860e-01   4.8468107e-01   1.3131955e+00   8.6885000e-01  -4.3000438e-01   5.0269817e-01   8.8808865e-01  -2.4931813e+00   2.1927159e-01  -7.4036966e-01   8.2894461e-02  -1.3458703e+00   7.2775060e-01  -8.8168935e-01   8.5292474e-01  -1.9575254e+00
   2.0000000e+00   4.4746843e-01   3.3119797e-02  -2.1088857e+00  -1.0554390e+00  -9.5656563e-01   7.6877213e-01  -1.1254129e-01   8.9458703e-02  -4.6289150e-01  -3.9031627e-01  -4.3230506e-01  -6.7409253e-01  -1.8501715e-01  -1.2198398e+00   8.2210205e-01  -1.2361988e+00   1.0066771e+00  -8.9484424e-01
   2.0000000e+00  -3.9922616e-01  -1.9797373e+00   1.6921976e-01  -7.1775751e-01   2.8031522e-01   1.9844140e+00  -1.0174312e+00  -5.1188337e-01  -3.1924223e-01   4.9977252e-04   4.1884516e-01  -1.5036271e+00   1.3906245e+00  -3.2357578e-01  -1.0406505e+00  -1.7088082e-01   8.0798228e-02   1.3368536e+00
   1.0000000e+00   3.5707103e-01   2.9386012e-01   1.3182583e+00   1.7118826e+00  -5.5843362e-01  -1.6187149e+00   2.1254477e+00   2.8662624e-01  -7.0482172e-01  -1.5436232e+00  -7.0856490e-01   8.5777746e-01  -5.0375687e-01   1.5424557e-01   5.8315806e-01  -6.9585861e-01  -7.6810637e-01   1.2088628e+00
   1.0000000e+00  -6.5049124e-01  -4.1430228e-01   2.3106257e+00   1.9377389e+00  -2.1380197e-01  -9.3516184e-01   7.9200033e-01  -1.0357356e+00  -1.0133468e+00   1.7306884e+00   5.6073767e-01  -4.5018541e-01   2.0551888e+00   2.7689708e-01   1.2490507e+00   9.1109144e-01   7.1080461e-01  -2.7241175e-01
   2.0000000e+00  -5.8209731e-01  -4.2968585e-01   5.5670047e-01   6.6973306e-02  -1.1366259e+00   8.0948157e-01  -1.1136064e+00  -1.7500960e+00  -2.7551313e-01  -3.5716080e-01  -3.7612382e-01  -4.8790932e-01  -7.4949708e-01  -5.0511390e-01   5.9604790e-01  -9.8344133e-01  -2.8307038e-01   9.9661209e-01
   2.0000000e+00  -1.1150298e+00   1.4466865e-01  -1.1534562e-01  -1.0466212e+00  -8.9634481e-01   1.1962663e-01   1.4950365e-01   1.5487031e+00  -8.5207343e-01   1.5843750e-01   7.6050521e-01   1.2567467e+00   2.2380989e-01   2.0476614e+00  -1.3749628e+00  -6.2926867e-01   1.1037000e+00   1.7885297e+00
   2.0000000e+00   2.0506078e-01  -1.0821323e+00   2.0211521e+00  -1.5628782e+00  -2.9066326e-01   3.0288055e-01   4.6200030e-01   4.4052301e-02  -1.0694388e+00   1.1926574e+00   3.3347549e+00   2.0364390e-01  -3.4628023e-01   5.4429930e-01   5.8030277e-01   3.4171509e-01  -1.5805459e+00   7.4369515e-01
   2.0000000e+00  -6.6858197e-01  -1.2394898e+00   5.8051303e-01  -6.0514426e-03  -1.1749055e+00  -7.3606421e-01   9.7631515e-02   3.4272185e-01   6.0524835e-01  -4.4887692e-01   7.2683404e-01   4.9823062e-01  -2.0877738e+00   4.1123971e-01   5.7380852e-01  -4.3825903e-01   2.2392027e+00  -1.2698560e-01
   2.0000000e+00  -1.5801929e+00  -2.5897759e-01   1.0741848e+00   5.2284058e-01   4.0009002e-01   1.5691722e+00   9.8778132e-01  -8.1248692e-01  -7.4230563e-01   1.0446329e+00   7.5267745e-01  -1.7819781e+00   1.3672941e+00  -2.0548761e-01   2.8188976e-01   7.0133700e-01  -2.5811693e-01  -5.2169359e-01
   2.0000000e+00   8.5900681e-01   1.6883791e+00  -6.8973097e-01  -2.2395406e-01  -8.5306623e-01  -4.0046759e-01  -6.1275741e-01  -2.1283410e+00  -2.1253973e+00   1.9332473e+00   1.2599717e+00  -3.3738227e-01   1.5498161e+00   8.1748093e-01  -3.1420599e+00  -8.1925239e-01   1.4048474e+00  -1.6323617e+00
   2.0000000e+00   6.7936037e-01  -1.0086084e+00  -8.3830039e-01   1.0862950e+00  -5.1709068e-02   6.1627216e-01   5.3022167e-01  -2.7389638e-02   9.3180970e-01   7.2092313e-01   1.9907713e-01  -1.9847951e-01  -8.3675161e-01  -9.7339390e-01   4.5989461e-02  -4.6090610e-01   5.3770847e-01   2.0610622e-02
   2.0000000e+00  -1.7187622e-02   1.9870607e+00  -4.7402773e-01   2.3394850e+00  -1.3383245e+00  -6.5277954e-02   2.0287104e-01   2.6848813e-01  -2.4237049e-01   2.2473487e+00  -1.0183195e+00   1.2173482e+00   4.7454824e-01   9.2914134e-01  -8.0112877e-01   1.1823692e+00   7.1788288e-01   3.0268997e-02
   2.0000000e+00  -8.8028953e-01  -4.0629935e-01  -8.3461129e-01  -5.1615301e-01   6.8993682e-01   5.5092759e-01  -1.4173077e+00  -5.4899590e-01   1.8308071e+00   2.0496938e-01   6.4813356e-01   1.0156641e+00   1.1776854e+00  -4.0589158e-02  -1.2608352e+00  -9.3564179e-01   1.9440407e+00   3.5830251e-02
   2.0000000e+00  -9.4207458e-01   2.5003906e-01  -7.9372957e-01  -1.0022556e+00   1.2578087e+00   3.2280966e-01   2.7894052e-01   2.1849607e+00   7.8104671e-01  -3.0828271e-02  -4.0657240e-01  -1.2221698e+00  -7.1911490e-01  -9.0131097e-01   4.3739808e-01   1.4369119e+00   4.6714311e-01  -5.3396702e-01
   2.0000000e+00  -2.5081109e-01  -1.8086237e+00   8.0020236e-01  -7.8744771e-02   3.6347384e-01  -3.6502871e-02  -2.6367931e-01  -2.0009106e+00  -9.2063454e-01   3.8101591e-01   7.2936723e-01  -4.3401854e-01   2.0756573e+00  -1.4943353e+00  -1.2811153e+00   5.0863773e-01  -7.7511950e-01  -6.5451097e-01
   1.0000000e+00   1.7567487e+00   3.4602034e-01  -1.9303159e+00   1.1105192e+00  -6.1525619e-01  -1.0387804e+00  -3.9830964e-01   4.3706896e-01  -6.6742133e-01   1.2323462e+00   1.0593956e+00   3.2013042e-01  -9.3482738e-01   3.8214123e-01  -1.3045373e+00   9.0746499e-01  -7.1860434e-02  -1.2403465e-01
   2.0000000e+00   4.6632406e-01  -6.8597325e-02  -2.8744546e+00  -5.4890261e-01  -4.2330530e-01   2.2574562e-01  -3.5245199e-01  -2.2033432e+00   6.4990187e-01  -2.5243882e-01  -1.3244129e+00   9.0048167e-01   7.3595661e-01   1.5727458e+00  -1.8076570e+00   1.7087475e+00  -1.6203347e+00   1.1953520e+00
   2.0000000e+00   1.6308058e+00  -9.8295827e-01   6.1202015e-01  -6.0526946e-01   1.3221578e+00   1.0099364e+00  -2.4585928e-01   4.4180909e-01  -1.3519302e+00   1.5194897e+00  -5.3525435e-01   9.0130786e-01  -4.9399311e-01  -6.1426411e-01  -7.9586609e-01   4.2058927e-01   5.1154678e-01   1.3651629e+00
   2.0000000e+00  -1.2871939e-01  -9.4318195e-01  -1.2541604e+00   6.3583297e-01   1.8891301e-01  -3.6723797e-01  -5.7069571e-02   1.4408003e+00  -3.0935232e+00  -9.5303302e-01   4.1266519e-01  -1.2062326e+00  -1.7309560e-01  -8.3642246e-01   3.4278860e-01  -1.5312531e-01  -7.6450643e-01  -3.5432797e-01
   2.0000000e+00  -6.8382696e-01   9.8139995e-01  -4.5363140e-01   6.1263406e-01   3.2689648e-01   1.9390073e+00   9.0739247e-01  -1.1651815e+00  -4.1645772e-01   1.2745861e+00  -2.9833473e-01   3.1050374e-02  -4.2903109e-02  -9.5098428e-01   6.5019638e-01   1.2132374e+00  -1.8660378e-01   7.8975006e-01
   1.0000000e+00   9.8893049e-02   9.0839643e-01  -8.6329693e-02   5.9660727e-01   6.3208589e-01   8.1553706e-02  -3.6735925e-01  -8.2290804e-01   1.7503707e+00   1.2513937e+00   2.0415887e+00  -9.6255845e-01  -4.7858124e-03   2.3017420e-01  -8.6861990e-01  -1.2452266e+00  -1.2054694e+00  -1.0898146e-01
   2.0000000e+00  -6.1784971e-01  -1.0226115e-02   5.3137405e-01  -2.5023230e-01  -5.9849938e-01  -3.7850668e-01   5.3615048e-01  -1.3068120e-01  -5.3164099e-01   7.2505314e-01   1.0585673e+00  -9.6391048e-01   1.3603543e+00  -5.3426704e-01  -1.3984007e-02   1.9079897e+00   1.3680829e+00   7.0833692e-02
   2.0000000e+00  -1.7545258e+00   6.4269527e-01   2.9340373e-01  -1.6713163e+00  -5.8389046e-01  -9.1175355e-01   1.5529578e+00   2.2624418e-01  -1.6932616e+00   5.8827099e-01   4.0872459e-01  -1.0054566e+00  -5.9062732e-01  -2.8569554e+00  -1.3459276e+00   1.2313445e+00  -2.1947570e-01  -1.4482768e+00
   2.0000000e+00   1.2234219e+00  -8.7955769e-01  -6.3359759e-01  -1.5478907e+00  -9.1947179e-01  -2.9031851e-01   8.7023717e-02   9.3091285e-01  -5.7301593e-01   1.4900563e+00  -1.1330200e-01  -7.1020138e-02  -2.5284157e-01  -1.0143589e+00   7.9137750e-01  -8.9006210e-01  -2.3223179e-01  -3.6634579e-01
   2.0000000e+00  -1.5088600e+00   7.0978351e-01  -1.3987291e+00   9.6209760e-01  -4.3760109e-01  -2.2826410e-01   2.8503907e-01   7.6008745e-01   3.5809762e-01   3.1972269e-01  -9.6854470e-01   1.4546910e-01  -4.7367813e-01  -1.3969173e+00  -7.7231075e-01   7.2660233e-01  -1.7700704e-01  -8.3041821e-01
   1.0000000e+00   1.2801464e-01  -8.1102088e-01   1.4223355e-01   5.8789233e-02   1.8750135e+00  -3.7254473e-01  -1.0732413e+00   4.6669481e-01   4.5115792e-01   1.9591723e+00   2.3638839e+00   5.8030897e-01   1.7892455e-01   3.6820412e-01  -1.0464211e-01   5.9254604e-01   4.8193802e-01  -4.5175880e-02
   1.0000000e+00   1.6659556e+00  -5.9833065e-02   1.6119106e+00   1.3563683e-01  -1.2392780e+00  -2.6685994e-01  -3.9922916e-02   2.2272458e+00   2.3262568e-01   5.3255280e-01  -1.5070407e-01   6.6969544e-01  -4.8341700e-01   9.4691036e-01  -1.2980636e+00   4.6400498e-01  -8.8712959e-01  -1.3773160e+00
   2.0000000e+00   9.5480247e-02   7.8385302e-02  -1.2401273e+00  -8.2962692e-01  -3.5190887e-01   1.6696184e-01   7.8610187e-01   1.7301032e+00  -1.8125032e+00  -1.0374243e+00   3.4913527e-01   1.0500083e+00   7.8129729e-03  -6.8676971e-01   1.2390608e+00   1.2905890e+00   5.2224685e-01  -1.1281154e-02
   1.0000000e+00  -9.7135871e-01  -6.2304073e-01   4.8383339e-01  -1.5183487e+00   1.3589680e+00   3.1882140e-01   2.0590156e+00  -5.9104464e-01  -3.8056032e-01  -1.1705317e-01  -7.0111230e-01  -2.9693760e-01  -2.2270286e+00   1.3374620e-01  -6.9895191e-01   9.2983364e-01   8.7007629e-01   2.2443074e+00
   2.0000000e+00  -1.7111925e+00  -7.5343963e-01   1.2336757e+00  -4.3246964e-01  -2.6341322e-01  -6.4060285e-01  -3.7891053e-01  -1.6252833e+00   2.4448111e+00  -4.7941972e-01   1.6532280e-01   1.2206534e+00   7.5004954e-01  -3.7924708e-01  -7.4272482e-01   8.0333061e-02   1.4637373e+00  -3.7241530e-01
   2.0000000e+00   6.2874812e-01   1.1249211e+00   1.0106383e+00  -7.8431675e-01  -1.2591499e-01   3.2133640e-01   2.1020025e-02  -1.2290009e+00   2.7959575e-01   3.7929462e-02   5.3532044e-01   2.4930580e-01   1.2362819e+00   6.7761839e-01  -1.4246893e+00   1.3859622e-01  -4.2948871e-01  -3.7013794e-01
   2.0000000e+00   2.1808532e-01  -1.1920822e+00   4.7795253e-01   6.4978229e-01  -3.1949682e-01   1.1537487e+00  -3.8350292e-01   1.5829530e-02  -3.0790891e-02   6.8016837e-01  -3.9907659e-01  -1.2482525e+00  -5.7249342e-02   9.0984827e-01  -1.0949668e+00   2.4777897e-01   1.0172311e+00   1.5974271e+00
   2.0000000e+00  -4.1369396e-01   1.2384685e+00   5.4613870e-02   4.0982067e-01  -2.8538575e-01  -1.4782141e+00   2.4336559e-01   9.8491873e-01  -2.7830830e-01  -1.4001764e+00  -1.7009239e+00   2.7036427e+00   7.0604684e-01   2.2489188e+00  -9.0240028e-01  -4.3584373e-01  -7.3110329e-01  -5.8377135e-01
   2.0000000e+00   1.7118779e+00   8.1799014e-02   5.7410137e-01  -2.3537528e+00   8.4406028e-02   4.7810084e-01  -4.3174439e-01   9.2265993e-01   7.2980954e-01  -2.2384145e-01   1.4744058e-01   6.9545185e-01   2.6236992e+00  -1.1698248e+00   1.3664334e+00   7.3172596e-01   4.4015213e-01  -3.9102668e-01
   2.0000000e+00   4.6003877e-01   1.0217720e+00   1.0631145e+00  -4.1832393e-01  -1.1452728e+00  -3.1436406e-01   3.3657092e-01  -8.0929745e-01  -6.5675618e-01   8.1726298e-02   2.7112132e-01  -7.4091645e-01  -1.6451414e+00  -1.3530343e+00  -1.6690570e-01   7.7219763e-01  -1.8574757e-01   7.7591895e-01
   1.0000000e+00   1.6007140e+00   3.6050237e-01  -1.7482289e-01   5.4453412e-01   1.7864279e-01  -2.9253795e-01   1.8224067e+00   1.1248150e-01   1.7049679e+00  -1.6442381e+00   3.8036508e-01   1.2877085e+00   1.2889323e+00   6.9906723e-01  -1.0329656e+00   9.3290847e-01  -1.1192390e+00  -2.7468907e-01
   2.0000000e+00   6.1200838e-01  -1.0830872e+00   9.2836856e-01   5.8725378e-01   9.3157358e-01  -1.4809649e+00  -2.0204933e-01   8.0122691e-01   1.8958108e+00  -9.4340683e-01  -5.0801345e-02   5.8741718e-01   4.2859415e-01  -3.9554938e-01   1.0351121e-01  -1.4598907e+00   1.1737956e+00   1.4783243e+00
   2.0000000e+00   1.5198944e+00   2.7622174e-02   2.2552920e+00  -1.3623731e+00   8.9296957e-01   8.6241573e-01  -7.2720974e-01  -1.6976151e+00  -1.8370758e-01   6.2976998e-01   1.3406819e+00  -4.9515752e-01   3.2532978e-01   1.2775295e+00   1.7757827e-02   1.0554194e+00   9.7304934e-01   5.9178896e-01
   1.0000000e+00  -8.4223445e-01   4.7196254e-01  -1.9641699e+00   5.4667001e-02  -5.6165496e-01   7.2646806e-01   5.1891546e-01   1.9426641e+00   1.6579802e-01   5.2603054e-01  -1.0594587e-01   8.3404271e-01  -2.5491983e-01   5.7416135e-02   1.2672659e+00  -6.8575761e-01  -2.4250438e-01   3.9170180e-01
   2.0000000e+00   7.9735458e-01  -1.3419457e-01   4.6125764e-01   6.9007531e-01  -1.2506486e+00  -6.4832766e-02  -8.8697104e-01   6.1207524e-01   1.3219836e+00  -7.4908950e-02  -1.1809185e+00  -1.5127382e+00  -1.1179276e+00  -1.2069129e+00  -8.1923234e-01  -7.4848871e-01  -1.3686933e+00  -4.9690495e-03
   2.0000000e+00  -9.0781527e-02  -4.7718188e-01  -2.5037718e-01   5.0413948e-01   1.7018408e+00  -2.3213727e+00   9.3295067e-01  -6.6961684e-01   9.8213112e-01  -1.3817022e+00   9.9464552e-01  -4.5903709e-01  -8.4459043e-02   1.3322567e+00  -1.0781191e-01  -1.5942509e+00  -1.1192109e+00  -3.4820812e-01
   2.0000000e+00   2.5944769e+00  -1.1075854e+00  -3.4951981e-01  -7.3660150e-01   2.4249097e-01  -1.4480418e+00   1.4200767e+00  -4.4246582e-01  -7.1261105e-01  -1.9765419e-01   2.2587369e+00   3.1511344e-02  -1.5347056e+00  -6.8635897e-01  -2.9502520e-01  -1.4645775e+00  -7.2430266e-01  -1.1305769e-01
   2.0000000e+00  -5.9183320e-02   4.2402994e-01   7.2118838e-02   1.1521034e+00   6.7598000e-01   1.4300926e+00  -1.2787854e+00   3.6922251e-01   4.1486070e-01  -1.7720841e+00   4.5374061e-02  -3.3203852e-01  -1.2777376e+00   1.1007175e+00   6.5519240e-01  -3.4742315e-01  -1.3475850e+00   1.1633734e+00
   2.0000000e+00  -1.5061388e-01  -1.3633629e+00  -9.0852104e-01   4.5469439e-01   8.8685839e-01  -9.3566505e-01  -3.8630439e-01  -7.7364067e-01   8.8142153e-01   1.1271719e+00   6.1072987e-01   8.7921108e-02  -8.8792362e-01   1.6821397e+00   2.7155775e-01   1.7551324e-01  -9.7840789e-01  -1.3912745e+00
   2.0000000e+00  -1.3921921e+00  -1.1386674e+00   5.3199531e-01   8.4561496e-01   6.8580282e-01  -1.2402626e+00   3.8115351e-02  -4.0400194e-01  -1.0989925e+00  -1.0241873e+00  -1.8232424e+00   1.1725105e+00   1.8495477e-01  -5.5703341e-01   4.1923304e-01  -1.0161374e+00  -3.9037413e-01  -2.8164819e+00
   2.0000000e+00   1.2863966e+00  -3.2562816e-01   2.2240244e-01   7.3266109e-01   1.0190619e+00   7.6061023e-01   2.1982742e+00   1.3284791e-01  -4.1014300e-01  -6.0069502e-01   2.6906410e+00   6.2576345e-01  -2.0182966e+00  -3.0800895e+00   7.0149569e-01   5.2006155e-01   3.7794853e-01   8.3062724e-02
   2.0000000e+00  -9.3123136e-01   3.0218985e-02   1.8157350e+00   1.8564115e+00   1.0919172e+00   4.1419158e-02  -7.0498866e-01  -1.3083457e+00   7.3553989e-02  -1.0967385e-01  -5.9446706e-01   3.3732587e-01   3.1640707e-01  -2.0188382e-01   6.5890843e-01   7.1672354e-01  -6.8345284e-01   1.5209005e+00
   2.0000000e+00  -1.6466687e+00  -1.3426801e+00  -5.0033453e-01  -2.3323697e-01  -5.2015593e-01   1.5898816e+00  -6.2211549e-01   1.0346742e-01   1.3418883e-01  -7.4920396e-01   2.4002772e+00   6.2253487e-01  -6.1100833e-01  -5.0890454e-02   1.1420336e-01   1.3049710e-02  -4.6735974e-01  -7.5783670e-01
   2.0000000e+00   5.2555074e-01   1.3378224e+00   6.7474689e-01  -9.5124509e-01  -1.0854380e+00  -2.3012167e-02   1.0667310e+00   1.0362954e+00  -9.1712957e-01  -1.1740419e+00   7.3275315e-01   2.4594995e-01  -5.2432974e-01  -5.3355821e-01  -2.2656438e-01  -2.6610161e-01  -2.0198921e-01  -6.6472413e-01
   2.0000000e+00   6.7531956e-01   1.6887112e-01  -2.0563903e+00   2.3995404e-01  -1.1433006e+00  -2.4417572e-01   1.2304669e+00   1.0397464e+00  -1.2834991e+00  -5.8567421e-01  -1.9014408e+00  -7.6187731e-01  -1.1627083e+00  -6.6306117e-01   9.8602164e-01   1.7767816e-01   2.1542578e-01   2.3883877e+00
   1.0000000e+00  -8.4063063e-01   3.5731210e-01   1.0124574e+00   5.7410084e-01  -8.3229346e-01  -5.7967867e-01   2.0427028e+00   7.6169924e-01   1.5831191e+00   1.7011410e+00  -9.1166345e-02   8.2159846e-01   6.8775140e-01   2.1995303e-01   7.2663441e-01   8.6550127e-02   5.4202570e-01   2.6777378e-01
   2.0000000e+00   1.7820443e-01  -1.6802422e+00  -9.5535217e-01   1.1677551e+00   1.7844659e+00  -6.7769435e-01  -4.5290298e-02  -2.3599875e-01  -2.8104202e-01   1.2634720e+00  -1.8385169e+00  -1.5886574e-01  -5.6968063e-03  -4.7806368e-01   4.1127946e-02  -1.7853773e+00   8.1771213e-01  -6.0812661e-01
   2.0000000e+00  -1.2002091e+00   1.0555484e+00  -1.1722002e+00   8.8110175e-01   1.1893887e+00   3.9173807e-01   3.8009080e-01   4.6867460e-01  -4.9598027e-01   3.1362701e-01  -1.2864241e+00  -1.3018081e-01   1.5840036e+00   1.0975381e-01  -2.8951290e-02   1.4732005e+00   1.8510792e-01   9.7878108e-01
   2.0000000e+00  -1.0803415e-01  -9.0445153e-01  -8.1563785e-01   1.3336444e+00  -5.2548296e-01   1.8031881e-01   1.6472940e-01  -4.5026165e-01   2.2114276e-01  -1.9903801e+00   8.3224492e-01  -1.1258986e-01  -1.0044649e+00  -7.0409317e-01   6.7222903e-02  -5.6236090e-01  -1.3555642e+00   6.4122467e-02
   2.0000000e+00  -5.6082640e-01  -5.8580657e-01   2.6559722e-02   1.4372847e+00   6.9127724e-01  -2.0483756e+00  -1.8091516e+00  -8.2588021e-01   5.7531635e-01   1.6181439e-01   1.1450524e+00  -1.8206247e+00  -1.0934871e+00   1.6142286e+00   4.1075043e-01  -4.5381603e-01  -1.7133035e-03   5.2691797e-01
   2.0000000e+00  -2.3496897e-01  -8.2539185e-01   5.1014924e-01   2.2366123e+00   6.7578540e-01  -4.4593233e-01   1.6156535e-01  -1.0135015e-01   1.6239327e+00   3.5101457e-01   1.6992671e+00   5.6049131e-01  -9.5452587e-01  -2.3672100e-01  -1.1647557e-01  -2.9675969e-01  -2.0019244e-01   1.0478287e+00
   2.0000000e+00  -7.7513577e-01   1.1563185e+00  -1.5674016e-01  -3.2475249e-02   1.3021990e+00   8.9811890e-01   9.4021125e-01   7.9629501e-01   1.2889721e-01   1.5977115e-01  -4.7829321e-01  -9.0093252e-01  -1.5752515e+00   1.0895992e+00  -3.1210439e-01  -1.7058167e-01   1.0177433e-01   4.9718795e-02
   1.0000000e+00  -8.6255746e-01   7.2599767e-02   7.7797896e-01   1.8809057e+00  -7.7762155e-01  -5.3877858e-01  -1.1859632e+00  -2.1692413e-01  -3.6570847e-01  -5.3112127e-01   7.0973817e-01  -1.4874405e-01   6.0010998e-01   9.0844875e-02  -1.5347754e+00  -1.7078352e+00   1.1793904e+00   4.7826717e-01
   2.0000000e+00   1.1862889e-01   2.0643070e+00  -8.6913458e-01   3.7476776e-01   1.8684651e+00   3.9762316e-01   1.1707015e+00  -5.8467313e-01  -2.8116769e+00  -7.2243357e-02  -3.1209153e-01  -1.9299347e-01   5.1283607e-01  -1.7559187e+00  -6.7477959e-01  -3.9154291e-02   3.9321707e-01  -5.3246800e-01
   2.0000000e+00   3.4286701e-02  -1.1414834e+00   8.7691010e-01  -3.9957714e-02  -6.1744267e-01   1.2598480e-01  -1.1529656e+00   7.7543664e-01  -8.8698265e-01   8.1391068e-01  -4.2428838e-01  -1.3389944e+00   4.0984846e-01  -2.5157016e-01   2.0478998e-01   4.0322370e-01  -3.6634971e-01   4.5156510e-01
   1.0000000e+00  -1.4926809e+00  -6.3442202e-01   1.7888054e-02   1.9239676e+00   5.4390090e-01  -1.4373243e-01  -1.6484112e+00  -3.5472088e-01   4.3310102e-01  -8.1500536e-01  -1.0512967e+00  -1.8111440e+00   9.3198614e-01   5.8946264e-01  -2.4625518e-01   9.1259154e-01   9.5115665e-02   1.2804898e+00
   2.0000000e+00   3.2278806e-01   1.0188010e+00  -1.4117131e+00  -3.9992655e-01   2.6680296e-01  -4.0096565e-01   1.1331566e+00   6.4459867e-01   6.6758170e-01  -1.2096943e-01   1.0398119e+00  -1.7472183e+00  -1.3110336e+00   9.5091503e-01   2.2004024e+00   3.9046432e-02   4.2006493e-01  -9.5257454e-01
   1.0000000e+00  -4.8478153e-01  -2.2175468e-01  -7.1868415e-01  -2.3586500e-01   1.1765913e-01   1.7982070e+00   1.8566828e-01   1.4380438e+00  -8.0372609e-01   1.0578100e-01  -9.1446856e-01   5.2458926e-01   3.5119455e-01   1.0661896e-01  -1.5238249e-01  -6.4183893e-02   1.8434504e-02  -1.5166529e-02
   2.0000000e+00  -2.4714466e+00   3.3820701e-01  -7.5905706e-01   4.6631728e-01   1.5214101e+00   5.3740543e-01   4.9188049e-01   1.0939038e+00   2.0790623e+00   2.0355003e+00  -2.1213360e-01   9.3663075e-01   7.6766264e-01  -8.6335200e-01  -2.6363863e-01  -7.7400561e-02  -1.7779338e+00   8.1480155e-02
   2.0000000e+00  -7.3710786e-03   1.0396598e+00   7.6366880e-01   6.7657057e-01   1.2547976e+00  -1.1822140e+00  -1.4733613e+00  -4.5452257e-01  -4.0946687e-01  -2.9941455e-01   4.1197447e-01   6.3794204e-01   4.3024154e-01  -1.0978762e+00  -3.0469791e-01   4.0310057e-01  -9.3170486e-01   1.0444211e+00
   2.0000000e+00  -4.0935790e-01  -5.1199328e-01   2.0973295e-01   1.1629062e+00  -6.8604971e-01  -1.4210098e+00  -1.4023452e-01   8.2156158e-01   2.0667360e-01  -9.6414774e-03  -1.9457105e-01   1.4573989e+00  -3.4979826e-02   1.2387834e+00   1.3945187e-01   6.9076392e-01  -1.6928859e-01   2.6002476e-01
   2.0000000e+00  -3.8255168e-02   8.3251589e-01  -9.4654995e-01  -5.2799259e-02   6.3156750e-01  -5.7424467e-01  -6.7614852e-01   1.0503591e+00  -7.4389486e-01  -3.7732728e-01  -7.1766390e-01  -5.8387636e-01  -9.6808407e-01   1.7121098e+00   7.2865225e-01   2.2934890e-01   1.6451355e+00  -4.3938311e-01
   1.0000000e+00  -3.1154072e-01  -3.3739939e-02   1.4926234e+00  -1.1563491e+00  -6.2395364e-01  -9.4112723e-03   1.0673421e+00   1.4904709e+00  -1.0678951e+00  -5.4379004e-02   8.5764854e-01   1.7883067e-01   5.2608031e-01   1.9763138e-01  -2.1255162e-01  -6.9828065e-01   1.4537804e-01   1.4991781e+00
   2.0000000e+00  -9.8527468e-02  -1.1220544e+00   8.5835136e-01  -6.7244182e-01   4.2563813e-01   7.9196674e-01  -2.0518129e+00  -7.9455006e-01  -2.0056452e-01  -7.1515477e-01  -9.3973511e-01  -3.3875973e-02   5.2834003e-01   3.6210028e-02  -3.7113734e-01   3.5379806e-01  -7.9404097e-01  -1.4121480e+00
   1.0000000e+00   2.1430144e-01   7.4078463e-02   2.3689984e-01  -3.6950624e-01  -1.2680394e+00  -6.1887109e-01   2.6723947e-01  -8.1362972e-01   1.6189177e+00   3.4054226e-01   1.2054617e+00   4.6064609e-01   1.0691724e+00   7.3559268e-01   4.8394892e-01   1.4603827e+00  -3.0079337e-01  -1.4089098e-01
   2.0000000e+00   5.6447714e-01   1.3107834e+00   1.0963387e+00   7.0855211e-01   7.2897766e-01   2.4876782e-01  -3.9163251e-01   8.9549865e-01  -8.7131556e-01  -9.3091319e-01   8.4155826e-01  -8.8431399e-01  -3.1319949e-01   1.4141106e+00   3.2394871e-01   1.1892511e+00  -1.2384064e+00  -6.6915224e-01
   2.0000000e+00   8.7463584e-01   1.1592397e-01  -1.0991492e+00  -3.9521409e-01  -2.1891182e-01   9.2161819e-01   1.3023393e+00  -1.3136990e-01  -1.7726201e+00   9.5071772e-01  -6.9930537e-01  -6.1438730e-02  -1.9832633e+00  -8.7833825e-01  -8.4204540e-01  -6.2195660e-01   7.9353176e-01  -1.3130582e+00
   2.0000000e+00   6.4736348e-01   6.1364594e-01  -1.2231304e+00  -4.9557112e-02  -9.5891439e-01   9.3189166e-01   2.1013459e-02  -2.7358956e-01   1.6298830e+00   7.3851241e-01  -1.1261480e+00  -2.8970017e-03   2.9015340e-01   1.6809575e+00  -2.1864537e+00  -1.6737424e-01  -4.3570711e-01   8.5917549e-01
   2.0000000e+00  -5.8414759e-02  -3.0579374e-02  -6.6714466e-01   1.0633032e+00   1.3215715e+00  -8.7059511e-01   9.7909583e-01  -2.0461761e+00   2.5284926e-01   2.2410491e-01   8.2930008e-02   4.6854954e-01   5.2769062e-01   1.7724355e+00   8.5351791e-01   8.2471690e-01   4.0934870e-01  -1.3962729e+00
   2.0000000e+00   1.0327772e+00   2.1233586e-01  -5.9451050e-01  -2.0275403e+00   7.9471296e-01  -2.9993888e-01   1.4076891e+00   1.5353588e-01  -2.9686583e-01   1.6138184e+00   5.8730305e-01  -4.6606547e-01   1.7831408e+00  -1.2921713e-01  -5.3161866e-01   1.4371539e+00   8.8511447e-01  -8.6114167e-02
   2.0000000e+00  -1.4970798e+00  -1.3501989e-01   1.6170789e-01   1.6716361e-01   1.1705172e+00  -4.4573279e-01   1.5956091e+00   8.0358951e-02  -7.3960186e-01   1.0187508e+00   5.2351544e-01   1.0996344e+00  -8.8011272e-01   1.3920764e+00   5.5277697e-01  -8.4545289e-01  -2.2104080e-01  -1.8409078e-01
   1.0000000e+00   2.3896786e-01   5.2064754e-01  -5.8492341e-01  -1.4650814e+00  -6.6174493e-01  -1.0465296e+00   1.3130928e+00  -8.6234048e-01   7.4444144e-01  -1.4650274e+00   5.8037876e-01   2.9441655e-01   8.6493897e-01   3.6613343e-01   5.2201826e-01  -2.5776328e-01   1.8595651e+00   3.2117981e-01
   2.0000000e+00  -1.0001135e+00   7.9911143e-01  -1.2945455e-01  -8.4540955e-01   4.5906853e-01   1.5966671e-01  -1.2290879e-01   1.9143278e+00  -1.5019033e+00   1.0145059e+00  -2.3968002e+00  -1.9670555e+00   6.2808278e-01  -1.6095949e+00   8.8433642e-01   1.0602369e-02   1.8206495e+00   1.2451011e+00
   2.0000000e+00  -9.4131354e-02  -1.3761820e-01   1.1499305e+00   1.7130869e+00   1.1780594e+00   4.5953916e-01  -1.3878822e+00   1.0802522e-01   2.1859858e+00  -3.4474487e-01  -2.8582826e-01   8.3579470e-01   1.5473764e+00  -6.0421592e-01  -1.7209706e+00   1.3192456e+00   6.2207091e-01  -7.8162470e-01
   2.0000000e+00  -6.1696029e-01   2.8173324e-01  -9.2680491e-01  -3.8890833e-01   5.8190915e-01  -7.2647777e-01   6.6809554e-01  -5.4903230e-01   3.4816656e-01   1.7082290e-01   9.6800268e-01   6.6081505e-01   1.0701405e-01  -9.7389947e-03   1.0586854e-01  -1.0081234e-01   8.5200102e-01   1.9865908e+00
   2.0000000e+00  -3.6377326e-01  -1.7772270e+00  -1.0241149e+00  -2.0422604e+00  -1.6996884e+00   3.1369025e-02   1.3782040e+00  -1.4121617e+00   4.8688372e-01   2.3415463e-01   6.6446864e-01  -2.9045858e-01  -1.2497893e+00  -8.3424013e-02   1.1259710e+00  -1.1373813e-01  -3.2064671e-01  -3.9350079e-01
   2.0000000e+00  -1.2516975e+00  -2.0624238e-02  -1.1194071e+00  -1.7087957e+00  -8.3423570e-01   1.3247125e+00  -1.8980107e-01   3.5782915e-01   6.0712535e-01  -1.1923160e+00   2.1382458e-01   4.0392607e-01   3.2678745e-01   1.1236273e+00   2.1605943e+00   1.6482093e+00   6.1071398e-01  -9.5529093e-01
   1.0000000e+00   1.0930584e+00  -8.7165787e-01   1.0984110e-01  -4.5582207e-01  -1.2636306e+00   8.7703388e-01  -9.8580058e-01   5.4716424e-01  -9.6616115e-01   1.0388458e+00  -1.4831504e+00   3.4036031e-01   1.0686068e+00   3.1220878e-01   4.8831242e-01   3.1191124e-01   7.2096119e-01  -7.5279382e-01
   2.0000000e+00  -1.6778941e-01   1.4029746e+00   1.5487468e+00   2.2956851e+00   6.7882501e-01   1.1215708e+00   4.5095879e-02  -8.3108366e-01   3.6888058e-01   3.6416335e-01  -5.7074785e-01  -5.5508042e-01  -5.4032091e-01  -3.9538050e-01   3.1969996e-01   2.9825635e-01  -2.5001934e-01   1.3369365e+00
   2.0000000e+00   9.4756109e-01  -4.7131540e-01   2.3523165e-01  -1.6024084e+00  -1.9033307e-01   6.8951501e-01   5.0482361e-01  -1.5984287e+00  -6.3066855e-02  -9.6470491e-01   4.1183715e-01  -7.0339880e-02   2.9020820e-01  -4.5416911e-01   4.4606397e-01  -1.5546815e+00   1.3346820e+00   1.1647962e+00
   2.0000000e+00  -2.3832319e+00  -8.3507234e-01  -6.2800673e-01  -1.2447845e-01   1.5927983e-01   7.2271518e-01   1.4115443e-01   9.9156152e-01   2.2595873e-01  -5.9556352e-01  -4.5803892e-01   3.4554448e-01  -2.4510134e-02  -2.7127992e-01   4.3541841e-01  -1.6190698e-01  -3.2137604e-01   2.0020655e+00
   2.0000000e+00  -2.2227358e-02  -1.9601536e-01  -1.0699997e+00  -1.2139864e+00  -4.1527825e-01   1.2237786e+00   1.3771226e+00  -1.5131503e-02  -1.4882219e+00  -2.1834599e+00   4.0092863e-01  -8.7477941e-01  -4.1470023e-01  -5.1381930e-01   6.0064004e-02  -5.8673479e-01  -1.0192379e-02   1.6249262e-01
   1.0000000e+00  -7.3661784e-02  -6.9739466e-01  -5.6454240e-01   1.8759522e+00  -1.1440907e-01   3.7676463e-01   6.1141226e-01   5.2045413e-02  -1.5862259e+00   1.1149071e+00  -1.7592280e+00   1.4783713e+00  -6.5287536e-01   3.1340105e-01   1.2192415e+00   3.5544487e-01  -2.4184938e-01   1.4455929e+00
   2.0000000e+00   6.1681350e-01   7.5849401e-01   4.8872335e-01  -9.1650821e-01   1.8579965e+00  -2.0435781e+00  -7.1543460e-01  -8.5035595e-03  -6.8533424e-01  -1.4126384e+00   1.5843531e+00   5.0567511e-02   3.3431602e-01  -1.2803443e+00   7.1011115e-01  -2.8352471e-01   2.4369515e+00  -6.1329759e-01
   2.0000000e+00  -7.2704702e-01   3.3225800e-01   1.1368198e+00   1.4116642e+00   1.3372832e+00  -1.4712610e-01  -5.1172250e-01   1.9159342e+00  -1.6793020e+00   6.7116547e-01   1.4525961e-01  -9.4685843e-01  -3.8869661e-01  -4.6590360e-01  -1.5417045e-02  -2.8241420e-01   1.6831935e-01   1.0436798e+00
   1.0000000e+00   1.0422718e+00  -1.9241560e-01   6.1895286e-01  -2.1473426e-01   6.0534601e-01  -8.4746661e-01  -1.4537987e+00  -8.2199182e-02   1.0992529e+00   1.0588988e+00  -1.0421924e+00   1.1693755e-01  -1.7229533e+00   8.0079317e-01  -5.7051883e-01  -1.7755662e-01   1.9182185e+00   1.4470222e+00
   2.0000000e+00  -1.4567512e+00  -2.9455460e-01  -1.1819725e-01  -9.1473392e-01   6.2754121e-01  -1.8280201e+00   1.0105451e-01   1.6099432e-01  -3.4075538e-01  -5.3870274e-01  -1.0372905e+00   8.3639624e-01   5.9850332e-01   1.9913895e+00   9.6111426e-01   1.0365916e+00  -2.3091118e+00  -5.3108877e-01
   2.0000000e+00   4.7565580e-01  -9.2638288e-01  -3.7884446e-01   2.9643853e-01  -7.7179826e-01  -9.4219075e-02   8.3359108e-02   1.9625243e+00  -8.1413710e-01  -1.8349395e+00  -2.2514481e-02  -1.0378608e+00  -3.1709620e-01   2.5735603e+00   3.5951830e-01   9.9405057e-01   1.2848072e+00  -1.0551256e+00
   2.0000000e+00  -8.7325566e-02  -1.0898356e-01  -1.3070963e-01   3.1082775e-01   1.7453296e-01   3.1894260e-01  -9.6225880e-01   4.2374563e-01  -4.6714867e-01  -6.7623354e-01   7.7068094e-02   6.0801695e-01  -4.8974036e-01  -1.8921516e+00   2.1664744e-01   8.2849406e-01   1.2982430e+00   1.6847842e+00
   2.0000000e+00  -1.7352408e-01   1.3647566e+00   1.2983438e+00   9.1716072e-02  -1.2288450e-01   1.0827540e+00   1.8176725e+00  -1.1824140e+00   7.7846559e-01  -5.3488688e-01  -2.4520159e-01  -1.5026155e+00   8.3453875e-01   4.8850833e-01   5.9382869e-01   2.2209975e-02  -4.9141499e-01   3.2349256e-01
   1.0000000e+00  -2.6711645e-01  -3.1863670e-01  -1.2117636e+00   3.2283152e-01  -5.7128450e-01   6.1473970e-01  -6.5224577e-01  -3.7299873e-01  -1.5457759e+00  -8.3176518e-01  -8.1795411e-01   1.3947990e+00   5.6900865e-01   4.9146545e-01   4.0016305e-01  -5.2678137e-02   2.3800557e-01   3.8498307e-01
   2.0000000e+00   1.1641913e+00   1.9482656e+00  -3.0140307e-02  -2.2336732e+00   5.1972047e-02  -1.4058467e+00   1.5706211e+00  -1.5259499e-01   1.0648674e+00  -1.0144043e+00   6.1540069e-01   4.4147288e-01   5.3860580e-01  -6.2976976e-01  -3.8204055e-01  -1.0129509e-01  -2.9964821e-01  -4.2357011e-01
   2.0000000e+00   2.2571032e-01   2.4389215e+00   3.5216085e-01   2.1122755e-01  -6.2321337e-01   2.2375619e-01  -1.0298275e+00   1.1929024e+00   6.8019937e-01  -1.3833454e+00  -3.1601336e-02   1.7957331e+00  -3.3628291e-01   3.7536765e-01   9.8117045e-01   1.7455574e-01  -7.7471454e-01  -3.3997775e-01
   2.0000000e+00   1.1367671e-01   2.4066190e-01  -2.5936111e-01  -3.0566058e-01   2.8273642e+00   8.4874886e-01  -3.1738909e-01   9.5884666e-02  -1.0825188e+00  -8.8358406e-01  -7.0230853e-01  -1.2496304e-01   1.5325458e+00  -5.9092263e-01  -7.2487263e-01  -1.1815934e+00   9.0383860e-01   1.3031044e+00
   2.0000000e+00   1.0027666e+00  -1.1326586e-01  -1.2299364e+00   1.2726106e-01   5.7454614e-01  -1.4882895e-01   1.1259185e+00  -1.0773005e+00  -9.3237970e-01  -1.0483564e-01   2.9692207e-01  -7.6516674e-01   1.6313882e+00   1.7655410e+00   6.3420472e-01   7.1037918e-01   6.5014613e-01  -5.1982402e-01
   2.0000000e+00  -7.4717031e-02   7.4284691e-02  -1.9789065e-01  -1.2781004e-01  -2.3801982e+00   1.4464772e-01  -1.2676724e+00  -1.1475541e+00  -2.8361698e-01  -4.2118724e-01  -2.8235272e-01  -1.5225593e+00  -2.5895702e-01   2.8008863e+00  -3.7056945e-01   3.5700773e-01  -4.2396191e-01   3.8742948e-01
   2.0000000e+00   3.0931488e-01   9.1144384e-01  -1.3530732e-01   9.7335872e-02  -2.5413563e-01   9.3892509e-02   6.8289194e-01   1.0526694e+00  -1.3698737e-01   1.1564229e+00   2.2249232e+00  -7.1164934e-01   7.4681379e-01  -9.2617616e-01   2.4697724e+00  -9.9694920e-02   2.5700259e-02   4.1584894e-01
   1.0000000e+00   4.0517280e-01   3.5629712e-01  -8.2249882e-01   6.9397698e-01   6.6845328e-01  -1.0733012e+00  -1.8290812e-01  -3.6230678e-01   9.8356188e-01  -1.2025019e+00   1.0607712e+00   1.2575902e+00  -9.2913754e-01   2.4619357e-02  -1.5957803e+00  -7.4402014e-01  -1.6988895e+00  -2.5046899e-01
   1.0000000e+00   3.3182012e-01   4.3853777e-01  -2.9284428e+00  -6.2270752e-01   1.4255516e-01  -2.3642011e-01  -5.4548131e-01   2.2830631e-01   3.4793352e-01  -8.3908164e-01  -5.0722887e-01  -1.3415774e+00  -5.5490597e-01   6.4719300e-01  -1.2919739e-01   1.8900486e+00   2.6638817e-01  -1.1350197e+00
   1.0000000e+00   3.9451570e-01   4.6473128e-01  -7.8070310e-01   2.7819186e-01  -5.5840533e-01  -5.1187415e-01   2.1475638e+00  -1.8120001e-01  -6.6017337e-01   1.0857996e+00  -6.1897960e-01   3.2687250e-02  -6.6161744e-01   4.5270448e-01   3.3815572e-01  -4.1633993e-01   1.9441095e+00  -1.8100270e+00
   2.0000000e+00  -1.7475420e+00   5.0002071e-01   4.0863810e-04  -1.4480068e+00  -7.6720611e-01  -7.6646043e-01   4.0898657e-02  -1.5754281e+00  -6.0922844e-01  -1.7353010e-01  -1.5194685e-01   9.4713216e-01  -3.5870610e-02  -1.2630742e+00   1.9312044e+00  -8.0214117e-01   7.2919347e-01   1.0934576e-01
   2.0000000e+00   1.4356549e+00  -6.4049989e-01  -3.9711780e-01   4.5228774e-01   9.0419288e-01   1.1657704e+00  -4.5248155e-01  -4.3126786e-01  -5.6739076e-01   4.9071684e-01  -9.1651082e-01   4.5292597e-01   1.2473640e+00  -1.1728847e+00   2.5385143e-01   7.3408986e-01   9.9412133e-01   8.8470811e-01
   2.0000000e+00   8.7072539e-01  -3.1085618e-01  -1.8747729e-01   9.4511497e-01   9.5803888e-01  -9.9767485e-01  -1.1096428e+00  -9.9690960e-02  -1.9745788e-01   1.7707424e+00  -1.6709053e+00   1.6776945e+00  -8.9333444e-01  -3.5158162e-01   1.6010404e+00   3.3121278e-01   8.6726912e-01  -4.8005351e-01
   2.0000000e+00   1.1526691e+00   3.8080025e-01  -1.0163157e+00  -2.1355320e+00  -1.0678700e+00  -1.7555460e+00  -3.1442382e-01   7.7835895e-01   7.6619565e-01   6.6178507e-01  -1.0953507e+00  -5.6860371e-01   1.4613518e+00  -1.1515027e+00   1.4279517e-01   4.7013822e-01  -1.6749833e+00   1.4262562e-01
   2.0000000e+00   2.9530104e-01   4.4230190e-01   2.8887242e+00  -1.4309189e+00  -2.0354045e-01   1.4244045e+00  -2.2151699e+00   8.8936750e-01   3.2799825e-01  -7.9526882e-01  -4.0754312e-01  -9.8181935e-01   1.4772976e+00   1.0503596e+00   1.4688403e+00   4.1044954e-01  -3.1774206e-02   7.6112532e-01
   2.0000000e+00  -1.2339270e+00  -2.6309712e-01  -1.3507600e-01   7.9448665e-01  -2.8871391e-01   5.9504701e-02  -1.8296375e+00  -6.2351336e-02  -1.2549814e+00   4.7728706e-01   8.7430200e-01  -6.2198299e-01   8.6978174e-02  -1.1140703e+00   9.7385955e-02  -2.3479288e-01   2.2184016e-01   5.1474659e-01
   2.0000000e+00   1.7618689e+00  -6.3816292e-01   1.1552696e+00  -1.3690573e+00   1.6624246e-01   2.4422788e-01   7.3347942e-01  -7.0059299e-01  -5.5548668e-01   1.1168814e+00   3.4821888e-01  -5.2131854e-01  -3.1243735e-01  -8.6486069e-01   3.0407702e-01   7.7607893e-01  -5.1344336e-01   6.0607630e-02
   1.0000000e+00   1.7093112e-01   8.7207846e-02   2.1873476e-01   1.1536749e+00   1.9530367e+00   1.0514041e+00  -8.1087339e-01   3.7613327e-01   1.4110245e+00   1.0390848e+00   1.0543026e+00   2.4177381e+00  -1.1555634e+00   7.7712801e-01   3.5282426e-01   1.3206627e+00   1.0573774e+00  -1.2562561e+00
   2.0000000e+00   9.2546391e-01  -7.4706114e-01   6.5908192e-01  -3.5043600e-01   1.3456995e+00  -2.9512920e-01   1.1233390e+00  -2.0240607e-01  -3.7935896e-01   5.5136893e-01   1.7449241e+00   1.0709115e+00  -1.1509307e+00   1.0519651e+00  -3.6336424e-01   8.2844928e-02   1.1808113e+00   4.9290077e-01
   2.0000000e+00  -1.0252597e-01  -8.3052004e-01   1.0282808e+00   1.1316366e+00   1.5262626e+00  -4.0679200e-01  -7.5335505e-01  -7.9552185e-01   1.9282636e+00   3.7023816e-01  -1.2075975e+00   7.3820232e-01  -4.1395832e-01   9.4260006e-01  -1.1381695e+00   3.0194178e-01   7.7781711e-02  -1.5306529e+00
   1.0000000e+00   5.3117310e-01  -4.1114970e-01   3.4044241e-01   2.6425697e-01   5.4712512e-01  -2.3342279e-01   2.4286209e-01   2.1003877e+00  -7.9498079e-01  -2.1349168e+00  -5.6228761e-01   9.5951809e-01  -7.3412980e-01   1.7826533e-01   7.0832350e-01   1.6092562e+00   3.5904066e-01   8.3924509e-01
   2.0000000e+00  -1.3393097e-01   1.7387928e+00  -8.7823259e-01   9.9250005e-01   2.1561358e+00  -1.2166474e-01   8.2208430e-01  -4.0688674e-01  -8.9104481e-01   1.4474224e-01  -6.7975344e-01   1.1756098e-02   8.9241870e-01  -3.5576824e-01   6.9235670e-01  -2.3159640e+00   3.5261711e-02   1.3974760e+00
   2.0000000e+00   2.5699358e+00  -1.1019373e+00  -4.0325962e-01   4.3607771e-01   1.0214923e+00   8.1011458e-02  -6.6024203e-01  -9.7915022e-01  -1.2883599e+00   3.3271466e-01  -1.3161879e+00  -9.0119094e-01  -2.7052191e-01   2.0113355e+00   2.0320140e-01  -1.9545711e+00   4.0139885e-01  -5.8083884e-01
   2.0000000e+00  -1.0427735e+00  -7.9042349e-01   1.4398635e+00   8.8653096e-01  -5.2456686e-01  -2.5288503e-01  -3.2393196e-01   9.7680875e-01   7.2921342e-01   6.6058338e-01  -4.3911562e-01  -3.2852725e-01   2.1051527e+00   1.5511085e+00  -1.8048114e-01   8.8807582e-01  -1.7629450e+00  -2.1164816e+00
   2.0000000e+00  -2.2474460e-01   6.6116778e-01   5.1643234e-01   1.3992646e+00  -3.8267311e-01   4.7600685e-01   9.2389297e-01  -1.2985681e+00  -3.8394508e-01  -1.2519964e-01   1.0125028e-01   7.5747353e-01   9.9461338e-01  -8.8648031e-01  -6.3099769e-01  -4.3018971e-02  -3.5635158e-01  -8.1105856e-01
   2.0000000e+00   1.3210477e+00   7.8644715e-02  -3.8095412e-01   1.5349885e-01  -3.4473099e-01   2.9112825e-01   2.6579778e-01  -1.3375821e+00  -7.8457695e-02   1.5122381e+00   1.4822553e-01  -1.4445496e+00  -3.2520060e-01  -1.2452987e+00  -5.4657163e-01   2.0142150e-01   2.6842641e-02  -1.1736092e+00
   2.0000000e+00  -4.4457174e-01   3.5082963e-01  -1.1019173e+00  -1.8196024e+00  -4.9013983e-01   1.5015180e-01   7.7932535e-01   1.0469036e+00   8.2698884e-01   2.5356083e-01  -1.5254925e+00   2.3526757e-01   7.5265186e-01  -1.6527355e+00  -2.2060716e-01   1.0161587e+00   3.8017224e-02  -6.4687878e-01
   2.0000000e+00  -1.2763107e+00  -1.9964631e+00   1.8845991e-01  -4.2572663e-01   8.2608749e-01   8.7134875e-02  -9.9615628e-01  -6.4674940e-02   6.6274618e-01   5.4075850e-01  -8.1415080e-01  -4.0955495e-01  -2.4644418e-01  -1.7892713e-01  -1.1612448e+00   6.9153916e-01  -1.6645577e-01   1.6451473e-02
   2.0000000e+00   1.1180943e+00   1.1774602e+00  -1.5108772e-01   8.4958127e-01  -4.6938175e-01   4.1016225e-01   3.7926614e-02   2.3346908e-01   7.7294542e-01  -8.6110565e-01  -1.1675811e+00  -1.0864455e+00   4.1141134e-01  -9.4183574e-01   4.7544342e-01   4.8618317e-01  -6.1689862e-01  -1.9416650e+00
   2.0000000e+00   1.0101800e+00   3.3838835e-01  -3.0617249e-01   3.1638714e-01   6.3402412e-01  -2.2139893e-01   7.0868435e-01  -5.5430219e-01  -5.7681324e-01  -1.2851589e+00   3.5323202e-01  -1.1343050e+00   1.0452969e+00  -1.0615224e-01  -4.2941214e-01  -3.4188812e-01  -1.7795874e+00  -8.7046990e-01
   2.0000000e+00   1.5174217e+00  -2.1211172e+00  -5.2124213e-01  -2.5253114e-01  -5.7402973e-01   5.4954541e-01   1.7437594e+00  -1.0864640e+00   1.2149264e+00  -6.3862003e-01   6.6318560e-02   5.9981095e-01  -3.5470120e-01   1.0013928e-01   1.9835536e-01   2.0960664e+00  -2.3266516e+00  -3.3660174e-01
   2.0000000e+00  -2.8976855e-01   6.5912836e-01   1.0350316e+00   8.5422966e-01  -2.1181711e-01   8.7518271e-01   1.0250816e+00  -1.2749889e-01   6.3314570e-01   6.9157810e-01   2.4597100e-01   5.9320640e-01   2.5277626e-01  -3.8178287e-01  -1.9239336e-01   6.0375842e-01  -9.7641434e-01  -7.2073009e-01
   2.0000000e+00  -1.0661435e+00  -4.0064114e-01  -1.0780911e+00  -1.3238062e+00   8.6229915e-01  -1.0504752e+00  -6.7287574e-02   5.6144747e-01  -2.8414172e-01  -1.1285766e+00   1.0021395e+00  -4.5232056e-01  -1.2807011e+00   1.2839070e+00  -1.1055539e+00  -5.4499305e-01   9.0308452e-01   1.3542159e+00
   2.0000000e+00   2.5683672e-01   6.7120165e-01   3.4658400e-01  -2.0437329e-01   1.1541497e+00   2.1859913e+00  -4.3716094e-01  -1.6585806e-01  -8.7356065e-01   6.4843617e-01  -1.2436110e+00  -3.9096371e-02  -6.0926515e-01   3.9795538e-01   1.2314268e+00   1.0114759e+00  -5.5524521e-01   8.6144326e-01
   2.0000000e+00  -9.1304219e-01  -2.0292409e-01   5.6395753e-01   7.9268589e-01  -6.0462600e-01  -8.2315694e-01  -1.7176086e+00   3.1985681e-01  -6.5580245e-01   9.5127054e-01  -1.1455618e-01   1.5340114e+00  -1.2235356e-01   1.1608129e+00  -2.2833495e+00  -9.6218324e-01   3.0387438e-01  -4.2812302e-01
   2.0000000e+00  -1.5733444e-01   1.9647504e-01  -5.5031716e-01  -5.2503196e-01  -1.5673068e-01   3.7268397e-01   2.2274068e-01  -6.9205322e-01  -4.6026108e-01  -1.8898019e+00   2.0516260e-01  -6.5001549e-01   8.2539937e-01   2.1621940e+00   5.8198262e-01  -1.0855523e+00  -1.1512330e-01   1.6845719e+00
   2.0000000e+00  -5.3445108e-01  -5.0380172e-03   3.7088997e-01  -1.4764774e-01   1.6096105e+00  -4.1282011e-01  -3.2975416e-01   1.1014947e+00  -1.0620438e+00   1.3704900e+00   3.2606373e-01   2.0077914e-01   1.5555926e-01   1.0954610e+00  -6.2914840e-01  -9.2677513e-01  -1.7568070e+00  -6.9205904e-01
   1.0000000e+00  -2.0904112e-01   1.6563805e-01  -2.4527099e-01  -9.5626705e-02  -2.7028248e+00   8.7877616e-01   3.4927747e-01  -5.0884650e-01   2.4183606e-01   1.4558082e+00   1.2208413e+00   4.0802041e-01  -6.1884921e-02   6.8019083e-01  -3.8784741e-01   4.5083091e-01   8.2554815e-01  -4.8740531e-01
   1.0000000e+00  -1.3094817e+00  -2.1460787e-01   1.0160563e+00  -8.7174051e-01   1.6321084e+00  -1.6078486e+00   1.1000391e+00  -8.8618648e-02  -1.7774376e+00  -1.8429746e-01   1.7131717e+00  -2.1218041e+00  -1.2811013e+00   8.6273587e-01   1.5050477e-01  -8.4767364e-01  -7.5306445e-01   3.9736674e-01
   2.0000000e+00  -5.1900140e-01   9.0177132e-01   3.2730870e-01  -2.2684327e-01  -1.2651134e+00  -2.9932467e-01   2.7902607e-01   4.4914884e-01   1.2231888e+00   8.4127750e-01  -1.4382628e+00   7.1005449e-01   7.3326232e-01   1.8292884e+00  -2.4232788e-01  -1.6132877e-01  -4.7220964e-01  -2.2398794e-01
   2.0000000e+00  -6.5418037e-01   9.5141543e-01   1.4448040e+00   9.3243852e-01   1.3782365e+00   8.8121297e-01  -4.4861236e-01  -1.8280717e-01   1.1406662e+00   8.9726994e-01   4.6485183e-01   1.5828362e+00   1.1408434e+00   7.4572443e-01  -1.4379849e+00  -3.1070557e+00  -3.9563395e-01  -6.0810746e-02
   2.0000000e+00   1.7915484e+00  -1.8201179e+00   2.6526447e-01   8.1779402e-01  -1.0328370e+00  -5.6523420e-01   1.0991785e+00  -4.0698541e-01  -7.0645116e-01  -8.4557928e-01   1.4963716e+00   1.5886639e-01  -1.2022203e+00   3.6518779e-01  -1.3844998e-02   1.1776787e+00  -5.6672754e-01   1.9166284e+00
   2.0000000e+00   4.1719701e-01   2.6027597e+00   3.2605749e-01  -5.9978203e-01   1.6235441e+00   9.4371810e-01  -3.4319279e-01  -2.3556174e+00   1.3512763e+00   6.8233392e-02  -4.8779995e-02  -6.4720387e-01   1.4519462e+00   6.4825196e-01   2.9475116e-01   1.2532596e+00  -2.5486126e+00  -1.1893379e+00
   2.0000000e+00   1.0138440e+00  -2.5824205e-01  -1.5884294e-01  -6.2626680e-01   3.5159156e-01   2.0676416e+00   2.1837985e+00   4.2351143e-01   5.1476660e-01   4.7974069e-01   5.6100431e-01  -7.5333586e-01   4.1702137e-01   6.5184674e-01   5.6480309e-01   7.3162490e-01  -8.2861783e-01   5.8929888e-01
   2.0000000e+00  -6.5929058e-01   1.0487468e+00  -1.0242925e+00  -1.3473966e+00   1.2130375e+00  -2.3635810e-01  -8.0651512e-01  -8.3656446e-01   6.2997121e-01  -3.4525829e-01   4.1287500e-01  -3.7283189e-01  -3.3422905e-01   3.6357909e-01   7.3054566e-01   1.0810051e+00  -2.6195440e-01  -3.1396635e-01
   2.0000000e+00  -5.9635467e-01  -1.8970293e+00  -5.0627849e-01  -2.7842031e-01   6.4596483e-01  -9.1265017e-01   3.0914402e-01   5.8494397e-01  -9.9837036e-01  -1.4677233e+00   7.1733797e-01   1.5245482e+00   1.3756278e+00  -1.0117777e+00   3.2904789e-01   7.1085887e-02   1.0499568e+00   1.3725758e+00
   2.0000000e+00  -3.2910457e-01  -3.5869810e-01  -9.5294534e-01   1.4687051e+00  -6.8567834e-01   3.6603185e-01   3.8844459e-01   1.4510317e+00   7.4506632e-01   7.4863602e-01   4.6755943e-02   1.5661713e+00   1.8778790e-01  -1.0929900e-01  -5.8869409e-01   1.2078940e+00  -3.5674126e-01  -1.8971153e+00
   1.0000000e+00   5.0217647e-01   3.9946266e-01  -1.4776501e+00  -1.1765109e+00   2.3609752e+00   1.8482929e+00  -7.8780983e-01  -1.6707802e+00   1.3043607e-01  -2.0964546e+00   6.2816918e-01   6.3894413e-01  -7.0181558e-01   3.9849692e-01  -1.3700378e+00   1.8066670e+00   1.3958468e+00  -1.3123758e+00
   2.0000000e+00  -1.8343833e+00   1.5580573e+00   1.5647746e-01   8.0953804e-01  -7.9649645e-01   1.9209478e-01  -3.2742458e-01   4.3551637e-01   8.2883963e-01  -2.3820566e-01   7.5294050e-01  -1.1049403e+00   1.6557592e+00  -7.2057724e-02   7.1383240e-01   4.7675983e-01   4.1799640e-01   9.2193880e-01
   2.0000000e+00  -6.4612506e-01  -4.2980986e-01   7.4592197e-01  -4.0672914e-01  -1.2816856e+00  -1.1756366e+00   9.0766392e-01  -3.0584104e-02   6.6868938e-01  -1.5394151e-01  -7.2612289e-01   1.1906425e-01  -1.3190325e+00  -2.8859894e+00  -6.1593741e-01  -6.9234201e-01  -1.1322842e-01   1.0046113e+00
   2.0000000e+00  -2.3768843e+00   4.2587411e-01  -6.8307280e-01   1.2871222e+00   1.6865938e+00   2.3812683e+00   1.1892070e+00   1.1484931e+00  -1.3225101e+00   4.3689396e-01  -5.7085186e-01   5.4257297e-01   7.1840485e-01   8.6489023e-02   6.4746423e-01  -1.7941636e-01  -4.5472200e-01   4.8765741e-01
   1.0000000e+00   1.2244369e+00   2.3289648e-01   1.5407277e+00  -1.2843646e-01  -1.5877629e-01  -1.8284180e+00   1.9495807e-01   1.7434296e+00   9.0352600e-02   6.6900948e-01   8.4543531e-01  -8.8926640e-01  -4.9131547e-01   3.6163374e-01  -1.3117787e+00   8.5684559e-01   1.7831862e+00   2.2207174e-01
   2.0000000e+00   2.3938321e-01  -1.9329647e-01   2.1219864e+00  -8.3677026e-01   1.3267077e+00  -2.3063345e-01   1.5080860e+00   1.6745001e+00  -9.6558437e-01  -1.2376299e+00  -1.2781155e-01   2.1502565e+00  -1.4546141e-01  -2.2328108e-01   3.3321314e-01   1.1695108e+00  -1.3340612e+00   1.3896683e+00
   2.0000000e+00  -1.0833355e+00   1.3173149e+00  -1.0922151e-01  -8.1495619e-01  -7.7578205e-01  -7.0224501e-01   1.3993655e-02   1.3463625e+00  -1.1679698e+00   7.0514312e-02   7.1280506e-01   1.4886186e+00  -1.8874705e+00  -6.6967279e-01   1.2007865e+00  -1.2218726e+00  -1.1752473e+00   1.2294545e+00
   2.0000000e+00  -2.2077627e+00  -1.3616018e+00   2.6771039e-01   6.2040481e-01   1.0273087e+00   8.8229200e-01  -8.0248967e-01   7.9570898e-01   2.4096262e+00   1.1150702e+00  -9.4292335e-02   1.5305162e+00  -1.0233509e+00   1.2186231e+00   8.7405943e-01  -4.6690672e-01   1.5649057e+00  -8.7867477e-01
   2.0000000e+00  -1.5940060e+00  -9.4187618e-01  -5.2823242e-02  -1.1811522e+00   9.4654186e-01  -6.0748718e-01   4.1020364e-01  -6.1629530e-01  -4.4496177e-01   1.8258945e+00  -7.3130132e-01  -2.6871754e-01   6.5041284e-01  -1.1555842e+00   1.9102754e-02   1.2062554e+00  -1.5479426e-01   7.3581075e-01
   2.0000000e+00   5.2441630e-02   2.2463228e-01   3.5849753e+00  -1.5834023e+00  -9.5381518e-02  -2.7930836e-01  -6.3182794e-02   4.4157318e-01  -8.8181438e-01  -1.7146466e+00  -5.9243001e-01  -1.1762719e+00  -4.9207000e-01   1.1516737e+00   9.9701420e-01   6.3554925e-01  -1.2314660e+00  -3.7751131e-01
   1.0000000e+00   1.4138026e+00  -5.5990483e-02   1.6303314e+00   9.2555235e-02  -9.3534010e-01  -4.0374876e-01  -2.4305976e-01   8.4433617e-01  -8.2805722e-01  -7.8812616e-01  -3.2482739e-01  -1.2471215e+00   5.1221433e-01   4.1838308e-01  -5.5566802e-01  -1.0738149e+00  -9.5745690e-01   1.2487023e-01
   2.0000000e+00   4.0023959e-01   1.2563855e+00   1.6932142e-01  -6.6766799e-01   7.5362442e-01  -9.2714182e-01   1.1792750e+00  -6.2248329e-03   1.2877238e+00   2.3830367e-01  -5.7618882e-01  -8.8276477e-03   1.6153728e+00  -2.1733162e+00   4.0593570e-01  -8.6333244e-01   2.9193449e-01   1.6181723e+00
   2.0000000e+00  -5.7726574e-01   1.2577207e+00  -4.6596629e-02   5.4097513e-01  -8.0465738e-01  -7.6649039e-02  -4.8207228e-01  -8.5574067e-01  -9.2377857e-01   1.6300915e+00   7.9124195e-01   1.0194173e+00  -5.8130985e-01   1.1984071e-01  -6.3373555e-01  -5.7954262e-01  -2.6332273e-01   8.0892805e-01
   1.0000000e+00  -1.2819242e-02  -4.1188568e-01   1.4217748e+00  -1.0288252e+00  -8.4586863e-01  -4.2074033e-01   1.4354812e+00  -5.9578729e-01  -7.9808937e-01   1.1100907e+00  -8.3068303e-03  -9.4854013e-01  -1.1520055e+00   2.5163333e-02  -2.9762101e-01   2.7443673e-01  -1.3155876e+00  -3.7705403e-01
   2.0000000e+00  -1.3865324e+00   7.8089867e-03   2.7735141e+00   6.4535516e-01   1.4626227e-01  -6.9815763e-01   1.2559991e+00   2.5758744e-01   1.1823229e+00   1.6305669e+00  -2.1384530e-01  -4.3954618e-03  -3.7882196e-01  -1.1692979e+00  -7.9426578e-01  -1.0934928e+00  -2.3757325e-01   7.6293110e-01
   2.0000000e+00   1.3227015e-02   5.6339052e-02  -1.8203624e-01  -1.2502584e+00   6.6143396e-01  -5.4459465e-01  -6.1541824e-01   7.0784654e-01   1.2097282e+00  -9.1175152e-01   4.7150386e-01  -3.7354208e-01  -5.4900326e-01   1.2707537e+00  -1.1580639e+00  -1.8340684e+00   2.8698622e-01   3.2040432e-01
   2.0000000e+00   8.5440035e-01  -7.6270947e-01   1.5252554e-01  -4.6802858e-01  -2.9837200e-01  -7.0804152e-02  -8.0755613e-01  -1.3426601e-01   4.9383951e-02  -5.3828110e-01   5.9443648e-01   1.6571534e+00  -1.2647181e+00  -8.9024222e-01  -2.9275245e-01  -1.3138300e+00   4.3035637e-01   3.7784370e-01
   2.0000000e+00   3.7938488e-01  -2.4078917e+00  -1.3334950e+00  -5.2511390e-01   8.1631578e-02  -2.7861982e-01  -2.7550773e-01  -1.0889041e+00   2.3446681e-01  -5.3838617e-02  -5.9525926e-01  -1.2012970e+00   2.1033341e-01  -8.1231444e-01   8.4859710e-02  -1.6453203e-01  -2.3895485e-01   1.0415292e+00
   2.0000000e+00  -2.8471119e-01   3.9139505e-01  -9.8084533e-01  -1.0154027e+00   1.1566682e+00  -6.6423525e-02   3.4050376e-02  -1.1825045e-01  -1.8193615e+00   1.1785617e+00   5.7293850e-01   7.3263740e-01   7.6335392e-01  -1.2652027e+00   2.5693772e+00   2.5617441e-01  -1.2538780e+00   9.0403118e-01
   2.0000000e+00  -1.2281184e+00   1.5550555e-01   9.7435865e-01  -9.1854500e-01   1.1075883e-02   1.0274531e+00   4.4767507e-01   1.6587822e+00  -1.6845852e-01  -2.4912515e-01  -2.4833589e-01   8.1278119e-01   7.4524487e-01   1.3106881e+00  -2.0235455e-01  -6.8610664e-01   1.7868183e+00  -4.9072636e-01
   2.0000000e+00  -2.0987016e+00  -5.4241085e-01  -7.1178210e-01   6.7099297e-01  -7.3737245e-01   3.5782085e-01  -1.4421149e-01   4.7196085e-01  -6.3087958e-01  -1.9043981e+00   3.7568025e-01  -1.0677724e+00   2.2689802e-01  -1.5909656e+00   1.0626800e+00   3.7683292e-01   1.0439034e+00   1.8193140e+00
   2.0000000e+00   5.4030039e-01   1.4492398e+00  -2.7498839e-01   7.3652871e-01   1.8242966e+00  -1.2105085e-02  -2.7007522e-01  -2.4599966e+00   4.3860137e-01  -1.2206677e+00  -1.8520499e-01   6.4675417e-01   1.2676899e+00   2.0467884e-01  -1.1795334e+00   2.4207448e-01   2.5578200e-01  -3.1460941e+00
   2.0000000e+00   8.8795680e-01  -7.6792366e-01  -1.1328979e-01   2.9164979e-01  -5.1420639e-01  -1.2539186e+00  -1.9573478e-01   4.9789602e-01  -7.9509819e-01   7.2997426e-01  -4.9688354e-01   1.3287462e+00  -9.8583127e-01   9.0746858e-01   4.9983356e-01  -3.1700829e-01  -2.0502504e-01   6.8239014e-01
   2.0000000e+00  -1.2051957e-01   4.1124141e-01  -2.0323547e+00  -2.7822212e+00   5.4492577e-01  -1.8433307e-01  -1.0301279e+00   5.9512888e-01  -5.1352699e-01  -9.5749243e-01   7.8256398e-01  -1.7084263e-01  -5.9091070e-01  -3.6877174e-02  -1.4769033e-02  -5.2923387e-01   1.1487422e+00  -5.7219394e-01
   2.0000000e+00  -9.1738452e-01   4.1037154e-01   1.1595129e-01  -4.2918500e-01   1.8879637e+00  -9.1310207e-02  -3.4464537e-02   4.3214006e-01   1.2429170e+00  -7.2953620e-01  -7.7754757e-01  -1.1841248e-01  -1.1589650e+00  -1.1939100e+00  -1.3336532e-01   3.7785396e-01  -1.6357562e+00   7.8526051e-01
   1.0000000e+00  -6.4500554e-01  -3.5166524e-02   1.1475283e-01   9.7262372e-01  -3.7240928e-01  -4.2273837e-02  -1.8564441e+00  -9.2649065e-02  -2.0156743e+00  -5.8721856e-01  -8.1710512e-01   1.6555781e+00   5.9900138e-01   1.2349000e-01   1.2936836e-01  -3.6718984e-01  -1.8263595e+00  -1.3389752e-01
   2.0000000e+00   2.2897949e-01  -7.2480125e-01   7.6170584e-01   3.4102697e-01  -6.5171680e-02  -9.2094611e-01   8.5033007e-02   7.2146818e-01  -1.3703462e-01   2.2401996e+00   3.0388144e-01   7.4903009e-01  -1.4998353e+00  -2.1826741e-01  -2.1716658e+00  -1.8724860e+00   1.0530508e+00   9.5016785e-01
   2.0000000e+00   1.6289262e+00   8.8460967e-01   1.6348103e-01   6.2102783e-01  -1.3415112e+00   2.6445391e-01   1.5143958e+00   8.7782267e-01   1.8214127e-01   1.2019023e+00  -4.2747714e-01   1.3593834e+00   2.1107517e+00  -1.9529163e+00   3.2899153e-01  -5.8457459e-01   8.5147084e-01   4.1294880e-01
   2.0000000e+00   4.4428620e-01  -6.5175158e-01   1.0509406e+00  -6.7392982e-02  -1.5335139e-02  -7.2415004e-01  -1.2549349e-01  -9.7133512e-01  -4.4393746e-01   1.1819042e+00   1.8074107e+00   1.5347786e+00  -1.4414098e-01  -1.6401028e+00  -5.3249625e-01  -1.5310863e+00  -2.2879679e-01   1.2068837e+00
   2.0000000e+00  -6.9988642e-01  -3.0142697e-01  -9.7402467e-01   5.3776280e-01  -1.4759424e+00  -4.7458767e-02  -1.9629332e-01   4.6089509e-01   5.8224343e-03  -1.2247640e+00  -9.5573753e-01   1.0028930e+00  -9.6132496e-01  -1.5707347e+00  -1.8727147e+00  -1.1229193e-01   3.7374215e-01   1.0484626e+00
   2.0000000e+00  -3.9051490e-01   5.9365602e-01   4.5269833e-01   6.1476728e-01  -7.4395903e-01  -1.2204480e+00   1.4188784e+00   8.2739959e-01   7.0270646e-01  -1.6625712e+00   1.4039921e+00  -7.0132950e-01   6.8308279e-01   1.3858575e+00  -1.2264651e+00  -1.4330663e+00   1.2918621e+00   2.1580746e-01
   2.0000000e+00   9.7405446e-01   8.0904295e-01   7.3237648e-01  -4.8529906e-01  -9.1714888e-01  -1.3886621e+00  -4.6602520e-01  -3.9602723e-01  -2.0963268e-01  -1.0730338e+00   1.2061058e-02  -2.0488821e+00  -8.1136980e-01  -3.1028568e-02   7.8441897e-01  -5.0449066e-01   1.2275392e-01   1.3597528e+00
   1.0000000e+00   2.1634223e-01   4.6272013e-01   3.1965710e-01   1.1165713e+00  -9.8897590e-01   7.7523491e-01   1.2181905e+00   6.0871555e-01  -1.1043041e-01  -7.5880403e-01  -1.8820427e+00  -5.8179831e-01   2.3482580e-01   2.4493741e-01   5.4573619e-01  -6.5472565e-01   1.1911359e+00  -3.9685164e-01
   1.0000000e+00   5.0222018e-01  -2.4519335e-01   2.8553276e-01   2.6222735e+00  -1.5766719e+00  -5.8978210e-01  -8.7097362e-02  -1.5562952e+00  -1.0386003e+00  -2.0068514e-01   4.3072671e-01  -3.2925063e-02  -1.4108058e+00   1.7047177e-01   9.7395426e-01  -3.2162271e-02   1.3182758e+00  -5.8997252e-01
   2.0000000e+00   1.5653626e+00  -4.9379488e-01  -1.1883834e+00  -6.0960551e-01   1.6089443e+00  -7.8903760e-01   2.9802017e+00   8.5821317e-01  -9.0433347e-02  -2.9085895e-01  -3.3319644e-01   1.1259776e+00  -5.1955136e-01  -3.1247727e-01  -7.3095852e-01  -5.1860482e-01  -3.6064717e-01   5.5305477e-01
   2.0000000e+00  -2.1640481e+00  -1.4702757e+00   1.9635176e+00   5.1326623e-01   2.4643311e+00   9.1012634e-01   3.4566421e-01   2.2293533e-01  -1.0164823e+00   9.0088026e-01   1.6897285e+00   1.2180063e-01  -6.5723569e-01  -1.7630746e-01   1.0555688e-01   1.6740609e+00   2.1405416e+00  -1.6341563e-01
   2.0000000e+00   6.3427283e-01  -1.3856988e-01   1.0023626e+00  -2.4869052e-01  -1.1149484e+00   1.2166376e+00   2.1799153e+00   2.3599644e+00   6.0789171e-01   5.0660235e-01   1.0112144e+00   7.4020508e-01  -8.5971427e-02   1.9860514e+00   7.2543950e-01   3.3894666e-01  -3.2797294e-01   2.4245372e+00
   2.0000000e+00   1.7144188e-01   6.9110261e-01  -7.7326878e-01   1.5360112e+00   3.2419682e-01   2.5602618e-01   1.0384431e+00   5.9432148e-01   2.3804144e-02   7.3534666e-01   6.3661021e-02   3.7128163e-01  -2.7793663e-01   1.1773293e+00  -2.1696189e+00   6.4684720e-01   2.4076786e+00   8.6473410e-01
   2.0000000e+00   6.3693070e-01   1.5426743e+00  -1.2446906e+00  -1.1447886e+00   1.7453916e+00   7.3893167e-01   1.6170941e+00   6.9035427e-01  -8.9918295e-01  -1.1174524e+00  -5.2107170e-01  -1.0462138e+00   1.5344793e+00   6.9915935e-01   1.9596532e+00  -6.6110590e-01  -6.1166073e-01  -7.8157317e-01
   2.0000000e+00  -5.9914062e-01   7.1698969e-01  -2.1149189e+00  -4.6106307e-01   5.8362397e-01   1.4647510e+00  -5.6622174e-01   1.5684319e+00  -1.5076950e+00  -4.8688945e-01  -2.8395941e-01  -1.4939203e-01   6.1403261e-02  -1.3741838e+00   2.7068798e-01  -7.3922808e-01  -3.6873322e-01  -5.7284763e-01
   1.0000000e+00   3.8939057e-01   3.4809165e-01   6.0794938e-01   1.8975239e+00   8.8142025e-01  -7.7819838e-02   3.0795347e-01   9.3463514e-01   7.8297913e-02   2.9518281e-01  -9.5059451e-01   1.1436911e-01   8.1679412e-01   5.3199399e-01  -9.5666403e-01   2.3918220e-01   1.1908779e-02  -3.4099055e-01
   2.0000000e+00  -2.7077295e-01   1.0590891e+00  -5.6205868e-01   1.0627324e+00   8.5052060e-01  -8.2404716e-01  -8.4848574e-01   9.1831716e-01  -4.8021975e-01  -9.9315598e-01  -5.4406813e-02  -1.7299993e+00   1.5435565e-01  -7.0676017e-02  -3.6692339e-01  -1.2115132e+00   7.7014597e-01   2.2499147e-01
   1.0000000e+00  -2.8849625e-01  -5.4451987e-01  -1.3331362e+00  -1.1587860e-02   5.8157235e-01   1.6370950e-01   5.4012475e-01  -9.9045768e-02   1.1916990e-01   1.4088200e-01  -1.4962693e+00  -1.5023606e-01   7.2544042e-01   2.1374572e-01   1.7238892e+00   1.3723493e-02   6.6112069e-01   1.3473223e+00
   2.0000000e+00  -2.1879163e-01  -1.1545856e+00   2.1640056e-01  -1.1506782e+00   1.4783283e+00   1.6706418e+00   1.7224580e+00   1.5471942e-01  -8.0589873e-01   9.6136380e-01   1.6643457e+00   1.4854148e+00  -1.1960569e+00   6.5018002e-01   3.1372755e-01   9.6398761e-01   1.0459475e-02  -1.1326142e-02
   2.0000000e+00   8.2658571e-01   1.2104984e+00  -4.8674095e-01  -1.0500875e-01   9.6455789e-01  -8.3453626e-01  -9.4307203e-01   8.4156366e-01   4.9034531e-01   5.8524329e-01   2.2470917e-01   6.9459560e-01  -7.9299574e-01  -1.2790773e+00  -3.8599167e-01  -9.8694239e-01  -3.3743759e-01  -9.0879989e-01
   2.0000000e+00   4.5767425e-01   1.6009143e+00  -9.0754780e-01   1.9363017e+00   2.5069376e-01  -2.1291657e+00  -9.8655124e-01  -1.1306535e+00  -1.7967595e+00  -9.7740639e-01   1.4670767e-01   7.2988374e-01  -2.3343094e-01  -4.5222539e-01   1.4270139e+00  -9.0442047e-01  -2.9459597e-01  -1.2967198e+00
   2.0000000e+00  -3.2612958e-01   1.3846812e+00   1.3582171e+00  -1.3600798e+00   2.8594411e-01   8.3201867e-01   2.9548315e-01   1.5230287e+00  -7.0674070e-02  -8.0063919e-01  -3.6116947e-01   5.5359837e-01   1.5017804e+00  -7.6420963e-01   2.0968843e-01   5.0461440e-01   5.4862597e-02   8.0921716e-01
   2.0000000e+00  -2.3974919e+00   4.0626353e-01   4.0166444e-01  -1.5972669e-01   1.6567865e+00   1.1901686e+00  -5.9542482e-01   5.8422470e-01   6.4607313e-02   1.2147402e+00   5.2677678e-01  -5.2774065e-01  -4.9298833e-01  -1.1759817e+00  -4.7756171e-01  -1.7208476e+00  -8.0398510e-01   2.0552769e+00
   1.0000000e+00   6.5802743e-01  -2.1864655e-01  -1.2198361e+00   3.6658507e-01   5.5493964e-01   7.1433028e-01  -4.2763337e-01  -5.9056246e-01  -5.7834181e-02  -1.6706396e-01   3.3605021e-01  -3.3467945e-01  -9.3199056e-01   9.3740542e-01  -6.5398869e-01   6.9707136e-01   1.9806689e+00  -3.3194216e-01
   1.0000000e+00   2.3689466e-01   3.9516186e-01  -1.0526195e+00   3.1600598e-01  -1.7634376e+00   9.8414870e-01  -4.1864249e-01   4.9775128e-02   6.0270435e-01  -5.9692852e-01  -1.0131458e-01  -3.4509813e-01  -7.6524032e-01   6.0416685e-01   1.4767178e+00   2.2871808e+00  -1.1816973e+00  -4.0235972e-01
   1.0000000e+00   1.3806252e+00  -6.0632896e-01   5.2514501e-01   6.3680169e-01   1.3540658e-01  -8.1132103e-01   1.1877863e+00   8.6934673e-01  -1.6931839e-01  -3.9205292e+00  -8.7709745e-01  -1.6626137e-01   5.4840682e-01   6.3377825e-01  -3.1245797e-02   7.4735790e-01   2.2473345e+00  -4.9265390e-01
   2.0000000e+00  -1.1693646e+00   9.8464854e-01   3.4901385e-01  -4.3193315e-01   2.5067144e-01   1.4567647e+00   9.0974566e-01   1.3098508e+00  -2.8552179e-01  -3.5514270e-01   3.3374060e-01   1.3509753e+00  -5.5893037e-01   7.4934202e-01  -1.2048522e-01  -9.1560223e-01   9.7897817e-01   4.2899404e-01
   2.0000000e+00  -6.5943791e-01  -6.4644716e-01  -6.4522367e-02   9.5340870e-01   1.4272553e+00  -1.1996118e+00  -7.3627974e-02   4.4166441e-01  -9.0848256e-01   1.6227054e-01  -1.9220120e+00  -7.2512917e-01  -5.6812459e-02  -1.5752953e+00  -1.3244227e+00   1.1082500e+00  -8.0435883e-01   1.4913805e+00
   2.0000000e+00   7.7549223e-01   6.2939689e-01  -1.3777430e-02  -9.4518204e-01   3.1452934e-01  -1.8018081e-01   1.3205803e+00   2.6168320e-01   7.0310752e-02  -6.3795126e-01   8.6544380e-01   5.9235032e-01   5.0134665e-01   1.4206701e+00  -3.9106102e-01   7.5509266e-01   2.9793961e-01  -7.8386216e-01
   2.0000000e+00   6.1119372e-01   4.8263983e-02   1.1599731e-01  -2.6943172e-01   1.2671537e+00  -1.9061298e-01   1.1818128e+00   4.1552117e-01  -1.8225397e+00   1.0919465e+00   8.2827721e-01  -1.0227389e+00  -7.5145231e-02  -1.8230615e-01  -2.3487852e+00  -9.2919777e-01   3.7838991e-01   6.7063967e-01
   2.0000000e+00  -3.0988068e-01   4.8774941e-01   2.7172437e-01  -4.8734455e-02  -7.0033855e-01   1.3742245e-01  -7.1551664e-01  -1.3133342e+00  -2.3822279e-02  -1.1682728e-01   1.8980690e+00  -1.5063453e+00  -5.5223936e-01  -5.3698715e-01  -6.0339561e-01   2.1969052e+00  -1.1979434e-01   1.1395216e+00
   2.0000000e+00  -5.6414677e-01  -1.5438785e+00   1.7341595e+00   1.8409301e-01   5.3663154e-01   1.0924891e+00   2.1454731e+00   8.7069857e-01  -1.0597957e+00   5.0868466e-01   1.8713385e+00   1.8281678e+00  -5.6597110e-01   1.0991237e+00   1.8529046e+00   2.1875410e+00   4.1647221e-01   6.7312472e-01
   2.0000000e+00  -3.3401409e-02   4.1180124e-01  -2.8224635e-01   6.0510122e-01  -5.0371800e-01  -1.1662152e+00  -4.8488347e-01   4.2268257e-01  -8.3859685e-01   1.3797837e-01  -2.1015380e-01  -2.1147667e-03   2.1152983e+00  -1.2236429e-01  -1.3516475e-02  -1.9580545e+00   2.3029892e+00  -1.6735924e+00
   2.0000000e+00   6.8652250e-01   1.4343232e+00  -3.9131446e-01  -2.9024585e-01   1.1777671e+00   8.6829571e-02  -6.0053127e-01   6.0244227e-01   7.2523461e-01  -7.0516140e-01  -1.1041743e+00  -1.2925856e+00   3.4157386e-01  -1.8565337e+00   9.7569888e-01  -2.2187437e-01  -6.7720742e-01  -7.1654710e-01
   2.0000000e+00   1.0724940e+00  -5.6728359e-01  -9.2393232e-01  -1.2639345e+00  -5.3767449e-01  -2.2704953e-01  -8.4298543e-01  -1.1745883e-01  -1.5872234e+00  -1.2416152e+00   1.1323681e+00   4.7156763e-01  -1.1454627e+00   8.7225960e-01   7.3325030e-01  -1.6226651e-02   2.5342768e-01   1.5526456e+00
   2.0000000e+00  -1.4760561e+00  -4.9456251e-01  -8.5000943e-01  -6.4866531e-01  -1.3574266e+00   4.7064167e-02   6.7406798e-01   9.0465640e-01  -7.4804526e-01  -5.2578017e-01   1.1601834e+00  -9.7932295e-01   4.4710584e-01  -3.3444969e-01   5.2454475e-02   1.3754687e+00  -7.3564157e-01   8.3978695e-01
   2.0000000e+00   1.0315686e+00  -6.4197393e-01   1.5500676e-01   6.8213564e-01  -3.4192418e-01  -1.9122976e-01   1.7195903e-01   4.8332978e-01   2.4187887e+00  -3.1092170e-01   4.2139174e-01   1.6933516e+00   2.7716865e+00  -7.0413905e-01   1.2549674e+00  -1.5941112e-01  -7.9422801e-01  -3.9141641e-01
   2.0000000e+00   3.9871827e-01   1.0170221e+00   6.4629144e-01   7.4852190e-02   9.6637365e-01   3.4515275e-01   4.6995548e-02  -1.6006403e-01  -1.2146159e+00  -4.5376045e-01  -1.5362411e+00  -1.5308058e+00  -6.1780512e-02  -6.9986948e-01   1.4713674e+00  -3.8170170e-02  -8.1566490e-01   4.3022012e-01
   2.0000000e+00  -2.6562860e-01   1.6637219e+00  -4.7779706e-01   7.3771472e-01  -1.1755668e-01   1.2256311e-01   6.0458479e-01  -1.1430129e+00   1.1109456e+00  -2.0545341e+00   5.1230988e-01  -4.8504343e-01  -7.5627942e-01   1.8981541e+00   2.5158463e+00  -2.1910803e+00   3.3083972e-01  -1.7572079e-01
   1.0000000e+00   1.6352743e+00  -8.5927853e-01  -4.4769593e-02  -6.4434786e-02   9.5488265e-01  -6.6861804e-01   3.9850044e-01   1.1258453e+00   6.9694426e-01   9.3333132e-02   9.7434126e-02   1.4634053e-01  -9.7565406e-01   3.8081419e-02   9.0852820e-01  -1.5358018e+00  -2.0146766e-01  -2.2719542e+00
   1.0000000e+00   2.0867808e-01  -2.1658022e-01   1.0131770e-01  -6.2623850e-02   2.7666120e-01  -4.9763187e-01   1.0689633e+00  -1.3957309e+00  -1.6695444e+00  -1.9837859e+00  -3.0677170e-01  -2.3435582e-01  -4.4058392e-01   8.9859429e-01  -8.7865210e-02   6.3435294e-01   1.7174509e-01   3.6955731e+00
   2.0000000e+00   3.0501338e-01   2.3707639e-01  -1.0236238e+00  -5.7316357e-02  -1.4031118e+00  -7.0649634e-01   3.5577525e-01  -4.7196138e-01   1.5871353e+00  -1.7887430e+00   3.2471818e-01   1.3648980e+00  -1.8874232e-02  -6.6610818e-01  -9.1168367e-01  -1.9677092e+00   8.1612108e-01   9.4318357e-01
   2.0000000e+00   1.3113509e-01  -6.7941482e-01   1.2251222e-01   6.3764824e-01   5.7385607e-01  -2.9631783e-01  -7.4051546e-01  -7.3699653e-01  -9.1264228e-01   7.5298483e-01  -1.3067219e+00  -8.8636482e-01   4.3143673e-01   8.8920815e-01   8.6585586e-01  -7.9574435e-01  -2.4834939e+00  -1.0896214e+00
   2.0000000e+00  -4.5853385e-01  -1.3871155e+00   1.4857961e+00  -9.6488122e-01   1.3291065e+00  -1.9619848e-01  -9.7240693e-01   8.6131936e-01   4.3442465e-01  -1.8031628e-01  -2.2856239e-01  -5.9169396e-01  -2.3692686e-01   9.6977337e-02  -1.0506057e+00  -7.2314752e-01   1.2650172e+00  -1.1180814e+00
   2.0000000e+00   4.3254402e-01  -1.9021718e+00   8.3941372e-01  -6.1421337e-01   1.7247587e-01  -7.1299378e-02   1.2985839e+00  -8.0125100e-01  -7.6630380e-01   1.6273723e+00   1.2114889e+00   2.2362297e+00   6.2075269e-01   1.0575046e+00  -1.3342757e+00   1.8919123e-01  -3.8140864e-01  -2.8875126e-01
   2.0000000e+00   1.1128350e+00  -6.4548441e-02   5.1050256e-01   1.0411641e-01  -1.7175970e-02  -3.0557645e-01  -1.1903658e+00  -9.7191997e-01  -1.0114515e+00  -1.1436982e-01  -2.8559456e-01   1.1118184e+00  -4.7058149e-01  -7.3224044e-01  -1.3770418e+00  -2.0288805e-01  -1.2143830e+00   2.0996131e+00
   1.0000000e+00   6.2877432e-01  -4.4887814e-01   5.5777780e-01   4.9906327e-01   1.0440205e+00  -1.1635442e+00  -2.1716051e-01   1.8166818e+00   7.6183719e-01   1.2243125e+00   1.0203758e+00  -9.1168060e-01  -4.2534538e-01   7.2961406e-01  -3.3810966e-01  -1.5851428e+00  -1.1492383e+00   1.5746642e+00
   2.0000000e+00  -4.0894238e-01  -1.8185286e+00   1.8101494e+00   7.9702302e-02   2.6532223e+00  -9.4563251e-02   1.8546333e-01  -1.5668727e+00  -7.3069754e-01   6.8986999e-01  -1.0351193e-01  -5.8951172e-01   2.2154880e+00   1.8058762e+00   7.7060543e-01  -8.9567012e-01  -6.7520437e-01  -3.6005572e-01
   2.0000000e+00  -1.0776733e+00  -1.3592207e+00  -4.8897257e-01   7.9779657e-01   6.4752171e-01  -1.1498429e+00   9.1993132e-01  -3.7058581e-02   7.3236149e-01  -9.2685294e-02  -4.6062538e-01   1.3155396e-01   2.5622981e+00  -1.8716459e-01   1.0460890e+00  -2.2106744e-01   9.2765508e-01   4.6673843e-01
   2.0000000e+00   1.4866702e-02   8.2368084e-01   9.6062515e-02   1.3493789e+00   1.6645153e+00  -6.6554615e-01  -6.5499499e-01  -2.6001231e-01  -8.4466421e-01   1.7057201e+00  -6.9901524e-01  -1.8034748e+00  -1.2419282e+00  -2.7058364e-01  -5.8895559e-02   2.3656042e+00  -6.1900440e-01   7.7864310e-01
   2.0000000e+00  -6.7621678e-01   4.0313183e-01  -1.0121560e+00  -2.6029513e-01  -5.0024420e-01  -4.1419266e-01   1.8200636e+00   1.4562604e+00   1.9328204e-01   2.2207847e+00   1.4606024e+00   5.5058844e-01  -3.6598467e-01  -5.5795882e-01  -1.2059445e+00  -6.6717250e-01   8.9379669e-01   1.4369381e+00
   2.0000000e+00   1.0835110e+00   1.4806812e-02  -4.6487621e-01  -5.8725235e-01  -1.5846669e+00   2.2442487e-01   4.7083980e-01   3.6386495e-01   1.4785777e-01   6.3979761e-01   8.4309156e-01  -1.6686137e-01   6.4389205e-01  -3.0035149e+00   1.0611226e+00   1.6063572e+00   1.9222808e+00   1.6783480e+00
   2.0000000e+00   1.5381147e+00   5.6897493e-01   3.8214684e-01   2.5060260e+00  -1.3087303e+00   1.1994019e+00  -7.2173500e-01   4.8767098e-02  -6.2428788e-01   2.1814307e-01   2.4525144e-01  -2.4189063e+00   4.5368047e-01  -1.2280076e+00   1.0125860e+00   8.4706882e-02   2.8223359e-01   4.6483435e-01
   2.0000000e+00   1.5192565e+00   1.0060765e+00   2.2792033e-01   2.9337902e-01   1.1361786e-01   4.0630741e-01  -1.8728444e-01  -1.1104605e+00  -1.2555496e-01   8.8699806e-01  -5.2381272e-01   9.5379734e-01  -2.8266020e-01  -1.3488033e+00   1.2777966e+00   6.4316885e-01   2.1276975e-01  -6.5105585e-01
   2.0000000e+00   2.8275496e-01  -1.5820285e+00  -6.4484610e-01  -3.4568495e-01  -5.6628283e-01  -5.5197505e-01  -1.0794032e-02  -1.7468006e-01   3.8641777e-01  -8.8032131e-01   1.1502786e+00   1.2909604e+00   3.1349355e-01  -1.7317326e-01   1.7697720e+00   8.9664010e-01  -1.0517368e-01   1.0502712e+00
   2.0000000e+00  -1.2893852e+00   1.3936657e+00   4.1570685e-03   9.6876605e-01  -1.4650166e+00   2.2589760e+00   6.4130974e-01  -2.4523154e-01  -1.1529627e+00   1.4487290e+00  -2.8703810e-01  -1.3922282e+00  -7.1597332e-01  -1.9609297e+00  -4.1939489e-01   1.0291436e+00   1.2093352e+00  -2.4425019e-01
   2.0000000e+00   8.9218349e-01  -1.4496153e+00   4.7906565e-01   2.6272747e-01   3.4048597e-01  -1.0797231e+00   4.4590979e-01   3.2219313e-01   4.9389095e-01   6.3454196e-01   8.7429469e-01   1.8256838e-04   1.1222051e+00  -8.3600786e-01  -5.2219542e-01  -5.3818296e-01   6.6753650e-01  -6.9692726e-01
   2.0000000e+00  -8.8270421e-01  -1.2069143e-01   3.6132361e-01   8.8830998e-01   3.2258240e-01   2.0524058e+00  -9.8212682e-01   7.6252316e-01  -2.8470443e-01   6.1755963e-01   1.4393987e-01   7.5797263e-01  -9.8167038e-01   3.9259911e-02   2.1864050e+00   1.3932059e-01   4.4341808e-01  -5.7874960e-01
   2.0000000e+00  -7.2688191e-01  -2.9141267e-01   1.2415549e+00   3.2273035e-01   2.0985828e-01   1.8687517e-01   4.0318562e-01  -1.8997455e-01  -1.2984539e+00  -5.6815636e-02   4.2305327e-01  -6.1308186e-01   1.6432420e+00   1.8613843e+00   3.2791130e-02   9.8045158e-03  -1.1342908e+00   7.6398178e-01
   2.0000000e+00  -5.1121309e-01  -1.4949339e+00   7.6194770e-01   1.1331252e+00   1.5565261e+00   9.7095407e-01   1.3465443e+00   6.1816318e-01  -1.1492707e+00   3.3565321e-01   4.3478458e-01   8.0790517e-01  -1.2755618e-01  -3.3402377e-01   1.3363915e+00   1.5518227e+00  -5.3508164e-01   6.8408986e-01
   1.0000000e+00  -7.8205444e-01  -5.9954426e-01  -1.8576873e+00   1.0822814e-01  -2.2475682e-01   9.9740133e-02  -4.0417875e-01  -1.4532528e+00  -8.0688275e-01   1.6291546e+00   1.1300640e+00   9.7428854e-01   5.9823955e-01   7.1567158e-01  -8.9000278e-01  -6.7241387e-02   1.0486716e-01  -9.5693605e-01
   2.0000000e+00  -1.2655078e+00  -2.1172627e+00   3.3987215e-01   1.4257993e-01   3.2556056e-02   1.3267154e+00  -9.3327984e-02   7.5784541e-01  -5.2308123e-02   5.7483108e-01   6.2866030e-01  -4.1815347e-01  -1.1721326e+00  -2.3360006e-01  -4.6501035e-01  -1.6703539e-01  -3.3028166e-03  -9.1475100e-02
   1.0000000e+00   5.3822675e-01   2.8397652e-01   2.0597247e+00  -4.3975280e-01   3.6422589e-01  -7.1171037e-01  -6.8728698e-01   1.8421967e+00  -3.3776914e-01   1.5093807e-01  -7.1178067e-01   3.9923897e-01   6.3587380e-01   3.0403748e-01  -8.0437679e-01  -1.5368927e+00  -1.9032049e+00   7.1637579e-01
   2.0000000e+00   1.3628652e+00  -3.9004037e-01  -1.3800072e+00  -3.5582374e-01  -7.1717391e-01  -1.5804011e+00  -1.4655447e+00  -1.6257809e+00   9.6965961e-01   4.8351895e-01  -1.4232887e+00   5.9515356e-01   7.6571840e-02   9.7567905e-01   2.3512210e-01   1.2130596e+00   7.2689824e-01   2.1524754e+00
   2.0000000e+00  -6.4897232e-01  -1.1731329e+00  -6.2691833e-02  -7.0818012e-01  -6.9309771e-01  -1.6569562e+00   7.4322525e-02   3.4958439e-01   5.0472409e-01   6.7488978e-01  -1.9291580e+00   5.9541353e-01   6.2510160e-01   1.2490856e-01  -1.9490442e-01  -1.3045534e+00  -1.1427906e+00   2.0518765e-01
   2.0000000e+00  -1.4023019e+00  -1.0306564e+00   7.4589001e-01  -2.0854475e-01  -4.5521968e-02   2.7809433e-01  -6.4566620e-01  -1.0760691e-01   3.5299868e-01  -6.2480163e-01   3.4712468e-01   1.3844293e+00   3.1334502e-01   8.6234242e-01   1.6669585e+00  -1.4700959e+00  -2.2796099e-01   1.0746074e+00
   2.0000000e+00  -1.1702170e+00  -4.5887016e-01   3.6054386e-01   8.5907607e-01   3.0513482e-02   3.9788741e-02   5.3009391e-01   1.9470305e-01  -3.0620308e-01   2.9599365e-01  -7.0175455e-01  -6.4085870e-01   2.6559087e-01  -9.6089706e-01   3.1896444e-01   4.1155603e-01  -2.1440441e+00  -3.7114562e-01
   1.0000000e+00   1.1996409e+00   6.8447683e-01   1.4010627e-01   1.4834261e+00  -1.3709593e+00  -1.1031993e+00   1.4989840e+00  -5.0956410e-01   1.1304703e+00  -6.0977582e-01  -4.9748616e-01  -4.3803160e-01  -9.5576192e-01   6.6746681e-01  -5.1852956e-01  -6.9905931e-01   1.4151010e+00   1.0163062e+00
   2.0000000e+00  -7.5034723e-02   1.7877273e+00   1.4797849e+00   2.0020136e+00  -1.1447888e+00   5.1451659e-01  -1.8366827e+00   1.3438044e+00  -1.2744310e+00  -1.1517994e+00  -1.9303093e+00   4.8428469e-01  -1.3063988e+00   1.0716507e+00  -9.2749305e-01   4.0106511e-01  -9.0399968e-01   6.0354966e-02
   2.0000000e+00  -1.1948842e+00   6.9130064e-01  -1.4380139e+00   1.9134927e-01   1.9904384e-02  -2.7862500e-01  -5.8381702e-01   9.1797293e-01  -2.1324002e+00  -2.4074247e+00   2.2101392e-01  -1.2088464e+00  -5.1900954e-01  -1.4996493e+00   4.7125313e-01   1.0071061e+00  -1.4405828e+00  -4.7290208e-01
   2.0000000e+00  -1.3378438e+00  -7.8986185e-01   1.3334972e+00  -5.7958593e-01  -5.2408177e-01  -3.7512217e-01   1.5108640e+00  -1.7270804e+00  -1.3395708e+00  -8.1002145e-01   2.4271252e-01   1.5367703e+00   5.1662584e-01  -1.1030597e+00   5.4261572e-01  -1.3827001e-01   1.2878374e+00  -7.7586227e-01
   2.0000000e+00   1.1706383e+00   1.5484700e+00  -9.8290309e-01   7.6857000e-01   1.9234906e+00   4.3491656e-01  -1.5294543e-01  -1.8264155e+00   4.1991782e-01   9.1267450e-01   8.4255015e-01  -4.0141265e-01   3.9882944e-01   1.6345228e+00   1.6853043e+00  -2.5845469e-01   1.1353236e+00   9.6967675e-02
   2.0000000e+00  -2.5560441e-01  -1.6940553e-02  -1.0500724e+00   6.9277908e-01  -9.5793280e-01   2.7039399e+00  -8.3372949e-01   6.1267713e-01   1.0048956e+00   1.6137459e+00  -8.8408117e-01   2.0872363e+00   5.3361724e-01   1.3387229e+00  -9.3768060e-01   1.2459438e+00   7.7282609e-01   1.5532946e+00
   2.0000000e+00   8.0682659e-02  -2.3592231e-01   1.1700964e+00  -1.4419097e-01  -1.6091614e-01  -4.3786443e-01  -1.7623356e-01   4.4639566e-01  -2.4302324e+00   1.4081475e+00  -2.8637205e-01   3.2675881e-01   1.8050188e-01  -7.4993977e-01  -7.8483770e-01  -2.5478476e+00   2.4556852e-01   1.3004402e+00
   2.0000000e+00  -2.5217667e-01  -1.3569255e+00   1.0232687e+00   1.0047221e+00   9.6692191e-01   7.4330200e-02   1.4390782e+00   1.1188234e+00  -4.8788440e-01  -3.9294736e-01   5.5990952e-02  -2.5514594e-01  -1.5622180e-02   6.3060832e-01  -1.0073861e+00  -1.5136742e+00   6.4382542e-01  -7.1797187e-01
   2.0000000e+00  -1.7768125e-01   6.1024973e-01  -2.2318595e-01  -9.7680075e-02   1.0076900e+00  -9.5550364e-01  -8.7487180e-01  -1.3408846e+00  -6.3743326e-01   6.3656593e-01  -1.0528836e+00  -4.1661697e-01   2.2490473e+00  -1.0169707e-01  -1.4780644e+00   2.9712320e-01   2.0239042e+00  -1.8126685e-01
   2.0000000e+00   1.2730878e-01  -6.6519407e-02  -5.2365082e-01   2.6419844e-01  -1.2673639e-03   2.8296616e-01   4.6440722e-01   2.0565982e-01  -1.0937104e+00  -2.2643535e-01   2.6188604e-01  -2.3860371e-01  -5.4506683e-01  -6.6045861e-01   3.8290591e-01  -4.7961439e-01   1.0075321e+00   1.3490361e+00
   2.0000000e+00  -2.3142004e-01   1.0659686e+00  -8.9263076e-01  -1.4401713e+00   1.0791048e+00   4.9815841e-02  -1.7200010e-01  -1.1076464e+00  -4.1211775e-01   9.7444913e-01   1.0235383e-01   7.7672295e-01  -1.0258996e+00   1.2571113e+00   2.9310555e-01   1.0221185e+00  -6.2968389e-01   2.6086219e-01
   2.0000000e+00   7.7181684e-01   1.3808794e+00   2.0645411e+00   9.5309896e-02   1.2530332e+00  -3.9682917e-01   4.8102713e-01   1.1713170e+00  -2.5594695e-01   1.6201886e+00   1.2940206e+00  -2.3910531e-01  -8.0209221e-01   1.0465756e+00   9.8149232e-01   1.1872063e+00  -6.6204673e-01  -1.1884970e+00
   2.0000000e+00   2.3615933e+00  -6.0289866e-01  -8.7736615e-01  -6.6607338e-02   1.7274617e+00  -1.3128449e+00  -8.1346676e-02  -1.2870030e+00   1.7787903e-01  -9.4982504e-01   1.3849713e-01  -5.7378796e-02   1.0752334e+00  -1.2865564e-01   1.9487953e+00  -6.8911299e-01  -4.9930890e-02  -4.0458502e-02
   2.0000000e+00   4.6482787e-01   1.3543618e-01  -1.4522233e-01   1.1329759e+00   1.4526346e-01  -1.7549853e+00  -4.3892014e-01   5.8961386e-01   1.0649356e+00   5.8159264e-01  -2.1450422e-02  -4.1324945e-01  -1.4436593e+00  -9.4627396e-02  -1.2296715e+00   1.8223126e-01   3.0556811e-01   2.0151735e+00
   2.0000000e+00   1.5357332e+00  -3.4717700e-01   9.4176755e-02  -2.2372595e-01   1.2842499e+00   4.0250092e-01  -5.6398484e-01   6.5829027e-01  -1.1287126e-01  -1.1181993e+00   8.2611948e-01  -1.0810726e+00   5.7154417e-01   1.4200175e+00   2.4397334e-01   9.9564572e-01  -9.5503525e-01  -1.2682065e+00
   1.0000000e+00   2.4858154e-01  -1.2870351e-01   8.4014249e-01   1.4280268e+00   9.4416001e-01   3.9045800e-01  -5.9735508e-01  -2.3749352e+00   8.0361862e-01   5.5210003e-01  -1.1622834e+00   1.9776099e+00   1.5046812e+00   9.8647905e-01  -6.0557104e-02  -3.2098440e-01  -2.4632421e-01   7.5676520e-01
   1.0000000e+00   3.4525066e-01  -2.9770203e-01   1.0030989e-01  -9.7518513e-01  -2.2522176e-01   2.1807585e-01   1.3741015e-01  -1.2596513e+00  -4.1954968e-01  -1.6355529e-01  -8.7789451e-01  -9.2222876e-01   8.4227821e-01   8.7820080e-01  -3.5105093e-01  -1.0605085e-01  -1.6271394e+00   7.8669568e-01
   2.0000000e+00   2.5779150e-01   5.2702587e-02  -1.0536055e+00  -1.0696938e-01   1.2286308e+00  -7.1811680e-01  -2.2576620e+00  -1.8972034e+00  -5.5637935e-01  -1.2182103e+00  -1.5801429e+00  -2.3661456e-01  -9.5743099e-01  -1.1018797e+00   1.1136259e-02   1.2043244e+00   7.7270067e-01   1.8030962e-01
   2.0000000e+00   1.2852759e+00   9.5394126e-01   5.6772047e-01  -1.5921878e+00   5.7880569e-01  -1.5985139e-01  -1.7847823e+00   1.7949651e+00  -5.2709863e-01   3.4046073e-01  -6.1172822e-01   5.5996726e-02   4.0317374e-01  -8.0375592e-01  -2.2167673e+00  -2.8914812e+00  -1.4214618e+00  -5.2000230e-02
   2.0000000e+00  -2.8113534e-01   1.3688468e-01   4.8697820e-01   5.7456920e-01   1.6112831e+00  -1.1270985e+00  -4.4256197e-01   9.8438545e-01   1.2532180e-01  -1.3710912e-01  -7.7717435e-01  -7.9889585e-01   7.2472340e-01  -1.2501907e+00  -1.2102388e+00   1.4296967e+00   1.0599473e+00  -4.0285450e-01
   2.0000000e+00   7.9024836e-01   3.4439293e-02  -2.6246266e-01   8.3165841e-01   3.8559830e-01   8.4582892e-01  -1.9071312e-01  -2.8827568e-01  -1.5704097e+00  -3.4408656e-01  -1.4198509e+00  -1.3769333e+00  -1.8223621e+00   1.2313739e+00   2.8331405e-01  -6.0680723e-01   5.7837354e-01  -1.2424716e+00
   2.0000000e+00  -7.0379915e-01   1.4224484e-01  -1.2322939e-01   9.4449916e-02   6.9976965e-01  -2.2714309e+00  -1.6997966e+00  -1.9872930e-02   1.1351046e-01  -2.1984804e-02   1.9215859e-01  -1.0953591e+00  -5.9470220e-01   7.6016571e-01  -1.5052194e+00  -5.2880310e-01   3.8629544e-01  -5.6225027e-01
   2.0000000e+00   7.0093579e-01  -2.9118184e-01   8.7712641e-01   6.4806164e-01  -5.4125862e-01   5.0384842e-01  -2.0481958e-01   1.2654191e+00  -8.2004106e-01   9.7245611e-02   1.3397270e-01   9.0318617e-01  -9.4469544e-02  -1.4183507e+00  -5.3140651e-01  -4.6878700e-01  -4.1179126e-01  -2.1347189e-01
   2.0000000e+00  -6.3825684e-01   6.4941953e-01  -2.4398791e-01  -1.9918996e-01  -7.9358665e-02  -1.8043606e+00   7.7415508e-01   6.5556515e-01  -7.8880824e-01   1.3521418e-01   1.0230197e+00  -2.2799709e+00  -1.8118792e-01  -4.2415277e-01   5.6253875e-01   1.7216289e+00   1.3125969e-01   1.6127305e+00
   1.0000000e+00   2.9663062e-02   1.3318250e-02  -1.0209324e+00   2.5104143e-01  -2.8005677e-01  -2.1959244e-01  -2.4275443e+00   1.6912168e-01   3.7104572e-01  -1.0767496e-01   1.5412741e-01   2.6100622e+00  -1.2077201e+00   2.2610938e-01   1.4754163e+00  -1.8166409e+00  -2.0377341e-02   1.7891810e+00
   1.0000000e+00   1.9197137e-01  -5.1410110e-01   1.6106281e+00   1.4913503e-02  -2.5837610e-01   1.9148846e+00  -1.6167324e+00   7.6667284e-02   9.4505823e-01  -1.5350085e+00   1.6139322e+00   1.0493974e+00  -1.1289825e+00   1.2976928e-01   1.2420610e+00   8.8847964e-01   8.8584505e-01   2.4679737e-01
   1.0000000e+00   2.0819505e+00   4.0052056e-01   1.6434318e+00  -4.6687228e-01  -2.5682378e-01   1.1372657e+00   4.4328453e-01   7.7675596e-01   3.9950676e-01   4.1401239e-01   5.1269942e-01  -1.7205939e+00  -3.8613244e-01   8.1465993e-01   6.9670597e-01  -2.1771537e-01  -3.0444406e-01  -8.8993975e-02
   2.0000000e+00  -2.8062215e-01   1.8038620e+00  -1.0347682e+00  -2.2660766e+00  -6.5154243e-01  -1.0977904e+00   9.7993155e-01   1.3864961e+00   1.5122301e+00   1.9589899e-01   1.0299339e+00  -2.2824054e-01   5.1122829e-01  -1.4121654e-01   1.8557117e+00  -5.1199574e-01   9.1766550e-01   1.8089205e-02
   2.0000000e+00   1.6035986e-01   2.2978954e+00  -7.8105740e-01   5.2106695e-01  -2.5995931e+00  -3.1213697e-02  -8.6494036e-01  -2.1347410e+00  -2.9036315e-01  -3.2418935e-02  -1.6288894e+00  -6.0016895e-01  -2.3685258e-02  -1.5108354e+00  -1.0270675e+00   2.5481799e-01  -6.7489396e-01   1.1389056e-01
   2.0000000e+00  -3.7804140e-01  -8.6653643e-01  -3.9597641e-01  -3.4047152e-01  -5.9607696e-01   6.7309945e-01   1.9294496e-01  -1.0912341e-01  -7.1954370e-01  -1.0411244e+00  -3.4007546e-01   1.5905854e-01   4.4904550e-01   1.5114276e+00   1.2001809e+00   1.1100527e+00   1.1506612e+00   5.5593313e-01
   2.0000000e+00  -3.1906858e-01  -7.2507275e-01   6.6980552e-01  -7.8618762e-01  -4.2807107e-01   1.1126579e+00  -2.5106951e-01   7.5968542e-01  -3.0016798e-01  -2.7207821e+00   4.1843124e-01   1.7732660e+00  -2.7899345e-01   7.9694600e-01  -4.5455285e-01  -1.2991042e+00   8.6754303e-01   4.0972903e-01
   2.0000000e+00  -5.9467895e-01  -1.8877818e+00   6.6494350e-01   1.8225585e+00   1.4334390e-01  -1.1468780e+00  -1.3225980e+00   5.7104678e-01  -1.0259600e-01  -1.4704853e-01  -1.8286122e-02   4.7959889e-01   1.4932006e+00   1.5195227e+00   8.4285721e-01   4.4535102e-01   3.1873029e-01  -2.5984174e+00
   2.0000000e+00   7.2771803e-01  -2.3010123e-01   1.9171997e-02   1.5564359e+00   1.0220182e+00   4.1823965e-01  -8.9759093e-01   9.3826075e-01   1.0904256e+00   6.6053525e-02   1.4822970e+00  -3.6806668e-02  -1.0704355e+00  -7.1580536e-01  -6.1119269e-01   1.2452757e+00   8.0663761e-02   1.2899077e+00
   2.0000000e+00   8.5319383e-01   5.7904558e-01   2.6612775e-01   2.5535938e-01  -5.2492512e-01  -9.3751185e-02   5.0926724e-01  -1.2412417e+00   7.3287511e-01  -9.6347769e-01  -3.8275278e-01  -2.2361717e-01  -7.3869084e-01  -1.3124191e+00   4.0466148e-01   6.7376017e-01   1.4448261e+00   2.5839642e+00
   2.0000000e+00  -7.5708502e-01  -1.0672816e+00  -1.4279299e-01  -3.1643222e-01  -8.6065719e-01   2.8596088e-02   2.8620733e-01   1.5897312e+00   7.8730076e-01  -6.9527851e-01   7.5666500e-01   5.7957781e-01   2.1928172e+00  -3.1887628e-01  -9.6038944e-01  -2.1640430e-01   5.3556809e-01  -7.7131592e-01
   2.0000000e+00  -7.0689506e-01   3.2563277e-01   1.9091173e+00  -7.3725711e-01   2.0186422e-01  -2.7268001e-01  -6.3312678e-01   8.7401261e-01  -1.7139088e+00  -3.1577113e+00   8.5190506e-01  -3.2279029e-01  -4.7475626e-02   1.2353147e+00   1.1422794e+00  -1.0873093e+00  -2.9129279e-01  -4.3352018e-02
   1.0000000e+00  -1.1048166e+00  -8.1613871e-01  -6.4764751e-01  -1.3913771e-01  -1.1846256e-01   2.0154007e-01  -2.8489977e-01  -7.2775274e-01  -1.3842342e+00  -1.0307481e+00   1.7923123e+00  -1.3907369e+00   7.8471836e-01   1.0297478e-01   2.8808780e-01   7.7298453e-01   4.6314536e-01  -7.3832103e-02
   2.0000000e+00  -5.3199274e-01   6.0845363e-01  -1.1528064e+00   2.0610014e+00  -1.0760670e+00   8.9058561e-01   1.0546302e+00  -2.6349750e-02   9.8996358e-01   1.1101185e+00   8.3194402e-01   2.4325715e-01  -3.2011718e-01  -3.1242827e-01   7.0771704e-02  -6.7343891e-01  -5.0913077e-01  -1.1217362e+00
   2.0000000e+00   1.0757015e+00   5.3685872e-01   5.7149559e-03  -4.8997882e-02   1.5544875e+00  -1.1813891e+00  -1.7647018e+00  -5.9528968e-01   1.2601085e+00  -1.0669842e+00  -1.6566823e+00  -9.8196502e-01   5.5208376e-01  -2.5279165e-01   1.2091537e-01  -1.3640310e+00   3.4877509e-01   2.9552922e-01
   2.0000000e+00  -7.2502888e-01   1.0718132e+00   2.0565707e-01  -6.6825432e-01  -2.3306992e+00  -1.2258591e+00  -3.7857569e-01  -1.1054414e+00   6.4557947e-01   5.7654739e-01  -1.7291669e-01  -1.5125953e+00   1.1085386e+00  -6.9780195e-01  -1.1045282e+00  -9.5066894e-01  -6.8372050e-01  -2.6732717e+00
   2.0000000e+00   3.9075518e-01  -9.6078772e-01   1.5354489e+00  -2.8681498e-01   1.3677923e+00   9.9072035e-01  -9.5520102e-02  -2.6387466e-01   8.6963803e-01  -1.4721826e+00  -1.3396759e+00   1.5122244e+00  -7.5214427e-01  -1.4487250e+00   5.8532680e-01  -2.8780048e-01  -6.1531205e-02  -3.9375349e-02
   2.0000000e+00  -8.5570807e-01   1.4307392e+00  -7.6372931e-01   5.5518416e-01   7.6126192e-01  -6.6675042e-01   9.6936297e-01   8.8678948e-01  -2.0611158e+00   1.7488843e+00  -6.1759191e-01  -9.6701777e-01  -5.7865693e-01  -4.9559282e-02   1.9112917e+00  -8.3457444e-01   3.1493108e-01   1.7205033e+00
   2.0000000e+00  -2.3316113e+00   1.5154880e+00  -1.0855897e+00   1.4838397e+00  -1.7392109e+00  -6.6852239e-01  -7.0125003e-01   4.2847967e-01  -7.3689173e-01  -2.3824925e+00  -7.8943972e-01  -2.3167857e+00   1.3181086e+00   1.0372037e+00  -5.0439158e-01  -2.9327032e-01  -9.4929682e-01   1.2196474e+00
   2.0000000e+00   1.6718330e+00  -1.5625422e-01   6.8871868e-01   8.3376280e-02   2.1940826e-01   1.3649807e+00  -1.6546859e+00   4.3384104e-01   1.5920842e-01  -7.7798340e-01  -2.3629359e+00  -2.7970487e-01   1.1162122e+00  -1.4555593e-01  -4.6848599e-01  -1.0616966e+00   5.1594020e-01  -3.7265548e-01
   2.0000000e+00  -8.6246477e-01  -1.4690948e+00  -1.7295778e+00   8.2846410e-01   1.9477618e-01  -3.6408100e-01   4.0696667e-01   8.7210473e-02   7.6538270e-01   1.3901828e+00   1.5078119e+00   1.3368837e+00  -5.7389197e-01   1.8559353e-01  -6.6564852e-01   2.6869569e-02  -1.0131929e+00   5.5870864e-01
   1.0000000e+00  -1.9404350e-01  -3.7758090e-01   1.1316629e+00   5.9417580e-02   5.5689778e-01   4.9449643e-01  -9.1303025e-02  -8.1709079e-01   1.0372298e-01  -8.6066130e-01  -1.2622192e+00   5.8434825e-01   8.7643745e-01   2.4143737e-01  -9.6987019e-01   2.3630935e-01  -4.7694889e-01  -1.7289494e+00
   2.0000000e+00  -9.4388212e-01   1.1073336e+00  -5.5582801e-01   5.8580567e-01  -3.8477236e-01   3.9079619e-01  -5.4902433e-01  -1.5496648e+00  -1.0058428e+00   1.8451326e+00   1.6605154e+00  -1.4604769e+00  -1.7054636e-01   1.0350930e+00  -1.0736991e+00  -4.1973633e-01   4.1848291e-01  -6.8839624e-01
   2.0000000e+00   6.0885078e-01   3.7136344e-01   9.4373213e-01  -1.5995129e+00  -4.3410585e-01  -3.2040223e-01  -1.2729678e+00   7.8591224e-01  -1.1082005e+00  -1.0829668e+00  -2.2040321e-01   2.0709397e-01  -4.6182034e-01  -5.9058508e-01  -7.8884905e-01   1.6155191e+00   7.1051154e-02  -1.1276793e+00
   1.0000000e+00  -1.1393925e+00   6.5880175e-01  -5.1552995e-01   1.7920169e+00  -7.2947947e-01   5.0401150e-01  -1.8266753e+00  -1.6607154e+00   8.6633970e-01   1.5107952e+00   3.6925458e-01  -3.7388759e-01  -7.7714104e-01   5.3592927e-01   2.8876628e-01   8.7610125e-01  -3.3203408e-01  -7.4952217e-01
   2.0000000e+00   1.3242129e-02   1.6923173e+00  -7.2880516e-01  -1.5942658e+00  -2.1085519e-01   3.6435114e-01  -1.8079665e+00  -4.9915440e-01   7.5381715e-01   9.4045048e-01   1.1041688e+00  -1.5039216e+00  -1.6673170e-01   1.0065220e+00   1.4414732e-01   6.3249254e-01  -1.9857721e-01  -7.6406643e-01
   2.0000000e+00   1.2540795e-01  -1.5226097e+00  -2.6694397e-01   1.7311868e-01   5.9092721e-01   8.2400472e-02  -1.4012955e+00  -4.5282368e-02   1.1117875e+00  -2.7956335e-01   6.1910049e-01   3.4253773e-01  -1.2782344e+00   4.4946670e-01   1.6840401e+00   5.3825247e-01   1.7461431e+00   7.6964274e-02
   2.0000000e+00  -3.6971476e-01  -9.6655518e-01  -3.1558414e-01   1.8559394e-01   9.0226630e-01   6.5130840e-01  -1.3859283e-02   1.2382843e+00   2.3098089e-01  -1.4807145e-01  -7.0981338e-01  -7.6684791e-01   3.9790516e-01  -1.6331876e-01   8.1426065e-02  -8.8270126e-01  -3.3832455e-01  -7.8708822e-01
   2.0000000e+00  -7.7336711e-01  -1.2904348e+00   6.5135626e-01  -3.3257219e-02  -7.4957138e-01   1.7883819e+00  -8.9462715e-01   4.1260141e-01  -3.0955058e+00   1.1718722e+00  -3.2667109e-01   1.0197828e+00   5.7365274e-01   5.6164900e-01  -2.6544430e-01  -1.1156107e+00  -2.0921876e-01   1.0866149e+00
   2.0000000e+00   3.5594121e-01   7.6060143e-01   1.3698150e-01   1.0391872e+00  -6.7180813e-01  -2.8458933e-01   1.1330241e-01  -3.8695936e-01   2.0408466e-02   1.5726811e+00  -1.8602457e+00  -1.2213368e-01   9.0902460e-01  -2.6862484e-01  -1.1083308e+00  -2.2505649e-01  -1.9133847e-01   2.4208244e-01
   2.0000000e+00   1.6432916e+00   8.7399556e-01  -6.5387069e-01   1.3047578e+00   4.0106313e-01  -1.1031959e+00  -4.9048227e-01   6.3641065e-01   5.4300623e-01   5.8801648e-01  -2.2363767e+00   7.3657449e-01  -7.4794139e-01  -1.0292212e+00   1.8762701e-01  -2.2661575e+00   8.2773487e-01   6.3571925e-01
   2.0000000e+00   1.0860329e+00   1.1813659e+00   5.9390373e-01  -1.0765491e+00   3.2580704e-02   1.2216363e+00  -1.5433300e+00   1.1317275e+00  -1.4238657e+00  -6.0517419e-02  -2.7626046e-01  -1.7355596e+00   3.1513428e-01   1.2612188e+00  -6.9120309e-01   6.6173050e-02  -1.0968034e+00   1.0129278e-01
   2.0000000e+00  -4.3811461e-01  -6.7235472e-01  -1.1621608e+00  -2.0238063e+00  -3.7323654e-01   2.2948838e+00   5.0533261e-02  -4.9248891e-01  -7.3043661e-01   1.2497354e+00  -3.7046280e-01  -1.3309733e+00   2.1340245e+00  -1.1185673e+00   1.7705786e-01   5.0710407e-01  -1.6196785e+00   7.3059807e-01
   2.0000000e+00  -1.5377801e-01   1.2012129e+00   1.0171157e+00  -6.1697559e-03  -1.5480892e+00  -9.8485518e-01   8.8181860e-01  -1.6668226e-01  -2.1421416e-01   1.0090432e+00   1.0796482e+00  -7.7040701e-01  -2.6940751e-03  -9.7645195e-01   1.8416843e-02   2.5411980e+00  -1.5507057e+00  -5.5882703e-01
   2.0000000e+00   1.4276938e-01   2.0172091e-01  -6.3595838e-01   1.3313001e+00   1.4725970e+00   7.8201843e-01   9.5368038e-01  -5.4929945e-01   9.2917473e-01   8.0803829e-01   1.1344352e+00  -5.2491419e-01   9.3900246e-01  -5.2867010e-01   5.8619502e-01   1.6572460e-01  -2.2944212e-01   1.2648052e+00
   2.0000000e+00  -9.6025286e-01  -1.8901199e+00   7.7470246e-01  -2.6183040e-01   1.2680563e+00   7.6903595e-01  -1.9449004e-01  -5.4734141e-01   1.9671944e+00   1.2090127e+00  -2.0681516e+00  -3.4958979e-01   4.2476304e-01  -2.6561193e-01   3.8051346e-03  -6.1799721e-01  -4.5994520e-01   4.9583184e-02
   2.0000000e+00   3.2543584e-01   1.2306807e+00   1.7538863e-01  -2.5574881e-01  -1.6777605e+00   1.9562311e+00  -2.3448227e-01   5.2245022e-01   1.2690458e+00   7.1137563e-01  -7.6212772e-01   9.6325347e-01  -7.8202552e-01   3.3886730e-01  -1.1657061e+00   8.8577554e-01  -1.4895752e+00  -4.5055001e-01
   2.0000000e+00   1.7721653e-01   2.2268921e-01  -2.5517652e-01  -1.4940036e+00  -1.8021364e-01   7.7678071e-01   8.0284041e-01   9.1381514e-02  -2.4892263e-01   1.9708843e+00   1.1705214e+00  -2.5806487e-01   7.1113854e-01  -4.6426479e-01  -8.9269778e-01  -1.2014997e+00  -8.5048218e-01  -4.9700711e-01
   2.0000000e+00   5.2334140e-01  -1.1371283e+00   1.5555021e+00  -4.4941584e-01  -1.3256314e+00  -1.5515273e+00   8.8542958e-01  -1.8550288e-01  -1.9217498e+00  -5.9199549e-01  -2.6196599e-01  -5.0156893e-01   1.0933512e-02   2.9432626e-01  -6.6899069e-01   2.2201938e-01   2.7723664e-01   9.3455669e-01
   2.0000000e+00  -1.0398407e+00  -5.6543551e-01  -6.3125534e-01  -9.1336078e-01   1.3054872e+00   2.2128765e-01  -1.1246858e+00  -4.0805413e-01   1.0470774e+00  -2.1053815e-01   7.4251394e-01   3.9640165e-01   4.1533373e-01   9.3272331e-01   1.2787983e+00  -1.0905572e+00  -1.0546863e-02  -1.5295266e+00
   2.0000000e+00   1.7178288e-01  -7.5501022e-01  -4.6260731e-01  -2.7510441e-01   1.3211436e+00   2.0715031e-01   1.9420303e+00  -1.0976730e+00  -2.7972669e-01  -4.3615463e-01  -9.9228001e-01  -1.7284748e+00  -1.8839445e+00  -9.6781598e-01   8.5321624e-02  -1.1905782e+00   1.5840626e+00   1.4445188e+00
   2.0000000e+00  -7.3736269e-02  -1.0922045e+00  -9.6050509e-01  -3.8666572e-01   2.3083302e-01   1.2134090e+00   2.6446487e+00  -1.4027206e+00  -4.9599690e-01   2.1690294e-01   2.7527448e-01   1.2668353e+00  -2.1686401e+00   1.6538732e+00  -3.1684808e-01   1.9571345e+00  -1.4733688e+00   4.9094801e-01
   2.0000000e+00   7.9377296e-02  -9.8006710e-01   9.8029840e-01  -4.1876348e-01  -1.2839406e+00  -8.6460100e-01  -1.4384911e+00  -1.2554770e+00  -8.0273833e-01   2.7711862e-01  -2.7050322e-02   1.0252675e+00   1.7831173e-01   5.0814441e-01   8.9701113e-01   5.0541534e-01  -8.2244837e-01   3.4412201e-01
   2.0000000e+00  -2.8766933e-01   6.2082471e-01  -7.6502241e-01   4.3330180e-01   2.0775375e+00   1.3065297e+00  -1.2206445e+00   7.3673608e-01   2.9542266e-01  -1.1771486e-01   6.8065305e-01   4.3107950e-01   8.0914714e-01  -3.4565106e-01  -5.9407998e-02  -6.6767284e-01   1.0435811e-01  -3.9966749e-01
   2.0000000e+00  -6.9900082e-01  -2.7023362e-01  -6.5477818e-01   2.3835369e-01   1.0247169e+00   4.2735105e-01  -7.8149523e-01  -1.1995019e+00   2.2052724e+00   2.1103566e+00  -1.0284361e-01  -7.9888742e-01   2.6445855e+00  -2.5298233e+00  -1.3282296e+00   3.6714876e-01  -6.2358051e-01  -1.7514646e+00
   2.0000000e+00   8.4170253e-01  -2.0339497e+00  -8.8051097e-01   7.8487011e-01  -1.7602444e+00  -4.1717550e-01  -2.9123996e-01  -7.7114856e-01   8.3519506e-01  -1.3244600e+00   1.6321608e+00   1.3544089e+00  -4.7810374e-01   1.8108950e+00   1.5275004e-01  -7.7645044e-01   6.7925676e-01  -1.9194640e+00
   2.0000000e+00   3.0831345e-01  -1.3259579e+00  -5.0974414e-01   2.8350365e-01  -1.8630208e-01  -7.6255778e-01   7.6838661e-01   7.3832177e-01   4.5676503e-01   3.3403802e-01  -1.6364996e+00  -3.2163281e+00   2.4659362e-01   1.8806438e-01  -1.4401730e-01  -8.7740506e-01   3.5235749e-02   2.7631033e+00
   2.0000000e+00  -1.3394214e+00  -3.9214391e-01   4.6866361e-01   1.2471390e+00   2.8998399e-01   1.0712064e+00   3.1383993e+00   5.2636004e-01  -1.2804376e+00   4.7900049e-01   7.1406599e-01  -8.9569929e-01  -5.6584589e-01   1.2320451e+00  -1.0191441e-02  -3.7604269e-01   3.4821714e-01  -1.0568905e-01
   2.0000000e+00  -4.3317161e-01   6.5973311e-01   9.3709130e-01   1.9025227e-01  -1.3222952e+00   1.3909991e-01   8.3539682e-02   1.8842675e+00  -1.2508736e+00  -2.9843898e-01   9.3786258e-01   1.8122278e+00   1.3033530e-01  -1.1031497e-01  -1.3991999e-01  -5.6058126e-01   2.7598743e-01  -6.8600245e-01
   1.0000000e+00  -2.5489304e-02   3.2071050e-01  -1.8356897e+00  -1.7153200e-01  -3.1188346e-01   4.5445630e-01  -6.5661300e-01  -8.1667167e-01   1.3008413e-01   3.7443762e-01   9.4401924e-01   6.6172164e-01   1.2560199e+00   6.1119137e-01   4.2598640e-01   1.2899281e-01  -7.6221690e-01   1.8538330e+00
   1.0000000e+00   4.3427058e-01  -3.8646372e-01  -9.9389099e-01   1.8350906e+00   8.1000110e-01   2.4249697e-01   1.0834373e+00   2.2599120e+00   1.6605866e+00   4.3075845e-01   4.8532623e-01  -1.3088028e-01  -5.5496646e-01   7.3283261e-01   4.4339211e-01   7.8243704e-01  -1.0907764e+00   1.7035570e+00
   2.0000000e+00   8.1771688e-03  -9.3116023e-01  -4.7247739e-01   1.5369592e+00   3.4222587e-01   3.5417893e-01  -5.5265588e-01  -1.8040003e+00   7.0953424e-01   7.0906546e-01  -5.1889537e-01   3.2806325e-01   1.3588142e+00  -2.3836095e+00  -2.5424363e-01   6.0414003e-02  -2.0833229e+00   1.0516341e+00
   2.0000000e+00  -9.1207790e-01   6.4502187e-01   3.0105381e-01  -2.1137579e-02   3.6559515e-01  -1.3318319e+00   8.3109428e-01  -2.3029381e-01   9.9344801e-01   5.6717324e-03  -8.2791996e-01   1.6406961e-01   5.9600706e-01   1.2802978e+00   9.0900656e-01   1.7030614e-01   5.1562180e-01   1.2017920e+00
   2.0000000e+00  -2.4296549e-01  -2.8873333e-01   8.7588867e-01  -7.4315800e-01   6.0155349e-01  -1.3074315e-01   3.0878824e-01  -4.9475646e-01  -2.8194979e-01  -2.7338936e-01  -1.4849843e+00  -7.6737867e-01   1.2195507e-01   1.1922852e+00   2.4222598e+00  -4.2044295e-01   8.7096086e-01   5.2042533e-01
   1.0000000e+00   7.6621790e-01  -6.4184995e-01   6.8577424e-02   1.4913479e-01   1.3490254e+00   1.9404985e+00   7.7090508e-01  -9.9244243e-01   3.2608818e-01  -2.8319574e-01  -4.7706726e-01   1.3536383e+00  -2.2933593e+00   3.3074207e-01  -2.9841403e-01   1.6843548e-01   1.1135662e+00   7.1226320e-01
   2.0000000e+00   9.3834560e-01  -5.8599848e-01  -6.2635537e-01   9.1108418e-01   3.9115816e-01  -3.0061706e-01  -2.5922747e-01  -1.2318533e-02   1.2374383e+00  -3.9672995e-01   3.9873452e-01  -1.1446833e+00  -9.1409315e-01  -1.9620213e+00   8.3366410e-01  -7.7657117e-03   2.4614606e+00   4.7901233e-01
   2.0000000e+00  -1.7250483e+00   4.7777062e-01   1.6562873e-01   7.3594672e-02   4.7268507e-01  -1.2538817e+00  -2.0185367e+00  -1.1218718e+00  -8.5021305e-01   8.9015871e-01   3.6495445e-01   6.3843510e-01   6.9039483e-01   1.2225885e+00   4.4721658e-01   1.0584925e-01   3.1828786e-01   8.0721302e-01
   2.0000000e+00   2.0761285e+00  -5.6498755e-01   8.6053282e-01   5.9406088e-01  -1.1430926e+00  -4.6152327e-02   6.3458916e-01  -7.9160730e-01  -7.1006846e-01   1.1017042e+00  -2.8209327e-01   6.2358674e-01   3.8715027e-01  -5.8120439e-02  -8.1997259e-01  -2.9764812e-01   3.6728770e-01   1.7765756e+00
   2.0000000e+00   2.9090304e-01  -2.5397306e-01  -5.7806227e-01  -9.2112139e-01  -2.0455446e+00  -1.5227471e-01  -1.1473854e+00   1.5134248e+00  -5.7586509e-01  -1.0823859e+00   1.7279877e+00  -1.0667924e+00   5.6572949e-02  -5.5573859e-01   8.1786295e-01   3.7729153e-01   1.6425003e+00   2.4371278e+00
   1.0000000e+00   7.6197300e-01   7.0413759e-01  -6.8035834e-01   1.3504169e+00  -2.7692847e-01   1.8891611e-01  -7.0516391e-01   2.0798700e+00   3.3293864e-02  -8.6758616e-01   2.4556683e+00   8.9688414e-01  -3.0241843e-01   3.4586444e-01  -7.7061496e-01   1.0423540e+00  -4.4433003e-01   7.5290981e-01
   2.0000000e+00   7.0974017e-01   8.4303854e-01   3.0545914e-01   9.3203078e-02  -5.8060505e-01  -2.2681361e+00  -2.8321287e-01  -2.3175273e+00  -8.9496304e-01   1.0326018e-01   1.3601997e+00   3.9200901e-01   1.2696569e-01  -8.3398697e-01   7.8157385e-02  -1.4182468e+00  -2.0525267e-01  -5.5304418e-01
   1.0000000e+00  -1.2744178e-01   5.0527336e-02   1.2409389e+00  -7.3243721e-01   6.8434486e-01  -8.1383959e-01  -6.7899601e-01   5.2319034e-01  -1.0416176e+00   1.6004716e+00   1.3033956e+00  -1.2574470e+00  -2.0920580e+00   6.3400175e-01   4.7808396e-01   4.6601195e-01  -2.7005242e+00  -8.9737205e-01
   2.0000000e+00  -2.0090212e-02  -4.9075507e-02   9.3853306e-01  -4.8433068e-01  -1.5456101e-01  -1.2021863e+00  -5.4946702e-01   3.6001139e-01   1.1305111e-01  -1.8700080e+00   1.0880477e+00  -8.8885962e-01  -1.4030631e+00  -7.7346679e-02  -8.1138409e-01  -6.7883417e-01  -3.5268452e-01   9.6038473e-01
   2.0000000e+00   7.2809617e-01  -5.3771015e-01  -2.4154625e+00   7.9162148e-01  -1.1107329e+00  -1.1499973e+00  -1.3870531e+00  -8.0835737e-01  -1.1039823e-02   1.3450230e+00   2.5431218e-02   1.3546813e+00  -2.0665144e-02   1.0677011e+00  -8.9009761e-01   6.5839875e-01   2.4213903e+00  -1.9870067e+00
   2.0000000e+00  -6.0840613e-01  -6.1690878e-01  -1.8145492e+00   1.0418434e+00   1.1770375e+00   6.0998519e-01  -6.9081092e-02   9.7568389e-01  -2.5288493e-01   3.2934611e-02  -1.4641467e+00   1.7650442e-02  -1.6559788e+00  -1.6462891e+00  -5.3767726e-01   7.0458729e-01   4.7693357e-01   1.5622892e-01
   2.0000000e+00  -1.2009778e+00  -1.2546221e+00  -2.7930148e-01  -1.9272713e+00   1.8680745e+00   1.0883578e+00  -1.3170715e+00  -8.4696722e-01  -1.4363633e+00   1.1069657e+00  -1.4843286e+00  -2.1618695e+00  -2.8081628e-01   1.6682926e+00  -7.7242464e-02  -2.5224565e-01  -1.1701958e-01  -6.6078298e-02
   1.0000000e+00  -7.3605300e-01  -5.6803858e-01   6.4533653e-01  -1.1964424e+00   1.1734063e+00   9.2195453e-01  -2.8508916e-01   1.1185938e+00  -2.4588130e-01  -4.7768506e-01   1.9081669e+00  -6.8456080e-01   1.4147750e-01   3.9599090e-01   5.5812446e-01   1.3642485e+00  -5.3982806e-01  -3.8632644e-01
   2.0000000e+00  -1.4736066e+00  -1.1243073e-03   1.1729667e+00   1.3256609e+00  -1.5421206e+00   6.6218883e-01  -2.6911393e-01  -2.0401343e+00  -3.7923773e+00   8.5541017e-01  -1.1628832e-01  -2.1286359e+00  -5.5678160e-01  -1.4580304e+00  -6.5782338e-01   2.0397187e+00   3.7684946e-01  -1.2394616e+00
   1.0000000e+00   1.3089313e-01   3.4361224e-01   7.1938243e-02   4.0203977e-02   2.2048509e+00   1.0139405e+00  -1.0751152e+00  -1.7367954e-01   1.4227913e+00  -5.2854055e-01   1.3100569e-01   3.2720360e-01   1.5598013e-01   1.5521898e-01  -4.1281068e-01  -2.7528877e-01  -6.3903119e-01   3.7371633e-01
   2.0000000e+00  -6.9139648e-01  -6.9829155e-01  -1.8734022e-01  -1.3459133e+00   1.5528610e+00  -1.2698693e+00  -9.6119100e-02  -1.7415407e+00   1.8704111e-01   4.9151434e-01  -6.6417238e-01   2.4971057e-02  -9.0770915e-01  -4.7709934e-01   7.4244821e-01  -4.8936908e-01   2.2028698e-02  -9.6932435e-01
   2.0000000e+00  -1.4033946e-01  -1.3762046e+00   1.8838701e+00   3.5218496e-01  -1.3088696e+00   1.4590917e-01  -3.5187146e-01   4.2665506e-01  -6.2854717e-01  -5.2154270e-01  -2.0502931e-01   1.9160984e-01   2.6691274e-01  -1.4608788e+00   1.2822715e+00  -1.3512692e+00   3.2554379e-01  -1.0669695e+00
   2.0000000e+00  -1.0518331e+00  -6.1365231e-01   1.6648068e-01   1.0674958e+00  -1.4150357e+00  -1.8953518e+00   1.1006951e-02  -9.2381674e-01   3.8695577e-01  -1.2021975e+00  -9.2574941e-01  -8.0811230e-01  -2.0444331e-01  -2.3959528e-01  -1.5712721e-01  -1.3341500e+00   1.7268397e+00  -1.8823622e+00
   2.0000000e+00  -9.4663357e-01   1.2722357e+00   7.5928424e-01  -3.9480630e-01   2.9725952e-01  -4.6072580e-01   8.9145309e-01  -9.9916072e-01  -3.3177465e-01   9.0396061e-01  -2.4024136e-01  -3.7983348e-01  -9.1166582e-01   9.0417864e-01   3.8799891e-01   1.0071459e+00  -1.6121390e-01  -5.1945306e-01
   2.0000000e+00   4.0502437e-01  -1.5299982e+00  -5.2972270e-01   5.2667588e-01  -4.1426451e-02  -1.2994663e-01   1.3522320e+00   1.2617198e+00   2.9653669e-01   6.1060221e-01   7.5138469e-01   2.9856369e-01  -1.3756426e+00   8.5164983e-01  -1.1188913e+00   1.3854928e+00  -6.6810212e-01  -8.0239573e-01
   2.0000000e+00   1.2132113e-01  -1.0959559e-01  -4.3452806e-01   1.3599720e+00  -1.1741828e+00  -9.0933389e-01  -1.0334975e+00   9.0931065e-01   2.5125863e-01   2.3667169e-01  -2.9961278e-01  -6.5813230e-01  -9.3109956e-01   1.3303581e+00  -6.6245798e-01   6.6255354e-01  -2.4962301e+00   2.2585315e-01
   2.0000000e+00   5.9206634e-02  -2.5343229e+00  -1.1945338e-01   5.8163101e-02  -8.4191317e-01   6.9091508e-01  -6.4107712e-01   1.5491318e+00   5.5454243e-02   1.0460313e+00   1.4711935e+00   4.8315294e-01  -1.0067182e+00  -1.3769663e+00   5.8519539e-01  -1.3228706e+00  -9.9395707e-01   3.1578302e-01
   2.0000000e+00  -1.8453507e+00  -1.4273543e+00   9.6675828e-01  -1.5348306e+00  -2.4338881e-01  -1.2317192e+00  -1.7755301e+00  -1.1097191e+00  -2.6591884e-01  -5.5446475e-01   5.1695266e-01  -9.2174667e-01  -1.5281679e+00  -1.0672170e+00   1.7831403e-01  -7.4564576e-01  -8.2946519e-01   7.2174610e-01
   2.0000000e+00   7.3439614e-01  -2.8415609e+00   7.1101473e-01   7.1701503e-01  -1.2041634e+00  -9.5186444e-01   8.4262634e-01  -1.7401781e+00  -1.4670333e-01   1.6548966e+00   8.0203078e-02   4.4181371e-01   1.9435069e-01   1.1383612e+00   4.9493266e-02   8.1065856e-01   1.8968474e+00  -1.6297859e+00
   2.0000000e+00  -1.3881489e-01   1.8612758e+00   1.2274762e-01  -8.9131316e-01  -2.0068448e+00  -1.1626916e-01  -5.3937651e-01   7.6402968e-01   4.7457122e-02   8.3542379e-01   1.6186808e-01   1.7381969e+00  -1.3287590e-01  -1.5041451e+00  -2.2832419e+00  -4.5192735e-01  -2.5242336e-01   2.9036385e-01
   2.0000000e+00   3.2647852e-01   5.1568014e-01  -1.3005867e+00  -3.6239829e-01   6.2772473e-01   3.3104611e-01  -2.1235339e-01  -1.4026649e-01   1.7877826e-01  -7.4533757e-01  -4.1592352e-01  -1.2075417e+00  -1.8754063e+00   1.0179127e+00   1.8759599e+00  -2.0514956e-01  -1.0723121e-01  -1.4135234e+00
   2.0000000e+00  -1.4124648e+00   6.1110028e-01   1.2516395e+00   1.1225096e+00   3.8446231e-01  -2.2551109e+00  -4.9119017e-01  -9.4944647e-01   9.0088064e-02   5.0327449e-01  -1.4884866e-01   1.3870255e+00   1.7231208e+00   7.3231494e-02   3.3766604e-02   2.2593074e+00  -6.2630509e-01  -6.2401101e-02
   1.0000000e+00   1.1567535e+00   5.7833939e-01   1.0319985e+00  -1.7849897e+00  -1.7334181e-01   5.1206087e-02   1.3225517e+00   4.6654783e-01   1.7138304e+00  -4.9390232e-01   9.0066902e-01  -2.2070344e-01  -1.1645726e+00   3.8909838e-01  -1.0149842e+00  -1.3177659e+00   2.8588952e-01  -6.5170771e-01
   2.0000000e+00   8.0446143e-01  -8.9007531e-01  -1.8149266e+00  -6.8481386e-01  -7.9198652e-01  -1.5164775e-01  -1.0387054e+00  -2.0090945e+00   1.0853500e+00   1.3085237e+00  -7.4317727e-01  -3.7513255e-01   3.3268338e-02   5.4324340e-01   6.0776308e-01  -5.3497901e-02  -5.8853327e-01  -6.8944483e-01
   2.0000000e+00   8.0317676e-01  -2.7907372e-01   1.5284336e+00  -1.9531800e-01  -5.5724815e-01   2.0111228e-01   7.2566080e-01  -3.1711123e-01  -3.1582387e-01  -3.5260663e-01   8.8413561e-01  -1.5667828e+00   1.9559313e-01  -1.9277669e+00  -8.1435575e-01  -5.2475977e-01   7.2703381e-01  -9.9254910e-01
   1.0000000e+00  -7.0111625e-01   1.6212849e-01  -4.9318820e-01   4.3348715e-01   6.0068388e-01  -5.4181299e-01  -1.9398657e+00   8.8350582e-01  -1.6988203e+00   6.6277170e-01  -1.7288652e+00   2.5389538e-01   1.1106830e+00   3.2838868e-02  -1.8107539e-01   1.2870197e+00   1.3803455e+00  -1.0877868e+00
   2.0000000e+00   7.2078085e-01  -1.6965582e+00  -1.2383123e+00   5.4064168e-02  -1.8081591e-01  -1.0640758e+00   1.2295816e+00  -7.0727501e-02   6.7073788e-01   1.0048757e+00   1.3499855e+00  -1.2904033e+00  -1.0470023e+00   5.0915300e-02   1.3312732e+00   6.0957382e-01  -1.0195264e+00  -4.6813535e-01
   2.0000000e+00   1.1450780e+00   2.2185028e-01  -1.5082875e+00   1.2159299e+00   3.9421783e-02  -1.0083098e-01  -8.1502279e-01  -1.8848686e-01  -5.8628717e-01  -4.1010048e-01   8.3250922e-01  -1.0892051e+00   1.4617631e+00  -1.0746555e+00   8.9652662e-01  -2.2133073e+00   4.9027443e-01   8.8949068e-01
   2.0000000e+00  -2.2521799e+00  -1.0232404e+00  -6.6216256e-02   1.0735246e+00   1.5360188e+00   7.3312254e-01   2.3066470e-01   2.9214747e-01  -3.5896827e-02   1.0620371e+00  -5.4647110e-01   8.5650131e-01  -3.1869612e-01  -1.6710915e+00   1.6236338e-01  -4.7159348e-01  -4.4997707e-01  -2.8714295e-01
   2.0000000e+00   1.1101035e+00   5.4986519e-01  -4.2224495e-01   2.3672647e-01  -4.6708190e-01  -2.5867222e-01   5.5913109e-01  -6.0341766e-02  -1.4329962e-01   6.7500688e-01   1.8831673e+00  -1.3874429e+00   6.8251700e-01   1.9775422e+00   1.8331206e+00  -1.5964706e-01   1.5758783e+00  -6.0421246e-01
   2.0000000e+00   1.5139092e+00   9.4178568e-01   1.2688964e+00   2.1831030e+00   7.9800903e-01  -7.2213846e-01   1.1711541e-02  -1.4844066e+00   6.9315057e-01   3.7941170e-01   1.7652218e-02   3.9142570e-01   1.9019654e-01   4.7047587e-01   7.2277981e-01   2.0550089e-01   3.6082648e-01   4.8530922e-01
   2.0000000e+00   8.2831837e-01   5.0540171e-02  -4.2687223e-01   8.6008713e-01   1.1961375e+00  -1.0214728e+00  -7.6122809e-01  -1.0184808e-01   7.2177931e-01   1.4614730e+00  -5.7293397e-01   1.6017469e+00   1.1415816e+00   1.5676218e+00   7.1669229e-01  -4.8197773e-01  -9.8196974e-03   8.9487493e-02
   2.0000000e+00   1.2835922e+00  -1.2539985e-01   1.6004636e+00   7.1219944e-01  -8.6345128e-01   1.2604308e+00  -1.3827632e+00  -5.2236975e-01  -2.1414945e+00  -6.4011940e-02  -1.2925050e+00  -5.1617670e-01   7.0223338e-02  -1.7884426e-01  -3.6056472e-01   8.7338671e-01   2.3959901e-01  -6.4862573e-02
   2.0000000e+00   2.4969412e-01  -7.9721049e-01  -1.0628003e+00  -4.5273102e-01  -3.2336133e-01  -7.2984553e-01   9.2284034e-02   3.2172810e-01  -1.2212570e+00  -3.6831689e-01  -3.3025545e-01   2.3404819e-01   1.3799813e-01   1.9079633e+00   3.1922492e-01   1.0759018e+00  -1.8104913e+00   1.6376240e+00
   2.0000000e+00  -3.8391137e-01  -1.3195161e+00  -4.9180840e-01  -3.4315786e-01  -1.3545135e+00  -4.9326545e-01   4.6061406e-01  -6.9642372e-04  -1.5269799e+00  -3.9467054e-01  -1.1312526e+00   1.4890379e+00   1.8704451e+00   2.1478163e-01  -5.3025886e-02   2.8046795e-02  -8.3761650e-01  -1.9697630e-01
   2.0000000e+00   2.1652824e-01  -3.1797861e-01   7.0652273e-01   8.3635899e-01   1.4158590e-01   1.6926928e-01   7.0076243e-01   2.5466045e-01   1.1691444e+00   1.2684256e-01  -1.0829960e+00   7.9550371e-02   4.8679907e-01  -7.4740509e-01  -5.8350822e-01   2.1791459e-01   1.4594458e+00   6.4462856e-01
   2.0000000e+00  -1.6989617e-01   1.0271786e+00   1.1962454e+00   6.1026334e-02   2.1390903e+00  -1.2062852e+00   5.9653372e-01   1.9971727e+00   7.2589567e-01   5.1836081e-01   1.1038576e-01  -7.5460593e-01   1.1580802e+00   1.3082741e+00   1.7840621e-01  -4.5290278e-01   3.7199153e-01   6.3172497e-01
   2.0000000e+00  -6.6388546e-01   1.4274203e+00  -1.0254647e+00  -9.1693477e-03  -1.6573785e+00   1.6110811e+00  -8.1233920e-02   6.2647589e-01  -1.5665893e+00  -6.6984793e-01  -4.3783110e-01   1.2894856e+00   9.8980494e-01   8.0606075e-02  -1.6315230e+00   1.4820130e+00   2.0742147e-01  -9.0522039e-01
   2.0000000e+00  -1.7184521e-01   1.0574703e+00   3.4231977e-01  -6.1056789e-01  -6.8352250e-01  -2.5270233e+00   5.5314027e-01   1.4875544e+00   1.3636977e-02   1.4560472e+00   5.9953503e-01  -5.3188095e-01  -3.4408855e-01   2.8938365e-01  -1.6308071e+00  -1.3047459e+00   8.5765024e-01   2.8421712e-01
   2.0000000e+00  -2.7592646e-01  -1.6185854e-01   7.8758752e-02   3.8830343e-01   1.0449081e+00   1.2798230e-01  -5.5711945e-01   5.1962476e-01  -5.1303847e-01  -9.7372554e-01   1.2927589e+00  -6.7191547e-01  -2.2616510e-01  -1.0087415e+00  -2.8184214e-01  -9.4200413e-01  -8.3447496e-01   2.4185376e-01
   2.0000000e+00   4.3443284e-01   6.6520373e-01   2.6129939e+00  -2.0580384e-01  -1.8612302e+00   1.1249542e+00  -1.7537349e+00   7.2552239e-01   3.6306218e-01  -7.3015431e-01  -1.1261719e-01  -1.1555126e+00   1.3341360e+00  -1.2555909e+00   8.0858775e-01   7.5727195e-01  -6.2105944e-01   2.3023905e+00
   2.0000000e+00  -6.2184852e-01  -6.1426875e-01   3.7998055e-01   1.7085922e+00  -6.8423961e-01  -1.0661168e-01  -1.4556309e+00   1.8871009e-01  -3.4497734e-01   1.4611358e+00   8.8635471e-01  -6.7577775e-01  -5.5910116e-02   1.5193673e+00   3.5729379e-01   1.8642315e-01   4.5142758e-01  -1.1626463e-01
   2.0000000e+00   1.3852852e-02   1.3949013e+00   1.0798869e+00  -9.7210621e-01   1.3406739e+00  -2.2262134e+00   1.7350993e+00  -1.4271136e+00  -1.8642618e+00  -1.4627164e+00   8.4001993e-01  -2.5322878e-01   3.3600668e-01  -5.4614772e-01  -4.0339622e-01  -2.3786747e+00  -1.2152366e+00  -1.3249455e+00
   2.0000000e+00  -1.3286333e+00  -7.6264825e-01  -9.4586172e-01   1.9799821e-01  -2.5287074e-01  -6.5847002e-01   2.9752013e-02  -2.8739022e-01  -1.0439591e+00  -8.4213000e-01  -1.1739433e+00   1.6081396e+00   5.6979731e-01  -5.7425928e-01  -4.5812854e-01  -1.1285925e+00  -1.1404861e+00  -4.4664296e-01
   2.0000000e+00   7.9658149e-01  -2.1498280e-01  -8.2430392e-01   8.8214374e-01   1.8232220e+00   1.0276028e-01   7.8208738e-01  -8.7609370e-01  -6.9684669e-01  -4.4921226e-01  -6.3912170e-01   5.8992357e-01   6.2838510e-01  -6.0473587e-01   4.0264044e-02  -9.5578428e-01  -7.3802558e-01  -1.3343601e+00
   2.0000000e+00  -2.8645511e-01  -6.5385180e-01   2.2974288e+00  -6.2803028e-01  -1.3171896e+00  -2.3466997e-01  -1.0436671e-01  -2.9665506e-01   3.3899789e-01   4.4130605e-02  -7.7065604e-01   4.4047867e-01   2.5282966e-01   2.2820487e+00   2.4059969e-01  -1.9506884e+00  -4.2073435e-01   6.0056558e-01
   2.0000000e+00   6.5272839e-01   1.4648538e+00  -5.2996384e-01   4.2129386e-01  -1.3161864e+00  -1.1967593e+00   1.2902407e-01  -9.0636820e-02   1.1562144e+00  -5.9120461e-01  -3.8890053e-01   1.6405220e-01  -1.1506983e+00   3.8396105e-01  -9.5208882e-01   8.4435781e-02  -9.7104452e-01   4.3471621e-01
   2.0000000e+00   8.6311884e-01  -2.6694545e+00  -2.3226706e-01  -1.7516206e-01  -4.3623381e-01   6.5526080e-01   2.3763017e-01  -1.4570025e-01   3.1112310e-01   1.0119438e+00  -1.1337615e+00   2.8464804e-01   4.3141436e-01   4.8927221e-01  -9.6250039e-01  -1.0095473e-01  -2.3501561e-01  -7.8395980e-01
   2.0000000e+00   5.3771417e-01   1.3443478e+00   2.7774860e+00  -3.1662804e-01  -6.3946938e-01  -9.9174797e-01   8.1620761e-01   2.2956379e+00  -2.8234063e-01  -4.7552512e-01   1.2162293e+00   9.3631888e-01  -1.1773999e+00  -1.0948676e-01  -6.2066927e-01  -2.0234149e-01   9.1219812e-01  -8.7793942e-01
   2.0000000e+00   1.8608000e+00   1.9240356e-01   2.0933911e+00  -4.0681238e-01   5.1409474e-01   9.5182101e-01   1.2137248e+00  -2.8964387e+00   4.1733840e-01  -1.0325544e+00  -3.5348354e-01  -7.2425820e-01  -9.6334464e-01   1.1057892e+00  -1.1817464e+00   5.9896696e-02   6.0909986e-01  -1.9442856e+00
   2.0000000e+00  -1.4047138e+00  -1.7298795e+00  -1.4426889e+00  -1.1771777e+00   1.3449052e+00  -2.1481193e-01   1.6518233e-02  -2.8652233e-01   1.3593313e-02   1.9359552e+00  -5.1094779e-01  -8.3503302e-01   6.3589276e-03   1.4643636e-01  -1.8433113e-01  -8.2657513e-01  -8.5977537e-01  -1.0486338e+00
   2.0000000e+00  -4.1568292e-01   5.6959787e-01   8.5301267e-01   2.1548845e+00  -9.5771723e-01   6.9225382e-01   1.1787916e-01  -1.3831527e-01  -5.5775609e-01  -1.6860956e+00   7.3171090e-01   4.9582771e-01  -1.1064250e+00  -2.0023652e-01   1.2240193e+00  -8.6498772e-01  -1.9069242e+00  -4.9007328e-02
   2.0000000e+00  -1.0350786e+00   8.3393982e-01   1.4101883e+00   3.7668489e-01   5.9367510e-01  -1.1985255e+00   9.1329637e-01  -9.0588175e-01   1.4989932e+00   7.8033011e-02  -8.2745832e-01  -2.1481015e+00   3.4647817e-02  -1.3301419e+00   2.3878691e-01   1.6948087e+00   5.7985140e-01  -1.7655859e+00
   1.0000000e+00  -1.3237898e+00   2.1665240e-01  -3.4020467e-01  -1.6730441e-01   1.5711317e-01   8.6073481e-01   3.5464336e-01   2.7503140e-01   3.5222957e-01  -1.0857921e+00   3.6144759e-01   5.2806050e-01  -1.0117352e-01   5.5661975e-01   2.2695023e+00  -8.2435967e-01  -4.3753648e-01  -6.0916096e-01
   2.0000000e+00   2.1272744e+00  -1.0625583e+00  -1.3030038e-01  -9.1278120e-01  -1.9327129e-02   4.0422952e-01  -1.9790038e-01   2.4965902e-01   5.9624574e-01  -3.3588614e-01   5.2247878e-01   2.8538994e-01  -9.5482907e-01  -1.6723332e-01   2.8739540e-01  -1.0398668e+00  -2.6645040e+00   7.2922185e-01
   2.0000000e+00  -2.5065788e+00  -1.5199472e+00  -1.1025260e+00  -3.9724211e-01   1.5361838e+00   9.1174005e-01   4.0839008e-01  -3.4937791e-01  -6.9378948e-01  -8.3437837e-02  -9.2690049e-01   4.3697626e-01   9.6112270e-01  -4.2765280e-01   1.2774364e+00  -6.6370489e-01  -4.6874046e-01  -1.4438608e-02
   2.0000000e+00  -6.2129745e-02   3.7091863e-01  -1.7970198e+00   5.0172103e-02  -1.5082587e+00   1.3305419e+00  -2.6771636e-01   1.0752566e+00  -1.8200089e+00  -4.7407823e-01  -1.3456612e-02  -5.6469037e-01   3.0357946e-01  -1.0667299e+00  -4.2075941e-01  -1.4847009e+00  -8.1707774e-01  -1.2834625e+00
   2.0000000e+00   8.6522178e-01   1.9733444e-01   5.3156382e-01   1.6833561e-02  -5.3129876e-01   8.6989427e-01  -3.2315333e-01   7.4929527e-01  -7.1127628e-01  -7.8383339e-01   5.2129283e-01   4.0417749e-02   1.0558511e-01  -1.2214627e+00   4.0953163e-01  -5.2868103e-01   1.0003558e+00  -1.4043531e+00
   2.0000000e+00  -2.9108460e-01   2.6457531e-02  -6.0612786e-01   6.5301090e-01   1.1485877e+00   1.5152798e-01   4.6620460e-01   3.4353663e-01   7.6688647e-01   2.4822416e+00   3.9537226e-01   9.2256511e-01   9.4907570e-02  -5.7863631e-01   6.8802134e-01   5.9855532e-01  -6.3043027e-01   9.7963321e-01
   2.0000000e+00   1.4201848e-01  -7.2773345e-01   9.7917971e-02   4.8235642e-01   7.6671765e-01   1.4045788e+00   4.3706621e-01   9.6670552e-01  -4.3913399e-01  -2.8258627e-01  -8.0810289e-01  -6.7282981e-01  -1.7661904e+00   1.1070199e+00   7.2900452e-01   1.1016337e+00  -9.3024711e-01   7.0019788e-01
   2.0000000e+00   5.0403051e-01   2.1874388e+00   1.5913765e+00  -1.8713173e+00   4.8143678e-03   5.7021255e-01   8.2346237e-01   4.9327918e-01  -5.7763087e-01  -2.6332198e+00  -1.4111574e+00   3.3434703e-01   3.1075434e-01  -1.6478712e+00  -1.7165307e+00   3.4379338e-01   1.0695837e+00   1.7805408e+00
   2.0000000e+00   8.2057867e-01  -3.7632809e-01   8.7906077e-02  -1.1667450e+00  -8.2245014e-02  -5.0822545e-01   4.6432588e-01   3.1997563e-01   4.5190458e-01   3.4157319e-01  -6.7984502e-01  -6.5383300e-01  -1.7109506e+00  -7.5349388e-01   1.7804137e+00   1.7911900e-02  -1.8088741e-01  -1.6176088e+00
   2.0000000e+00  -2.4430276e-01  -7.9015124e-01   6.3869668e-01   1.2067405e+00   9.5129197e-01   8.2761947e-01   8.9110563e-02  -1.3050247e-02  -1.8754922e-01   5.9922605e-01   1.1910156e+00  -6.1413191e-01   8.6958115e-01  -1.2324434e+00   6.7608075e-01   1.0216881e+00  -7.1182575e-01  -2.3932604e-01
   1.0000000e+00  -5.9708020e-01  -5.1742004e-01  -8.1052147e-01  -8.7056784e-02  -1.7334520e-01  -5.2137010e-01   2.3701811e+00  -3.4353250e-01   1.6762312e+00   9.4371446e-01   6.2340210e-01   2.7286919e-01  -9.2961763e-02   3.9974964e-01  -1.1663467e+00   4.2870727e-01   3.3878992e-01   1.2861309e+00
   1.0000000e+00   1.4344208e+00   1.0358025e-01  -1.0510879e+00  -4.2445784e-01   5.2772970e-01  -1.9311843e-01   8.4649714e-01  -2.5721382e-01  -4.3620970e-01  -9.8144490e-01   6.4677913e-01   4.4003993e-01  -4.8232407e-01   8.1721326e-01  -3.8946245e-01   8.2640653e-01  -2.6869477e-01  -1.2494310e-01
   2.0000000e+00  -1.0871127e+00  -1.2344679e-01   6.8608695e-01   1.1831476e-01  -5.7149294e-01   2.2154049e-01   7.2685734e-01   2.4277297e+00  -1.1400450e+00   4.9121350e-01   3.3854214e-02   4.6614520e-02  -2.3299276e-01  -4.4097248e-01  -3.9947101e-02  -8.8862762e-01  -3.0661970e-01  -1.9263123e+00
   2.0000000e+00  -1.4400915e+00  -1.6554467e+00   7.8655308e-01   2.7673294e-01  -1.2539468e-01   1.7315892e+00   1.3345157e+00   1.7032900e-01   1.8090991e+00   6.4461382e-01   1.7835906e+00   1.3805541e+00   3.0395080e+00   2.1860347e-01   8.9315616e-01  -9.8325767e-01  -1.0378941e+00   1.4615133e-01
   2.0000000e+00  -8.9805912e-01   3.1506292e-01   1.4686099e+00  -2.0840289e-01   9.5884484e-01   2.0008485e-01  -1.0159460e+00  -2.8724081e-01  -4.4569834e-02  -2.2854361e-01   2.1355062e+00  -2.0649888e-01  -1.6769886e+00  -7.5265658e-01  -1.9505580e+00   6.5977907e-01   3.2522259e-01  -2.5075530e-01
   2.0000000e+00  -6.3887276e-01  -2.3022967e+00  -2.3552789e+00   1.1365730e+00   1.8142353e+00   2.1442200e+00  -5.8870051e-01   1.3307026e+00  -4.5137889e-01   2.3737159e+00  -9.4154860e-01   5.4981877e-02   4.8739883e-01  -1.8806400e+00  -9.5624048e-02  -7.6021836e-01  -1.1926908e+00  -2.5112393e-01
   2.0000000e+00  -1.0144526e-01   1.1708789e+00   4.6189709e-01   8.4478231e-02   4.2889584e-02   1.1303233e+00  -2.0527665e+00   9.3014432e-01   3.2143700e-01  -2.2397427e+00   2.9201362e+00  -2.2578261e-02  -4.1515189e-01  -7.3307097e-01   2.4209890e-01   6.2858185e-01   1.3787061e+00   1.6510847e+00
   2.0000000e+00  -2.5053549e-01   5.2730717e-01  -5.1401650e-01  -8.3859916e-01  -4.4398732e-01  -5.0101444e-02   6.0127297e-01  -6.2428126e-01  -3.3384825e-01  -1.7280226e+00   2.5078914e-01   6.3587449e-01  -1.2802036e+00   1.5772812e+00   9.6490123e-01  -7.7277083e-01  -1.6974814e+00  -1.0346172e-01
   2.0000000e+00   1.6263310e+00  -1.3707075e+00   4.1020180e-01   1.7039141e-02   1.7651204e-01   6.1814983e-01   2.5542632e+00  -1.6847247e+00  -7.5282555e-01   1.5619706e-02   1.5133057e-01   4.1276519e-01  -1.7974359e+00   3.8861331e-01  -1.1257280e+00  -6.4718919e-01  -7.8567607e-02   1.0274642e+00
   2.0000000e+00  -5.7888316e-01   4.1423269e-01   8.9621809e-01  -3.9843563e-01   1.7414710e+00   2.3170656e-01  -5.3555392e-01  -3.1163208e-01  -4.9599786e-01   8.9369251e-01  -2.9226358e-02  -6.6072857e-01   7.1322252e-02  -4.1000008e-01   9.5568620e-01   7.5361109e-01  -1.4762863e+00   4.4002155e-01
   2.0000000e+00  -6.5872845e-01   9.2855482e-01   2.2394368e-01  -7.4347789e-01  -1.2769297e+00   4.9285804e-01   2.7333702e-01  -8.3956363e-01   1.0071781e+00   8.5733446e-01  -4.8712431e-01   4.1580530e-01  -1.0290420e+00   1.1889565e+00   6.0828160e-01  -1.3276217e+00   1.9768325e+00  -5.1258361e-01
   2.0000000e+00  -1.8866108e+00   7.8345468e-01   3.9427635e-01  -8.9139568e-01   1.4533824e+00   1.4377782e+00   1.4496346e-01   1.8615939e-01   1.4734906e+00  -3.8213814e-01  -1.3506228e+00  -1.8485378e+00   4.6835580e-01  -1.0766129e+00  -6.3473415e-01  -1.7132933e+00   7.7015042e-01  -5.2033677e-01
   2.0000000e+00   4.1116938e-01  -1.5685131e+00  -1.4004315e-01   1.2195117e+00   2.9890783e-01   5.3260144e-01   2.0568993e+00  -3.2668557e-01  -4.9426824e-01   3.7358246e-01   1.4978059e+00  -1.6581531e+00  -9.0533340e-02   2.3871971e-01  -1.4049191e+00   3.4504535e-01  -2.1010892e-01  -1.2253656e+00
   2.0000000e+00   7.0953310e-01   1.1767155e+00   5.6035070e-01   1.6327018e-01   9.4182745e-01  -5.7673714e-02  -5.9686504e-01  -6.1312857e-01   7.3764824e-01   9.4369550e-01   3.6224840e-02  -1.3533568e+00  -7.3707112e-01  -1.1245380e+00  -4.1893082e-01  -6.5827817e-02  -6.0291409e-01  -7.0771231e-01
   2.0000000e+00   1.6194828e+00   1.5934983e-01  -7.8875903e-01  -2.0922165e+00  -5.2145534e-01  -3.7508670e-01  -7.2590499e-01   1.3588879e+00   2.4944693e+00   1.4502587e-01  -6.3276139e-01   1.1618633e+00   5.6157201e-01   1.4340830e+00   2.9133993e-03   1.1337308e+00  -4.3496913e-01  -1.5083509e+00
   2.0000000e+00   1.6865409e+00  -9.2606949e-01   1.7684716e-01  -8.6101461e-01  -7.0009199e-01  -1.0383700e-01  -6.2379123e-01  -5.1973101e-01   3.7848612e-01   1.3771878e+00   9.0341738e-01   9.4657337e-01   2.9968758e-01  -1.1025639e+00  -4.4263258e-01   4.9470399e-01  -8.1273440e-01   4.0279552e-01
   2.0000000e+00   1.7681726e+00   4.2524954e-01  -5.9808811e-01   4.0524404e-01  -4.2698024e-01  -5.4823716e-02  -1.9643055e+00   2.4333531e+00  -6.0466284e-02   1.1898276e-01   1.0020687e+00   1.5454129e+00   1.0480629e+00  -3.1705797e-01   4.8592692e-02  -8.7945945e-01   1.6382486e+00   6.5849045e-01
   2.0000000e+00  -4.5902863e-01   1.2029336e+00   8.7196999e-01  -1.0305597e+00   7.0133629e-01  -1.9260387e+00   6.0380230e-01  -3.5347667e-01  -3.6377180e-01  -7.3279386e-01   7.6917682e-02   2.7713784e-01   1.2090470e+00   9.6377420e-01   8.3093804e-01   5.8230805e-01  -4.0168606e-01   5.4366951e-01
   2.0000000e+00   1.3399567e+00   4.0170962e-01  -3.1533379e-01   1.0956238e+00  -3.8022771e-01   5.1114390e-01  -1.8220140e+00  -6.5161899e-01  -1.0517080e+00   1.9654707e+00  -2.1307989e+00   2.3218026e-01  -1.0368387e+00  -4.8639788e-01   7.9627255e-01   8.6187770e-01  -5.3177826e-01   4.7206872e-01
   2.0000000e+00   1.4100142e+00  -1.2031197e+00  -4.8688790e-01   2.5029541e-01   1.6602585e+00   5.8077614e-01  -3.2893930e-01  -1.5253451e+00   5.4864626e-01   6.1855170e-01   7.2386257e-01  -1.2817168e+00  -1.5545996e-01  -8.2871803e-02   7.2024395e-01  -1.4370318e+00   8.7135531e-01   9.1409020e-01
   2.0000000e+00  -1.4870801e+00   9.6869773e-01   1.3010447e+00   5.6842258e-01  -1.1914918e+00  -1.8445274e+00  -1.5848105e+00   5.5887692e-01  -1.1347639e-01   6.0532854e-01  -2.1187315e+00   1.8392362e-01  -1.4780807e+00   6.9746921e-01  -1.5369705e+00  -1.0454066e+00   2.1239594e-03  -1.3117104e-01
   2.0000000e+00   1.4899923e-02  -1.2449349e+00  -1.5265484e+00  -5.3540374e-01  -1.2260118e+00   6.0661981e-01   6.0745938e-02  -2.5262721e-01   2.8122253e-01  -7.8146843e-02   2.2906567e-01   5.6056573e-02  -6.3150610e-01   6.7856830e-01   2.0963920e-01  -2.1949774e+00  -1.7799506e+00  -1.3591349e-01
   2.0000000e+00  -1.7418217e+00  -2.5514183e-01  -5.9477985e-01  -2.9042892e-01  -3.3836885e-01  -2.4934001e-01  -4.6767343e-02  -5.0768874e-01  -4.8199008e-01   6.4023431e-01  -1.7419767e+00  -2.8909021e-02  -5.1237582e-01   3.2652838e+00  -2.4399998e-01  -1.3511668e+00  -9.2317859e-01   1.4582075e+00
   2.0000000e+00  -7.0335776e-02   1.1409281e+00   1.5463275e+00   3.2333763e-01   1.7371338e+00  -1.0905091e+00  -8.1053594e-01   1.4085027e-01  -4.2949952e-01   8.9591962e-01  -1.0518451e+00  -6.0379713e-01   8.7478511e-01   9.9817095e-01  -1.5590362e+00   1.1234654e-01  -3.2876328e-02  -3.7209172e-01
   2.0000000e+00  -1.1775382e+00  -3.4050074e-01   1.0262700e-01  -1.5309639e+00   7.2927583e-01   2.6731243e-01  -9.6869185e-01  -6.1461975e-02   2.1155143e+00   2.6177673e-01  -6.4258169e-01   6.7341047e-01   1.3214457e-01  -1.2657871e+00   8.1162784e-01   1.0496115e+00   2.3276296e-01  -4.9876637e-01
   2.0000000e+00   9.8283449e-01   1.3827504e+00  -8.2325986e-01  -1.4910464e+00  -7.5460413e-01  -1.2836800e+00  -2.7769489e-01   2.4768699e-01   1.2584842e+00   2.3279422e+00  -1.3534127e+00  -1.1064988e+00  -3.5174866e-01   6.3625783e-01   9.0637621e-01  -1.4315907e+00  -1.0050760e+00  -5.2652354e-01
   2.0000000e+00   1.5059197e+00   6.8346902e-01  -1.1263869e+00   2.3662541e-01   2.6390468e-01   4.6364983e-01  -3.7412482e-01  -4.2000817e-01  -1.6599704e+00  -1.0850404e+00   3.3288750e-01   1.3102736e+00  -2.5838239e+00  -8.3576457e-01  -5.4290447e-01   1.4982372e+00  -8.7030344e-01  -6.2382418e-01
   2.0000000e+00   6.9994133e-01   1.1547762e+00   1.3785007e+00  -1.2691599e+00   8.7854952e-01  -6.7663873e-01  -7.1070480e-01  -3.2845531e-01   5.3419693e-01   8.5464179e-01   1.4495779e+00   3.5964164e-01   3.5096297e-01   6.1179719e-01  -1.5259041e+00  -8.9193896e-01   7.4269278e-01  -3.8623019e-01
   2.0000000e+00   6.8382867e-01   1.0590295e+00   6.5467495e-01   5.1069995e-01  -1.2088375e+00  -4.4162607e-01   9.0576131e-02   7.6137261e-01  -8.8259019e-01   1.4730181e+00   7.3240713e-01   2.7925764e-01   1.0181211e+00   1.1404445e+00  -9.1016056e-01  -1.6650245e-02  -8.5939856e-01   1.5127623e+00
   1.0000000e+00   1.5280971e+00   2.1315598e-01  -8.0708401e-02   9.0428966e-01  -9.4813993e-01   8.7168793e-01  -7.8795022e-01  -8.0760447e-01  -8.2926477e-01  -6.6312836e-01  -5.2352908e-01   6.7533091e-02  -9.8408232e-02   5.5367753e-01  -1.2291715e+00  -4.8455456e-01  -1.5922075e+00   4.0118192e-01
   2.0000000e+00   1.2351665e+00   2.3548442e-01  -5.4732857e-01  -5.5074313e-01  -1.6881862e+00  -2.4427601e-02  -1.5520803e+00  -7.4509187e-01   1.2664853e+00  -3.6852586e-01   9.9548274e-01  -2.0022727e+00  -4.8644695e-01  -6.6194405e-01   3.9377855e-01   1.8789217e+00  -1.2240589e+00   9.6267385e-01
   1.0000000e+00   1.4229047e+00  -2.6133348e-01  -1.1555373e+00   2.0364246e+00   1.1755778e+00   9.2394978e-01   2.2243753e-01  -6.1568185e-01   2.7167483e-02  -2.0278045e-01   3.6914881e-01   5.4482853e-02   4.8631077e-01   7.4410113e-02   9.5515294e-01   1.5404143e+00  -4.0630788e-01   1.2473064e+00
   1.0000000e+00  -1.5768154e+00  -9.5295495e-03  -1.9436605e-01   2.3852196e+00  -1.9594597e+00  -1.3601335e+00   1.7968641e+00  -6.1879544e-01  -1.1499657e+00   1.0431443e-01  -9.9534787e-01   7.1916916e-01  -2.8723979e-01   9.1991267e-01  -5.0704793e-02   1.3429247e+00  -2.1464085e-03   3.3145100e+00
   2.0000000e+00  -1.4430902e+00   2.5356323e+00  -1.6149336e+00   9.3940495e-01   2.7002918e-01  -5.3326083e-01  -9.7677642e-02  -8.1635504e-01  -3.9359499e-01   1.3054851e+00  -2.5558724e+00   8.5076341e-02   1.5510111e-01  -1.7450002e-01  -9.7236631e-01  -1.2859423e+00  -9.7755998e-01  -1.3969155e-01
   2.0000000e+00  -1.1802655e+00  -8.9128891e-01  -4.3826932e-01  -1.1627023e+00   1.3536795e+00   3.4989015e-03   3.4862109e-01   3.6806149e-01   1.3030514e+00  -4.4120324e-01   1.4310535e-01   8.0713228e-02  -1.2811175e+00  -1.1065282e+00  -3.5359681e-01  -1.2651564e-01  -8.6091116e-01  -1.5794825e-01
   2.0000000e+00   1.3133300e-01   1.3557781e+00  -5.1815722e-01   1.4712994e+00  -3.5503610e-01   5.8927951e-01  -2.0550002e+00   6.5144068e-01   8.2051519e-02   3.2085184e-01  -1.8620448e+00   1.1328942e+00  -6.6594506e-01  -6.6654491e-01   1.5838825e-01   3.4273606e-01  -7.3072640e-01   8.5946646e-01
   2.0000000e+00  -7.8983896e-02   8.6021037e-01   2.0807841e+00   9.3712999e-03   4.2727650e-02   9.9280539e-01   5.3386444e-01  -8.2968441e-01  -7.5185191e-01  -5.0925668e-01  -1.0699675e+00  -1.8532855e-01  -8.8148369e-01  -1.4802995e-01  -1.4585806e+00   6.7806797e-01  -6.6068207e-02  -7.6510191e-01
   2.0000000e+00  -3.8186768e-01   2.4951286e-01  -1.2507447e+00   5.1425513e-02   2.6542900e-02  -8.7946088e-01   7.8610151e-01   4.6053573e-01   1.5002696e+00  -1.7240732e-01  -2.7985921e-01   2.0836915e+00   1.7763214e+00  -1.4980905e+00  -5.1512911e-01  -3.2711568e-01   1.2347661e+00  -1.8050965e-01
   1.0000000e+00   7.2153003e-01   5.2784531e-01   1.3429910e+00   9.4503188e-01   2.2235922e+00  -1.1909251e+00  -3.2083000e-01  -1.0535060e+00  -1.7021604e+00   9.7651795e-01   1.9109433e-01   3.6483212e-01   5.5419237e-01   1.0783868e-01  -9.5323193e-01  -2.0840097e-01   2.8382692e-01   4.3112202e-01
   2.0000000e+00  -1.0092292e-03  -4.5412691e-01   9.7328810e-01   9.1208476e-01  -6.9422383e-01   1.1141365e+00   1.5994133e+00  -1.4466477e-01  -2.4396624e-01  -6.8460187e-01   2.1373555e-01  -1.8476105e+00  -3.1265071e-01  -8.3272830e-01  -3.4790731e-01   2.6914218e-01   3.6088729e+00   5.7297048e-01
   2.0000000e+00   6.6276160e-01   7.5876752e-01   4.0323490e-01  -1.8593145e+00   1.9992082e+00  -1.4750364e+00  -1.5328674e+00   1.1039858e-01   1.0029904e+00  -1.3968858e+00  -1.9778329e+00   2.2043591e-02   6.1148315e-01  -1.3811806e+00  -7.1815586e-01  -5.0955169e-01  -1.5608426e+00  -7.1416255e-01
   2.0000000e+00  -1.3665606e+00   6.7738980e-01  -3.6150336e-01   1.9422778e+00   1.6200914e+00   1.9350760e+00  -1.8711488e+00  -8.0769170e-01   3.9590988e-01  -4.3279491e-01  -4.9734947e-01   1.1480555e+00   5.7644519e-01   1.8810000e+00   1.3878466e+00  -6.8264311e-01  -3.0294582e-01   1.2233419e+00
   1.0000000e+00   5.0469368e-02  -2.2374023e-02   1.5691145e+00   9.6148407e-01   1.6828524e+00  -3.9743408e-02   1.1381507e+00   1.4098166e+00  -1.0234937e+00   3.5671106e-01   9.2065605e-01   1.6242320e+00  -3.2998353e+00   3.0151717e-01  -1.2460476e+00   4.0085175e-01  -1.6885904e+00  -1.9577551e+00
   2.0000000e+00  -1.9295730e+00  -1.1026675e-01   2.2105086e+00   1.5236943e+00  -4.4764332e-01  -5.8673894e-01   7.6113432e-01   2.7416070e-01   1.9755353e+00   1.1906184e-01  -1.5950733e+00  -8.4614460e-01  -3.8403860e-01  -4.2585249e-01  -1.2266513e+00  -4.6679272e-01   4.3895004e-02  -1.0935036e+00
   1.0000000e+00   5.6679163e-01   1.9166688e-01   1.4574805e+00  -8.3489343e-01   5.5116129e-01   2.5276886e-01  -1.6667887e+00   9.6437880e-01  -9.6615200e-01   4.9850746e-01  -1.4694562e-01  -1.2710575e+00  -1.0506854e+00   4.7744891e-01   1.4464064e+00   7.3823065e-01   2.6756804e+00  -9.1512746e-01
   2.0000000e+00  -7.1881527e-01  -5.0333633e-01  -4.5872603e-01  -1.8143964e+00   5.9042500e-01  -2.0203963e-01  -1.2426934e+00  -9.5497978e-01  -1.4480874e+00   3.1761917e-01  -7.1114025e-01  -1.7366407e-01   1.6723870e+00  -1.7819369e+00  -1.7970953e-01   1.0699589e+00   4.3217920e-01  -4.8297794e-01
   2.0000000e+00   7.8835368e-02  -4.6871093e-01   1.7990025e+00   8.6104134e-01   5.2183712e-01  -4.0329992e-01  -3.1375496e-01  -6.6223476e-01   6.0385562e-01  -1.3028914e+00  -4.8519501e-01  -1.7085314e-01   5.7531536e-01  -7.1154052e-01   5.5021929e-01   4.1623448e-02   1.6371678e+00   1.9243898e-01
   2.0000000e+00   1.4036590e+00  -1.2814100e+00  -2.9486443e-01   1.4436941e+00  -3.7978166e-01  -2.3644304e-01  -9.1028004e-01  -8.2575588e-01   1.3606887e+00   2.2195459e-01   6.1530021e-01   6.8131489e-01  -1.2165239e+00  -1.7189131e+00   1.3737245e+00   1.7998414e+00  -1.8854867e+00   7.7897305e-02
   2.0000000e+00  -7.2652781e-01   2.4498735e-01  -2.3659976e-01  -4.3755285e-02   1.0216205e+00  -6.7651080e-01  -1.1628453e+00   3.3342569e-01   8.4530818e-01  -1.0850207e+00  -4.9666243e-01  -1.1144588e+00  -3.0644779e-01   1.2677066e+00   1.8069810e+00   6.9470889e-01  -1.3898577e-01   4.1000510e-01
   2.0000000e+00   2.0751284e+00   1.0345235e+00   1.0980103e+00  -1.0399504e+00  -1.0347290e+00  -2.1140521e-01   8.2534120e-01  -1.1248292e+00   7.1093053e-01   9.7624591e-01  -9.7942874e-01   2.5642299e-01   3.7849829e-01   2.9149734e-01   1.7611690e+00   1.9415157e+00   1.0836794e+00   1.8893226e+00
   1.0000000e+00   5.1269111e-01   2.1343195e-01   1.1459890e-01   1.3360991e+00   2.4358089e-01   1.5256444e+00   9.6710137e-01  -1.9765519e+00  -7.2856722e-04   1.7099336e-01  -1.3420086e-01   9.3718239e-03  -5.1828596e-01   6.3207597e-01   2.4916875e-01  -1.2764270e+00  -3.2041760e-01   4.0814552e-02
   2.0000000e+00   4.7460991e-01  -8.6481744e-01   2.2017744e-01   8.2885889e-01  -8.3434286e-01   1.1373672e+00  -1.2414990e+00   1.1801674e+00   1.6790492e+00  -4.3496290e-01   1.9272830e+00   1.3683545e+00  -2.0728914e+00  -9.4312090e-01  -8.2919964e-01   4.7431658e-01  -8.0534758e-01  -1.4199116e+00
   2.0000000e+00   9.1466196e-01   1.5375371e+00   2.9047830e-01   1.7729131e+00  -3.4130090e-01  -6.8202772e-01  -1.6949815e+00  -1.3447881e-01   4.8268202e-02  -8.4879124e-01   1.1866151e+00  -9.4518026e-01  -2.2018726e-01   1.1667867e+00  -1.6318972e+00   2.8005470e-01   1.5585569e+00   3.6709612e-01
   2.0000000e+00  -6.1711028e-01  -2.0779105e+00  -7.4491393e-02  -5.1977364e-01  -1.1111528e-01  -9.2249082e-01  -9.5517700e-01   1.3003944e+00   1.5652449e+00  -5.7829772e-01   2.4849289e-01   1.0609187e+00   8.3995194e-01   8.7465815e-04  -1.0879741e+00  -7.9725068e-01   1.3427557e+00  -3.0025376e-01
   2.0000000e+00   5.9385022e-01  -8.6221502e-01   4.7216546e-01   1.6382187e-01   3.2625426e+00  -1.3260017e+00   5.7102840e-01   1.1539247e+00   4.7928841e-01   1.3767530e+00   5.5438317e-01  -5.9099373e-02  -1.7271427e+00  -9.9693265e-01  -1.4762530e+00  -1.5617295e+00  -7.0136813e-01  -3.4262725e-01
   1.0000000e+00   3.8000088e-01   1.8436907e-01  -5.8520789e-01  -1.3786818e+00  -3.2578036e-01   4.1670021e-01   1.3541205e+00   1.5760524e-01   8.9686413e-01   5.8897167e-02   4.1676614e-01  -7.3240350e-01  -5.4260287e-01   5.5192282e-01  -1.8245757e-01  -3.6578557e-01  -1.0937961e+00  -1.0997447e-01
   1.0000000e+00  -9.3740472e-01  -3.5669595e-01  -2.8563468e-01   2.0041729e+00  -2.2095655e-01   4.4695464e-01  -6.3415438e-01  -4.6697416e-01  -2.3414708e-01  -1.0927895e-01   7.8411581e-01   9.0017018e-01   3.9935682e-01   5.0727489e-01  -4.4629371e-01   1.0211540e+00   9.1882844e-01  -8.2488073e-01
   2.0000000e+00  -3.0251796e-01  -1.8182462e-01   8.2562316e-01  -1.3212276e+00  -1.1714156e+00   1.8535329e-01  -1.4823707e+00   5.0588592e-01   1.8450384e+00   9.1121992e-01   1.5626934e-01   1.6822289e+00  -9.1200243e-01   1.5464999e+00  -6.5529293e-01   1.6658984e+00   1.2074465e+00   3.0789797e-01
   2.0000000e+00   1.1523445e+00   1.5052382e+00   1.1984631e-01   3.7718677e-01   1.2200796e-01   1.2113172e+00   8.9259841e-01  -3.7654395e-01   1.3721544e+00  -1.7626961e-01  -5.6437061e-01   7.3173092e-01  -4.1634631e-01  -2.0392298e-01  -3.8570634e-01  -2.0351961e+00   7.7705012e-01   3.7806740e-01
   2.0000000e+00   1.4508592e+00   4.7511817e-01   1.7425497e+00   6.2101307e-01  -2.2298307e-01   1.0500702e+00   8.0174497e-02  -2.2756500e-01   1.0270093e+00   5.6696410e-01  -2.0633513e-01   1.6436488e+00  -6.8105224e-04  -1.1887919e+00   8.5811887e-01   3.7707443e-01  -1.6101320e+00   3.8725543e-01
   2.0000000e+00   4.5653450e-01   9.0587825e-01   5.5875013e-01   2.5830849e-02  -8.2802448e-03  -1.3843189e+00   1.4123711e-01  -6.6599178e-02   1.3368633e+00   5.6437520e-01  -1.2878132e+00  -1.2605589e+00  -8.4630767e-01  -8.7694882e-01  -6.7596703e-01  -4.2036209e-01  -5.5073262e-01   6.7210239e-02
   2.0000000e+00   2.8775149e-03  -2.3648247e-01   9.6277442e-01   1.3335813e+00  -2.8894593e-02   1.1943261e+00   1.2632693e+00   7.0049842e-01  -3.3488892e-01   1.7225007e-01  -1.8971902e-01   5.6012190e-01  -1.0438763e+00  -1.5595959e+00  -2.9700247e-01   6.2326012e-01   2.8077226e-01   1.3778335e+00
   2.0000000e+00  -1.1273858e+00  -1.7096343e-03  -1.0509485e+00   1.0322540e+00   7.0182241e-02   9.6198232e-01  -5.9154828e-01   8.3405525e-01   5.8958036e-01   4.9184068e-02  -2.8693948e-01   9.7405397e-01   3.9975509e-01  -1.2893150e+00  -1.3012834e+00  -6.3217402e-01   1.0310697e+00  -1.0966367e+00
   2.0000000e+00  -5.7137588e-01   7.0493016e-01   3.6584057e-01  -5.0741151e-01  -1.5691248e+00   2.1800154e+00   4.3217699e-01   9.9983070e-01   4.8838817e-01   2.2559840e+00  -1.0120935e+00  -4.5589564e-01   1.4137132e+00  -1.7355024e+00   5.0534754e-01   1.1199724e-01  -1.0508454e-02   9.1151919e-01
   2.0000000e+00   2.8675417e-01  -1.8612012e+00  -8.3675747e-01   2.1009260e-02  -1.5801264e+00   5.8285680e-01  -2.5447698e+00  -4.6990467e-01  -2.2649477e+00   4.7881576e-01   3.3005874e-01  -3.8185979e-02  -1.0722142e+00   1.8949664e-01  -5.3576177e-01   4.2652900e-01   1.7319024e+00   6.2147225e-01
   2.0000000e+00   2.2286306e+00   1.5287409e+00  -1.4263315e-01   1.1256916e+00   4.6744955e-01  -1.5523327e+00  -1.5766355e+00   6.4290194e-01   5.7118599e-01  -4.6440644e-01  -1.9775383e+00  -1.8839142e+00  -4.2249983e-01   7.2280591e-01  -5.4945519e-01   5.4668287e-01  -3.8090020e-01   1.0613743e+00
   1.0000000e+00  -1.9554543e+00  -3.1504979e-01   1.7713091e+00   4.6070183e-02  -7.6587856e-01   1.5267956e+00  -1.2478634e+00   6.6819872e-01  -4.5761425e-02  -5.7857605e-01  -3.3579785e-01  -5.3455603e-02  -1.0124112e+00   5.7878169e-02   1.8230246e+00   1.7029874e+00  -8.3473914e-01   7.7335316e-02
   2.0000000e+00  -1.0373495e+00   9.7914134e-01   4.6725038e-01   2.1736084e-01  -3.5166335e-01   8.9115252e-01   6.9072629e-01  -1.4012792e-01   1.6333701e-01  -8.5856629e-01  -3.2731055e-01  -8.5468420e-01  -5.5993390e-01  -3.0008028e-02   1.5963892e+00  -8.8730206e-01  -2.5551638e-02  -2.1399049e-01
   2.0000000e+00   1.1798795e+00  -5.3065637e-01  -8.6776380e-01  -8.2833401e-01   9.4514327e-01   1.1169308e+00  -7.2718581e-01   9.8120236e-01   5.2487192e-01   9.2776192e-01   1.9357172e-01  -8.4580478e-01  -2.3638470e-01  -1.3120821e-01  -3.2575217e-01  -1.9206929e+00   5.4138102e-01   1.0640437e-01
   2.0000000e+00   7.9065965e-01   1.7016111e+00   8.7342759e-01   5.2592405e-01  -1.1163588e+00  -3.4101068e-01   6.2624426e-01  -6.3131554e-01   1.1333978e+00  -1.5204634e+00   9.3653557e-01   1.5997479e+00  -1.5942770e+00   1.4522859e+00   9.7051624e-01   2.0838408e+00  -5.3538277e-01   5.2582091e-01
   2.0000000e+00  -1.4496511e+00   1.6563333e-01   4.5568351e-01  -1.0900928e+00  -1.7189073e+00   3.8417000e-01   7.0170670e-01   1.6143543e-01  -6.0518653e-02  -5.0449719e-01  -4.6243393e-01  -8.4424752e-02   5.6011323e-01  -1.4861455e-01  -7.8342986e-01  -7.5963709e-01  -8.8373963e-01   8.9708701e-01
   2.0000000e+00   7.4384469e-01  -1.6044379e+00   3.0617152e-01   1.1695840e+00   6.0911814e-01  -1.4773930e+00  -1.1330090e-01  -1.5230127e+00  -1.2406101e-01   2.1064113e-03   6.2134897e-01  -8.2512440e-01   2.8338744e-01   1.4030025e-02   2.7909682e+00  -4.0128123e-01  -2.3111447e-01  -1.1081743e-01
   2.0000000e+00  -1.7450472e+00  -1.0648761e-01   1.8661261e+00   5.7224364e-01  -2.1269357e-02  -3.3752302e-02   4.1564748e-01  -2.1581344e-01   7.3999544e-01  -5.8473501e-01   6.1270927e-01   1.2928744e+00   9.2318898e-01  -1.1488228e+00  -2.2392850e-01  -7.6198425e-01   4.2578925e-01   1.0459037e+00
   2.0000000e+00   1.3592308e+00  -1.0586448e+00   2.5909368e+00   3.2818312e-01  -5.6442148e-01   7.5641562e-01   9.6369537e-02  -1.6133827e+00  -7.7995469e-02  -1.0745721e+00  -8.2970475e-01   9.7555044e-02  -7.7394260e-01  -2.1514376e+00   5.2243162e-01  -1.7023180e+00   2.7576978e-01  -2.8238861e-01
   1.0000000e+00   9.9334470e-01   8.4966289e-02   1.3260709e+00   7.1847151e-01  -5.6825334e-01   1.0370970e+00  -2.6720868e+00   1.8905743e+00  -1.5665380e-01  -2.5974872e-01   1.4059375e-01  -1.0699024e+00   6.1749287e-01   7.7021776e-01  -6.5117365e-01   1.3185355e+00   3.7536702e-01   7.1838619e-01
   2.0000000e+00   3.9098303e-01   1.8609319e+00   3.6114884e-01  -1.6582611e+00   4.2644416e-01  -3.1602861e-01   5.3007004e-02  -4.4459179e-01  -1.1859232e+00  -9.0830695e-03  -1.0192391e+00   6.0382485e-01  -6.1815265e-02   1.3742855e+00  -7.9481576e-01   2.1621375e-01   9.2173379e-01   7.9873800e-01
   1.0000000e+00   5.8517602e-01   2.1161664e-01   9.5328618e-02   6.8426525e-01   3.2046521e-01  -4.9118090e-02   1.2099750e+00  -6.0454947e-01  -7.9549726e-01  -1.3989085e+00  -7.0963880e-01  -4.9649096e-02  -1.9937658e-01   6.3641391e-01  -7.0119417e-01   2.2768488e-01  -1.7525916e+00   5.7382417e-01
   2.0000000e+00  -8.1877339e-02  -1.1251935e+00   1.4701055e+00   9.5923784e-01   2.8369328e-01   1.8216446e+00  -1.0655051e-01  -1.3959288e+00  -2.9297156e-01  -1.6497733e-01   1.5892236e+00   8.1889549e-01  -6.7184472e-01   9.4299381e-01   7.9606318e-01   1.4020847e-01  -1.5331253e+00   1.4697869e+00
