   2.0000000e+00  -5.7606970e-01  -1.2118107e+00  -9.0430668e-01  -3.1601209e+00  -1.5391124e+00   7.0481731e-01  -9.6920207e-02  -1.5859255e+00  -1.8427546e-01   1.2118572e+00   2.6637483e-01   5.6435301e-01   2.1408992e+00  -3.2337285e-01  -3.8096677e-01  -4.7930770e-01   3.3671884e-05   6.8731698e-01
   2.0000000e+00  -6.0236293e-01  -1.1444589e+00   1.4701626e+00   1.1386517e+00   1.2482052e-01  -2.1288262e-01  -5.6734034e-01  -1.0775764e+00  -7.1050711e-01   1.5238459e-01  -8.8504030e-01   5.9152805e-01  -8.8429454e-02  -9.7634347e-01   1.0564165e+00   4.6616821e-01  -6.4980703e-01  -1.8640336e-01
   2.0000000e+00  -1.4180479e+00   1.4229831e+00   1.1734975e-02  -5.2651034e-01   7.5984517e-01   2.1170747e-01  -2.0421555e-02   3.7574421e-01   8.5337343e-01   7.2506360e-01  -1.1131231e+00  -8.1284893e-01  -6.7185064e-02  -7.3601981e-01   2.5614207e-01   1.7586386e+00   1.5745572e-01   4.7637023e-01
   2.0000000e+00  -3.1200182e-01   7.0517316e-01   7.4063460e-01  -6.8716341e-01   4.9450004e-02   5.8681139e-01  -1.1973526e+00   1.4948636e+00   7.1059684e-01   7.0662703e-01   9.7980592e-01   1.1806094e+00  -5.5621731e-01  -9.6357772e-01   2.7389265e-01   8.3711440e-01   2.4080638e-01  -3.6704241e-01
   2.0000000e+00   2.3105767e-01  -7.9784510e-01  -4.3942038e-01   1.0657987e+00   1.5085166e+00   4.3979554e-01  -6.0123007e-01   1.6135780e+00  -4.4462574e-01  -1.0175841e+00  -3.2651702e-01  -5.6026758e-01  -9.6480665e-01   5.2021835e-01  -1.6957756e-01  -1.4271183e+00   1.2063747e-01   3.8927366e-02
   2.0000000e+00   1.0616231e+00  -1.5637639e-01  -2.5671413e-01   7.3790925e-01   2.2332444e-01  -1.1483790e-02   6.6526299e-01   8.5126833e-01   1.2218367e+00  -7.1023570e-01  -5.3530334e-01  -5.1140385e-01  -4.5910462e-01  -1.2762099e+00   1.9090308e-01  -1.0163927e+00   2.6688134e-01  -3.3809837e-02
   2.0000000e+00   1.0062054e+00   1.2722262e+00   1.8536548e-01  -1.6314570e+00  -1.3645930e+00  -5.6906057e-01  -6.5880355e-02  -4.3541133e-01   1.4049553e+00   4.6386199e-02  -3.8694346e-01  -1.4951220e+00   4.5698266e-01   1.6113564e+00   4.4753761e-01  -1.7410503e+00  -1.5751694e+00   2.7460230e-01
   2.0000000e+00  -7.0100965e-01   1.6657511e-01   2.4820625e+00  -2.2578606e-01  -4.7792658e-01   2.4916758e-01   1.2673181e+00   4.9432431e-01  -5.1232556e-01  -8.8126728e-01  -4.3358652e-01  -1.2792162e+00   9.8875434e-02   1.4321095e+00   6.1684351e-01  -1.7955966e+00   2.8156581e-01   6.9793637e-02
   2.0000000e+00   2.9528966e+00  -4.2952256e-01  -7.3368933e-01  -6.6376001e-01   6.8738527e-01   9.6310597e-01   2.6340365e-01  -2.9257881e-01  -1.0172924e+00  -1.3002786e+00  -4.4129818e-01   2.3306591e-01   7.8882324e-01  -1.5088097e+00   9.7926009e-01  -1.6220945e-01  -7.1529888e-01  -3.0223697e-01
   2.0000000e+00   1.6747432e-01  -3.1762788e-01  -1.0787566e+00   1.2200933e-01   1.2093395e-01   6.5651704e-01   1.3065673e+00  -1.0158465e+00   5.1305943e-01   3.1241521e-03  -1.4567721e+00  -5.5375299e-01  -5.4521876e-01  -4.9767534e-01   1.8911219e-01   7.6889567e-01   1.3761019e-01   5.3887704e-01
   2.0000000e+00   2.0120782e-01  -1.6943019e-01   1.4529030e-01  -5.2380064e-01   1.9336883e-01   8.1378194e-01   3.3048932e-01   1.1657232e+00   1.1814187e+00  -6.1632847e-01  -1.1036392e-01   3.4687484e-01  -2.8361509e-01  -3.2873177e-01  -9.5337720e-01  -1.5908668e+00   8.2946936e-02  -3.9250786e-01
   2.0000000e+00  -7.8688890e-01  -8.7079632e-02   4.8266970e-02  -6.9904282e-01   7.4342347e-01  -1.9318588e-01   3.9866469e-01   5.5072614e-01  -6.7133917e-01  -9.5375551e-01  -1.0413849e+00  -1.1254923e-02  -6.4144055e-01  -1.2695452e+00   1.2113216e+00   4.4099956e-01  -7.9817383e-01  -1.2298900e+00
   2.0000000e+00  -2.2077902e-01  -4.1582795e-01  -1.1031685e+00   1.0824738e+00  -1.2508609e+00   6.6527468e-01   9.3794445e-01   2.3937519e-01   1.2629276e+00  -1.3761268e-01  -4.0812468e-01  -9.7985657e-01   1.4906615e+00   6.1051866e-01  -1.4237322e-01  -3.0127868e-01  -2.5951794e-01  -4.3150500e-01
   1.0000000e+00   8.1641627e-01   4.7576224e-01   4.6339496e-01  -4.6518032e-02  -2.1672156e+00  -8.5618736e-01  -5.4041829e-01  -8.5078171e-01  -4.0989177e-01  -7.9952702e-01   3.8108655e-01  -1.8955377e-02   1.0869029e+00  -6.1409152e-01  -8.2541762e-01  -1.5356191e+00   7.1967069e-01  -8.7135857e-01
   2.0000000e+00   6.5972519e-01  -4.7007341e-01   1.6320305e+00   4.8423298e-01   1.0484746e+00   2.3063297e+00   1.3794083e+00   3.4936005e-01   8.0608583e-01   9.4041772e-01  -2.9539956e-01  -1.9800650e-01   8.7605217e-01   1.3005116e-01  -1.6299157e+00  -1.5643507e+00   7.5764166e-01  -1.7148809e-01
   2.0000000e+00   1.2354892e+00  -2.4560093e+00   6.9848336e-01  -3.7466748e-01   5.5080066e-01   4.8491683e-01  -1.3031709e+00   9.0483337e-01   1.1354251e+00  -2.4835714e-01  -2.9789439e-01  -8.0602149e-01  -1.4162167e+00   1.2498757e+00   5.7066029e-01   1.2278547e+00  -1.0646492e+00   3.5167706e-01
   2.0000000e+00  -1.1698055e+00   1.3592046e+00  -7.5714273e-01  -8.2946915e-01   5.5417432e-01   1.4054546e-01   7.1393874e-01   2.8575403e-01   2.8083559e-01  -4.9862212e-01  -1.3011277e+00   4.1792541e-01  -1.3712462e+00   1.3167057e-01  -1.3752824e-01   4.9697415e-01  -2.1441045e-01  -8.2546760e-01
   2.0000000e+00   4.8110087e-01   2.9633290e-01   1.6627299e-01   4.9817406e-01   6.2987929e-01  -1.6325237e+00  -1.4285126e+00  -3.2479191e-01  -3.2379098e-01   2.8864137e-01  -7.1715248e-01  -3.4216633e-01   8.8939116e-01  -2.6969694e-01   2.1078976e+00   1.0474331e+00  -3.2441456e+00  -2.4486099e-01
   2.0000000e+00   1.3334093e+00  -8.4082513e-01  -1.3847203e+00   7.9234016e-01   4.2332683e-01   1.0293330e+00   2.2687011e-01   1.4503374e+00  -1.7167895e+00  -7.0142933e-01   3.9722261e-01  -5.8498301e-01  -4.6967920e-01   8.0090274e-01   2.0297357e-01  -2.5562284e-01   7.3300241e-02   9.5755472e-01
   1.0000000e+00   6.6107749e-03   1.8447173e-01  -2.2395159e-01  -7.9692062e-01   1.2834473e-01   2.7226687e-01  -7.0302013e-01   7.5095845e-01  -1.5742336e+00  -5.8245504e-01  -4.7572272e-01   7.5605620e-01   4.6479302e-01   4.4840131e-02  -1.1887974e-01   3.6639402e-01   2.3228165e-01  -5.4708357e-01
   1.0000000e+00  -1.4493601e-01   3.4482940e-01   8.4581184e-01   9.1346691e-02  -9.1175675e-01   7.1067903e-01   7.3347514e-01   3.2832646e-02  -1.2709790e+00  -9.9571728e-02   8.4321263e-01  -9.7547182e-01   5.1015572e-02  -6.1425486e-01  -1.2009976e+00   1.5574324e-01  -4.3043664e-01  -2.1452303e+00
   2.0000000e+00  -5.7821284e-01  -1.3058632e-01   9.6076222e-02   5.0425111e-01   3.7983131e-01   1.4995604e-01  -3.0926212e-01  -1.1386375e-03  -6.0433749e-01  -2.0997234e-01   8.2036925e-01   1.7657289e+00  -4.6970864e-01  -1.5275605e+00  -3.3130086e-01  -9.6836415e-01   9.3309244e-01  -2.9813628e-01
   2.0000000e+00   5.0922167e-01   1.1333069e+00  -4.1220458e-01   7.3551950e-01   7.2031847e-01  -4.0956885e-01   1.0010164e+00  -1.0997719e+00  -1.1517233e+00   2.7439096e-01   1.3860746e+00   4.4026814e-01   1.2856159e-01   9.5683301e-01  -1.5008435e+00   8.0051668e-01  -2.3554269e+00  -3.1163849e-01
   1.0000000e+00  -3.7959407e-01   5.8663685e-01   8.5746708e-01   1.2393770e+00   5.4061021e-01  -1.1541139e-01   5.5995776e-02  -5.4326066e-02  -9.5060981e-02  -3.7042294e-01   4.7375454e-01  -9.3839988e-01  -4.2916083e-01   4.8283551e-01  -3.8851876e-01  -6.9358181e-02   1.6800883e+00   1.2413215e+00
   2.0000000e+00  -1.2703197e+00   1.2260819e+00  -6.6973631e-03  -9.3467277e-01  -1.0288221e+00  -8.8678420e-01  -1.0333196e+00   4.9258470e-01   1.5347191e+00  -1.6219834e-01  -3.9236933e-01   1.2573377e-01  -6.6728511e-01  -1.2304235e-01   5.7122190e-01   1.3792165e+00   1.3451884e-01  -1.6481722e+00
   1.0000000e+00  -6.5469165e-01   7.9610376e-01  -6.2423169e-01  -8.6649458e-01   1.7882241e-01   7.7444031e-01  -2.3486474e-01  -2.7910204e-01  -2.2263414e-01  -7.5648260e-01   6.7448426e-01   1.8055321e+00   2.5513027e-01   6.4154353e-01  -3.7120664e-02  -2.0270475e+00  -1.2123207e+00   7.8097127e-01
   2.0000000e+00   2.1440261e+00  -5.1993574e-01   3.9835215e-01  -7.6273001e-01  -1.4615969e+00   5.2925736e-01  -4.7748646e-01   4.3213834e-01  -4.6613528e-01   3.5014337e-01   1.5640467e-01  -1.1139315e-01  -2.1155694e-01   1.4192045e+00   5.1663834e-01   3.2969025e-01   1.4537194e+00   6.8742333e-01
   2.0000000e+00   1.3206892e-02   2.8131559e-01  -1.7392030e+00   4.0265557e-01   1.9704011e-01   2.4857347e-01   1.2525247e+00   8.5901518e-01   2.9102007e-01   4.7919662e-01   1.7459404e+00  -1.7848409e+00  -5.7266942e-01   6.8996464e-01  -4.7941582e-01   7.1823010e-01  -4.7741947e-01  -1.3448605e+00
   2.0000000e+00  -4.8247776e-01   9.2790011e-01   2.1540711e-01   4.0325193e-01   5.1501043e-01  -1.1006000e+00   8.6901698e-01  -1.4236382e+00   8.2454208e-01   1.9387513e+00   2.2055414e+00  -7.9550318e-01  -6.8616002e-01  -1.1550816e+00  -3.3264047e-01   7.1078432e-01  -1.2227654e+00  -1.0365254e+00
   2.0000000e+00   2.3077927e-01  -2.5337504e-01   4.2481024e-01   1.8483770e+00  -1.0698472e+00   8.2852347e-01   7.5173008e-01   6.7243633e-01  -1.0870172e+00  -1.3557689e-01  -1.2816863e+00   6.3828747e-01   1.0131304e+00  -1.8146256e-01   7.0804550e-02  -1.9267997e+00   6.2354402e-01   1.1869521e+00
   2.0000000e+00  -2.1198466e-02  -1.3489296e+00   3.0553638e-01   3.2227703e-02   1.0205705e+00   1.1461343e+00   2.0565048e+00  -2.1581932e-01  -4.8139432e-01   1.3137834e+00  -8.7883105e-01   6.8222169e-01  -7.2506243e-01   4.1650382e-01  -7.3162367e-01  -1.3001277e+00  -1.0401803e+00   1.3161334e+00
   2.0000000e+00  -6.7939829e-01  -1.1547199e+00   6.1836918e-01   8.7285171e-01   1.8162050e+00   5.5502767e-01   5.5640644e-01   1.2379934e+00  -2.0812663e-01  -6.7937856e-01   5.9233533e-01  -9.8656548e-01  -1.3698839e-02   1.3642562e+00  -2.1336795e+00  -2.0447609e-01  -4.5394326e-01  -4.3438589e-01
   2.0000000e+00  -1.7934319e-01   1.6567074e+00  -6.9425748e-01  -2.5904692e-02  -3.5489172e-01   5.0632339e-01  -8.8303639e-01   1.3652006e+00  -8.3499641e-02  -1.1570175e+00  -2.6739629e-01   3.1444292e-01  -1.7021405e+00  -4.7566700e-02  -9.4792871e-01  -1.2396317e-01   8.8010266e-01   8.3195059e-01
   1.0000000e+00   4.2168533e-01   3.6352887e-01  -6.4998758e-01   7.3742778e-01   1.2832888e+00  -3.0960447e-01  -7.8241309e-01   6.4735456e-01   1.7463586e+00   7.2484832e-01  -1.1306850e+00  -9.5259473e-01  -1.3577635e+00   6.2309844e-01  -1.0295204e+00   1.5042506e+00   6.0159924e-01   1.8109351e+00
   2.0000000e+00   7.3098032e-01  -4.3508735e-01  -1.7044852e+00  -1.8387498e+00   1.4495902e-01  -5.4302648e-01   4.4641689e-01   2.6429977e-01  -7.4871547e-01  -1.7591378e+00  -6.5253582e-01  -8.8514469e-01   2.7970248e-01   3.0238562e-01   2.4214946e-01  -1.6749707e+00   1.9377071e-01  -3.1960126e-01
   2.0000000e+00   9.9984766e-01   6.4413964e-02  -1.1835297e+00   2.8705937e+00  -8.8943593e-01  -9.2552719e-01  -1.4485583e+00  -2.9665070e-01   9.6121297e-01   9.0464207e-01  -1.2126680e+00  -7.7058093e-01   2.1322963e-01  -8.4887396e-01   9.2766273e-01   8.1160004e-02   3.8319229e-01   7.4921488e-01
   2.0000000e+00  -1.2161459e-01   5.6815085e-01  -3.7434346e-01  -2.1284487e+00   3.0256484e-01   3.1864820e-01  -1.1368668e+00   7.7299552e-01   3.3773387e-01  -2.5497207e+00  -8.9150174e-01   7.3863410e-01  -1.5367921e-01   1.1667339e+00  -2.0690173e-02  -1.4882848e+00  -1.0423589e+00   6.3883346e-01
   2.0000000e+00   5.2472562e-01  -1.9423243e-01  -1.3760116e-01   1.1212525e+00  -8.6044483e-01   4.6522788e-01   5.9983230e-01  -1.2307711e+00  -1.8002036e+00   1.0402623e+00   1.0723974e+00   6.8624147e-01   8.4547739e-02  -2.0085137e-01  -1.7366209e+00  -4.3415639e-01  -2.9784877e-02  -2.2180423e-01
   2.0000000e+00   9.2513359e-01  -1.3325198e+00  -2.1009524e-02  -5.0300029e-01  -1.1516443e+00  -9.4359937e-01  -8.7779030e-01  -1.1214388e-01   1.2119623e+00   4.8919488e-01  -3.0596089e-01  -8.7008083e-01  -1.3745880e+00  -5.0136063e-01  -1.0646646e+00  -2.2053316e+00   2.4871533e+00   9.3258268e-01
   1.0000000e+00  -1.9012420e+00   4.5685128e-01  -4.2593185e-01  -8.5709834e-01  -3.2020709e-01  -9.3550494e-01   6.4355447e-02   4.9348957e-01   7.0442041e-01  -5.3857221e-01  -2.9566554e+00  -1.3309418e+00  -1.1438733e+00   1.0155087e-01   8.7725110e-02   1.1008585e+00   4.3334675e-01   7.2525702e-01
   1.0000000e+00  -5.8742676e-01   2.9012984e-02  -2.0578425e-01   2.1520132e-01  -1.1587164e+00  -1.1532720e+00  -3.2888173e-01  -5.1107450e-01   1.5067364e+00  -3.2295626e-01   4.5354575e-01  -8.2387745e-01   1.0260791e+00  -6.4539989e-01  -8.8614859e-02  -1.5731423e+00  -1.3517077e+00   9.6468926e-02
   1.0000000e+00   8.9504992e-01   5.4897443e-01   3.5026057e-01  -4.0178597e-01  -1.4206567e+00  -1.9917055e-01  -7.8174751e-01  -1.2561417e+00  -3.4584127e-01   6.6242598e-01  -4.8992704e-01   5.0474827e-01  -4.5913085e-01  -6.9971040e-01   1.2447681e+00  -1.1521685e+00  -2.6867319e-01  -1.9311656e+00
   2.0000000e+00   3.2440982e-01   1.4383625e+00  -7.0912421e-01   1.1289192e+00   3.7315801e-01   6.1639642e-01  -6.0702576e-01  -3.4083272e-01   3.3249962e-02  -1.6721995e+00  -9.2700295e-02  -1.9728033e+00   1.7451728e+00  -4.3737271e-01   3.0663310e-01   3.7269176e-01  -1.2109358e-01  -9.2961811e-02
   2.0000000e+00   2.1156344e-01   6.9684380e-01  -7.3248269e-01  -1.7625267e-01  -4.6197202e-01   2.1724007e-01   1.6050153e+00  -1.5566190e+00  -5.6911787e-01  -1.0617593e+00  -3.3198777e-01   3.1011918e-02  -8.3578097e-01   2.9827584e-01  -3.2885497e-01   7.2211323e-01  -2.7907618e-01  -2.7114098e-01
   2.0000000e+00  -9.2079103e-01  -2.7277078e-01   7.9681111e-01  -6.4898004e-01   7.8556728e-01  -1.1449101e-01   1.0023645e+00  -2.7260794e-01  -1.6746390e+00   6.0631504e-01   3.1597873e-01  -1.6582595e+00  -6.3945808e-01  -6.1865247e-01  -1.0927102e+00  -1.3640911e+00  -7.2106888e-01  -1.3417199e+00
   2.0000000e+00  -2.8623237e-01  -7.5198242e-01  -5.4988355e-01   1.1063216e+00  -1.0382189e+00   5.6815044e-01   5.9743854e-02   4.6812235e-01  -1.6450509e-01  -8.0753011e-01  -1.8870134e-01   6.6138726e-01   1.3051373e+00  -1.6085902e+00  -6.1295696e-01  -3.5495563e-01  -8.0480455e-01   2.3029269e-01
   2.0000000e+00  -1.1884364e-01   6.3798453e-01  -5.7105131e-01   7.1378707e-01   5.6739858e-01  -3.2097611e-01  -8.3332776e-01  -8.1944131e-01  -8.0271140e-01   8.9958868e-01  -1.3183728e+00   1.3209269e-02  -6.4699197e-01  -1.5787242e+00   8.4007494e-01  -2.0291086e+00   1.5316156e-01  -4.1408967e-01
   1.0000000e+00   5.3002793e-01   7.2888357e-01  -1.1555904e-01  -7.3062630e-01  -1.5766755e-01   1.1290904e+00   2.3185988e-01  -4.1712422e-01   5.4870133e-01   8.9960770e-01  -4.4358598e-01  -4.1735575e-01   1.1400663e+00  -6.1473873e-01   1.2210110e+00  -5.3069515e-01   2.3519700e+00   1.0408079e+00
   2.0000000e+00   5.6809398e-01  -1.3779371e+00   7.9107047e-01   5.1167455e-01  -1.8960074e+00  -7.6961865e-01  -1.3316692e+00  -6.1102488e-01   7.0082155e-01  -6.8937967e-03   8.5597440e-01  -5.3005355e-01   1.8828695e+00   2.0821197e+00   1.4709274e+00   1.3972866e+00   1.0382341e+00  -5.1929660e-01
   2.0000000e+00  -1.2537083e+00  -5.4943012e-01   7.0186785e-01  -2.2211375e+00   1.6894746e+00   4.7885511e-01  -5.8618329e-01   3.2304133e-01   5.9793096e-01   4.7346898e-01  -6.2378223e-01  -1.3928977e+00   6.6138021e-01  -4.7198954e-01   7.3358137e-02   1.0624596e+00  -4.7359359e-02  -1.1711665e+00
   2.0000000e+00   6.2149119e-01   3.2115213e-01  -1.6224357e+00   5.0620105e-01  -7.0506850e-02  -2.2881628e+00   2.8871795e-01  -1.0778091e+00  -8.7870876e-01   7.3078890e-01  -1.0904524e+00  -7.6007099e-01   5.0177248e-01   1.3687037e+00  -1.0487606e-01  -4.5084956e-01   1.2208628e+00   1.2538187e+00
   2.0000000e+00   1.0429544e-02  -1.3954807e-01  -3.8923516e-01  -1.3143209e+00   7.1374739e-01   1.0454421e-01   3.3121101e-01   3.4563503e-01   1.3909757e-01  -1.8757643e-01   2.2769741e-01  -1.4747757e+00  -2.1864361e+00   1.1154073e+00   2.9256132e-01  -5.8888462e-01   9.1153593e-01  -7.2930807e-01
   2.0000000e+00  -5.9966830e-01  -2.4450464e+00   1.9682451e+00  -4.5499532e-01   1.4801822e+00   6.8084318e-01  -4.2140034e-01  -4.9019886e-01   1.5915067e-01  -1.4870825e+00   6.8232257e-01   4.0640941e-01   8.4412583e-01   2.3740590e-01   2.1166957e-01   1.4987388e+00  -8.7942255e-02  -1.6897514e-01
   2.0000000e+00   6.4547754e-02   8.4296737e-01   1.2311539e+00  -3.7939150e-01   2.7880688e-01  -4.2535057e-01  -7.5840768e-01  -1.9648449e-01   3.5094577e-01  -7.7876931e-01  -1.5449986e+00   6.7973914e-01  -8.9956026e-01   1.6375022e+00   3.0395777e-01  -1.3258560e+00  -6.6314565e-01   1.2994301e+00
   2.0000000e+00   1.9342719e+00   7.9450869e-01  -1.8461826e+00  -3.1979863e-01  -2.4818241e-01   7.3920241e-01   1.0390683e+00   6.4244072e-01   4.4735150e-01   7.8779430e-01   7.3726255e-01   6.7465272e-01   2.6258006e-01   2.8253031e-01  -4.0858841e-01   6.4597392e-02  -1.1114852e-01  -7.3092643e-01
   2.0000000e+00  -2.4183380e+00   1.2911512e+00   3.6394199e-01  -6.4447313e-01  -2.1795851e+00   6.2269203e-01  -5.0533470e-01  -1.4984337e+00   2.1480519e+00  -1.8823967e+00  -4.1695056e-01  -1.0828779e+00  -5.4528498e-01   5.9769129e-01   8.3216840e-01  -7.2027248e-01   5.6973739e-01  -2.2523527e-01
   2.0000000e+00  -2.8291296e+00   3.6991473e-01  -8.8770967e-01   1.9910349e-01  -1.6384293e+00   1.0431112e+00   1.3907824e+00  -1.0969767e+00   2.3227734e-01  -1.3086167e-01   1.9773766e+00   1.3207535e+00   4.3743479e-01   1.6900188e-01   2.6035923e+00   2.8372478e-01  -7.9933104e-01   4.4829952e-01
   2.0000000e+00  -1.1004588e+00   7.3623256e-01  -1.7783643e+00  -1.1649417e+00   1.1560500e+00  -6.9803569e-01   1.7528156e+00   6.1406534e-01  -1.8573971e-01   5.7532137e-01   2.8624325e-01   9.3799571e-01   9.4700119e-01  -8.1221590e-01  -1.5537825e-01   5.2075467e-02   9.8527242e-01  -1.3516518e+00
   2.0000000e+00   4.6242325e-01  -1.4009573e+00   1.0722797e+00  -8.0416431e-01  -1.3269988e+00   4.7463242e-01   3.1171203e-01  -4.8300277e-01   8.4850687e-01  -1.5578081e+00   1.0040237e+00  -8.6878509e-01  -2.4004864e-01  -6.6125219e-01   1.3764366e+00   3.8455258e-01  -7.2356093e-01   4.2037199e-01
   2.0000000e+00   5.2348152e-01   1.1578294e+00   7.1504848e-01   7.0733407e-01   9.3057300e-01   4.7715556e-01   6.6214192e-01   2.4273955e-02   1.8786455e-01   2.0651603e-01   5.6961183e-01  -1.8121240e+00  -1.0894850e+00   2.2890230e+00   1.0444725e+00  -9.6854331e-01  -2.4319537e+00  -4.2540606e-01
   2.0000000e+00   4.4684209e-01   1.3905420e-01  -1.9258943e-02  -8.5245135e-01  -3.7532706e-01   1.8051498e-01   1.0917958e+00   7.3883559e-01   5.0769247e-01   2.3138874e-01   4.3928670e-01  -2.5452026e-01  -3.4886579e-01  -6.0422589e-01   2.2369748e-01   4.2670425e-01   9.3684717e-01  -1.0645842e+00
   2.0000000e+00  -1.4670973e+00   1.2423216e+00   9.3281512e-01  -9.0298408e-02  -6.9144299e-01   1.6629062e+00  -3.1947241e-01   1.1739547e-01  -1.1457441e+00  -1.2194313e+00  -9.1391472e-01   7.5941823e-01   2.9595974e+00   2.8585095e-01  -8.4529630e-01   1.4720991e+00   1.0114836e+00  -1.6137446e-01
   2.0000000e+00   6.2435549e-01  -5.4104085e-01  -8.2941988e-01  -1.1020894e-01  -5.0394039e-02  -1.2467603e+00  -6.9834400e-01  -8.6310108e-01   2.0077614e+00   4.2350979e-01   5.9985108e-01  -7.5322125e-01  -6.8343794e-03  -1.8400195e-01   9.1200394e-01   4.8550497e-01  -7.0812360e-01   1.5339916e-02
   2.0000000e+00  -1.0549486e+00  -1.9785594e+00  -1.2873386e+00   1.5296433e+00   3.9163773e-01   8.9578073e-01   8.0913173e-01   7.7930068e-01  -1.1808579e+00   6.6170107e-01   1.1284866e+00  -1.7162877e-01   1.0048840e+00   1.2690458e+00   7.2380763e-01   2.8213375e-02  -2.8284889e-01  -3.0346112e-01
   2.0000000e+00  -1.7301148e-01   1.2009057e+00   2.1242120e+00  -5.0746110e-01   4.0606160e-01   3.1111079e-01  -1.2725536e+00  -6.4333444e-01   2.0984196e+00  -2.6967679e-02   5.7469043e-01  -1.8876009e-01  -7.4558841e-01  -7.1597910e-01  -1.1843790e+00   1.1862006e+00  -1.6144073e+00   2.4707671e+00
   2.0000000e+00  -2.2997288e-01  -6.3715447e-01   1.3355056e+00  -1.4312247e-01  -7.2680629e-01  -1.1091062e+00   8.3110214e-02  -1.1659387e-01  -3.4541141e-01  -1.3852000e+00  -9.5702808e-01   5.6734786e-02   1.1902923e+00  -8.2950049e-01  -8.1348920e-01  -1.0652409e+00  -8.4493376e-01  -1.8204286e-01
   1.0000000e+00   7.1347549e-01   5.6708741e-01   6.6683564e-01  -1.9336452e+00   8.7026881e-01  -4.5263346e-01   6.7464680e-01   3.4241020e-02   2.1755322e-01   5.5652383e-01  -3.8448524e-01  -1.7565289e+00  -1.2313459e+00   1.4558995e+00   8.4262095e-01  -1.1889758e+00  -1.0736907e+00   1.1482605e-01
   2.0000000e+00  -5.1583529e-01  -1.0837784e-01  -4.9392342e-02   1.4643059e-01   5.9685105e-01   1.0630489e+00  -1.2310576e+00   2.9648829e-01  -2.2601213e+00  -8.9004672e-02  -1.4562276e+00   6.4910254e-02   6.7962332e-02  -2.7151162e-01   4.4968030e-01  -2.7812595e-01  -1.3174151e-01  -2.2225896e+00
   1.0000000e+00  -1.0288559e+00   1.5316524e-02   1.2199390e+00   1.6699555e+00   1.5128194e-01   1.3180040e-01   6.1389956e-01  -1.2845455e+00  -2.0352927e-01   7.3405678e-01   8.4388494e-02   7.7760075e-01  -6.9236756e-01   1.3874805e+00   3.9283788e-01   4.2859472e-01  -6.1304566e-01   5.4232783e-01
   2.0000000e+00   2.0980444e+00  -1.9298649e-01   4.8553758e-01   1.2628670e-01   2.4941285e-01   1.0895071e+00   8.6412970e-01   4.1446643e-01   7.2946933e-01  -1.6440142e-01   1.8761166e+00   6.8455280e-01  -2.2686674e-01   9.5863155e-01   5.3708145e-01   5.0500266e-01  -2.1125018e+00   1.8342968e+00
   1.0000000e+00  -3.3628820e-01   9.6865095e-03  -3.2124213e-01   8.2145457e-01  -2.5353970e-01  -3.6253130e-01   3.9319543e-01  -7.9959180e-01   1.1288915e+00  -7.4149631e-01   8.0769354e-01   4.2789312e-01   1.0449759e+00   3.1918516e-01   1.7565539e-01   5.6592453e-01  -6.2211717e-01   7.0553806e-01
   2.0000000e+00  -6.8196225e-01   4.2465527e-01   7.2102263e-01  -1.5272500e+00   4.8558719e-01  -3.2098218e+00  -1.7410966e+00   1.5353980e+00   5.3924328e-01  -4.1896972e-01  -5.7760282e-01  -1.0208509e+00   3.3940138e-01  -7.3682563e-01  -1.4205757e+00   1.1816337e-01  -3.1495801e-01  -4.8467855e-01
   2.0000000e+00   1.8784541e+00   6.8609176e-01   7.2879575e-01  -8.1230281e-02  -4.6503478e-01  -1.9983548e+00  -9.0597704e-01   3.6661945e-01  -9.8785458e-01   1.6070440e-01   4.2636863e-01   1.4278411e+00  -2.3723204e-01  -8.9424639e-02  -6.0521604e-01   9.2927423e-01   1.2256041e+00   1.6126119e-01
   2.0000000e+00  -1.2809220e+00   1.1726030e+00   1.1759406e+00  -1.1393805e+00  -2.1499599e-01  -3.9623316e-01  -7.6334492e-02  -1.3532159e-01  -2.4883195e-01  -1.8470840e+00   2.2396503e+00   1.8834458e+00   6.9794771e-03  -2.7205340e-01   1.0893212e+00   1.9911057e-01  -2.9056294e+00  -1.4819049e+00
   2.0000000e+00  -6.3298243e-01   1.5824720e+00  -1.8568246e-01  -2.2955165e-01  -1.2803201e+00   6.3050983e-01   2.3174814e-01  -2.8377027e-01   4.4693843e-01  -1.0904368e+00  -1.6163935e+00  -1.4705655e-01   1.0200316e+00   5.5789191e-01   4.4661819e-01   6.6214915e-01  -1.3646992e+00  -1.2214546e-01
   2.0000000e+00  -2.2038981e+00   1.2789466e+00  -2.0253429e-01   9.7220560e-01  -1.1488087e+00  -9.1712996e-01  -1.3622984e+00   7.5598494e-01   1.4600128e-01   4.2672359e-02   1.2819058e+00  -6.9389171e-01   1.1389002e+00   3.4018947e-01   2.9862288e-01  -1.6732615e-01   9.6940246e-01   1.7518108e+00
   1.0000000e+00  -1.5258628e-01   8.3398081e-01  -5.7405566e-01  -3.7226769e-01   4.2898259e-01   4.5510287e-01  -7.6723356e-02   1.0160121e-01  -2.1424984e+00  -3.2427554e-02  -1.7276409e-01   1.3525719e+00   9.9621195e-01  -1.4596322e+00   1.7577235e-01   2.4485807e+00  -8.2593629e-01  -6.2267218e-01
   2.0000000e+00  -1.4139261e+00   2.3380993e+00   1.9659088e-01   6.3927956e-01   1.4163169e+00  -9.7503137e-02  -5.9362684e-01   1.7207851e+00   4.7792742e-01   2.1327642e-01   1.8575569e+00   2.7151298e-01  -1.1514474e+00  -1.0602766e+00   3.9667838e-02   7.4146557e-01   1.2935125e+00   1.2683169e+00
   2.0000000e+00   6.8170143e-01  -1.4569869e+00  -1.2227922e+00   9.2871770e-01   1.0832620e+00  -2.8393338e-01   9.3363216e-01  -5.3974424e-01  -1.3266054e-01  -1.4575564e+00  -1.4119177e+00   2.0402833e-01   6.9127776e-01  -4.9251218e-01   1.4628030e+00   4.1778516e-01   9.1388475e-03   1.7560576e+00
   1.0000000e+00   4.9757132e-01   2.6051036e-01   2.0066541e+00  -5.9125957e-01   9.8170081e-01   9.4252326e-03  -7.8257644e-01   2.1324237e-01   8.6972020e-01  -1.4569564e-01  -2.1965651e-01   2.6229841e-01   1.3046524e+00   8.0476383e-01   2.1486551e-01  -1.4755035e+00   1.0922249e+00   9.7587891e-01
   2.0000000e+00   4.6095826e-01  -8.5532771e-01  -1.4360486e-01   1.4436863e+00   2.0457425e+00  -3.7940571e-01  -1.5131447e+00  -6.5003156e-01  -1.8756980e+00   4.4111994e-01  -9.2383648e-01   1.0010052e+00  -1.8157296e+00   2.2653587e-01   1.1503928e+00  -2.5278676e+00  -9.3926196e-02   6.8047211e-02
   2.0000000e+00  -3.6771499e-01  -6.8121880e-02  -4.4784657e-01   1.0469586e+00   2.2979472e+00  -1.7009696e+00  -6.5600115e-01   2.3214593e-01   1.9280255e+00  -7.4775798e-01   1.6655351e+00   9.7142835e-01  -2.6917045e-01   1.0885515e+00   6.3808160e-01   2.3752467e-01   2.9178967e-01  -4.1048861e-01
   2.0000000e+00  -2.2047203e-01   7.1908615e-01   8.7851974e-01  -1.0168484e+00   2.0199857e-01   1.9065627e+00  -3.4082476e-01   2.8108044e+00  -1.2088640e+00   4.2181733e-01  -1.5713284e+00  -7.7940425e-02  -8.5022591e-01   1.8348206e+00  -7.2429129e-01  -2.1965790e+00  -1.3390249e+00  -8.5309325e-01
   1.0000000e+00   3.4008695e-01   3.2477353e-01  -3.5638058e-01  -1.5541224e+00  -2.1921430e-02  -9.0384311e-01  -3.1148182e-01   6.1933300e-01  -5.7988072e-01   1.0337006e+00   3.8830953e-01   1.5136613e+00   3.0737666e-01  -2.3420540e-01  -5.5077458e-01   1.5613309e+00  -1.2758253e+00   3.4329928e-01
   2.0000000e+00  -3.3417998e-01   6.9268788e-01  -1.0556713e+00   8.0409692e-02  -2.0724550e+00  -8.9873195e-01  -7.9427915e-01  -7.0444790e-01  -1.1491810e+00   1.8794453e-01  -2.1620861e-01   9.7361856e-01   1.6697265e+00  -1.2554388e+00  -1.5182979e+00  -3.2935073e-01   1.3218861e+00  -8.2191834e-01
   1.0000000e+00  -1.0538988e+00   2.9601103e-01  -1.6764904e-01   2.5379637e-02   1.3177443e+00   7.6785759e-01  -1.6343414e-01   1.0491841e+00   1.2372135e+00   1.9210729e+00  -3.7561378e-01  -7.8162663e-01   8.1974174e-02   9.9743450e-01   1.1777844e+00  -4.4781635e-01   1.0679070e+00  -2.6245286e-01
   1.0000000e+00  -6.5281389e-01   6.5189753e-02  -9.6308502e-02  -3.9679397e-01   1.2273870e+00  -3.3954696e-02  -5.8152157e-01  -5.8514850e-01  -2.9708684e-01  -7.2700813e-01  -2.4755573e-01   2.5832027e-01   1.2935793e+00   9.7013037e-01   4.3891215e-01  -1.9747411e-01  -3.9590951e-01   5.8044937e-01
   2.0000000e+00   5.8151161e-01  -3.0348476e-01  -3.6012691e-01   1.8091257e+00   2.5388172e-01  -1.4281133e+00  -5.7442756e-01   4.4982963e-01  -2.3985143e+00  -4.4461528e-01  -1.1228814e-01  -2.1952775e-02   1.1550889e+00   4.5651929e-01  -6.1652703e-01  -4.4676286e-01  -1.5510641e-01   1.9189174e-01
   1.0000000e+00  -1.4568189e+00   4.9570080e-01   3.8907811e-01  -1.7792416e-01  -1.7338809e+00  -3.0810951e-01   3.4985879e-01   1.0653975e+00  -3.2454851e-02  -6.9871579e-01  -6.4580077e-01   2.3463048e-03  -1.3850495e+00   2.1249026e-01  -2.5792391e+00  -1.7372638e-01   4.7308991e-01  -1.4334019e-01
   2.0000000e+00  -6.2788467e-01  -4.8792481e-01   1.6702936e-01  -5.6791045e-02   1.3432505e-01  -1.3848599e-01   4.8929409e-01  -2.2117875e-01  -5.2528977e-01   3.1426900e-01   6.0751060e-01  -1.2252272e-02   2.3075405e-01   2.1074733e-01  -3.2899695e-01  -5.0312039e-01   1.1077722e+00  -1.0989729e+00
   1.0000000e+00   1.3469560e-01   5.0731760e-01  -7.1235926e-01  -5.7181806e-01  -1.3804190e+00   1.4875545e+00  -3.8013730e-01   2.1442946e-01  -3.8978533e-01  -1.9763504e+00  -1.4633308e-01   1.2757723e-01   7.4775225e-01  -2.6542408e-01   7.4125301e-01  -1.5192980e+00  -1.0533205e+00  -3.1539731e-01
   2.0000000e+00   1.9544785e+00   1.7857513e+00   1.1246771e+00   5.2694684e-02  -1.6588321e+00  -8.4354245e-01   1.5293178e+00   2.4218353e-01   3.3684334e+00  -7.6554775e-02  -4.4508283e-01   9.5346059e-01  -9.6024713e-01   1.1541532e+00  -1.7072534e+00  -1.2737043e+00   3.3440662e-01  -1.0126461e+00
   2.0000000e+00  -6.1493641e-01   1.4874261e+00   5.7111684e-01  -2.4295074e+00   4.1342709e-01  -1.7993601e+00   3.7753759e-01  -1.0496647e+00   1.3639175e+00   1.9561905e+00   6.4013542e-01   1.3046664e+00   1.0983096e-01   6.3258780e-01  -1.7779720e+00  -3.5433105e-01   1.1055579e+00   8.9589111e-01
   1.0000000e+00  -2.8341379e-01   6.4563725e-01   8.7640099e-01  -1.2562594e+00   5.1829133e-01  -1.4247027e+00  -6.5529878e-01   1.8738102e-01   1.2629678e+00  -5.1832175e-01   1.3346706e+00   4.3454901e-01   6.7850471e-01   3.4016145e-01  -3.5632336e-01   7.2517147e-01  -4.1623441e-02   5.6462974e-02
   1.0000000e+00  -2.9206412e-01   9.2856723e-02   4.1926379e-03   4.4493016e-01   1.5139078e+00   1.7146660e+00  -1.5765059e-01  -7.1650100e-01   7.2830305e-01   8.1369538e-01  -4.3740315e-01  -2.6203763e-01  -4.2873398e-01   1.7124865e-01   2.1134939e-01   1.7988845e+00  -1.6522959e-01   3.1396690e-01
   2.0000000e+00   1.7417784e+00  -1.5493418e+00   3.5482244e-01  -6.9339564e-01  -7.4646976e-01  -5.4448893e-01   8.1848490e-01  -1.6740069e+00   5.4390539e-01  -1.7984816e+00   1.2478204e+00   1.2571845e+00   3.0234683e-01  -1.6247137e+00  -1.8612257e-01  -4.0994326e-01  -2.2358371e+00  -1.5829944e+00
   2.0000000e+00  -6.1493004e-01  -5.5398403e-01   2.2476300e-01   1.2557146e+00  -1.0142893e+00   6.3289042e-01  -4.5101351e-01   1.2419388e+00  -2.4532885e-01  -1.0988708e-01   1.7895845e+00   1.1281980e+00  -3.0310131e-01  -8.6159458e-01   1.1347145e+00  -1.2044070e+00  -4.7178103e-01  -3.3719369e-01
   1.0000000e+00   1.3447877e+00   4.7822825e-01  -3.9025453e-01  -1.5123507e-01   1.6490588e+00   1.7504438e+00  -2.6537310e-01   6.6557839e-01   1.7010347e+00   6.5255144e-01  -3.6986165e-01  -2.2444849e-01  -2.3962124e-01  -1.9077265e-01   9.5971103e-01   1.3950086e+00  -4.7740426e-01   1.3536853e+00
   2.0000000e+00  -1.4535757e+00  -6.7990624e-01   8.4369278e-01   7.5671397e-01   2.7367284e-01   2.0701143e+00  -7.8415036e-01   4.7230345e-01  -4.9419107e-01  -7.6821714e-01  -1.2356298e-01  -1.5506878e-01   6.9121646e-01   5.8621386e-02   4.2301182e-01  -2.6390705e+00   6.2543847e-01  -2.9867569e-01
   2.0000000e+00   4.0059789e-01   1.2427503e+00   5.4808775e-01  -3.4139763e-01  -1.1526002e+00   4.4425641e-01   1.2649257e-02  -9.6692968e-01   6.4553271e-01  -5.2274422e-01  -1.0082873e+00  -1.1666311e+00   7.9529283e-01  -3.6961278e-01   4.8111423e-01   7.4605750e-01   8.4547531e-01  -2.7531317e-01
   1.0000000e+00   8.5702123e-01   4.6019210e-01  -6.9844501e-01   1.1135774e+00  -1.2432874e+00  -2.3495137e-01   6.9605777e-01   9.1410711e-01  -2.2046472e+00   2.3804805e+00  -1.0255200e-01   9.3529749e-02   7.4342800e-02   1.7618405e+00   1.7932421e+00   1.5981748e-02   8.4676577e-01   8.3496797e-01
   2.0000000e+00  -1.6260392e+00  -8.2165757e-01  -1.0094400e+00  -8.7845405e-01   9.6959407e-02  -5.5100871e-01   1.2282744e+00   2.9899710e-01   1.1274665e+00  -4.8497453e-01   9.4842996e-01  -1.3394709e+00  -8.9272512e-01   2.1227790e+00  -5.4696595e-01   5.6690594e-01  -2.2836393e+00  -3.4187942e-01
   2.0000000e+00   1.9239530e+00   8.5981243e-01  -3.3048783e-01  -1.8620641e+00  -4.9536308e-01  -7.6574897e-01  -1.5873628e+00   7.2590757e-01   3.6809465e-01   9.9461784e-01   7.9074291e-01   5.5429876e-01  -7.5414090e-01   5.5669701e-02  -2.8996963e-01   1.0459088e+00  -7.8821462e-02  -1.2378433e+00
   2.0000000e+00  -3.1308049e-01  -1.4739298e+00  -9.4438232e-01  -6.7816958e-01  -1.1285999e+00   1.1175377e+00  -7.4297908e-01   8.8120652e-01   1.4981235e+00   2.1315087e+00  -4.3797347e-01  -6.6952426e-01   6.6852955e-01   2.1406177e-01   6.9419947e-01   7.7158554e-01  -1.1578791e+00   8.1006196e-01
   2.0000000e+00   1.2617798e+00   1.2615728e+00  -1.1273540e+00   9.8869711e-02   1.2810177e+00   2.6820710e-01   2.0376032e+00  -1.5568773e+00   8.8265357e-01  -1.7879713e+00   1.0068889e+00  -1.0641039e+00   5.7266901e-01   2.1813678e-02  -9.0917772e-01  -2.0162358e+00  -1.3254081e-01   4.6115762e-01
   1.0000000e+00   3.7081050e-01   5.3366624e-01   1.5522608e+00  -1.3597328e-01  -2.6077677e+00   1.7316357e-01   6.5912546e-01  -2.4377648e+00   6.2751573e-01   5.3268789e-01  -2.7193270e-01   1.6730145e+00  -5.0475127e-01   2.0584850e-01  -1.5083652e+00  -2.7009196e-01  -1.3767702e-01   1.9993390e+00
   1.0000000e+00   4.0997616e-01   4.2046009e-01   4.0945606e-01   1.1562346e+00   2.8547202e-01   5.2032499e-02  -3.9634809e-01   1.2543821e+00  -1.5404474e+00   6.3919802e-01   9.3245116e-01   7.3678157e-01  -1.8941617e+00  -2.1372522e+00   1.5823086e+00  -5.3554791e-01   4.5508101e-01   6.7684770e-01
   2.0000000e+00  -2.6681162e-01   9.6033435e-01  -7.3040798e-01   1.1273043e+00  -2.3844551e-02   6.4141478e-02   5.9976247e-01   1.1030143e+00   1.0040546e+00   1.1247126e+00  -6.0523747e-02  -1.9461448e-01   1.0298059e+00   1.6043744e+00  -4.6193515e-02  -1.3292334e+00  -9.7463868e-01  -4.2695536e-01
   2.0000000e+00  -8.8372414e-01  -8.7681298e-01   1.0392546e+00   1.1636883e-01  -1.2072379e+00   6.6261351e-01  -3.5324834e-03   5.0751476e-01   1.1260366e+00   8.5140294e-01  -8.4017261e-01   1.6976604e+00  -3.0364250e+00  -1.9307969e-01  -8.0728785e-02  -1.7685949e-01   9.2175052e-01  -4.4327854e-02
   2.0000000e+00  -5.6134326e-02   9.1864161e-01  -1.0412884e+00   9.7294635e-01   9.0607518e-01   1.2170119e+00  -9.3657003e-01  -7.9878507e-01  -1.3401339e+00   6.3596767e-02   1.2926652e+00  -2.0707354e-01   4.7614299e-01  -1.5171373e+00  -1.6757941e+00   7.3874205e-01   6.8703226e-01   2.5197875e+00
   2.0000000e+00   1.6024323e+00  -4.4475532e-01  -7.6056197e-01   4.3377852e-01   8.1968155e-01   5.6767449e-01   1.3274897e-02  -5.9758336e-01  -7.3981203e-01   3.9726359e-01   2.5489408e-01   2.1239868e-01   1.3504080e-01   9.2324912e-01   2.4639026e-01  -2.2580058e+00  -2.5779883e-01   5.3454432e-03
   2.0000000e+00   1.4665708e-01  -8.7239398e-01  -4.3579451e-01  -2.6161563e+00   1.3293168e-01   7.4543846e-02   4.2664550e-01  -3.3744083e-01  -7.1317848e-01   1.7882424e-01  -4.2236331e-03  -2.6900025e-02  -2.4126562e-01  -1.0233400e+00   1.1819796e-01   1.4205925e+00   9.3356377e-03  -7.3178287e-02
   2.0000000e+00   7.2803177e-01  -8.7167627e-01  -3.3494539e-01  -1.1474193e+00  -8.5607476e-01   6.5044007e-01  -1.5353040e-01  -3.0129967e+00   2.6059675e-01  -1.0526407e+00  -1.3068970e+00  -6.3485678e-01   2.6050652e-01   1.4880153e-03   5.2487808e-01   8.2457902e-01   1.2419032e+00   2.7801247e-01
   2.0000000e+00   1.9812762e+00  -2.2644821e+00  -5.5738968e-01   5.0124637e-01  -5.3918168e-01   3.4527251e-01  -7.3283596e-01  -3.8634994e-01   2.4384552e+00  -6.8918073e-01   5.1525059e-02  -1.2541935e+00  -2.8456564e-01  -6.6492585e-01   1.7021473e+00   8.4635519e-01  -2.4584585e+00  -1.1815959e+00
   2.0000000e+00   4.4233260e-01  -1.7868569e-01   1.2870398e+00   4.7684541e-01   5.6360674e-01  -1.6945763e+00  -1.6583662e+00  -7.9910407e-03  -3.7662163e-01   1.2793503e-01   2.4866257e+00   8.5710466e-01  -3.5290186e-01  -1.3068544e+00   1.1328136e+00   1.1259982e-01   1.5731039e+00   5.0020071e-01
   2.0000000e+00  -1.2987598e+00  -1.5217682e+00  -4.9790893e-02   1.3785477e+00   2.1950995e-01  -1.0093060e-01  -4.7703494e-01   6.5291670e-02  -9.0531633e-01   1.0151821e+00   2.9898751e-01  -8.2250599e-01  -4.4972906e-01  -1.8020170e+00  -8.0782788e-01  -1.0484839e+00  -1.2185009e+00  -5.5616066e-01
   2.0000000e+00   1.3857813e+00   1.3874937e+00  -2.4647000e-01  -1.7344244e+00   4.5379491e-01   9.2880714e-03   1.0075994e-01  -1.6479802e+00   1.2165469e+00  -6.3443464e-01  -7.5133323e-01   3.2524008e-01  -4.4363439e-01  -2.6188737e-01   4.8133021e-01  -2.5875950e-01  -4.6781698e-01  -9.1016928e-01
   2.0000000e+00   6.3082639e-01  -3.1168594e-01  -1.0690662e+00  -1.0406077e+00   5.4189415e-01   1.1930940e+00  -7.8356691e-02   4.6139365e-02   8.6550208e-02  -5.6411252e-01  -5.3681932e-01   5.7991869e-01   6.2339157e-01  -3.9888633e-01   1.7584568e+00   8.1355139e-01   6.6550354e-01   1.7329298e+00
   2.0000000e+00   1.1806285e+00  -1.6652256e+00   2.6605580e-01   1.0004360e-01   9.1897678e-01  -8.9275330e-01   2.5388117e-01  -3.6782164e-02  -3.5917904e-01  -9.3597486e-01   6.3552238e-02   1.5159122e+00  -1.9187406e+00  -1.6894829e+00   1.4575635e+00  -1.2438619e+00   5.3284524e-01  -4.5686953e-02
   2.0000000e+00  -1.4944234e-01   5.5298880e-02   7.8202888e-01   8.9340782e-01  -2.0423699e+00  -3.1083437e-01  -1.2056922e+00   9.8442940e-01  -1.5275468e-01  -6.7258908e-01   3.2047258e-01  -1.2002276e+00  -1.0391510e+00   1.0735856e+00   9.3027014e-01  -4.0240906e-01  -7.6729284e-01   6.1977453e-01
   1.0000000e+00  -2.3921729e-01   2.7923968e-01   2.4784536e-01   1.8859273e+00  -2.5007875e-01   2.6225107e-01  -4.2385110e-01   2.9928083e-01   1.0562389e+00   1.1524360e-01   4.1749482e-01  -8.8489417e-02   2.5104750e-01  -5.9116966e-01   5.3002463e-01   2.0777669e-01  -6.4838085e-01   6.6274936e-01
   2.0000000e+00   6.2508002e-01  -1.4397479e-01  -1.2725761e+00   1.4237971e+00  -4.7636741e-01  -1.0285896e+00   6.3888651e-01  -7.2732051e-01  -6.8791299e-01  -3.3642099e-01  -3.4822823e-01  -2.3355119e-01  -9.6610560e-01  -4.3606039e-01  -7.7571998e-01  -1.3062266e+00  -4.9448043e-01   1.2089505e+00
   1.0000000e+00   3.7841865e-03   1.5819126e-01   4.5222393e-01  -2.7241207e+00   8.5750437e-01   1.8404572e+00  -9.1501335e-01   8.7566162e-01  -1.1492536e+00   1.5037689e+00   4.7679316e-01   5.9083762e-01   2.0849710e-02  -9.1688843e-02  -7.2724666e-01   7.6573709e-01   6.1969620e-02  -5.0944782e-02
   1.0000000e+00  -5.4080582e-01   4.7931892e-01  -2.1172159e-01   4.6201879e-02  -1.1351161e+00   2.0482231e-01   6.5815469e-02  -6.0831495e-01   3.1446729e-01   6.6853283e-01   2.2857169e-01   1.2445473e+00  -8.7235077e-01   1.5698562e+00  -8.1648004e-01  -1.2572605e+00   1.0027793e+00   1.2518227e+00
   2.0000000e+00   9.2615797e-01  -6.9237983e-01  -1.4018322e+00   1.5953376e+00   4.4313598e-01   1.6601963e+00   9.5853114e-01   5.6274005e-01   1.1788331e+00   1.8718853e-01  -2.9832356e-01  -3.7799611e-01  -4.6785091e-01   9.8255989e-01  -3.7013183e-01   1.9752716e+00   6.0479373e-01  -7.8405208e-01
   2.0000000e+00  -1.0474120e+00  -1.3181325e+00   8.5904184e-01  -7.4229788e-01  -9.6560204e-01   6.3596120e-01   2.6393593e-01   7.1380440e-01   2.4399905e-02  -9.3759788e-02   5.3442255e-02  -4.2165711e-01   1.2599528e+00   1.4849226e+00  -1.1021193e-01  -2.6912626e-01  -2.4870782e-01  -5.3203721e-01
   2.0000000e+00  -4.7758059e-01  -1.7197478e-01   9.9768106e-01  -2.2274289e+00   4.6672747e-01   7.1221811e-01   3.1963930e-02   1.1501620e+00   7.4996134e-02   7.5363359e-01  -1.0536791e+00   4.7151935e-01  -1.0340553e+00   2.2895871e-01   8.9196653e-01  -1.1927974e+00  -2.7659938e-01   7.3639251e-01
   2.0000000e+00  -1.2929997e-01  -1.9023520e-01   6.8560482e-01  -9.9237365e-01   1.0332827e+00   9.6711985e-01  -1.6063182e+00  -5.6497574e-01  -2.2193424e-01   7.2242946e-01   3.7523705e-01  -1.3206212e+00  -2.9818635e-01  -9.2412036e-01  -1.2927417e+00   5.2130229e-02  -9.7427556e-01   1.0896017e+00
   2.0000000e+00  -6.7369681e-01  -1.5079740e+00   9.9401203e-01   2.0813066e-01   3.1096921e+00   3.6661216e-01  -4.1876022e-01   5.0301939e-01   7.3021064e-01  -2.6329020e-03   1.3301736e+00  -1.3571232e+00  -1.7707050e-01  -5.8263728e-01   3.6211960e-01  -3.4312410e-01  -5.6017501e-01  -9.5677812e-01
   2.0000000e+00   1.2477682e+00  -9.3966051e-01  -5.8002762e-01   5.0448570e-01  -7.4887553e-01   3.9188711e-01   1.4844951e-02   2.6374328e-01   3.9878882e-01   3.7998207e-01  -7.3254205e-01   2.6426199e-01  -3.4680069e+00  -8.3891718e-01   3.2710435e-02  -9.7157259e-01  -5.1735555e-02   1.3432656e+00
   2.0000000e+00   1.2672183e+00   1.7609169e+00   1.8305379e-01  -6.8123505e-01  -4.3696801e-01  -8.2044750e-01   8.0407008e-01   8.5829945e-01  -6.7157821e-01   1.6892495e+00   1.3833396e+00  -5.3855833e-02  -1.8379282e+00  -1.1385306e+00  -2.6553406e-01  -5.4003740e-01  -4.9014463e-01   4.3113058e-01
   2.0000000e+00   6.0554289e-01  -1.3236380e+00  -5.7651098e-01  -1.1225959e+00  -5.4604352e-01  -1.3294165e-02  -9.2902896e-01  -7.3221619e-01   5.4889411e-01   1.1985504e-01   1.1135168e-01  -2.5015426e+00  -3.7197745e-01   7.9943271e-01   1.4264689e+00  -7.0543185e-01   6.7662170e-01   1.0556417e+00
   2.0000000e+00   1.4647653e+00  -7.2932391e-02   9.0028666e-01   2.3605929e-01  -9.0336659e-02  -1.9947437e+00  -1.6106205e+00  -2.1314229e-01   1.4153166e+00   1.3284299e+00   2.1055691e-01  -8.4308654e-01  -3.0098617e-01  -7.5164648e-01   7.4438848e-02  -7.7290889e-02  -5.4272959e-02  -5.8317697e-01
   2.0000000e+00   5.4246933e-01   7.2559817e-01  -9.2856689e-01   2.6313284e-01  -1.2702775e+00   1.5677508e+00   2.2958397e+00  -1.3117466e-01  -9.0080181e-01   1.1515365e-01  -1.2520732e+00   8.1570093e-01   8.3566273e-01  -2.2836832e-01  -5.4372391e-01   1.1231204e-01  -3.3486767e-01  -7.5980910e-01
   2.0000000e+00   9.4007383e-01  -2.4640284e-01   1.0149474e+00   7.9518515e-01   3.5923478e-01  -1.0465391e-01   3.1515819e-01   1.3074788e-02  -1.5195235e+00   1.3369080e+00   6.7530795e-02   7.6399062e-01   3.3182447e-01   2.9021999e+00  -7.7018422e-01   1.0808408e+00   8.3410149e-02   8.0671060e-01
   2.0000000e+00  -5.4380293e-01   2.7929833e-01  -7.8981404e-01   4.5754114e-01  -1.1763319e+00  -1.3039907e-01  -1.3349758e+00  -1.5033373e+00   1.2079996e+00   1.1008307e-01   2.4317404e+00  -8.9375676e-02   1.0653602e+00   8.6010940e-01  -3.3750707e-01   1.8889015e-01   9.0719466e-01   1.4242858e+00
   1.0000000e+00   1.0626978e+00   2.9275725e-01   2.3172504e+00   1.4613628e+00   1.2673528e+00   5.3438638e-01   1.7671727e-01  -1.0893769e+00   4.5249980e-01   5.2815544e-02   1.6679451e+00   4.4661749e-01  -5.7559769e-02   6.3603576e-01  -6.2858853e-01   8.4809317e-01  -4.3311508e-01   1.1126921e+00
   2.0000000e+00  -9.5808189e-01  -4.8559707e-01  -5.5193667e-01  -1.0564881e+00   1.1268490e+00   1.7278901e+00   1.5650056e-01  -1.0759428e+00  -5.3811084e-02  -4.6904211e-01   5.1802946e-01   9.9930479e-01   2.0572615e-01  -2.4351298e-01   3.3356371e-01  -5.1752869e-01   1.6907518e-01  -5.9389886e-01
   2.0000000e+00   8.4152415e-01  -9.6018946e-01  -1.6921753e+00  -4.4243934e-01  -3.0263225e-01   1.6479252e+00  -2.7935567e-01  -9.3343171e-02  -8.0399689e-01  -2.1770439e+00   8.8911512e-01   4.4782919e-01  -2.2528299e+00   1.0522337e+00  -4.6546497e-01   1.1849456e+00   3.6541739e-01   1.0729793e+00
   2.0000000e+00  -5.6847109e-01  -3.5882517e-01  -6.6905352e-02   3.2814030e-01   9.1409886e-04  -6.8406131e-01   7.6510982e-01   5.4191495e-01  -4.6644838e-01  -1.0084302e+00   1.5369032e+00  -5.5459505e-01  -6.7954472e-01  -2.2788601e-01   3.3867598e-01  -1.9873945e+00  -4.0914377e-01  -9.1603076e-01
   2.0000000e+00  -1.1609070e+00  -1.4054393e+00  -1.1272170e-01   5.6699689e-01  -4.1886662e-01   2.4766250e-01   2.7723611e-01  -2.8270732e-01  -1.3217735e+00   2.4002481e-01  -1.5866011e+00  -4.1142037e-01   6.0357648e-01  -1.0893165e+00   9.6899158e-01  -3.4799492e-01  -9.2103173e-01   4.0901080e-01
   2.0000000e+00   5.7680345e-01   6.0293256e-01  -3.0350609e-01   5.3768207e-01  -1.2528169e+00   9.7108885e-01   2.5914082e+00   1.8951493e-01   1.2269731e+00  -9.7220082e-01   7.8802425e-01   1.9462740e+00  -6.5040151e-01   1.9022693e-01   9.6514394e-01   1.1100003e+00   1.5021504e+00  -2.7321447e-01
   2.0000000e+00   8.5891023e-01  -5.9744493e-01   1.1387280e+00  -6.4106310e-01   4.9603029e-01  -7.1122924e-01  -5.9885719e-01  -1.0866855e+00   9.2429222e-01  -7.8261714e-02   6.5253671e-02   1.1479038e+00  -4.2635198e-01  -1.1543659e+00   1.1678267e-01   1.3645747e+00   1.2169435e-01   8.5120984e-01
   1.0000000e+00  -6.9239846e-01   6.1786771e-01   1.0178831e+00   8.7738334e-03  -1.2056206e-01   4.8706360e-01  -6.2533182e-01  -4.0876595e-02  -8.8469113e-01  -2.0136705e+00   1.2101095e-01  -2.3440023e-01  -1.2301168e-01   1.7572641e+00   3.0302134e-01   6.9488609e-01  -9.4637433e-01  -1.8313472e+00
   2.0000000e+00   5.8686118e-01  -7.2071788e-01   4.8706104e-01  -1.3453310e+00  -1.1074024e+00   5.8372142e-02   7.6188675e-01  -7.2039592e-02  -1.0955215e+00  -3.2736957e-01  -4.8906607e-01  -2.8775416e-01   3.4470940e-01   7.4683031e-01   2.9852669e-01  -6.2332736e-01  -3.8335841e-01   1.2103807e+00
   2.0000000e+00   1.0981756e+00   1.0502067e+00   4.2469336e-01   4.6796238e-01   1.0728568e+00   9.8722137e-01   4.0163703e-01  -2.9509379e-01  -2.2318713e+00  -5.3356595e-01  -4.3063455e-01  -5.5659343e-01  -7.5971336e-01  -6.2904163e-01  -1.4198294e-01   1.5464190e+00  -1.1123977e+00   5.9280215e-01
   2.0000000e+00  -1.3407058e+00  -1.6633653e-02   3.4202730e-01  -4.9644652e-01   1.8036446e-01  -8.2291513e-01  -1.8815569e-01  -6.1333997e-01   7.0080679e-01   5.0769376e-01  -6.7211494e-01  -1.4827852e+00  -5.2261148e-01  -2.0260808e+00  -2.1290193e+00  -2.2158895e-01   1.2176752e+00   9.9092863e-01
   2.0000000e+00   3.3150673e-01   9.6535963e-01  -4.8996909e-01   3.8519516e-01  -5.0256236e-01  -1.5724217e+00  -5.2463723e-01  -4.4935258e-01  -5.9489622e-01  -1.1222469e+00   9.2555436e-01   4.0778452e-01  -7.9433830e-01  -5.9705781e-01  -9.9480709e-01  -7.3880779e-01   5.8883456e-02  -2.6846115e-01
   2.0000000e+00  -1.0772469e+00  -7.9370175e-02   1.2978144e+00  -5.6210079e-01   2.0142789e+00  -1.1780485e+00   4.8729319e-01   4.0996494e-01  -1.0638805e+00   4.0126533e-01   2.8347739e-04   1.0764735e-01   1.0646885e+00  -1.5480089e-01  -3.7885604e-01  -9.7511630e-01  -8.4118431e-01  -5.7108690e-01
   1.0000000e+00   1.9129812e-01   8.8660359e-01   2.1356578e+00   3.4621358e-01   1.1281249e+00  -1.6157189e+00  -7.1030330e-02  -1.3477783e+00  -2.5174347e-01   7.6373845e-01  -3.6076002e-01  -5.7031981e-01  -1.4210343e-01   6.9093863e-01   4.6777452e-01  -1.6876786e+00  -1.6428001e+00  -2.3671663e+00
   2.0000000e+00   4.6249303e-02  -2.2082149e+00   1.5568177e+00   4.6761718e-01  -8.7775909e-01   9.1823395e-01  -7.1981204e-01  -4.0531510e-01   8.7257735e-02   2.9674986e-01  -2.8287676e-01  -3.0567510e-02   1.4595206e+00   2.3194255e+00  -1.3857828e+00  -4.4350183e-02  -7.2742557e-01  -1.5023887e+00
   2.0000000e+00  -6.4938826e-01  -1.3259183e+00  -8.4062623e-01  -3.6314568e-01   8.1712556e-01  -3.1896005e-01   2.7364478e-01   1.0107342e+00   1.7172094e-02  -1.8480124e+00  -1.8314796e-01  -3.5298008e-01   5.0295679e-01  -8.0088232e-01   1.0983729e-03   6.5727393e-02   1.4277736e-01   2.9329218e-01
   1.0000000e+00  -6.4726307e-02   9.9211144e-03  -1.2811447e+00  -7.5548540e-01   2.3767245e-01   7.3410923e-01  -1.5155013e-02   5.9819143e-01  -1.1075102e+00  -1.5021136e+00  -4.6877776e-01  -8.1939461e-01   5.0206360e-01  -5.6057408e-01  -7.5983384e-01   3.7154991e-01   1.6659872e+00   1.4305100e+00
   2.0000000e+00   8.1615617e-02  -7.9625366e-02  -1.0661966e+00   2.2274388e-01   1.1011308e+00   1.4972710e+00   7.7945274e-01  -4.2361472e-01  -8.5210643e-01  -5.2273740e-01  -5.1676892e-02  -2.0166309e-01   7.2815266e-01  -1.9532666e+00   2.4803018e-01  -1.1030540e+00   4.8062302e-01   1.1482410e-01
   2.0000000e+00   5.8922990e-01   1.0612133e-01   2.8718744e-01  -1.3454830e+00  -1.1673921e+00  -5.2054205e-01  -1.0309181e+00  -1.0825555e-01   8.8076790e-01  -8.7585836e-01  -1.0142124e+00   6.8377602e-01   3.0197809e-02  -8.2124991e-01   6.3599017e-02   1.1162491e+00  -5.6295116e-01  -1.7472732e+00
   2.0000000e+00  -6.4653335e-01   9.6155765e-01  -1.4128204e+00   2.2386506e+00  -6.3051371e-01   9.4852036e-01  -9.2160945e-01   4.0217062e-01   1.5064717e+00  -1.8820925e+00  -1.2230604e+00  -4.7682622e-01   9.0979702e-03  -5.1363126e-01   1.8849195e-01  -1.1519854e+00  -1.2408884e+00  -8.0849720e-01
   2.0000000e+00  -1.4806383e+00   1.7769067e+00   8.6741476e-02   2.0212719e-01  -2.2727095e-01   8.7964831e-01   2.0028231e-01   3.6146677e-01   3.6285237e-01   7.4312355e-01   1.1907105e+00   1.0693111e+00   6.9779377e-01  -3.7947138e-01  -2.0550995e-01  -5.1769517e-01   9.4135378e-01   3.4002256e-02
   2.0000000e+00  -2.0727532e-01   8.8873358e-01  -1.1990798e+00  -3.9559696e-02   5.0911075e-01   2.7443957e-01  -9.8936020e-01   1.0464393e+00  -1.0874659e+00  -1.4129279e+00  -2.6016864e-01  -1.1914921e+00  -4.1546849e-01  -1.0387851e+00  -1.3668818e+00   1.0882497e+00   7.0760577e-01   1.7283314e-01
   1.0000000e+00  -3.8453339e-01   9.5289594e-01   2.2543031e-01  -6.6157179e-01  -1.8171708e+00  -1.1696311e+00  -1.8890059e-01  -1.2733396e+00   1.5283879e-02   7.3925405e-01   2.5527917e-01  -6.6656671e-01   3.8403419e-01   5.4222701e-01   5.5902049e-01  -8.1199318e-01   1.1915477e+00  -6.1625448e-03
   2.0000000e+00   8.7555559e-01   1.9176325e-01   1.7662101e+00   8.5719766e-01   3.8513953e-01   2.9348099e-01   1.7493213e+00  -1.2320912e+00  -9.6860552e-01  -1.6683892e+00   7.9540706e-02   1.0843595e+00   6.6715070e-01  -7.6885330e-01  -1.6550883e+00   4.4256202e-01  -2.8436328e-01   2.0096084e-01
   2.0000000e+00  -1.1349176e+00  -4.6970208e-01   5.9444583e-01   6.0590407e-01  -1.5417207e+00  -1.7618302e+00  -8.7866763e-01  -9.0491385e-01   1.0683513e+00  -6.7968351e-01  -6.2415044e-01   6.9257884e-01   2.7553447e-01   3.1544727e-01   7.1749822e-01  -7.9660317e-01   1.0125646e+00   7.2217938e-01
   2.0000000e+00   1.1069077e+00   1.8059220e+00   1.0259124e+00  -9.8591994e-01   6.7625560e-01  -3.9885834e-01   4.1671570e-01   1.6734207e+00  -5.9306444e-01   4.7198679e-01  -9.9263195e-02  -1.4549491e+00  -1.5214052e+00  -5.2113363e-01   1.0348032e+00  -9.1202932e-02   1.1017437e+00   1.0642529e+00
   2.0000000e+00   2.7272737e-01  -3.9306529e-01  -5.6788197e-02  -2.1711518e-01   6.5790816e-01   2.5559986e-01  -3.2759780e-01  -1.5810849e+00   4.5411322e-01  -5.1688141e-01  -4.5103514e-01   1.7427107e-01   3.4579308e-01  -1.3063486e+00   5.5912018e-01  -4.0689038e-01   1.2003546e+00   5.4304333e-01
   2.0000000e+00   4.7507015e-01   1.6217346e+00   1.9553855e-01   7.8949587e-01   4.1534530e-01  -4.0884497e-02  -8.6320567e-01   1.2393466e+00  -1.3175990e+00   1.4589241e-01  -2.5833940e-01  -7.4080018e-01   6.6360738e-01   1.9008626e-01   5.2310043e-01   8.4501986e-01   1.1171916e+00   7.6485955e-01
   2.0000000e+00  -2.2271852e+00   1.5582524e+00   5.5809712e-01   1.3808321e+00  -1.1116036e+00  -1.0091671e+00  -2.3045648e-01  -5.4652366e-01  -6.2335805e-01  -2.5297048e-01  -7.7429357e-02   7.6025150e-01  -2.1062523e-01  -1.2210682e+00  -2.1152074e+00   6.6691090e-01   9.5691603e-01  -5.7580285e-01
   2.0000000e+00  -8.4052278e-01  -2.9773314e+00  -4.1988633e-01   9.6251492e-02  -1.0617920e+00   1.3212266e-02  -3.8733554e-01   1.4875002e+00  -5.1674639e-01   7.2687569e-01   2.1824229e+00   7.5000653e-02  -1.8737207e-01   1.1548515e+00   3.2898744e-01  -2.8576384e-01  -1.0648805e+00  -1.4058850e+00
   2.0000000e+00  -2.3604781e-01   1.6816212e+00  -2.2108019e+00  -1.1258828e+00   7.5413667e-02  -1.1172295e-01  -9.3851399e-01  -6.1364834e-01  -1.6136948e-01   6.4771638e-01  -3.0043157e-01   2.8129468e-01   3.9564991e-01   1.0232598e+00  -4.9925920e-01  -1.1800957e+00  -1.3265686e+00   6.7756545e-01
   2.0000000e+00   6.0309766e-01  -4.5056836e-01  -1.8137154e+00   8.9954882e-01  -2.3131062e-01  -7.8349860e-01   4.0036605e-02   5.0236222e-01  -1.2464030e+00  -3.2113957e-01  -1.9188932e-01  -2.2925907e-01  -3.4489090e-01  -8.3232464e-02  -6.0077773e-02   1.2396776e+00  -1.4386295e+00   1.3368780e+00
   2.0000000e+00   9.6059261e-01  -2.6657337e-01  -3.6679397e-01  -5.9836649e-01  -3.2252370e-01  -9.6120891e-01   3.7319723e-01   7.7614718e-01  -7.7511401e-01   3.9961712e-01   1.1293366e+00   8.5142800e-01  -9.6063637e-01  -3.2313370e-01   1.3458921e-01   8.0181043e-01  -1.5301904e+00   8.9205517e-01
   2.0000000e+00  -6.6564275e-01  -7.5604968e-01   2.1740779e+00  -2.6480412e+00  -9.7645260e-01   1.2064886e+00   1.3915616e+00   7.4135558e-01  -1.3530033e+00   1.1370010e-01   2.1925117e-01   1.7223540e+00   1.3668659e-01   3.6717858e-01   3.1609359e-01   1.9810206e+00  -1.4110921e-01   5.4979118e-01
   2.0000000e+00  -1.5503436e+00   1.7119112e+00   1.6558166e+00   1.6138541e+00   3.0903863e-02  -3.1953261e-01   1.0806911e-01  -2.1167963e-01   4.2151693e-01   3.7374637e-01  -6.4964003e-01   1.1440892e-01   1.4258992e-01  -1.8213947e+00  -8.3178252e-01  -2.2897464e-01   7.4796834e-01   1.5757870e+00
   2.0000000e+00  -6.4004977e-01  -8.1255093e-01  -1.6309457e+00   7.1897012e-01   2.7619199e-01  -9.1410935e-01  -7.0680523e-01  -1.6831682e+00   1.1658983e-01  -6.6943499e-01   6.9684355e-01  -6.1541567e-01   1.6226953e-01  -5.7114939e-01   2.3051064e-01   1.6418123e+00   8.9022828e-01  -5.5768348e-01
   2.0000000e+00  -1.2426402e+00   1.2985978e+00   7.2716930e-01   2.1851715e-01  -3.4893763e-01   1.0803349e-01   4.3606765e-01  -1.1501243e+00  -6.3763230e-01  -3.3196371e-01   1.2786970e+00   1.7425126e-01   1.0679636e-01  -1.1790988e-01   6.2453636e-01   1.3956576e+00  -3.5899330e-01   1.6159063e+00
   2.0000000e+00   8.7368934e-01   7.2990860e-01  -6.9451951e-01   1.2552850e+00  -1.1103949e+00   7.2499401e-01   1.8349306e+00   5.7890413e-01  -1.2031011e-01   2.9985838e-01   1.0651556e-01   6.4401138e-01   2.4638981e-01   2.1797367e-01  -7.2881693e-01  -1.1446434e+00  -9.5854254e-01  -3.4709458e-01
   1.0000000e+00  -9.9007323e-01   4.8520534e-01   1.2206768e-01   6.2096223e-01  -6.0432311e-01  -4.6615189e-02   5.7217357e-01  -3.4849778e-01   1.8112007e-01  -4.5895058e-01   1.8004077e-01   1.8451988e-01   5.7590002e-01  -1.0063033e+00   5.6714943e-01   8.3954494e-01   1.4708409e+00   2.0861174e+00
   1.0000000e+00   3.1420431e-01   4.6733767e-01  -4.2086680e-01   7.7495219e-01  -6.1223991e-01  -1.5154879e+00  -6.0353470e-01   4.1908336e-01  -1.1245012e+00   4.4065185e-01  -2.0861562e-01   1.0924187e+00   2.0935056e+00  -2.2146035e-02   1.6508395e+00   1.4317475e-01   1.2379781e+00  -1.9286717e-01
   1.0000000e+00  -2.4147907e-01   7.2253997e-01   1.1915622e+00   2.5755587e-02  -1.4900672e-01   6.2029417e-01   1.0242923e-02   3.2071561e+00  -5.5221498e-01   1.2880938e+00  -5.2908443e-02   8.6665646e-01  -3.7648580e-01  -8.5953452e-01  -2.1642549e-01   7.2749047e-01   2.5793281e-01  -3.3078360e-01
   2.0000000e+00  -1.8353825e+00   1.1930183e+00  -1.2283378e+00  -3.7828927e-01  -4.5434220e-01   1.7354689e+00   1.5743683e+00  -2.6894395e-01   9.0406799e-01  -8.7525054e-01  -2.6408192e-01   1.1191684e+00   1.3926543e+00  -7.0805370e-01  -1.2208615e+00   5.8774134e-01   4.1248874e-01  -9.4911207e-01
   2.0000000e+00  -4.2250014e-01   2.0498438e-01   1.0939870e+00  -1.1253672e+00  -1.6615026e+00  -1.2999802e+00  -9.9347818e-01   1.1044149e+00  -9.7825189e-01  -3.0641494e-01  -7.7686450e-01   5.4888253e-01  -4.9329796e-01  -1.4850882e-01  -1.4232366e+00   1.4318808e-01  -1.0075910e+00   1.2620279e+00
   2.0000000e+00   2.5619093e-01   6.2600842e-01  -4.7453188e-01   1.9552817e+00   1.7507595e+00  -3.3370602e-02   1.0261446e+00  -1.8507622e-01   9.4180630e-01  -3.3737774e-01  -1.6561371e-01   1.7612661e+00  -6.5959941e-01   1.0448310e+00  -2.5151338e-01  -8.1454154e-01  -1.5710792e+00  -4.5356826e-01
   2.0000000e+00   1.8945513e+00   1.1147789e+00  -2.7019189e+00  -1.7402044e-01  -1.5122794e+00  -9.5775622e-01  -8.5950099e-01  -2.4897318e-01   5.6409756e-02   1.4460534e+00   3.1771111e-01  -2.4482247e-01   1.3822559e+00   2.4769054e-01  -1.1846702e-01  -7.6007092e-01  -5.9993674e-01  -1.3346302e+00
   1.0000000e+00   7.2007202e-01   6.5425258e-01  -1.0872645e+00   2.8239061e-01   5.9756418e-01   1.4576772e-01  -7.2448163e-01  -1.1443617e+00   2.3435519e+00  -7.5699424e-01  -1.1305177e+00  -3.7779797e-01   1.5386653e+00   1.1495905e+00   3.5986788e-01  -8.4028913e-01  -3.0777792e-01  -9.2865197e-01
   2.0000000e+00   4.7568839e-01  -9.0113337e-01  -2.3016156e-02  -5.9055206e-01  -1.0218904e+00  -1.4072289e-01   1.1590774e+00  -7.0395267e-01  -5.2489506e-01   3.9865298e-01  -1.2791467e+00  -1.4151098e-01  -1.1157619e+00  -4.8314550e-02   4.1503185e-01   1.5802662e+00   2.6761286e-01   8.2951655e-01
   2.0000000e+00   2.0595674e-01  -3.1777895e-01  -1.8703652e+00   8.4337879e-01  -1.2414985e+00   1.0596048e-01   1.4580008e+00  -1.7556671e-01  -7.2901222e-01  -2.6343606e+00  -7.8549637e-01  -1.1489049e+00   9.9664982e-01  -1.0454577e+00  -4.3520667e-01  -7.0268760e-01   1.6378808e+00   5.7801501e-01
   2.0000000e+00   1.9353048e-01  -5.2994993e-01  -9.4428513e-01  -8.8442091e-01   4.2467401e-01   7.0273766e-01  -7.0394483e-01  -6.6861447e-02   3.8640234e-01   1.0228218e+00   1.6835975e+00  -1.2410004e+00   5.5613523e-01  -1.1733270e-01  -1.1268560e+00   5.0517714e-01  -1.1502634e+00  -1.2241022e+00
   2.0000000e+00  -1.0120772e+00   1.6727983e+00   3.7168188e-01   9.5048548e-01   8.0050797e-01   6.4500606e-01   1.9063032e-01   2.8032307e-01   4.6583755e-01   9.8824755e-01  -1.0825429e-01  -1.0894102e-01   1.2268886e+00   8.8719728e-01   3.5902108e-01   1.2057418e+00  -6.5755764e-01  -6.7413932e-01
   2.0000000e+00  -8.7872002e-01  -8.5113717e-01  -6.8147006e-01  -3.2775758e-01   3.5730251e-01  -2.4508635e-01   1.2156792e+00  -1.8238927e-01   1.3396970e+00   1.1423376e-01  -8.1769916e-01  -5.3153561e-01  -8.0226682e-02  -1.4206089e+00  -4.0886746e-01   1.5210401e+00   5.7058452e-01   1.5559803e+00
   2.0000000e+00   9.9625248e-01  -5.3192634e-02  -1.7199200e+00  -7.8055411e-01  -1.7019113e-01   4.0155494e-01  -1.4358848e+00  -1.4489311e+00   8.2003068e-01  -2.0338434e-01   1.1742692e+00  -3.7276321e-01  -8.1639707e-01   9.8840150e-01  -5.3107580e-01   2.9009195e-01   4.9231323e-01  -7.5299307e-01
   2.0000000e+00  -1.0056980e+00  -1.4666918e+00  -1.4613177e+00   4.8223055e-01  -1.4151211e-01  -1.0551418e+00   8.2589091e-02   1.0004679e+00   2.0999526e+00   1.1284724e+00  -2.8642968e-01   1.7346449e+00  -1.0914256e+00   2.3500713e-01   1.3928334e-02  -1.1225709e+00  -1.4215495e+00  -1.0923475e+00
   2.0000000e+00  -8.5010232e-01  -1.0824904e-01  -4.4438009e-01  -8.7838951e-01  -1.9021278e-01   4.9200026e-01  -3.7654894e-01   7.1656949e-01   1.7495919e-01  -7.6820841e-01   2.3742269e-01  -5.4873789e-02   7.1427021e-02   3.3872755e-01  -5.6855350e-01   1.3287975e+00   3.4377322e-01   7.5509684e-02
   2.0000000e+00  -4.7718576e-01   7.5962216e-01  -5.3072859e-01  -5.6820113e-02   2.1330706e-01  -2.0672483e-01  -1.0259585e+00  -1.9873619e+00  -6.8951032e-01   7.8930169e-01  -1.2408137e+00   1.0293870e+00  -8.8386964e-01  -8.7557135e-01  -1.7447078e-01   7.7250439e-01   9.6345171e-01  -7.3109634e-02
   1.0000000e+00  -1.1462558e-02   1.6264904e-01   5.1951043e-01  -4.6278753e-01  -1.9239437e-01  -9.2329001e-01   5.5869999e-01   2.2683571e-01  -3.5180733e-02  -1.1323981e+00   3.0953031e-01  -1.1572516e+00   7.8922696e-01   1.1365878e+00  -1.1215530e+00   1.6889654e+00   7.9000277e-01   1.2555238e+00
   2.0000000e+00   1.0198921e+00  -1.7255926e+00  -3.0973330e-01   1.2937752e+00   5.7193830e-02  -1.1817418e+00   1.0217850e+00   3.7297753e-01  -7.3900179e-01  -8.5078107e-02  -2.3064941e+00   1.5502032e-01   1.9823823e+00   9.4706309e-01  -1.8512282e+00   1.5331659e+00   1.0216672e+00  -1.0395170e-01
   2.0000000e+00  -2.1167449e-01  -3.5100807e-01   2.8088659e-01   9.7310150e-01   1.0320178e+00   8.9504145e-01  -9.7402774e-01   1.1734205e+00   5.2381392e-01  -2.3677969e-01   9.8023879e-01   8.3216670e-01  -9.5311957e-01  -1.2982839e+00  -1.6033017e+00  -6.1431141e-01   7.6930545e-01  -3.9535944e-01
   2.0000000e+00  -3.4261487e-01  -2.7057909e-01   9.1060096e-01  -4.6880127e-01   5.7470248e-01  -1.9103604e-01  -1.7709032e+00  -1.0271873e+00   5.5741083e-01  -5.6824226e-01  -6.6434354e-01   1.3798654e+00  -7.0527881e-01  -5.9786912e-01  -5.8973024e-01  -1.7020186e+00  -1.3496130e-01  -5.1876364e-01
   1.0000000e+00  -1.1517067e+00   1.2437630e-01   3.2276799e-01   2.3615413e+00  -5.0175654e-01  -4.5560393e-01  -4.6648882e-01   1.0785796e+00   1.0011800e-01  -3.3829003e-01   1.2034255e+00   1.4338742e+00  -1.1158115e+00   8.5605609e-01  -1.4133805e+00  -8.7900886e-01  -4.6162893e-01  -2.7015108e-01
   2.0000000e+00  -1.0671341e+00  -6.1119211e-01  -1.4986339e+00  -1.3409273e+00   8.6865741e-01   1.5243825e+00   7.2197648e-01  -8.5338448e-02  -1.1156320e+00   2.9524756e+00   7.7264105e-01   3.9947186e-01  -2.7973299e-01  -1.0850218e+00  -1.9997033e+00  -7.6404690e-02   8.3565853e-01   1.4657730e+00
   1.0000000e+00  -7.5099621e-01   6.5779484e-01  -1.0182887e+00  -2.1144142e+00  -1.2048661e-01  -1.0641392e+00  -3.6141184e-01   1.0908618e+00   7.6338561e-01   2.0167819e-01  -6.1414349e-01  -6.3284408e-01  -2.5464664e+00   6.8168254e-01  -4.6654658e-01  -7.8321222e-01  -1.1038879e+00  -1.2302349e+00
   2.0000000e+00  -1.1269936e+00   1.4566551e-01   5.6988144e-01   7.1782711e-01   1.4501119e+00   2.3990551e-01   1.1722712e+00  -7.4510777e-01  -5.9263865e-01  -8.6448065e-01  -2.2706433e-01  -1.4079130e+00  -4.7807491e-01   2.0614756e-02  -5.0973219e-01  -9.2750981e-01  -1.4846985e+00   1.8332382e+00
   2.0000000e+00   7.5241848e-01   1.2795668e+00  -8.0536226e-01   1.5622984e+00  -1.0408923e-01   2.1190465e+00  -2.2137800e+00  -1.4127863e+00  -2.6779703e-01  -3.3620249e-01  -8.0413700e-01   1.2041832e+00  -3.6871092e-01   1.2352339e+00  -3.9110028e-01  -2.3057961e-01   5.0297863e-01  -1.4747420e+00
   2.0000000e+00  -2.9848655e-01  -1.7389064e+00  -1.5602877e+00  -8.6592977e-01  -1.6972836e+00  -3.1208696e-01  -1.5258144e+00  -4.0581604e-01   4.7147610e-01   1.1177968e+00   1.0502190e-04   1.1928400e-01   7.5982051e-01   5.2419133e-01   4.0705107e-01   2.0752173e+00   4.6136154e-01  -3.2955247e-01
   2.0000000e+00   1.7460193e+00  -2.7062987e-01   1.2236233e+00  -1.1646798e-01  -1.6062540e+00   1.2817699e+00  -1.1426613e+00   7.4686961e-01  -1.1052321e-01   5.5273928e-01   3.2189969e+00  -1.2458808e-01   1.3287944e-01   1.2001724e+00   9.0937107e-01   1.0658274e+00   4.3389789e-01  -7.1127688e-01
   2.0000000e+00  -4.3887675e-01   1.2969728e+00   1.2587840e+00   1.0267176e+00   1.0089348e-01  -1.4929631e+00   1.2739382e+00   4.6288122e-01   2.1231362e+00  -1.2240679e+00  -3.4458066e-01   5.5413137e-01  -7.0910962e-01   1.7256724e+00  -1.2540001e-01   1.0434431e+00   1.6941990e-01   9.8101339e-01
   2.0000000e+00   1.1745395e+00   1.0751082e+00  -1.6691642e+00  -1.2401435e+00  -1.1239707e+00  -3.7937583e-01  -5.8504657e-01  -3.8763236e-01   7.9990015e-01   1.9730804e-01   5.2792829e-01  -2.6497593e-01  -2.8000723e-01  -5.4554240e-02  -1.0623689e-01   1.9231258e+00   1.9167088e-02   1.0081789e+00
   2.0000000e+00   3.3992536e-01  -5.8253763e-01   1.9471348e+00  -1.3705379e+00   7.5388359e-02  -3.6720032e-01  -9.2148375e-01  -1.6697313e+00  -1.2556556e+00  -3.6100015e-01  -2.0328409e-01   2.6131747e-01  -2.1906235e+00   1.2201868e-01   6.4255628e-02  -2.3976776e-01   5.5537724e-02  -7.6193726e-02
   2.0000000e+00  -1.4024055e+00  -1.0208796e-01  -1.9442535e+00  -6.1190172e-02   8.4748917e-02  -1.3444246e+00  -2.1731282e-01   1.1771240e+00   6.6959544e-03  -1.6200896e-01  -2.8006003e-01   1.5775959e+00  -1.3156775e-01   7.3622806e-01  -1.2300351e+00   1.2843068e+00  -7.4653737e-01  -4.6644958e-01
   2.0000000e+00  -1.0506705e+00  -5.0543712e-01   1.6038725e+00   3.7330053e-01  -1.5945733e+00   2.1375588e+00   5.2219608e-01  -7.0540188e-01  -1.4032111e+00  -1.1499001e+00   5.3971776e-01   9.2741763e-01   9.4185123e-01  -4.5643660e-01  -3.8418018e-01   6.1331451e-01  -8.7772145e-01   9.7568813e-01
   2.0000000e+00   1.7670248e+00  -1.3770353e+00   2.5300649e+00   8.9852682e-01  -8.5635603e-01  -8.4039571e-02  -1.3182199e+00  -3.9365929e-01   1.8329753e-01   1.1099136e+00  -1.6710027e-01   1.8825312e-01  -2.9282612e-01   1.1498513e+00   1.5320623e+00   8.9821035e-01  -1.0123756e+00   5.6528639e-01
   2.0000000e+00   7.2382373e-01  -7.3453948e-01  -1.0694300e+00  -7.1770489e-01   3.1211413e-01  -2.8924710e-01   2.4243210e+00   5.6984986e-01  -1.4176503e-01  -1.9774548e-01  -6.1948855e-01   2.6671800e+00   1.1883700e-02  -5.5600293e-01  -3.8634512e-01  -1.2295050e+00   1.7431127e+00   8.8627946e-02
   2.0000000e+00  -6.3190837e-01  -3.9411133e-01   1.3171270e+00  -1.1983874e+00  -9.7892327e-01  -1.4337360e+00  -2.3233591e+00  -8.2576908e-01  -9.5826210e-01   8.1573045e-02  -7.4212023e-01  -3.4352480e+00   6.1340136e-01  -3.5767776e-01   1.0561935e+00  -7.4379311e-02   6.1510166e-01   7.1676593e-01
   2.0000000e+00  -6.2766055e-01  -4.2124400e-02  -1.1496484e+00  -7.3947247e-01  -9.0143024e-01  -1.9962673e+00   3.9335907e-01   1.2107453e+00   2.5095851e-01   1.9398711e-01   6.1464830e-01   1.0882154e-01   1.0611943e+00  -5.0635159e-01   2.0076232e+00  -1.0281017e+00   5.3036852e-01  -1.1397587e+00
   1.0000000e+00  -2.3449113e-01   1.2953056e-01   1.3160741e+00   8.7857587e-01   1.7644641e-01   1.1237165e+00   1.3615234e-01  -9.5075425e-02  -5.0409674e-02   1.3351161e-02   3.7778839e-01   5.0589562e-01  -1.3239103e+00   3.2365428e+00   8.1215697e-01  -1.6621815e-01  -4.3538746e-01   1.1502457e+00
   2.0000000e+00   9.3199217e-01  -1.4746738e+00   9.7510698e-01  -1.1846882e+00   1.7777767e-01   1.0069602e+00   1.6205016e+00  -5.5979380e-01  -6.8518960e-01   4.2468023e-01   7.7520477e-01  -4.6880521e-01   3.2961426e-01  -4.0676399e-01  -3.2836968e-01  -5.3144751e-01  -1.5979368e+00   3.9105409e-01
   2.0000000e+00   6.4109140e-01  -2.3296147e+00  -1.0581156e-01   2.4761302e-01  -2.9383500e-01  -5.4549603e-01  -1.1241309e+00   2.4216738e+00  -1.2979799e-01  -3.2948938e-01  -7.1684345e-01  -3.3422617e-01  -6.1381266e-01   7.5632444e-01  -5.4297758e-01   2.5727620e-01  -6.0461989e-01  -6.7323985e-01
   1.0000000e+00  -4.9360363e-01   1.0183902e-01   5.9957902e-01  -1.0526743e-01  -1.2557964e+00  -3.3861231e-01   1.1000086e-01  -1.6641539e+00   3.4841226e-01  -1.5716218e+00   2.5444539e-01   1.0092363e+00   1.5999485e-01   1.4157503e+00   1.0705770e-01   2.1771680e-01  -1.2181362e+00   1.5283980e-02
   2.0000000e+00   4.0743792e-01  -1.1233731e+00   7.7834903e-01  -8.9245284e-01  -5.2347941e-01   1.9203680e+00  -6.8769605e-02  -1.7730422e-01   2.1913137e+00  -1.1876783e-01   2.4068364e-01  -2.2113355e+00   3.5632541e-02   3.5576103e-01  -1.0094299e+00   1.7803174e+00  -8.0306112e-01  -1.3762068e+00
   2.0000000e+00  -2.0027493e+00   1.7762829e+00  -5.9161645e-01   1.7536058e+00  -7.7645944e-01  -3.3609019e-01  -1.9257451e+00  -1.2300001e+00   6.0471481e-01  -1.1190836e+00  -7.2532683e-01  -5.4498568e-01  -1.0900280e+00   5.5200571e-02   4.7350569e-01  -9.1722025e-01  -6.4981885e-01  -1.0338950e+00
   2.0000000e+00  -1.3851889e+00  -3.0804147e-01   2.4331092e+00  -7.9088221e-01   3.7500448e-01  -6.1623838e-01   8.8181491e-01   1.9560733e-01   7.7242493e-01  -4.4065721e-01   1.0419687e+00   5.9654599e-03  -1.0038427e-01  -8.3744131e-01  -6.9852221e-01  -1.3072478e+00   7.4412927e-01   1.4129860e+00
   2.0000000e+00  -2.9265648e-01   5.3776438e-01  -1.7869481e+00   1.0227243e+00  -7.6530707e-01   2.1949482e+00  -9.1038755e-01  -4.1641873e-01  -2.4551671e+00  -4.5517935e-01   1.3865542e+00   8.5885004e-01  -4.6436740e-01   7.2965548e-01   6.7950610e-01  -6.7723804e-01   1.4609683e+00  -5.2163980e-01
   2.0000000e+00  -1.7947814e+00  -9.0783590e-02  -9.0285349e-02  -1.5288096e+00  -2.8444656e-01  -6.5266841e-01   4.9499118e-01   1.6920875e+00  -3.2106685e-01   8.3067661e-01   1.3570556e+00   6.1751121e-01   1.5855408e+00   1.8805858e+00   1.2391342e+00  -4.1425575e-01  -2.0993506e+00   7.2917109e-01
   2.0000000e+00  -1.1929393e+00  -3.9613432e-01  -2.4052547e-03   1.6899157e+00  -2.5061701e-01  -8.4291964e-01   2.2279272e+00   5.8036780e-01   2.9847075e-01   1.3819768e+00   1.3139002e+00   4.5098901e-01  -4.7459387e-01   2.1696460e+00   1.5736111e+00  -7.6754217e-01  -3.4687326e-02   3.0910230e-01
   2.0000000e+00  -3.0483057e-01  -1.9331449e-01  -1.5763073e-01  -8.4621625e-01  -1.1722161e-01   1.5729908e-01   1.9684920e+00   1.7848903e-01  -9.1675818e-01   1.1560459e+00   2.6727657e-01  -1.7346748e+00  -1.9246211e-01   8.2257690e-01   2.0120870e+00   4.5545362e-01  -1.0327608e+00  -1.1533693e+00
   1.0000000e+00   6.8542231e-01   7.0405571e-02  -3.9072179e-01  -5.3659417e-01   3.7395396e-01   2.4940998e-02   2.4538026e-01   1.1097594e+00   4.5208803e-01   4.6407950e-01   9.1538148e-01   2.8762013e-01   2.9848981e+00  -2.6218563e+00  -3.7514397e-01  -9.6159974e-01   2.2006734e+00   1.3198495e+00
   2.0000000e+00   1.1957985e+00  -2.6839413e-01  -3.3528472e-01  -6.9669823e-01   7.2423364e-01  -1.0424820e+00   1.2560750e+00   1.0270520e-01   7.1022711e-01  -3.3937850e-01   4.4570613e-01  -9.6284082e-01   1.2579222e+00  -2.1023290e-01   4.7096526e-01   2.0309483e+00  -1.0766390e+00   2.8870867e-01
   2.0000000e+00  -1.8684794e+00   2.7031136e-01   3.7309425e-01  -1.6270734e+00  -1.2516399e+00   1.1439787e+00   1.6647451e+00  -3.8048438e-02   2.2921405e+00  -1.0715506e-01  -1.3628283e+00   7.0690528e-01  -8.4999544e-01   1.2728905e+00  -1.5629959e+00   9.4932800e-01  -2.3576648e-01   2.5179146e+00
   2.0000000e+00   3.5358613e-01  -1.2989992e+00  -1.8517133e+00  -8.0862446e-01   8.4164032e-01   6.7056167e-01  -4.5704583e-01   1.6545457e+00   6.1592818e-01   5.4280527e-01  -1.6692324e-01  -5.2808956e-01  -4.5189408e-01   6.9108877e-01   2.1654620e-01   4.4370748e-01   4.1700630e-01   8.1493110e-01
   1.0000000e+00  -7.0130143e-01   3.4123274e-02  -2.4668638e-01   2.0963188e+00  -3.9854906e-01   1.4418090e+00   3.3663689e-01   2.0210473e-01  -1.2386846e-01  -1.9214036e-01   4.9811068e-01  -1.1769335e+00   9.5446824e-02   1.5187018e-01   2.6020598e-01  -7.4601807e-01   6.1723744e-01  -2.4493892e-01
   2.0000000e+00  -7.1394425e-01  -5.0921494e-01  -1.3734151e+00   6.5101106e-01  -2.9311640e-01   2.3956217e-01   3.4063782e-01   1.6746428e+00   1.4160244e-01  -6.0950139e-01   7.2050442e-01  -8.3761846e-01  -6.2957807e-01   5.3452896e-01  -9.7532073e-01   1.4258433e+00   1.2712554e+00   8.0522813e-01
   2.0000000e+00   1.5792113e+00  -5.5526125e-01  -5.1146028e-01   1.1942232e+00  -1.1876212e-01   5.0167537e-01  -1.2831684e-01   7.1426877e-02  -6.9124599e-01  -8.7478170e-02  -3.8893202e-01  -5.6175814e-01   9.7491109e-01  -3.2583123e-01   2.3247602e-02  -8.1013244e-01   8.1708304e-01  -3.1678055e-01
   2.0000000e+00  -8.7393642e-01   5.3529188e-01  -4.9996875e-01   1.2897639e+00   6.5995015e-01  -1.6810263e+00  -1.3349783e+00   5.3117271e-02   9.1790725e-01   2.5781988e-01   1.2657831e+00   9.7416240e-01   8.6743783e-01  -4.5554265e-01  -7.3857452e-01   4.2452529e-01   1.1249376e-01  -2.5868411e-01
   2.0000000e+00  -8.5984011e-01   9.9487565e-01   1.1227903e+00  -2.9744893e-01  -5.5664844e-01   1.5061181e+00   1.9287234e-01  -3.1488548e-01   5.8307530e-01  -3.8824587e-01   1.0233102e+00   5.3682681e-01   1.4104454e-01  -3.4562290e-01  -1.0169484e+00   1.0910477e+00  -1.8480629e+00  -9.5480659e-01
   2.0000000e+00   9.4845374e-01   1.2967270e+00  -4.0039050e-01   1.7036003e+00   7.3847469e-01   4.1606147e-01  -6.2760351e-01   9.0083351e-01   1.7640113e+00  -1.2503037e+00   8.1194852e-01  -1.8002703e+00  -1.6980485e-01   8.5891798e-01  -7.0478163e-01  -2.3128944e+00  -5.8019872e-01  -1.2307105e+00
   2.0000000e+00  -1.8717601e+00  -6.6193802e-01   6.4400260e-01  -3.0689999e-01  -8.6202208e-01   1.9348308e+00  -2.5769062e-01   2.1633280e+00  -9.5266851e-01   3.8758323e-01  -1.1371292e+00  -3.4706229e-01  -2.6036486e-01  -1.7543975e+00  -1.5637708e+00  -9.3069367e-01   5.0896407e-01   6.0383487e-01
   2.0000000e+00  -2.0523467e-01  -1.2224864e+00   9.8825223e-02  -2.6095611e+00   6.6849882e-01  -1.0615120e+00   1.2276673e+00   8.3643714e-01  -3.2884887e-01   6.4188706e-01   4.0601842e-02   4.3065893e-01   1.2278910e+00   5.4509280e-01  -2.2215693e-01   5.3502049e-01  -1.1206360e+00   4.0837103e-01
   1.0000000e+00  -8.7168336e-01   5.3541000e-01  -1.1087728e-01  -1.2003361e+00  -6.1484898e-01   1.1261411e+00  -6.4186173e-01  -1.5194964e+00   2.6776328e-01   2.4789596e+00   2.1704327e+00  -1.7200304e+00  -1.0132271e+00  -1.9303276e+00  -5.1166011e-01  -9.2128036e-01  -9.9213737e-01   3.0236011e-01
   1.0000000e+00   1.2019215e+00   1.3559161e-01  -7.5882690e-01   8.5080137e-01  -1.8790738e-01   3.2122167e-01  -7.9113234e-01  -8.0699019e-01  -5.3619991e-01  -1.4661092e+00   2.1007439e+00  -8.3747498e-01   1.8218849e+00   3.8258085e-01   5.3132491e-01  -6.1148633e-01  -1.6022685e+00  -1.8453764e+00
   2.0000000e+00  -1.1515455e+00  -8.9370271e-01  -5.9392310e-01   1.3784159e+00   2.6865777e-01  -1.3222936e-01  -3.7686225e-01  -1.0715113e+00   4.8870594e-01  -1.0151144e+00   8.8644369e-01   1.2938237e+00  -9.4118837e-02   3.5245421e-01   1.5505589e+00  -8.8928672e-01  -6.0957543e-01   6.1591548e-01
   2.0000000e+00  -3.2221723e-01   1.4045221e+00  -1.0083349e-01   6.0333123e-01   1.2996846e+00   1.5692519e+00   1.5688441e-01  -3.3142147e-01   1.0764720e+00   2.0962013e-01  -1.4910458e-01   9.4717732e-01   4.0796035e-01   1.5423985e-01   1.0535666e+00   3.7988283e-01   1.9215944e+00   7.0067112e-01
   2.0000000e+00  -2.0326423e-01  -8.8614329e-01   2.3468771e+00   1.9706673e-01   3.1151957e-01  -3.4440180e-01   1.0990997e+00  -2.3865607e-01   6.5605414e-01  -1.5612297e+00   2.1804477e+00   1.2227275e+00  -5.3018680e-01  -2.0383853e+00  -3.1859374e+00  -4.9737883e-01   1.8792306e+00  -4.6556029e-01
   2.0000000e+00  -1.8088498e+00  -3.5671705e-01   1.4119669e+00  -1.5391402e+00   1.1833405e-01  -1.8447815e+00  -2.1983333e-01   1.0351345e+00  -6.4170775e-01   5.7211713e-01   1.2910378e+00  -2.7092940e-02  -1.4930247e+00  -7.2494420e-01   3.2778225e-01  -1.0203118e+00  -1.1041009e+00  -5.2245511e-01
   2.0000000e+00  -9.6865370e-01  -1.6803803e+00   8.7610858e-01  -1.0453562e-02   6.9343591e-01  -2.0258067e-01   8.1584959e-01  -3.2276956e-01  -5.1417943e-01   6.0954518e-01   1.1481483e+00  -2.2250928e-01  -5.4134316e-01   5.7485758e-01   9.6606337e-01  -1.9912245e+00   1.8233935e-01  -1.7866817e-03
   2.0000000e+00  -2.8094909e-01  -9.5157363e-01  -1.4201790e+00   1.5536621e+00  -1.1092076e+00  -2.3384154e-01  -5.5468743e-01   9.2031880e-03   7.0949574e-01   6.4250407e-01   2.4225223e-02  -1.9192459e-02   1.2726158e+00   2.2574086e+00  -8.4056633e-01  -1.1422537e+00   5.2948516e-01  -1.4959666e+00
   2.0000000e+00  -6.0605412e-01  -1.0954840e+00   1.2091247e+00  -2.3420293e+00  -1.8282217e+00  -4.1673786e-01   1.4452821e+00   1.7118772e-01   7.1729029e-01   1.3295620e+00   3.3452028e-01   1.0142003e+00   8.3334206e-02  -1.0936604e+00  -1.0093014e+00  -7.6481363e-01   2.8458120e-01  -4.1031678e-01
   2.0000000e+00  -1.6173191e+00  -1.3032547e+00  -5.2853277e-01  -6.9896639e-01   7.0431557e-01  -2.5449899e-01  -9.5875058e-02  -5.8912560e-01   1.0882198e+00   7.0940657e-01   6.1909092e-01  -4.8351994e-01   1.1942133e-01  -5.4349895e-01   3.7614564e-01  -2.3487229e+00  -1.2125408e+00  -5.8943437e-01
   2.0000000e+00  -8.1987248e-01   4.7175731e-01   5.6745555e-01  -1.4295228e+00   1.0515489e+00   2.0321180e+00  -1.0505352e+00  -3.6169730e-01   2.3826816e-01   6.6121143e-01  -8.8629302e-01  -3.4998229e-01   9.6330931e-01  -9.0237844e-01   5.5305391e-01   3.6918984e-01  -2.6701954e-01   8.8670624e-01
   2.0000000e+00   3.3851336e-01  -1.4676333e+00   7.4936146e-01   4.5749429e-01   7.4488532e-01   5.7513999e-01  -1.2106518e+00   2.3240964e+00  -1.1075376e+00  -4.0969222e-01  -1.5345763e+00   1.0977605e+00  -1.6860845e+00  -8.2066327e-02  -6.4617373e-01   3.8874838e-01  -1.8200823e-01   1.3025514e+00
   1.0000000e+00  -9.8153411e-01   5.4391225e-01  -2.0612107e-01  -1.0555920e+00   5.7372503e-01   1.5110009e+00   6.5519174e-01   3.5746704e-01   2.0523513e+00   1.7380018e-01   1.2221044e+00   1.5589190e+00  -4.4181398e-01   3.1758175e-02  -5.6299883e-01  -5.1363747e-01   1.3429559e+00   4.2448249e-01
   2.0000000e+00   1.6598294e-01  -4.0821959e-01  -1.2908071e+00  -1.1151252e+00  -2.4065512e-01   7.0339344e-01  -6.9439016e-01  -1.0240982e+00  -3.9914101e-01  -7.2398413e-01   9.4429068e-02  -2.5750567e-01   9.3046461e-01   1.7164696e+00  -2.0908714e+00   4.4108391e-01   7.6279281e-01   1.5289300e+00
   2.0000000e+00  -3.4526830e-02  -1.7136489e-01  -6.9523100e-01  -2.6176017e-01  -5.7927849e-01  -2.2472343e+00  -2.2893119e-01   1.0996613e+00   6.4258146e-01   7.3942454e-01  -1.2097189e+00   3.9545028e-01   7.0911759e-01  -9.8183743e-01   1.3676585e+00  -1.2320046e+00   8.3813438e-01   8.1386257e-01
   2.0000000e+00   2.5147319e-01  -3.1148172e-01  -1.3595173e+00  -1.1088387e-01  -3.9816876e-01  -7.8657125e-02  -3.9407487e-01   3.4471264e-01   1.6340141e-01  -7.8002344e-01   1.2068509e+00  -6.9979418e-01  -5.3088001e-01  -6.4362565e-01  -2.3413314e+00  -1.4267718e-01  -1.5741713e+00  -2.2085313e-01
   2.0000000e+00  -6.3491851e-01  -1.6323731e-01   3.7672136e-01   1.4831989e+00   1.2894978e+00   4.6707210e-01   5.7522890e-01   2.1988470e+00   1.0132174e+00  -1.5463679e+00  -7.9010641e-01  -4.0496462e-01  -1.7818082e+00   9.5384499e-01   1.4718084e-01   4.3471691e-01  -1.3497831e-01  -3.9693182e-01
   2.0000000e+00   1.7896608e+00   2.7423139e-02   5.2874941e-01   9.9961205e-01   7.9594403e-01   8.8307263e-02  -1.3702981e+00  -7.4072538e-01   4.7638620e-01  -5.3526065e-01  -5.2104866e-01   6.1249409e-01  -9.8354630e-01  -1.0417321e+00  -9.3823007e-02  -2.6674446e-01  -5.6399303e-01  -5.7337658e-01
   1.0000000e+00   3.2170062e-01   7.9421185e-01  -4.9586625e-01   7.0990182e-01  -5.1131307e-01   9.5124245e-01   2.9443794e-01   3.4850519e-01  -1.2625477e+00  -1.5472808e+00   1.2504808e+00   2.3327732e-01  -1.7341932e+00   1.9007890e-01  -1.7418255e+00   2.0678391e+00  -2.0873289e-01   6.6206436e-01
   2.0000000e+00  -9.8151468e-01  -8.9830869e-01  -1.7690624e-01   8.3981937e-01  -2.2754870e-01   1.0572094e-01   7.0803570e-01  -9.3148351e-01   7.6755179e-01   1.7244492e+00  -8.0385801e-01  -1.0091886e+00   1.1070813e-01   2.4071684e-02  -1.5327274e+00   1.1254408e+00   1.4195445e+00   6.8414494e-02
   1.0000000e+00  -5.1549707e-01   7.5443121e-01   1.9519624e+00  -8.9292650e-01   1.9177304e+00   6.4868405e-01  -2.8719689e-01  -7.3889640e-01  -1.6441698e-01   1.0418018e+00   1.4029748e+00   1.0479472e+00   5.0673754e-01   1.6658148e+00   5.8634678e-02  -7.8401098e-01  -4.7324179e-01   2.9358188e-01
   2.0000000e+00  -1.8535613e-01  -1.0797481e+00   1.5764137e+00   7.2749693e-01   4.6914897e-01   6.0664056e-01   1.6247958e+00   9.3300192e-01   6.5958848e-01  -2.3280542e-01  -1.5519628e-01  -1.4406337e+00  -1.3636018e-02  -9.9740645e-01   7.3147612e-02   1.2805467e-01  -3.2401383e-01  -4.3625069e-01
   2.0000000e+00  -2.5752623e-01  -1.1621995e+00  -2.4274323e-01   2.6304212e-01   2.9891119e-01  -8.1665591e-01   1.1674651e-01   3.3662345e-01  -4.4436465e-01   2.2442428e+00   6.7661021e-01   4.8273135e-01  -1.1215915e+00  -3.6322729e-01  -4.4636541e-03   1.4352472e-01  -1.5741529e+00  -2.7350613e-01
   2.0000000e+00   9.1039675e-01  -1.0564201e+00   3.9205899e-01   9.0762716e-01   6.1713058e-01  -9.6763040e-01  -3.2867543e-01   4.6871707e-01   1.7630913e+00   9.2422883e-01  -3.3571377e-01   2.6352157e-01   9.3001505e-02   1.1736389e+00   9.4109304e-01  -1.2203124e+00   1.4549230e+00  -1.0504002e+00
   2.0000000e+00  -1.1321549e+00  -2.0491235e+00   7.1150988e-01  -7.3233780e-01   1.2030436e-01   7.7787614e-01  -4.3617443e-01  -9.2873069e-01  -6.5766561e-02  -4.1821277e-02   1.1870561e+00   2.7921747e-01  -1.0578573e+00  -8.2497019e-01  -3.0467810e-01   2.2555037e+00   4.1618666e-01  -8.6547721e-01
   2.0000000e+00  -2.2124188e+00  -1.5250982e+00   1.1083866e+00   6.5536712e-01   3.4794367e-01  -3.6783338e-01  -4.5996142e-01   1.1553651e+00   6.6740436e-01   5.4363026e-01  -9.4358677e-01   2.7984555e-01  -5.8109700e-01  -6.1849273e-01  -2.2130762e-01   9.6846926e-01   1.3007773e+00   9.8669690e-01
   2.0000000e+00  -6.3599011e-02  -1.0062068e+00   9.3116852e-01  -5.0249310e-01   7.6158030e-01  -8.6723707e-02   7.7006761e-01   6.2480006e-01  -1.0942395e+00  -4.5332742e-01   4.9183330e-01   4.9233339e-02  -1.2997494e+00  -6.1924886e-01  -1.3390134e+00  -1.1968234e+00  -8.4090715e-01  -9.0828043e-02
   2.0000000e+00   1.5410746e-01   2.2064862e-01   2.3395848e-01   1.7895026e-01   2.9674544e-01   7.7698018e-01  -1.3176212e+00  -7.0295057e-01   1.3573895e-01   1.0359474e+00   5.1341493e-02   5.6861331e-01   1.1960518e+00  -2.4139777e-01   9.3656765e-01  -2.3907542e-01   3.2563624e-01  -1.4734466e-01
   2.0000000e+00   7.4290576e-01  -3.4153407e-01  -1.7717956e-02  -1.2831498e+00  -1.0318396e+00   6.5746869e-01   4.6920227e-01  -4.5109288e-03   3.5503632e-01  -1.1880927e+00  -7.4409734e-01  -1.8935985e+00   1.0881841e+00   5.5743577e-01   6.4040532e-01   1.7581291e+00   2.2841760e-01  -1.2555035e+00
   2.0000000e+00  -1.2695643e+00  -7.8564633e-01  -2.7791656e-01   1.5625967e+00  -4.3659219e-01   6.9554290e-01  -9.7128081e-01   1.3901869e+00   6.5377136e-01   9.8855143e-01  -1.6262372e+00  -6.9858944e-01   1.1220757e+00   4.4572115e-01  -2.6315088e+00   1.0513566e+00   1.0433394e+00   7.0914208e-01
   2.0000000e+00   3.4269809e-01  -3.2356755e-01   1.0122906e-01   1.2289953e+00  -1.1203227e+00  -1.2400646e+00  -1.0271648e+00  -3.6954779e-02   1.0299072e+00   1.4569208e+00  -8.4883793e-01   1.5829143e-01  -1.1110045e+00  -1.2855484e+00  -1.5565142e-01   5.4411201e-01   5.3582608e-01  -1.0314035e+00
   2.0000000e+00  -4.1984934e-01  -6.0954694e-02  -4.2564379e-02   3.8858193e-01  -6.5355111e-01  -2.5896614e+00  -2.0720238e-01   1.9700769e-01  -9.0913555e-01  -5.7557448e-01   1.4080556e+00  -6.9796645e-01   6.7953564e-01  -2.6110947e+00   9.4383875e-01   2.9813992e-01  -2.8523412e-01   1.5689368e-01
   2.0000000e+00  -1.5762483e+00  -7.8752530e-01   4.0294846e-01   3.3030168e-01  -3.1541343e-01   2.0295854e-02   6.8724452e-01   2.3198485e-01  -1.6572826e-02  -9.8365136e-01   1.6958492e+00  -1.0352108e+00   6.1989080e-01   1.4274141e+00  -1.2722951e-01  -3.9365129e-01   2.7582175e-01  -2.5252498e+00
   2.0000000e+00  -5.4623412e-01   1.4687586e-01  -5.8669117e-01  -4.9142799e-01   2.1109271e+00  -1.4664592e-01  -1.6400973e+00  -3.4335861e-02  -8.5963962e-01   2.0264303e+00   3.7368919e-02  -4.9414238e-01  -6.0242468e-01   3.9577025e-01  -7.6852309e-01  -1.1764600e+00   1.0913189e+00   2.3172250e+00
   1.0000000e+00  -1.6623720e-01   1.1603724e-01  -1.5845336e+00   1.6768597e+00   3.2518221e-01  -8.2770574e-01   6.7041762e-01   1.2041825e+00   1.5525291e-01   1.1356287e+00  -6.3287882e-01  -1.6379879e-01   1.7606283e-01   1.7802778e-01  -2.4612140e-01   1.3053551e+00  -2.3272890e-01  -8.7735937e-01
   2.0000000e+00   6.8834383e-01  -1.8323219e+00   1.0367591e+00  -2.1799748e+00  -2.1084669e+00   9.2495751e-01   3.9251094e-01  -6.2849382e-01  -1.2772347e+00   5.0102346e-01   1.2764338e-01  -4.2932538e-01  -1.1404901e+00  -1.5410365e+00   2.5819503e-01   5.2112089e-01   4.7910598e-01  -8.1883327e-01
   2.0000000e+00   2.4859409e-01  -5.1736635e-01   1.3659449e+00   1.0474464e+00   6.5219958e-02   1.6058377e-01  -2.1111051e+00  -1.0667590e+00   1.6771031e+00   1.5456708e+00  -5.7908177e-01  -1.2108684e+00  -3.4816248e-01  -9.9923625e-01  -1.4729947e+00  -8.2222481e-01  -3.5529663e-01  -1.2197747e+00
   2.0000000e+00  -1.7176266e+00  -1.2208524e+00   1.8421384e+00  -4.7729327e-01  -1.8491917e-01  -4.4577248e-01  -4.7895040e-01  -2.6331319e-01   1.3050917e+00   1.1155946e+00   3.4033631e-01  -1.3407701e+00  -9.5191518e-01   8.0612415e-01  -8.9121641e-01  -9.8606201e-03  -2.1717316e-02  -1.3584573e+00
   2.0000000e+00   3.1392391e-01  -1.5042866e+00   6.8351757e-01   4.5348830e-01   3.1598030e-01   3.0636932e-01  -9.7985600e-01   9.3723597e-01   6.1866114e-01   3.4826263e-02   4.6820393e-01  -1.2364575e+00  -1.7542358e+00  -5.2226247e-01   1.2885565e+00  -1.1075343e+00  -2.3220803e+00   9.4540185e-01
   2.0000000e+00  -1.4162347e+00   8.3253113e-01  -6.2094109e-01   1.3419873e-01   4.5953330e-01  -5.6536419e-01   1.1359905e+00   6.4464909e-01   6.8708676e-01   1.3420061e+00  -3.4847704e-01  -1.4653300e+00   6.0447890e-02   4.4415306e-01   8.8331020e-01   4.5670220e-01  -1.0571885e+00  -4.4102445e-01
   1.0000000e+00  -1.8045070e+00   5.9513437e-01   1.0186672e+00  -4.5138191e-01   1.0095545e+00  -4.2793126e-01  -1.9670530e-01   1.4470281e+00   1.5266548e+00   1.9575077e+00   1.0094066e+00   1.7728981e+00   5.0787470e-01  -5.4255781e-01  -7.0426844e-01   7.6138858e-01  -4.2441859e-01  -1.7208825e+00
   2.0000000e+00   3.7009409e-01  -1.6231163e+00   1.5900842e+00  -5.1385944e-01   2.2043597e-01  -2.3236358e-01   4.5967656e-01   1.0319489e+00   2.8873929e-02  -6.0740612e-01   2.6854657e-02  -3.3991401e-01  -9.4633804e-01   8.3311226e-02  -1.2167154e+00  -1.6655332e+00   5.3924390e-01  -3.1580506e-01
   1.0000000e+00   2.6388388e-02   3.8480746e-02   2.8802056e-01   2.1561289e+00   6.8512387e-01  -6.8586264e-01  -7.0864653e-02  -5.8783013e-02  -1.8922818e+00  -5.6540516e-01  -1.0206231e+00  -8.1479079e-01  -4.8440615e-01   4.9861107e-01  -8.5869367e-01  -2.1046846e-01  -5.7224301e-01   1.1265293e+00
   1.0000000e+00  -6.9291672e-01   3.6036752e-01   1.0765183e+00   7.7342152e-01   2.3214851e+00  -2.8321264e-01   1.8984553e-01   7.8602111e-02   3.1389707e-01  -2.1824920e-01  -7.8470346e-01   1.4875237e-01   5.6278491e-01  -4.5358925e-01  -1.7346986e+00  -9.1669002e-02   3.1176949e+00  -1.5861246e+00
   2.0000000e+00  -8.2915358e-01  -5.0178417e-01  -4.4976165e-01  -1.4111929e+00   1.2871447e+00  -1.5191609e+00   1.4138676e+00  -5.9077053e-01  -3.3876178e-01   1.3511048e-01   2.0731219e-01   7.8722203e-01  -1.5087725e+00  -2.1816688e+00  -4.4018633e-01   1.3995527e+00  -4.1305096e-01  -1.1989884e-01
   2.0000000e+00   8.8279320e-01   1.1163578e+00  -1.2253393e-01  -1.4179032e+00   2.1651236e-01  -2.5427148e-01   1.5030200e+00  -7.1922233e-02   1.0793720e+00   1.0721421e+00   1.2028469e+00  -3.8150610e-01  -3.8613911e-01  -1.1680855e+00  -1.1455029e-01   6.0727656e-01   1.2012988e+00  -1.7754312e-01
   1.0000000e+00   2.4525966e-01   3.3531547e-01   8.0258887e-01   1.2192694e-01  -1.7320375e+00  -3.3037986e-01  -7.2795386e-01   5.4354484e-01   8.0708418e-01  -1.0710160e+00  -1.1936511e+00   7.6159173e-01   1.3308576e+00   1.6910099e+00   5.0519601e-02   3.5335731e-01   3.1532968e-01  -3.7608243e-01
   2.0000000e+00  -1.8571105e-01  -8.7257629e-01  -3.6800040e-02   7.5914383e-01   2.2174093e+00   2.9955365e-01  -3.7976225e-01   2.5416823e-01   5.7244282e-01   1.4887750e-01   5.7355270e-01   9.1768042e-01  -8.7391170e-01  -1.0500482e+00  -3.3053647e-01  -1.4223966e+00   3.3119243e-01  -4.7066777e-01
   2.0000000e+00   2.1235266e-01  -2.3296497e+00  -1.0565331e+00  -3.3821570e-01   4.1795887e-01   1.2582281e+00   1.2853895e+00  -6.7351183e-01  -7.8853075e-03   1.3225970e-01   2.0394794e-01  -3.7465010e-01   1.6561097e-01   1.3014460e+00  -1.3350816e-01  -1.1577598e+00  -7.2665810e-01   1.0346025e+00
   1.0000000e+00   1.7894353e+00   8.0536573e-01  -5.4524502e-01  -9.5395130e-01   2.7582524e+00   8.6821265e-01  -4.3546843e-01  -3.2994704e-01   3.3388052e-01  -7.1788884e-02   7.6409761e-03   3.6478035e-01   1.1202426e+00  -6.4395322e-01  -2.4142831e+00   3.6538782e-01   2.3287393e-01  -7.0748681e-01
   1.0000000e+00  -4.7513652e-01   1.5616941e-01   2.7752905e-01   4.0815481e-02   8.5223036e-02  -9.6391245e-01  -4.5385355e-01   1.1116558e-02  -1.0191095e+00  -6.7148219e-01   4.5974377e-01   1.8008922e-01   2.4281421e-01  -9.3214130e-01   9.2680737e-01   8.5341027e-01  -1.2334330e+00  -1.3268590e-01
   2.0000000e+00  -1.1072659e+00  -2.8160966e-01   1.4765941e-01  -2.9197494e-01   1.6597848e+00  -9.5579062e-01   1.4690430e+00  -2.5628306e-01  -2.5428865e-02  -7.7475710e-01   4.4641319e-01  -9.0898199e-01  -1.5384647e-01  -4.3202471e-01   2.1165790e+00   9.8609500e-01  -9.9927359e-01   8.4563905e-01
   1.0000000e+00   2.1007107e+00   3.1974661e-01   2.1838182e-02  -1.0244474e-01  -7.3414930e-01  -2.4629412e-01   3.0565982e-01  -4.3221600e-01   8.8947267e-01   1.7614738e-01  -2.4418894e-01  -1.6024608e-01  -1.6225576e-01  -1.7729586e-01  -9.3020760e-01  -9.0459744e-01   5.7441049e-01  -3.3715827e-01
   1.0000000e+00  -5.6520746e-01   2.3827549e-01  -3.1356841e-01  -3.5829382e-01  -2.0325879e-01  -2.6244991e-01  -2.7205714e-01   2.6646465e-01  -5.9267191e-02   6.7227297e-01  -1.5161041e+00  -1.5648600e+00  -9.8174961e-01   8.5731134e-01  -2.0572089e-01  -1.1552849e+00   8.0632548e-01  -1.1709143e+00
   1.0000000e+00  -8.4297820e-01   6.9808120e-01   8.7390852e-01   1.5509171e+00  -1.1780669e-01  -2.7273736e-01   1.3426272e-01  -9.6061900e-02   9.6348750e-02  -2.9522223e-01   7.4498612e-01  -1.2663407e+00  -9.9474650e-01   6.0237943e-02  -1.4722601e+00  -1.8710157e-01   1.1197611e+00  -9.3278350e-01
   2.0000000e+00   6.7577628e-01  -1.3761657e+00   8.4971612e-01  -2.0407105e+00   2.3146118e-01   1.0867797e+00  -1.0380438e+00   8.3442770e-01  -8.3111573e-01  -1.5348172e+00  -8.8826568e-01  -1.3101369e-01   2.2012911e-01  -1.5713056e+00   2.0902991e+00  -2.2605813e+00  -3.1369311e-01   1.0009737e+00
   1.0000000e+00   7.6515219e-01   6.1977664e-01   5.5291389e-01   2.5284516e-02   7.0565927e-01  -1.0301217e-01  -3.1472392e-01   2.4920239e+00  -2.2185841e+00   6.0152318e-02  -1.2622527e+00   5.1881402e-01   2.4777516e-01  -1.0261539e+00  -6.8857128e-02  -8.2409053e-01  -1.1153916e-01   2.1912323e-01
   2.0000000e+00   1.3607055e-01   1.3669611e+00   1.5782668e+00  -1.4448218e+00   3.0564343e-01  -6.7831021e-01  -3.3855178e-01   6.7647247e-01   5.5368019e-01  -8.3354658e-01   1.9564087e+00   3.2426346e-01   2.6470496e-01   2.8954507e-01   1.2865666e+00  -6.8111857e-02  -1.0778380e+00  -3.1376276e-01
   1.0000000e+00  -1.2666578e+00   6.0695014e-01  -7.5078807e-02   1.9182014e-01  -1.2877263e+00   4.6248120e-01   5.6298457e-01  -7.3995330e-01  -2.7564439e-01   1.1753354e+00   1.1569668e+00  -4.4035383e-01  -3.1609112e-01   8.9696236e-01   2.2446130e-01  -8.1531655e-01  -2.7215207e+00   1.2432618e-01
   2.0000000e+00  -1.0228103e+00  -3.6611588e-01  -6.2534709e-01  -2.3055183e+00   1.0876430e-01   1.1880752e-01   8.1098466e-01   2.3106161e-02  -3.2229241e-02  -1.6666279e+00   1.5672596e+00   2.3972585e-01   8.3094455e-02  -8.5790400e-01  -1.1066975e+00   1.6175086e+00  -9.9983480e-01  -7.3262372e-01
   1.0000000e+00  -4.8994057e-01   5.1622570e-01  -4.7153217e-01  -4.1205242e-02  -1.3361454e+00   5.4079537e-01   5.5510961e-01  -3.2624560e-01  -2.0580200e-01   2.6169635e+00   7.1476593e-02   3.2402282e-01   1.3932279e+00   8.5576137e-02   2.4507100e-01  -9.4087564e-02  -8.5841608e-01  -1.4418474e-01
   1.0000000e+00  -2.1859238e+00   3.3906226e-01  -1.7674647e-02   9.4110421e-01   1.8553141e-01   2.4379215e-01  -6.4097838e-01  -2.1282056e-01  -2.3775959e-01  -8.6750681e-02   9.8619665e-01   7.2795837e-01  -3.0134346e-01  -1.2037620e+00  -9.2951726e-02   6.9171264e-01  -6.2084775e-01   4.8157157e-01
   2.0000000e+00  -7.3782682e-01  -1.5298906e+00   5.2305678e-01  -1.1802967e+00  -5.2703122e-01  -6.2689438e-02  -7.7498110e-02   1.0063908e+00  -4.5724783e-01  -7.6605092e-01  -1.0335208e+00  -5.8092330e-01   1.1410887e+00  -1.0687701e+00  -7.1942036e-01   1.7756248e-01  -4.7271315e-02   1.2566912e+00
   2.0000000e+00   4.3101160e-01   1.5312726e+00  -4.7426281e-01   1.3401739e+00  -6.0251431e-01   6.6192133e-01   1.3242730e+00  -8.6863228e-01  -9.8405740e-01   1.2035400e+00   1.0338919e+00   2.1497064e-01  -8.8316690e-01   2.6286589e+00  -8.2158792e-01   1.3167756e+00  -7.7122710e-02  -2.3247858e-01
   1.0000000e+00   2.2903687e-01   2.0143442e-02  -1.1140217e+00   5.9048222e-01  -2.9152153e-01  -1.3979532e+00  -8.0158268e-01  -2.0050294e+00   6.6565697e-01  -9.1486311e-01   1.1365444e-01   1.2061337e+00   8.3931805e-01   1.4862152e+00  -1.7547049e+00  -2.6225946e-01   2.0567815e+00  -1.0088788e+00
   2.0000000e+00   1.2184412e+00   2.9720152e-04   2.9853947e-01   4.7850731e-01   3.3484515e-01  -4.6148152e-01  -1.9544225e+00  -2.7669326e-02   4.8633443e-01   2.7687517e-01   9.2808463e-01   3.5879435e-01  -8.7735488e-01  -8.9457169e-01   9.5741412e-01   3.6026621e-01   1.1184607e+00   1.4301313e+00
   2.0000000e+00  -1.1172467e+00  -7.4081146e-03  -7.8900017e-01   5.9994654e-01  -4.9906466e-01  -1.2641306e+00  -4.1891880e-01  -6.6014739e-01   4.5148901e-02   1.2443948e-01  -9.4300053e-01   1.9590291e+00  -7.1882190e-02   7.7786758e-01  -6.5813965e-01  -1.6014446e+00   3.2761867e-01   2.0166642e-01
   1.0000000e+00  -2.5161389e-01   5.7971042e-01   7.9080288e-01   4.8531187e-01   1.3316116e+00   9.6800749e-01  -1.8078186e-01   1.3930800e+00  -7.0908367e-01   4.5785233e-01   1.3881034e+00   8.8306687e-02   5.8753293e-01  -1.6333830e+00  -2.0832651e-01   4.6436421e-04   6.3494169e-01  -8.9659861e-02
   2.0000000e+00   5.4790760e-01  -7.4483951e-02  -1.0443434e+00  -7.5874125e-01   3.1893299e-01  -5.0250414e-01  -2.1385198e+00   8.1733910e-02   1.5520849e+00  -2.6967934e-01   5.3186847e-01   7.1667864e-01  -2.8739154e+00   7.8901963e-01   5.5182729e-01  -2.1566125e-01   2.0657856e+00   1.9898243e+00
   1.0000000e+00   7.9296162e-01   6.5458491e-01   1.3076148e+00   4.8277350e-01  -6.7958347e-01  -3.7287772e-01   6.7685327e-01  -1.1329719e+00  -1.0263651e-01  -1.1858879e+00  -3.1520759e-01   5.0994040e-01  -2.3680831e-01  -5.0866502e-02   1.8475893e+00  -4.7436940e-01  -9.2567191e-01  -1.0418277e+00
   2.0000000e+00  -1.0287823e+00  -7.2224442e-01   2.1887128e+00  -5.0419220e-01  -3.1353502e-01  -4.9048039e-01   2.4537057e-01  -4.0489676e-01  -3.5861500e-01  -3.2734669e-01  -6.5309922e-02   2.0243652e-01  -5.2212577e-01  -1.7673837e+00  -4.6591093e-01   8.3394425e-01  -1.6464506e+00  -9.6041628e-01
   2.0000000e+00   7.0157772e-01   8.8113517e-02  -2.0781372e-01  -4.9046144e-01   6.4257589e-01  -4.2546322e-01   2.0749545e+00  -3.8970766e-01   4.7674488e-01  -1.7209660e+00  -1.1084179e-01   7.0502283e-02   8.2134593e-01  -2.9614236e-01  -1.7589035e+00  -3.7237082e-01  -4.0817064e-01  -7.8300590e-01
   1.0000000e+00  -4.4996207e-01   1.4140285e-01  -1.9288495e-01   8.1754993e-01   9.6872436e-01  -5.9852143e-01   6.4451717e-01  -8.9243223e-01  -9.1816678e-01   3.1529438e-02   1.1978685e+00  -5.8109052e-01  -1.2293972e+00   1.1728960e+00  -3.5770201e-01  -5.1958381e-01   2.4967057e-01   9.5568651e-01
   2.0000000e+00   6.7276073e-01  -1.3339729e+00   9.2624262e-02   5.7029322e-01   2.4513498e-01  -1.8187934e-01  -4.2744351e-01  -5.2968925e-01   8.6758572e-01  -1.7360899e-01   1.8503976e-01  -2.1572282e-01  -7.3298954e-01  -5.6163102e-01  -5.8915846e-01   4.6542458e-01   1.0751939e+00  -3.5037456e-01
   2.0000000e+00  -4.4157153e-01  -4.6798754e-02  -4.0349084e-01   8.6388849e-01   7.8246852e-01   9.4117082e-02   2.4811065e+00   1.1802435e+00  -1.0724816e+00   1.5453517e-01   3.9114106e-01  -7.5733233e-02  -3.5361499e-01   4.7955320e-01  -3.9176705e-01   1.5172466e+00   6.8974863e-01  -1.5084375e+00
   2.0000000e+00   2.5929194e-01  -1.2402313e+00  -2.3549937e+00   1.9992659e-01   1.1041033e+00   2.1298707e-01  -3.3941885e-01   3.4327899e-01  -5.6384517e-02   4.5972434e-01   6.2315674e-01  -2.4012926e-01   1.0684526e+00  -2.0228334e+00   6.4372213e-02   4.7375609e-01  -1.5286642e+00  -1.0621509e+00
   2.0000000e+00  -6.1591011e-01  -1.3712645e+00   1.0564468e-01  -9.8235053e-02  -1.2427211e+00  -6.1068283e-01   5.4225386e-01  -2.3201356e-01   1.8779359e-01   1.1160850e+00   2.8351502e-01   9.0798533e-01  -7.6860182e-01   6.4223359e-01  -1.3887222e+00  -7.7606758e-01  -1.8507925e-01  -1.7402100e+00
   2.0000000e+00   1.0067868e+00   6.0018226e-01   2.9128577e-01   2.3532466e+00   2.1042781e-01  -1.3858836e+00  -1.0884285e+00  -1.1240375e+00  -2.2151116e-01  -1.1694147e+00   8.6190110e-02  -2.8498278e-01   6.0498255e-01   1.7771869e-01  -1.0935532e+00  -9.1078377e-01   3.8963882e-01  -1.2507122e+00
   2.0000000e+00   8.2639628e-01   7.1096079e-01  -8.2179352e-01  -1.1995781e+00   8.4475267e-01   3.3034375e-01   7.8758598e-01   5.6911970e-01  -1.0903707e+00  -1.1178054e+00  -5.8796062e-05   1.3665707e-03  -2.5025323e-01   2.1118036e+00   4.1886341e-01   7.7906507e-01  -3.1657881e-01   3.5586687e-02
   2.0000000e+00   5.2535180e-01   5.9892266e-01   4.4984752e-01   4.2835413e-01   9.5726435e-01  -1.0424516e+00   2.0388453e+00  -1.2903891e+00  -8.6972778e-02   4.3245495e-01  -1.2268848e+00  -1.2540788e+00   5.8947357e-01  -1.4513909e+00  -1.2417772e-03   7.7612568e-02  -6.7828826e-01   1.1867207e+00
   2.0000000e+00   6.3689569e-01  -5.6198175e-01   4.9365452e-01   1.4708252e+00  -1.9906208e-01   1.9946070e+00  -1.6953716e+00   4.0259820e-01   1.9924452e+00  -9.0995326e-01  -1.6943415e+00   6.1035280e-01   2.1624902e-01   1.6070842e+00   4.7061816e-01   2.6276107e-01  -1.1772522e-01  -1.1956134e+00
   2.0000000e+00   2.2229151e+00  -4.3555327e-01  -1.5962445e-01   4.4844369e-01   1.2250936e-01  -2.0440551e+00  -4.3078144e-01   8.1750990e-01   2.3244695e-01  -1.5234806e+00  -1.7698616e+00  -3.7422309e-01  -9.6898019e-01   7.9149351e-01  -7.0522300e-01  -1.9745670e-01  -1.1218418e+00   2.8492908e-02
   2.0000000e+00  -2.5406697e-03  -1.1257755e+00  -2.2195808e-01   2.0282910e-01  -1.4844775e+00  -7.0724275e-01  -1.4981714e+00  -1.2462240e+00   9.4154788e-01  -2.5312765e+00   1.5066568e+00  -5.0467741e-01  -6.8958079e-02  -8.0284722e-01  -1.5731332e+00   2.5646562e-01   9.5494590e-01  -9.6844046e-01
   2.0000000e+00   5.4062318e-01   1.3144370e+00  -1.6564312e-01  -1.1099046e+00  -1.4292282e+00  -1.1455738e+00   3.1952343e-01   6.9969521e-01   1.1453672e+00  -1.2147120e+00   3.5675582e-01   1.5864134e+00   7.4667972e-02   1.1254951e+00   7.7676869e-01  -3.4842932e-01  -1.4981223e+00  -7.7928211e-02
   2.0000000e+00   1.1341374e+00  -2.4016785e-01  -5.9409154e-02   4.9469473e-02  -6.5881172e-02   1.3790909e+00  -5.0954109e-01  -4.6391090e-01  -1.7063726e+00  -5.1434826e-01  -2.7707901e-01  -3.5189941e-01   1.1115636e+00  -1.1422784e+00   1.9756303e+00   1.2062586e-01   1.8516228e+00  -9.2871130e-01
   2.0000000e+00  -2.6773117e+00   1.2405454e-01  -2.2038513e-01  -1.4409550e-01   6.2548778e-01  -1.0998684e+00   1.1272774e+00  -1.4222495e-01   5.1273842e-01  -2.3849569e-01  -3.8516908e-01  -3.5270694e-01   1.4459304e-01   7.7109663e-01   9.3446915e-01   6.3987205e-01   1.4201713e-01  -2.1614254e+00
   2.0000000e+00   1.1671932e+00  -1.2151009e+00   9.0897492e-01  -5.7915321e-01   2.5870789e-01  -1.1860679e+00  -1.0539084e+00   7.1855262e-01  -3.5474443e-01  -1.6190510e+00   8.7701310e-01   5.9454490e-02   2.7854227e-01  -2.0872093e-01  -9.9049068e-01  -1.7425855e-01  -1.1735178e+00  -5.1080723e-01
   2.0000000e+00   4.6200487e-01   5.1378868e-01   3.6051005e-02  -4.3269458e-01   1.4001104e+00  -4.9942430e-01   1.4373732e+00   2.4474145e+00  -9.3857601e-01  -4.2443680e-01   7.0639745e-01   5.1289892e-01   1.2981827e+00  -7.6368033e-02   1.9326242e+00  -1.0751414e+00  -2.5175488e-03   2.8330449e-02
   1.0000000e+00  -2.2452419e-02   3.2580239e-01  -9.5883568e-02   4.1976512e-01  -1.6466374e+00   3.3721860e-01   2.5579497e-01   6.9712671e-01   2.2432340e+00  -9.3278812e-01   9.2363009e-01  -6.1388122e-01  -1.8652460e-01  -5.4343769e-01   8.1646912e-01  -9.1737262e-01   3.7679639e-01   5.6372790e-01
   1.0000000e+00  -1.4649451e+00   6.5740678e-01   1.0676946e+00   2.6130975e+00  -5.1480150e-01   1.1885853e+00  -2.4099860e-02  -4.1572617e-01  -1.7597020e+00  -2.0007134e-01  -5.1406529e-01   1.0473932e+00  -3.8428641e-01  -8.4548429e-01   4.8799012e-01  -1.9408476e+00  -1.5998736e+00   6.5558616e-01
   2.0000000e+00   2.0923415e-01   1.6124572e+00  -6.5578331e-01  -4.8405160e-01   5.7344096e-02  -4.6724015e-01  -1.1676173e+00  -8.5947775e-01   1.1065601e+00   2.4819627e-04   1.1793518e+00  -5.6763397e-01   2.4300848e-01   1.4271716e+00   7.9578469e-01  -4.8099294e-01  -1.8289658e+00  -5.3691608e-01
   2.0000000e+00  -1.0474779e+00   2.6216037e-01   1.5345796e+00   9.2158625e-01  -1.0104433e+00  -2.6606949e+00   3.6916832e-01  -1.9066585e+00   6.3192888e-01   3.3943879e-01   2.9068311e-01  -3.2629497e+00  -1.0404970e+00   1.4987762e+00   3.9611211e-01  -9.9610561e-01   1.6372708e+00  -7.3425374e-02
   2.0000000e+00   5.7769486e-01  -1.0927193e+00  -1.3950952e+00   9.1459329e-01  -1.3199685e+00   1.3729763e+00   2.7382853e-01   1.0540615e+00   1.4009866e+00  -8.8686493e-02  -2.0593797e+00   1.8017904e+00   1.6955148e-01  -9.3004109e-01  -5.8096047e-01   1.0007837e+00   1.3196573e+00  -8.2046000e-02
   2.0000000e+00   2.8388552e-01   1.1827429e+00   1.2577433e-01   3.5063517e-01   3.6625145e-01   1.2830671e+00   6.4935939e-02  -1.5972213e+00   1.4669686e+00   6.0286255e-01   7.1345589e-02   1.5689014e+00   8.1924901e-01   1.1033628e+00  -7.3965667e-01   5.4497366e-01   6.4289639e-01  -9.4300277e-01
   2.0000000e+00  -1.8999915e-02  -2.3266623e-01   1.1796838e+00   2.9044396e-01  -1.2844348e+00  -8.5321470e-02   2.4024790e-01   2.2649523e-02  -6.5643017e-01   1.6191976e-03  -1.4632129e+00  -3.1446048e-01  -6.7407934e-01  -5.8237402e-01  -6.9422760e-01   9.1828128e-01  -8.6772519e-01   9.1303890e-01
   2.0000000e+00   5.7625331e-02  -1.6050479e-01  -7.4339332e-01   7.0128543e-01  -2.0299237e+00  -3.6668797e-01   1.1909133e+00   1.1549680e-01  -6.3028990e-01  -1.8838263e-02   6.3161790e-01   6.0148376e-02   9.2243666e-01   6.1005052e-01  -1.2800459e+00   7.9494166e-01   1.5894643e+00   1.1594926e-01
   2.0000000e+00  -3.8896738e-01   1.4689642e+00   1.4795349e-01  -1.0014873e+00  -6.5565988e-01  -8.5846067e-01  -4.6763633e-01  -1.3105921e+00   9.4091804e-01   1.3652055e+00   2.7617429e+00   4.9758815e-01   3.6677852e-01  -4.8068840e-01  -7.5312824e-02  -2.9832940e-01  -1.5288106e-02   1.3953661e-01
   2.0000000e+00  -5.0981291e-01   5.4048105e-01   9.9662184e-01   3.0188457e-01   2.7877384e-01   3.1702263e-01   1.5279220e+00  -4.0040517e-01   6.6471720e-02   2.7610989e-01   7.1265042e-01  -9.3472113e-01  -5.6472647e-01   7.5530591e-02   1.7254852e+00   1.0998831e+00   2.9306110e-01  -1.4836157e+00
   2.0000000e+00  -2.3465652e-01   1.8144327e+00   9.1805419e-04  -3.8063283e-01  -2.7419638e-01  -5.7023698e-01  -1.6609249e+00  -7.0169156e-01  -2.6344148e-01   1.0734910e+00  -6.0595120e-01  -3.6405766e-01   9.4855268e-01  -6.0715208e-02  -2.0000847e-01  -2.8549224e-01   6.1621900e-01  -1.8544190e-01
   2.0000000e+00   2.2280256e+00  -9.2546928e-01   1.1657070e+00   7.0915627e-01   4.4884015e-01   6.5398822e-01   1.5848636e+00  -5.8297571e-01   6.1164095e-01   6.8486883e-01   9.7567064e-01  -9.6360183e-01   9.4579354e-01  -8.7743358e-01   2.9955967e-02  -7.9048989e-01   6.3109345e-01  -2.5798056e-01
   1.0000000e+00   1.1079564e+00   1.5782844e-01   1.3157328e+00  -2.0003956e+00  -3.9476132e-01  -3.2598924e-02   1.9006805e-01  -2.5250978e-01   7.9693882e-02  -6.8963332e-01  -1.5632272e-01  -1.2205045e-01   6.0028771e-03   6.6895210e-01   9.8156935e-01   1.1244295e+00  -2.4605797e+00   1.3772309e+00
   1.0000000e+00  -1.2470281e+00   2.4175980e-01   1.0627985e-02  -6.9077752e-01   7.4959764e-01  -6.6484109e-01  -3.3093781e-01  -1.8149474e+00   1.3794132e+00   5.2552757e-01  -1.1671702e+00   9.1474225e-01  -5.6898091e-01   6.4928670e-01  -4.6192394e-01   6.8324852e-01  -6.2187213e-01   1.2831706e+00
   2.0000000e+00  -9.8333985e-01  -7.7762359e-01  -2.3766733e+00   1.6095504e+00  -8.2797748e-01  -1.0983245e+00   1.1373475e+00  -1.9475435e-01  -7.0505842e-02   9.0290421e-01  -4.0786325e-01   2.7496089e-01   1.1870807e-01  -3.3330414e-01   1.0286152e+00  -2.0337229e+00   3.0165567e-01  -4.7035691e-01
   2.0000000e+00   4.0705428e-01  -1.0497981e+00   9.2214730e-01   5.5238520e-01  -4.2020585e-01   9.9810465e-01   4.4840691e-01  -2.0213778e-01   1.1908300e+00   1.6419107e-01  -4.2332835e-01  -1.2890431e+00   1.5529651e-01   1.7439521e+00  -8.8972426e-01   3.6357075e-01  -2.0443935e-01   1.7251729e+00
   2.0000000e+00  -1.5213157e+00  -4.6408258e-01   7.2966939e-01  -2.9477821e+00   2.2695435e+00  -1.1010621e+00   8.6027656e-01  -7.7722486e-01   6.0135204e-01   1.1226927e+00   4.7366749e-01   1.1856749e+00   1.5250232e+00  -1.3850856e-01  -9.1214252e-02   2.0740520e-01   1.7817602e+00  -9.4589913e-01
   1.0000000e+00  -2.0257147e+00   1.4936353e-01   1.3406467e+00   1.3508727e+00   6.6165848e-01  -7.0011578e-01  -7.3842448e-02   9.4165686e-01   4.3050233e-01  -6.5031590e-01   9.6725155e-01  -5.4957511e-02   1.0541299e+00  -8.0449996e-02   8.3147526e-02   1.1806541e+00  -8.3232850e-01  -3.3456034e-01
   2.0000000e+00   5.8262153e-01   1.1866483e+00   1.2797453e+00  -7.3928659e-01  -9.1861461e-01   9.1658576e-01  -1.0113412e+00   9.3790196e-01   4.7930171e-01  -1.2945145e-01   1.8974640e+00   2.2211709e-01  -1.2798729e+00   1.4688192e-01  -3.2066319e-01   5.4744506e-01   1.1378137e-01   1.2757649e+00
   2.0000000e+00  -1.0000701e+00  -1.7211356e+00  -1.2138529e+00  -9.0890163e-01  -5.3952725e-01   9.5923358e-01   1.5602142e+00   8.7567961e-01   6.0139436e-01  -1.8491934e+00  -1.7764788e+00   4.8013265e-01  -1.4762735e+00  -2.2763446e+00  -1.1112561e+00   9.6226291e-01  -8.6250276e-01  -1.0548709e+00
   2.0000000e+00  -1.0438554e+00  -8.1650931e-01  -4.2350420e-02  -6.9046221e-01   3.4456890e-01   9.7837427e-01  -3.6126159e-02   1.4224046e+00   1.2607270e+00  -5.1464589e-01   2.2098546e-01   9.1547432e-01  -5.3676362e-01  -3.9841442e-01   1.6567407e+00  -1.7900057e+00  -9.4897069e-01  -2.8088610e-02
   2.0000000e+00   9.9614363e-02  -1.3509190e-01   2.5227361e+00  -1.2409884e+00  -1.5569057e+00  -8.9832483e-02  -3.7906646e-01  -4.0876739e-01  -5.7925679e-01  -1.6898782e+00  -1.4908306e-01  -7.5751155e-01   9.9393676e-01  -8.9450598e-01  -4.0885857e-01   1.1647024e+00  -1.4229113e+00   5.0883773e-01
   2.0000000e+00   3.0340056e-01  -1.2604507e+00   2.3859573e-01  -7.5715092e-01  -8.2090774e-01  -1.2072728e-01   6.6808522e-01   4.8400166e-01   1.4245586e-01   6.1395595e-01  -1.6869553e+00   8.4375860e-01  -1.6309721e-01  -1.0549854e+00   1.2027172e+00   6.1227544e-01   1.0087823e+00   2.0293461e-01
   2.0000000e+00   9.9045022e-02  -1.2395482e+00  -6.0546612e-01  -3.2657743e-01  -3.7948562e-02  -1.1133626e+00  -8.8059120e-01   1.2809779e+00  -9.1042265e-01  -7.9033489e-01  -5.7293478e-01   9.5291858e-01   1.1463466e-02   1.1132534e+00   3.3871421e-01   1.5072488e+00   9.4404928e-01   2.6527346e+00
   2.0000000e+00  -9.0178350e-01  -1.3784782e+00   1.7504904e-01  -4.3390023e-01   1.6061899e+00   4.3382703e-01   1.2926382e+00   1.0197195e+00   5.8719980e-01   1.8916289e-01   5.9287790e-01   7.7421154e-01  -3.8930275e-01   3.3988987e-01  -5.6048851e-01   2.9311948e-01   8.7845147e-01  -8.8383491e-01
   2.0000000e+00   1.5291081e-01   8.1963106e-01  -4.3426134e-01  -1.6675166e+00  -1.2925596e-01   5.2926765e-01  -1.3186021e+00   1.7916244e+00  -9.5615412e-01   3.3667649e-01   1.5190537e-01   8.9132645e-01  -6.1170154e-01   1.1459866e+00  -3.6245018e-01   4.6075142e-01  -4.8169215e-01  -4.1789408e-02
   1.0000000e+00   1.9212858e-01   3.0031379e-01  -1.4528311e+00  -1.5456277e+00  -2.3617093e+00   1.1566306e+00  -3.4158271e-01  -4.4758911e-01   1.1395172e+00   2.2799801e-01   4.1432128e-01   2.8824977e-01  -1.5507986e+00  -1.1118932e+00   1.8430088e+00  -1.9805912e+00  -1.1627293e+00  -1.6851300e+00
   2.0000000e+00  -1.5039318e+00  -9.1224282e-01  -2.4108457e-01   9.2913328e-01  -1.0036861e-01  -8.1717585e-01  -6.6655336e-02  -9.9903303e-01  -1.0475338e+00   1.2288242e-01   1.4250688e+00   2.9177231e-01   7.7414890e-02  -1.1013360e+00   8.8661310e-01   9.4866566e-01  -5.9695202e-01  -1.8172477e+00
   1.0000000e+00  -6.0981846e-01   3.9792560e-01  -1.2203930e-01  -1.7270078e-01   1.1426383e+00   5.2718022e-01  -1.7250583e-01   1.7048253e-01  -4.6823369e-01   1.2280036e+00   6.5356953e-01  -2.2385338e+00   1.7327249e-01   1.9324223e+00  -2.3083890e-01   7.0579004e-01   1.9513576e+00  -5.2001963e-02
   2.0000000e+00  -1.1859414e+00   1.2933132e+00   1.7120333e+00   7.6277367e-02   1.3719282e+00   6.8646474e-01   1.2376352e+00  -2.3017238e+00  -1.3113569e-01  -2.0717457e-01   6.7821823e-01   7.6146757e-01   1.2644760e+00   3.8769720e-01  -1.1251867e-01  -1.2874160e+00  -1.0528294e-01   1.2645383e+00
   2.0000000e+00  -5.7442602e-01  -1.1696070e-02  -2.0534756e+00   2.1815016e+00  -1.5413649e+00   1.4370351e+00   2.0878988e+00  -3.0142275e-01  -1.2791843e+00   2.7142816e-01  -5.6279456e-01  -6.0585503e-01  -4.0650948e-01   2.5928299e-01  -9.4264308e-01  -4.7039767e-01  -1.3876034e-01   1.7194269e+00
   1.0000000e+00   4.0911308e-01   7.9096163e-02  -2.6405931e-01  -9.4090648e-01   1.1089732e+00  -7.9276696e-01  -5.1633339e-01   7.0589149e-01   5.0483343e-01   1.5081443e+00  -1.6085920e-01  -1.1166755e+00   1.1147637e+00  -1.4454778e+00   9.2814540e-01   6.5882392e-01  -3.7818044e-01  -4.2422569e-01
   2.0000000e+00   1.0234789e+00   1.1165779e+00   1.8903107e+00  -1.4564752e+00  -2.8554978e-01   7.1293818e-01  -1.6346027e+00   8.1500875e-01   1.8931317e+00  -5.5834689e-01  -1.0856998e+00   2.3739539e+00   5.4940056e-02  -1.5346337e-01   4.7484990e-02  -6.2257740e-01  -1.8260084e-01  -3.0458595e-02
   2.0000000e+00   9.9915040e-01  -1.8084619e+00   1.4151705e+00   7.8364864e-01   1.0265544e+00   1.1983811e-01   1.3763858e+00   2.4014884e-01  -6.7544153e-01  -1.0052597e+00  -1.3906787e+00  -5.7252611e-01   1.2541993e+00  -6.9143277e-01   3.4904200e+00  -1.2215035e-01   2.5838637e+00  -1.2796507e-01
   2.0000000e+00   1.2378812e+00   1.2726416e+00   8.9354110e-01  -1.4743433e+00  -1.4474047e-01  -1.1076668e+00   2.6666557e-01  -1.8664389e+00  -1.2179255e+00   7.8677433e-01  -1.3805092e-01  -1.1429914e+00  -1.2829893e-01  -1.6479153e+00  -3.5332190e-02  -6.1270883e-01  -1.1197520e+00  -1.5394984e+00
   2.0000000e+00   6.6737251e-01   1.7285346e+00   8.6010617e-01  -5.3450000e-01   3.5150832e-02  -1.2175587e+00   1.0168761e+00   1.4639161e-01  -1.6639481e+00   4.0753129e-01  -5.4616664e-01  -5.6809298e-01   7.3371284e-01  -1.0909988e+00   1.5423526e+00  -3.9462927e-01  -1.9028179e+00   8.9450430e-01
   2.0000000e+00  -8.0447096e-01   1.1441130e+00   1.9931548e+00  -2.5978597e-01   5.1795724e-01   1.1996972e+00  -3.1732097e-01   3.8034359e-01   1.1259510e+00  -3.5464208e-02   3.6087297e-01  -1.2897339e+00   6.7234524e-01   6.3229688e-01   6.2370594e-01  -2.1503273e+00   1.8826993e+00  -1.2502458e-01
   2.0000000e+00  -1.1147512e+00  -1.9113134e+00   3.5388869e-01  -2.2410392e-03   1.2136374e+00   7.4985291e-01  -3.1616830e+00  -1.6298656e+00   7.5097761e-02  -2.2571812e+00   2.1014321e+00   2.1373641e+00  -3.4777333e-01   5.0055479e-03  -6.7912106e-01   1.0985126e-02  -9.4336156e-01   3.9275562e-01
   2.0000000e+00  -4.3939485e-01  -6.1357597e-01  -6.1164582e-01   3.0429321e-01   2.9878039e-01   1.1906105e+00  -3.0441095e-01   3.0000348e-01  -1.7453563e+00   7.6245345e-02  -3.5825278e-01   4.7175448e-01   2.7838044e-02   9.1068817e-01   1.4020728e+00  -4.0811434e-02   7.9619046e-01  -3.9840753e-01
   2.0000000e+00   3.4862786e-01   1.2408290e+00  -9.2983599e-01   1.4097849e+00  -1.2268659e+00  -5.3781217e-01   8.5087212e-01   6.2359632e-01  -1.9537651e+00   1.3015886e+00   2.4470486e-02  -5.3564634e-01   7.2283383e-02   2.3926267e+00  -9.7034521e-01  -9.9974173e-01   6.7243656e-01  -5.9699516e-01
   2.0000000e+00   1.7100873e+00  -9.3182647e-01   1.8664389e+00   3.1487933e-01  -1.7731599e-01   5.0297911e-01   8.0978026e-01   2.0402835e+00   2.4485608e-01   1.0665156e+00   1.7588440e+00  -1.1284058e+00  -6.3148023e-01   1.7253663e-01   1.2526814e+00  -2.9354892e+00  -1.1217059e+00  -9.4604076e-01
   2.0000000e+00   1.8220807e+00  -5.9071320e-01  -4.4657371e-01  -7.3931358e-01   4.8953409e-01  -1.5732247e-01   4.9599586e-01   5.1943509e-01   9.9558875e-01  -1.9836315e-01   8.8977310e-01  -1.1348017e+00  -9.2610874e-01  -5.3215264e-01   7.6400364e-01  -3.8467689e-01   2.4975094e-01  -1.8013701e+00
   2.0000000e+00   8.8409362e-02   1.3662998e+00  -1.7669078e+00  -3.5163991e-01   1.6757277e+00  -4.9529363e-01  -4.6577341e-01  -9.7078077e-01  -8.6108660e-01  -6.3719628e-01   3.5191108e-01  -8.7704507e-01   1.5527683e+00  -3.5938788e-01   9.6886101e-01   1.8734921e+00   8.4976695e-01   7.1668425e-01
   2.0000000e+00   1.1834761e+00  -1.7680907e-02   8.1419544e-01  -3.3497410e-01  -2.3506918e-01   4.1623823e-01   1.6515673e-01  -2.1527807e+00  -9.2245498e-02   6.3381453e-01  -8.5707588e-01   4.9581419e-01  -1.3033035e+00   8.8800232e-01   7.3943145e-01  -7.2209996e-01   1.8570543e+00  -8.3018180e-01
   2.0000000e+00  -1.8554317e+00   4.9222823e-01  -5.3069068e-01  -5.9939656e-01   2.3856077e-03  -7.5010132e-02   9.7698333e-01   5.0689726e-01   4.2051743e-01  -1.1831826e+00  -1.2744982e-01  -7.1545949e-01   2.5912758e-01   2.7016804e-01   1.2733684e-02  -9.5612806e-01  -1.6385057e+00   8.1500255e-03
   1.0000000e+00   2.1483961e+00   2.0934203e-01   2.7676210e-01  -4.4431340e-01   1.5887134e+00   1.0867338e+00   8.9409713e-01  -7.7853653e-01  -8.8380404e-01   1.5817468e+00  -2.0749293e-01   6.1689222e-01   6.5315767e-01  -3.2991346e-01  -1.0674419e+00   9.9200024e-01  -6.7003047e-01   8.6761899e-01
   2.0000000e+00   9.7047813e-01   1.7694688e+00  -4.4901570e-01  -7.3583977e-01   7.2690032e-01  -3.5434514e-01   1.2095286e+00   2.9723705e-01  -1.5721004e+00   1.6929816e+00   4.4859358e-01   9.6273795e-01   6.1466619e-01  -2.0859209e-01  -1.1086191e-02  -1.5761941e+00   3.9865552e-01   1.0844809e+00
   2.0000000e+00   1.2092510e+00  -1.2807709e+00  -4.7522617e-01  -2.0406248e+00   4.9304217e-02  -4.6900961e-01  -5.1832663e-01  -1.9787238e-01   5.4511042e-01   3.1109354e+00   1.1537064e+00  -1.5769405e+00  -3.4924681e-01  -1.5818935e+00  -2.8950358e-01   7.9000915e-01   8.0934878e-01  -1.1614690e-01
   2.0000000e+00  -9.0004573e-01   4.1975243e-01  -1.5316821e+00  -4.3406368e-01   5.0815854e-02   9.2565758e-02  -1.0246888e+00  -3.4402538e-01   1.1294464e+00   3.1458520e-01   4.8127190e-01  -9.1290270e-01   1.2017278e+00   3.5741286e-01  -1.7728804e+00   6.5185528e-01   7.8714872e-01   4.3628451e-01
   2.0000000e+00  -8.4536951e-01  -1.4248889e+00  -2.8738758e-02  -2.5401623e+00  -9.0985608e-01   1.6831407e+00  -1.4628918e+00   2.6050646e-01   1.0886169e-01   1.0476087e+00  -1.9744874e+00  -7.9468225e-01   2.2670303e+00   1.5735482e+00  -6.5518718e-01  -2.1487487e+00  -6.5753133e-01   1.8891710e+00
   2.0000000e+00  -5.1044960e-01  -8.2463572e-01   1.8865188e+00  -6.8825246e-01  -1.5639224e-01   4.8244827e-01   8.4986157e-01   1.1768667e-01  -7.2799070e-01   1.5604902e+00  -3.6405432e-01  -2.4485171e-01   1.5112944e+00  -1.7361528e+00  -3.6134628e-01  -2.6027995e+00  -5.5414711e-01   9.0940079e-01
   2.0000000e+00  -1.1925245e+00  -7.4354824e-02   7.4624687e-01   3.9443674e-01   1.1726807e+00   3.2027358e-01   7.9270728e-01   4.3752674e-02   1.8641647e+00   1.1640802e+00  -1.1856019e+00   3.0459479e-01  -4.7024107e-01  -7.8242457e-01   1.2777643e+00  -3.5913823e-01  -1.9582372e+00   2.5342854e-01
   2.0000000e+00   2.2312025e-02  -1.2524717e+00  -7.9673152e-01  -5.2572700e-01   1.9254931e+00   1.4671830e+00   6.6055939e-01  -9.6562461e-01   2.3299449e-01   2.2837090e+00  -2.4664384e-01  -6.5868489e-01  -1.5907655e-01  -1.9439161e+00   1.6637243e+00   3.2546726e-01  -1.4611959e-01  -2.6887541e-01
   2.0000000e+00  -1.6989434e+00  -3.2156291e-01  -6.5184261e-01   1.9153173e+00  -8.5403825e-01  -6.5939888e-02   1.0489463e-01  -8.1127709e-01   2.6850435e-02   5.1280667e-03  -5.9895963e-01   1.4187456e-01   1.6995704e+00  -1.7085050e+00   1.8982974e+00   6.2380531e-01  -5.1746139e-01  -4.6060497e-01
   2.0000000e+00  -1.0752918e-01   1.3940059e+00   7.3497135e-01   4.5062773e-01  -3.8934539e-01   1.7650082e+00   3.1959761e-01  -2.0022703e+00   1.0369864e+00  -1.6617138e+00   5.7490551e-01  -1.4918805e+00  -2.7799044e-01  -1.0929533e+00   7.7619474e-02  -2.4070341e+00   4.1242193e-01   1.5903711e+00
   2.0000000e+00  -2.3706483e+00   1.4016007e+00  -7.4845447e-01   5.5124437e-01  -1.9555793e+00   1.9238401e+00  -2.5539274e-01  -2.7777101e-01  -6.7715000e-01   2.4221405e-01   1.1281553e+00  -3.0693045e-01   4.7322379e-02   1.2439409e+00  -2.7595418e-01  -6.6074749e-02   4.3737053e-01  -2.7148677e-01
   2.0000000e+00   3.9836475e-01  -5.4020162e-01  -6.9465428e-01  -6.5389859e-01  -4.5737832e-01  -6.4098310e-01  -8.9407868e-01  -8.9374207e-01  -4.1555694e-01   8.2807127e-01  -6.9236597e-01   1.4436030e+00  -1.1049704e+00  -1.1059934e+00   8.3554132e-01   3.3539165e-01  -7.0679503e-02  -5.2667985e-01
   2.0000000e+00   5.0608106e-01  -3.0001077e-01   8.3966723e-01   3.3136339e-01  -8.2866563e-02  -3.3314621e-01   1.2320555e-01  -5.8946750e-01  -1.0255617e+00   8.3564422e-01  -2.1183145e+00  -9.2722882e-01   1.0165812e+00  -7.1951382e-01   6.5657972e-01  -1.4209637e-02  -9.6292647e-01   6.3819828e-01
   2.0000000e+00   5.8096881e-01  -6.8872886e-01  -8.2884279e-01   7.0653308e-03   2.4000809e-01   2.2211325e+00  -8.7044553e-01  -1.1238275e+00  -6.1441636e-01   1.1017000e+00  -9.1021603e-01  -1.2228270e+00  -9.0189319e-01  -9.5244458e-01   1.1231868e+00   1.5086314e-01  -1.0422027e+00   3.9487943e-01
   1.0000000e+00  -5.3902516e-01   6.4102504e-01   1.2883297e+00   1.0692668e+00   7.9634817e-01   5.4903373e-01   4.7400468e-02   4.9970802e-01   1.4102886e+00   1.2868014e+00  -1.9084969e+00   1.3098332e-02  -4.3248100e-01  -3.4992026e-01   1.8373721e+00   1.6289420e+00  -2.7068192e-01   9.9624802e-01
   2.0000000e+00   4.1062870e-03   1.5357378e+00   1.3701944e-01  -2.4996547e-01   1.2057382e-01  -1.1797358e+00   1.4617529e+00   1.4268334e+00  -2.0638091e-01   8.4616614e-01  -1.0092282e+00   1.2321711e+00  -2.2880001e+00   3.3132515e-01  -8.5440749e-01  -2.9840753e-01  -1.3094766e+00   3.7189243e-01
   2.0000000e+00  -8.0318791e-01  -1.7135118e+00   1.1334920e+00  -4.9126142e-01  -8.5493142e-01   2.8935046e-02   3.4209050e-01   3.2925222e-01   6.7770582e-01   7.4107169e-01   4.0806523e-01  -1.1878864e-01  -1.1795356e+00   1.8193897e-01  -1.1281184e+00   7.8602826e-01   2.1831487e-01  -1.4040328e+00
   2.0000000e+00  -3.3184318e-01   9.6857412e-01  -3.9186181e-01  -1.0375539e+00   5.3386726e-01  -3.0856125e-01   4.9863337e-01  -8.1904255e-01  -1.2502551e+00   3.5739624e-01  -1.2221201e+00   2.9567164e-01   2.0313430e+00   2.6404289e-02   1.5231862e-01   1.2812324e+00  -8.8482469e-01   1.0376851e+00
   2.0000000e+00  -1.6706664e+00  -6.5958679e-01   6.7641629e-01  -7.4359742e-01   2.1928750e-01   8.0748226e-02   8.1884189e-01   4.7387478e-01  -1.1513696e+00  -1.4618363e+00  -6.1804322e-01  -1.0734232e+00  -4.0418433e-01   1.1440960e+00  -7.5714157e-01   4.2414715e-01  -1.1176422e+00   5.2093024e-01
   2.0000000e+00  -9.9168981e-01   1.1214206e+00   2.8888071e-01   9.5815995e-01  -2.3098957e-02   1.3577352e+00   1.8688180e-02  -5.4690836e-01  -3.0684270e-03  -1.2986466e-01   4.4004855e-01   8.3477383e-01   7.7253232e-02   4.8450457e-01   2.5599690e-01  -9.2803972e-01  -8.7721375e-01  -4.0318828e-01
   2.0000000e+00   1.3000361e+00  -1.0775495e+00  -8.7389190e-01   5.7104229e-02  -4.6844178e-01   1.5019176e+00  -4.7751767e-01  -2.2883234e-01   1.7966276e-01   3.1769550e-01  -1.3539050e+00   4.3374893e-02  -1.0690960e+00  -2.6998639e-01  -9.2944305e-01   9.9782105e-02   6.6668954e-01   6.3066133e-02
   2.0000000e+00   2.4738227e-01   1.6287245e+00   1.6028997e+00  -1.4026266e+00  -9.8223965e-01  -3.5666184e-01   4.4397698e-01   3.3258415e-01   9.4902601e-01  -1.8731097e+00   1.1052908e-01   1.3703094e+00  -2.4233304e+00  -2.0281934e-01   3.1182392e-01  -3.4685951e-01   8.1089103e-01  -1.6226846e-02
   2.0000000e+00   4.7490923e-02   1.2141740e+00  -5.5358511e-01   4.1330726e-01  -4.8986005e-01  -2.6690248e-01  -7.8043159e-01   2.5469450e-01  -1.1819050e-01   7.6441955e-01  -3.2217969e-01   1.6964814e+00   1.3959796e+00  -9.1346491e-02  -1.7246252e-01  -7.2397995e-01   2.0494713e-01  -5.1932088e-02
   2.0000000e+00   4.1121329e-01  -1.5081506e+00  -7.5765924e-01   1.8937143e+00  -1.2920189e-01  -2.0583824e+00  -7.1745067e-01  -2.6806532e-01   7.4941809e-01  -5.6122322e-01  -1.2166951e+00  -1.2595656e+00  -1.0616751e-01   1.8088257e+00  -4.4224303e-01  -1.7273462e+00  -1.0161562e+00  -4.9261678e-01
   2.0000000e+00   1.1902545e+00   7.7653722e-01  -6.3281318e-01   3.1553641e-01   4.7979889e-01   1.9976622e-01  -1.0858601e+00  -1.6462402e-01   9.9762085e-01   6.4351398e-01   1.4181024e+00  -4.0603262e-01  -3.4688244e-01   7.0296107e-01   1.3265420e+00  -7.7843231e-02  -7.2548009e-01   1.5495261e-01
   2.0000000e+00   1.6653557e+00  -5.0694285e-01  -1.2046276e+00   1.9521943e+00   9.5261494e-01  -1.7851855e-01  -2.5430874e-01  -1.9349787e-01   1.3031173e-01  -6.0058712e-01  -1.4448002e-01   1.0371408e+00  -1.8214479e+00   8.9981395e-01   1.0363607e+00  -6.4097429e-01  -1.1848921e+00   1.2010236e+00
   2.0000000e+00   5.6255328e-02   9.1778066e-01   3.1039467e-01   3.9881933e-01   1.2197193e+00   1.5777355e+00   1.0558308e+00   4.9857728e-02  -3.0984962e-01  -5.9161854e-01   4.3086581e-01  -2.4103708e-01   1.9844867e+00  -1.1209600e+00   3.4737008e-01  -8.7358428e-01  -9.0126282e-01   9.0622149e-01
   2.0000000e+00  -5.7361999e-01  -3.1662305e-01  -9.0688618e-01   5.5713298e-01  -6.3842890e-01  -6.9571921e-01   1.8923742e+00  -1.6970544e-01   4.3071151e-02   7.0949483e-01   6.8935934e-01  -1.8303886e-01   4.5002984e-02   8.4643292e-02  -3.6268183e-01  -1.4047970e-01  -1.5634107e-01  -4.4884893e-01
   2.0000000e+00   1.6015527e+00  -3.7960939e-01  -4.7230694e-01   9.2277004e-02  -1.9817317e-01   7.6848773e-02   9.6845605e-01   1.3702905e+00  -9.1277298e-01   9.7424401e-01   4.2149763e-01   1.2667370e+00   1.1982728e+00  -1.1553574e+00  -1.1763823e+00  -5.3443384e-01   3.7325605e-01   1.2414447e+00
   2.0000000e+00   2.2768877e-01   1.4116259e+00  -1.8685573e-01  -1.5754115e-01  -4.3900999e-01  -3.3943145e-01  -1.9721971e+00   8.9201855e-01  -4.6381527e-01   1.7178900e+00  -2.6833633e-01  -8.6373660e-02   7.2101221e-01  -1.2512651e+00  -1.6498369e+00   2.3531954e-01  -6.8977791e-01  -1.3222884e+00
   1.0000000e+00   1.5507477e+00   8.4615730e-01  -3.4365918e-01  -8.6547154e-01   5.9121889e-01  -3.8594604e-01   1.1188319e-01   4.7218445e-01  -8.4579893e-02   7.2190663e-01   7.8185221e-01   6.2162115e-01   5.8692933e-01   5.9668187e-01  -8.3097532e-01   1.1038999e+00  -3.6083151e-01  -1.0997739e+00
   2.0000000e+00  -9.1484872e-01   1.5351514e+00   1.3849368e+00  -1.4312786e+00  -3.2792101e-01  -6.6019121e-01   4.5103899e-02  -3.6827100e-01   3.1364214e-01  -1.5627570e+00   7.6957846e-02   1.1213296e-03  -2.1627334e+00   5.2437604e-01  -5.7199479e-01   6.2506595e-01   2.5001817e-01   2.2278212e+00
   2.0000000e+00   1.0966013e+00   1.1715503e+00  -3.4969859e-01  -1.6085654e+00  -2.0523483e-01  -3.1672368e-02  -8.8420493e-01   4.3522322e-01  -2.8090164e-02   3.9870409e-01   1.9055474e+00   5.9003699e-01  -7.1341305e-01  -3.8949376e-01  -7.0605191e-01   1.0168777e+00  -5.9055320e-01  -3.3483392e-01
   2.0000000e+00  -5.9195507e-01  -1.1427539e+00  -4.6051304e-01  -4.0927168e-01  -8.0577862e-01   9.0788030e-01   1.3902998e+00   1.5873021e+00  -4.8069446e-01  -1.8587884e+00  -7.2918791e-01   8.6151369e-02  -4.0770398e-01   1.0463947e+00  -4.5606499e-01   3.8812884e-01  -7.8771893e-01   5.7985375e-02
   2.0000000e+00  -2.5773332e-01   1.0259901e+00   3.5180818e-02  -7.4317281e-01   1.3883207e+00   8.0952470e-02   6.1711500e-01   2.4036775e-01   1.6193072e-01  -6.6954443e-02  -1.9666421e-01  -1.2643516e+00  -1.1942958e+00  -1.6062379e-01  -1.1038905e-01   4.2678900e-01  -4.0552218e-01  -2.6350545e-01
   2.0000000e+00  -1.5230271e-01   1.6494098e+00  -2.2002667e-01   1.7153878e+00  -1.7182417e+00   3.7351521e-02  -1.3243236e-01   9.4216104e-01   1.1347677e+00   3.6256177e-01  -6.3082097e-01   5.1570863e-01  -1.8016599e+00   3.1535446e-01   2.4015521e-02   3.1466107e-01   1.8310023e+00   1.2937343e-01
   2.0000000e+00   4.9315199e-01   7.2643324e-01   3.9221764e-01  -2.7860361e+00   9.5496424e-01   7.8045236e-01   9.0910497e-01  -9.7712519e-01  -5.3435116e-01  -1.1303808e+00   1.1778237e+00   1.9090536e-01  -6.9324093e-01  -8.4119538e-01  -1.6094558e+00  -2.2817011e+00  -1.5455168e+00   9.4042130e-02
   2.0000000e+00   8.1592576e-01  -1.3523389e+00   1.2038005e+00  -1.2018459e+00  -4.8856534e-01  -8.4339251e-01  -2.1135941e-01   1.4226835e+00   1.1514001e+00   1.3392747e+00   1.7509602e+00   8.1475910e-03  -1.6074884e+00  -7.6643823e-01   8.2168922e-01  -1.8748875e+00  -1.5912422e+00  -3.6246380e-01
   2.0000000e+00  -2.1424469e+00   5.1037333e-02   6.7169340e-02  -1.5035108e+00  -1.4587656e-01   2.1584116e+00   5.1914456e-01  -6.9693682e-01   4.8894882e-01  -7.0023731e-01  -2.9659905e-01  -1.7368562e+00   5.0318944e-01  -1.0910097e-01   1.9919865e-01   6.1646506e-01   5.4561156e-02  -9.9370582e-01
   2.0000000e+00  -6.0634770e-01  -4.4105735e-02  -4.4448388e-01   1.0534226e+00   1.0766069e+00  -4.6579937e-01   1.3564760e+00  -3.4908446e-01   6.4245812e-02  -8.0580140e-02  -5.0801178e-01   1.7471705e+00  -2.1334848e-01   2.0684357e+00  -5.3617882e-01  -2.5972584e-01  -1.0472793e+00   1.3915972e-01
   2.0000000e+00   1.7213428e+00  -9.4469936e-01  -1.1603254e-03   7.1649370e-01   6.3456335e-01  -1.6646455e+00   6.0126851e-01  -1.1201218e+00  -1.6425337e+00   9.2510522e-02  -1.4241312e-01  -5.5039692e-01   6.9342102e-02  -8.8659759e-01   3.6363582e-01   7.4640135e-01   6.0895796e-01   1.4582461e+00
   2.0000000e+00   3.6677681e-01   9.5647161e-01   2.7894094e-01  -1.4245971e+00   9.1020392e-02  -3.2245164e-01   1.7656374e+00  -5.9925402e-01   1.5011883e+00   9.1255345e-01   8.1944164e-01  -2.6516033e-01   6.3919420e-01  -3.8996660e-01   5.1077960e-01   1.9855509e+00  -1.8593077e-01  -1.4868767e-01
   2.0000000e+00   7.9659051e-01  -1.0677122e+00   3.4420853e-02   3.1651020e-01  -1.7376999e+00   1.1495630e+00  -6.0159029e-02  -4.4613392e-01  -2.1046989e+00  -1.3643401e+00   7.8517424e-01  -1.3488129e+00  -1.9239835e+00   1.9775550e+00   1.2187957e+00  -1.4030167e+00   1.5514729e-01   7.4696028e-01
   2.0000000e+00  -1.3409779e+00   7.0086895e-01   1.1670129e+00  -7.9239049e-01  -8.9747722e-02   1.6899678e+00   1.6638851e+00   1.6201528e-01   2.7116331e-01   4.4308936e-02   1.1087040e+00   7.1359724e-01  -7.7370928e-01  -1.6686621e-01   3.8875345e-03   2.0794307e-02   8.0004911e-01  -3.7673571e-02
   1.0000000e+00  -8.1765296e-01   2.3627469e-01   1.7268952e+00   2.8731871e-01   7.8726956e-01   5.8115343e-01  -2.1021412e-01   6.7109167e-01  -6.5915371e-01  -1.1676934e+00  -1.5557414e-01   1.5591691e+00  -1.0316551e+00   1.7385109e-01  -2.3610612e-01  -3.1913738e-01  -6.9256175e-02   1.0925966e+00
   2.0000000e+00   9.0339883e-01   5.9373285e-01  -2.9667577e-01   3.4476959e-01   1.3211815e+00   4.9580669e-01   1.4400648e+00  -1.0977964e+00   1.8130394e-01  -7.3987045e-01  -9.9820284e-01  -5.8826388e-01   1.0609527e+00  -2.6909775e-01   8.5855410e-01  -1.6938884e-01   5.9212660e-01  -8.8852177e-01
   2.0000000e+00  -9.0470239e-01  -1.8104687e+00  -2.4584237e-02   8.5245493e-01   2.0693445e+00  -6.3860950e-01  -5.1978697e-01   1.5365322e-01  -1.7030615e+00   9.8740506e-01  -1.1989237e+00   1.9368829e+00   1.0110988e+00   1.3745438e+00  -6.5608737e-01   6.6173755e-01   6.8877285e-01   1.5407775e+00
   2.0000000e+00  -6.9482961e-01   1.0399367e+00  -1.8658305e-01  -1.2557269e+00   6.8794359e-01   2.7913792e-02   6.6497545e-01   7.4556381e-01  -1.4377171e+00  -1.7129903e-01   1.0304747e+00   3.4387550e-01   8.2979077e-01   1.1823376e-01   8.0293395e-01   3.5601248e-01  -2.3616250e+00   5.5314985e-01
   2.0000000e+00  -2.6092727e-01   1.6360131e+00   1.7460798e+00  -1.0432216e+00  -1.2995511e+00  -5.5439436e-01   1.6215420e+00   1.2297014e+00   1.3251408e-01   1.4169335e+00  -1.7456613e-01  -4.5735359e-02   7.2543230e-01   5.6105970e-01   2.7533951e-02  -1.3812666e-01   5.2853330e-03   8.5624782e-01
   2.0000000e+00  -1.0555953e+00   1.8172274e+00   1.4824284e+00   2.1653952e-01  -4.2132481e-01  -1.9034344e+00  -2.9896749e-01   8.6391127e-01  -3.0339561e-01   8.0956989e-01   3.8860289e-01  -7.0936387e-01   2.8535085e-02   1.4474144e-01   1.1801839e+00   1.1122838e+00   1.6046052e+00   3.3531409e-01
   2.0000000e+00   7.8343648e-01  -3.8051784e-01   2.6712139e+00   2.0686332e+00  -1.3031915e+00  -8.9319227e-01  -3.2893930e+00   2.7810707e-01   1.5335043e+00  -3.3917999e-01   9.5640087e-01  -8.2886964e-01   1.6845218e+00   1.0232963e+00  -1.3851773e+00   8.5867604e-01   1.3882820e+00   1.1838192e+00
   2.0000000e+00  -1.9713185e-01   1.0696176e-01  -1.6043538e+00  -1.1766580e+00  -5.6089862e-01  -5.0137271e-01  -1.4447836e+00  -9.8345241e-01   1.3290173e+00   4.0287211e-01   4.5770359e-01  -5.5821362e-01  -1.4154626e+00   1.7992580e+00   8.6179191e-01  -1.8670937e-01  -1.2750721e-01   4.9693830e-01
   2.0000000e+00   7.4753174e-01  -2.3625159e+00   2.0809105e-01  -1.2184081e+00   2.2526873e-01   4.3937310e-01  -2.3330786e+00  -1.0500184e+00   2.8233133e-01   1.8414593e+00  -6.7967496e-01   5.3442679e-02  -1.4782640e+00   4.9802355e-01   1.2305740e+00   2.1826066e-01   7.4938101e-01   6.3926673e-02
   2.0000000e+00  -1.6030036e-01  -1.3411768e-01  -7.9128822e-01  -1.1273181e+00   1.0950995e+00  -1.1348187e+00   2.6039097e-01   7.5584106e-01   2.2143984e-01   9.1406446e-01  -9.1945145e-02   6.9784594e-01   1.4316700e-01   8.9254000e-01  -1.4085598e+00   3.0862370e-01  -1.3938922e+00   7.5890702e-01
   2.0000000e+00   3.9918630e-02  -5.3119427e-01  -1.9970430e-01   8.1205847e-01   5.7531582e-02   1.6709779e+00   9.7979271e-02  -2.3424040e-01   1.0913670e-01  -2.4858360e+00   1.6098967e-01   1.3901410e-01  -1.1697601e+00  -8.4345838e-01  -1.4691405e+00   2.2736287e-01  -9.7447595e-01   1.8407790e-01
   2.0000000e+00  -2.6954947e-01  -5.0264469e-01  -3.4926480e-01   4.9165910e-01  -1.0528751e+00  -5.3941778e-02   2.3942454e+00  -5.0186298e-01  -9.3636623e-02  -8.1291471e-01   6.8921011e-01   5.1601327e-02   3.4645035e-01   6.3267133e-01  -6.7197384e-02   1.0861523e+00  -4.6025364e-01  -1.0223548e+00
   1.0000000e+00   5.3041430e-01   3.7108369e-01  -1.5064388e+00   1.8887298e+00   4.8671780e-01   1.3983858e+00   8.8881503e-01  -1.3843322e+00  -1.1834321e+00  -8.4495418e-01  -7.9085257e-01  -1.2652819e+00   9.0766553e-01  -6.5992736e-01   1.5988624e-01  -1.5528489e+00   8.8607960e-01  -1.8210326e+00
   2.0000000e+00  -2.5173906e-01   1.2440549e+00   2.9061095e-01   5.7114636e-01  -3.1538314e-01   6.0742294e-01   2.8748975e-01  -1.3251260e+00   1.2542296e+00  -1.3613443e+00   1.0608437e+00  -2.4659850e-01   5.4105456e-01   1.1845630e+00  -4.4214339e-01  -2.2601867e+00   6.8327536e-01   5.5061754e-01
   2.0000000e+00   4.1232569e-01  -1.9013678e+00  -5.7203533e-01  -1.6439470e-01  -1.9796858e-01  -1.2527382e+00  -7.2887741e-01   8.2625691e-01  -1.7524175e+00  -1.1669873e+00  -6.9857521e-02   2.1600750e-01  -1.3595531e+00   7.5703592e-01   1.2453056e+00   6.6316178e-01   2.4079190e+00   3.2900798e-01
   1.0000000e+00   8.2136064e-01   8.5904284e-02  -1.4012196e+00   8.5768877e-01   2.5294965e-01  -2.4109050e-01   9.0822244e-01  -3.6032471e-01   1.0129687e+00   2.9591179e-01  -6.0299262e-01  -1.0995195e+00   2.9625864e-01   8.5323877e-02   3.1886765e-01   1.6078299e+00  -4.9850786e-01   4.5502444e-01
   2.0000000e+00   3.1042066e+00  -8.0599423e-01   6.1055630e-01   1.4687556e+00   3.2551426e-01   5.0391153e-01   1.5307911e+00  -4.0107101e-01  -9.6863776e-01   1.2455944e+00  -5.9697269e-01  -1.4477549e+00   6.2729935e-01   6.9751206e-01  -2.2039544e+00  -5.3405789e-01   3.6739192e-01  -1.1425675e-01
   2.0000000e+00   1.0458012e-01  -7.3164496e-01  -1.7326154e+00  -5.1075074e-01   8.6512304e-01  -1.7735466e+00  -1.2701954e+00   5.5681444e-01   8.5675290e-01  -9.9263450e-01   6.7192281e-01   1.8616322e-01  -2.1672968e+00   3.9300258e-01   3.1824782e-01   1.0527874e+00  -7.3876536e-01   6.8827093e-01
   1.0000000e+00  -1.0014010e+00   5.0473313e-01   7.9478608e-01  -1.1328920e+00   6.6620736e-01  -6.8548139e-01   5.9253295e-01  -1.3721125e+00   2.1097670e+00   4.9190437e-01   3.2324113e-02  -5.9887962e-01   1.0063576e+00   2.5751402e-01  -6.1256534e-01   3.3741325e-01   2.2116793e-01  -1.1830329e+00
   2.0000000e+00  -1.9316034e-01  -1.0252597e-01   3.2306275e-01  -1.0338594e+00  -5.1508025e-01  -8.3521236e-01   9.0606706e-01  -1.0764126e+00  -1.5075637e+00  -8.5611958e-01   1.0645604e-01   1.5409841e+00  -3.4812881e-01   6.2166833e-01  -1.3468007e-01   1.9775207e+00   1.4649559e-01  -7.6697942e-02
   2.0000000e+00  -1.2000836e-01  -4.4719856e-01  -3.7801458e-01   2.0464859e-01  -1.2087497e+00  -1.3282545e+00   4.0720440e-02   4.0726234e-01  -1.0853635e+00  -9.1936675e-01   1.4043016e+00  -1.1668638e-01  -3.5040038e-01  -3.5312614e-01  -7.3900864e-01   2.9064474e-01   2.0606954e+00   4.2688055e-01
   2.0000000e+00  -1.2319100e+00  -2.7035200e+00   1.3039089e+00  -7.7542700e-01  -3.0477669e-01  -2.4960602e+00  -1.7311899e-01  -8.6262942e-01   3.9903862e-01   4.8941192e-01   1.1133104e+00  -9.4024457e-02  -1.5762028e+00   9.2289437e-01   1.5336613e-01  -2.7864230e-01   2.5542262e-01  -2.9659803e-01
   2.0000000e+00   3.3414144e-01   1.4992204e+00   5.3452504e-01  -6.3635732e-01   8.2696534e-01   1.4054997e-01  -3.4734852e-01   8.5241701e-01  -1.0119181e+00  -2.8135956e-01   1.9718283e+00  -4.8539033e-02   7.0217518e-01   7.3709681e-01   7.2694657e-01   6.7670413e-01  -2.2215796e-01   7.6989766e-01
   2.0000000e+00   1.4995983e+00  -3.1063968e-01   1.8963556e+00   5.3514924e-01  -1.0011398e+00   2.7716796e-01   1.0106704e+00   6.6270571e-01   3.5260567e-01   7.5405636e-01   8.2285903e-01  -9.1734684e-01  -8.8834259e-01  -4.6031516e-01   4.1894377e-01  -2.6344756e+00  -1.3727197e+00  -2.1190164e-01
   2.0000000e+00  -9.8827563e-01  -9.5797293e-01   8.3640868e-02   4.8938059e-02  -1.0291223e+00  -7.7478456e-01   9.9483527e-01   1.2711012e+00  -2.4465728e-01  -5.8385397e-01  -2.8077135e-01   2.3260179e-01  -2.3295253e-01  -6.9661229e-01  -1.2243753e+00   8.6246588e-01  -2.1125983e-01  -9.6589003e-02
   2.0000000e+00  -2.7613732e+00   2.6129108e+00  -2.3736934e+00  -1.3180122e+00  -9.6039879e-01  -1.4889563e+00   1.4799577e-01   1.0178942e+00  -1.0141353e-03  -1.3870936e+00  -2.3388242e-01   1.1645756e-01   6.2531380e-01   6.9565961e-01  -1.9154682e-01  -8.4851696e-01  -1.6655944e-01   1.5551283e-01
   2.0000000e+00   9.1288334e-01   4.3232469e-01   8.8510130e-01   3.4432084e-01  -2.2819792e-01  -6.7049307e-02  -1.5911792e+00  -7.5351687e-01   1.2231756e+00  -2.1339348e-01   1.4522724e-01   4.6997319e-01  -4.3921878e-01   1.2698031e+00   1.0305097e+00   3.5484203e-01   2.2068687e-01  -5.6249327e-01
   2.0000000e+00  -7.5169767e-01   1.3111436e+00   1.7522429e+00   3.1581309e-01  -1.9402955e-01   1.6702014e+00   7.7733492e-01   5.4940092e-01   1.9098083e+00  -9.2977209e-01  -5.4368223e-02  -2.0072444e-01  -3.5048421e-01   5.2964530e-01  -7.1715272e-01   1.2814480e-01  -8.1664696e-03   7.3700607e-01
   2.0000000e+00  -9.3377609e-01  -4.8962358e-01  -5.3791054e-01   1.0002234e+00   1.9395283e-01   2.3587951e-01  -4.4060659e-01   1.0747919e+00  -5.0488784e-01   8.2714436e-01   1.0887765e+00   4.4389406e-01   4.1905402e-01   1.4894266e-01  -5.2632021e-01  -5.9613369e-01  -2.6658892e-01   6.5739623e-01
   2.0000000e+00  -4.5171817e-01  -7.8724942e-01  -7.1585486e-02   7.3787414e-01  -2.0253584e-01   4.8858524e-01   2.1166143e-01   9.1596194e-01   5.4162754e-01  -1.2154440e+00   1.6577112e+00  -4.2453512e-01   5.2684840e-01   8.4964123e-01  -1.2934870e-01   1.8795006e+00  -1.2107039e+00   1.1454285e+00
   2.0000000e+00   3.6098759e-01   4.1907762e-01  -1.9631544e+00  -1.1554996e+00   1.8431648e+00   5.4591354e-01   1.1851970e+00  -1.4120782e+00   1.2872520e+00  -7.0477662e-01   4.8217400e-01   1.3356039e+00  -4.1545057e-01   1.6432248e+00   1.4889898e-01  -1.3275387e-01  -1.2119858e+00   1.6857614e+00
   2.0000000e+00   4.5464431e-01  -1.7887951e+00  -5.0757613e-01   1.7774748e-01   7.9493200e-01   2.2372322e+00   1.7778318e+00  -2.0674712e+00  -7.8699515e-01   1.5503136e+00  -3.5632530e-01   2.4582437e+00   1.0089827e+00   1.0031269e+00  -3.9148372e-01  -6.9637519e-01  -6.1374035e-02  -6.5293521e-01
   2.0000000e+00  -7.9094335e-01  -7.3739903e-01   1.4385568e+00  -7.9365286e-01   3.0049947e-01   1.2133262e+00   1.4008115e+00  -7.7847595e-01   1.1541931e+00  -3.1860805e-01   5.1027950e-02   1.7350286e+00  -8.0478584e-01   6.3147294e-01   1.3363816e+00   5.7174145e-01   1.9295730e+00   4.5802319e-01
   2.0000000e+00  -3.3532419e-01  -9.6983144e-01   1.2004737e+00  -1.7095726e+00  -3.1124373e+00   4.6805313e-01  -3.4648413e-01  -1.9099062e-01   3.1693761e-01  -1.6122403e+00   1.1408452e+00   9.8509342e-01  -1.6681930e+00   9.7557107e-02  -1.0237743e+00   4.7789392e-01  -2.6836431e-02   1.3092118e+00
   2.0000000e+00  -8.1575382e-01  -2.1294547e-01   2.1212910e-01   2.6459232e-01  -2.2120652e+00  -7.5171202e-01  -1.4738329e+00  -1.4219008e+00   1.5386730e+00  -1.4556452e-01  -1.1997755e-01   4.8468081e-01   8.2695158e-01   8.6147307e-01   2.2026875e+00   9.1341951e-01   1.3636176e+00  -8.6681704e-01
   2.0000000e+00  -2.2656080e+00  -1.1518100e+00   3.8631680e-01   1.5795443e+00  -9.8331061e-01  -5.9127002e-01   9.8126761e-01  -2.0208339e-01  -9.1732544e-01  -8.7068694e-01  -1.8392124e+00   5.9128480e-01   3.1696188e+00   3.6659727e-01   9.3733905e-02  -1.0162319e+00   1.5703930e-01   5.4107141e-01
   2.0000000e+00  -2.7899650e-01  -7.3366265e-01  -1.4605680e+00   1.4498579e+00   7.3274582e-01  -7.7739987e-01  -1.7264228e+00   9.4470799e-01   8.0021251e-02  -1.4188888e-02   9.9046038e-01  -9.8171779e-01   6.9281594e-01  -1.5113882e+00   1.1714600e+00   1.7705704e-01  -2.1213901e+00  -7.7286292e-01
   2.0000000e+00   4.7200194e-02  -8.5821622e-01   2.3691643e-01  -1.6899089e-01   1.6660244e-01   4.5352284e-02  -6.2651193e-01   3.0404992e+00  -9.7802919e-01  -1.8450093e-01   1.5822492e+00  -2.2275992e+00  -5.2812380e-01  -9.0843650e-01  -4.8883389e-01   9.0033717e-01   2.1230592e+00   8.7042034e-01
   1.0000000e+00   2.4125951e-01   5.2486734e-01   2.3438048e-01  -5.6021644e-01  -1.5583056e+00   4.1782133e-01   4.8927230e-01  -1.4458010e+00  -5.7885906e-01  -2.0064859e+00   2.4144298e+00  -2.0688008e+00  -5.6143425e-01  -6.4978741e-01   3.0179456e-01  -9.5960076e-02   1.4524122e-01  -3.3799423e-01
   2.0000000e+00   7.8345884e-01  -8.4045373e-01  -1.1585568e+00  -1.4350381e+00   4.3353763e-02   3.7141196e-01   1.2727819e+00   8.3671064e-01   8.6651447e-02   5.6619337e-01   6.2070728e-01  -3.2974256e-03  -6.3274017e-01  -1.2675015e+00   5.2505403e-01   3.2312375e-01  -1.2838617e-01  -3.0730963e-01
   2.0000000e+00   1.3572482e-01  -6.5210562e-01  -4.1994789e-01  -8.7399867e-01  -9.4021253e-02  -9.4190519e-01   9.2897350e-01   7.7544265e-01  -7.7622779e-01  -1.5898163e+00   3.2835979e-01  -2.0360371e+00  -1.2365605e+00   2.5583819e+00   9.3782188e-01  -1.2182286e+00  -1.8904680e+00  -8.5975765e-01
   2.0000000e+00   1.3893810e+00  -5.8259046e-01  -9.0441311e-01  -8.3848786e-01  -4.9060862e-01   1.0944575e-01  -2.1261306e-01  -1.3603098e+00   7.2664500e-02  -1.2605387e+00  -5.4640965e-01  -2.3756822e-01  -7.4880696e-02   5.7289594e-01   4.9107238e-01   3.3312178e-01  -3.0280660e-01  -8.1063436e-01
   2.0000000e+00  -1.3625658e+00   2.4152651e+00  -5.5564147e-01  -1.0121734e+00   2.6336607e-01  -5.0058226e-01  -1.1536625e+00   1.5398602e+00  -2.0829400e+00   7.4882731e-02   8.1076379e-01  -1.4695368e+00   9.2644408e-02  -4.8754501e-01   1.7677986e+00   9.5650943e-01  -9.4092284e-03  -1.0325506e+00
   2.0000000e+00  -1.2761790e+00  -1.1708968e+00   2.2216106e-01  -4.2585103e-02   1.6231837e+00  -3.6711709e-01  -2.9240871e-01  -9.9863839e-01   5.6012689e-01   7.4494516e-01  -8.5589216e-02  -4.8604618e-01   4.6090512e-01  -5.2005321e-01  -4.1415617e-01   6.3861761e-01   8.0959740e-01   6.4262076e-01
   2.0000000e+00  -1.2461280e+00  -1.4090148e+00   3.8441178e-01  -2.9447131e-01  -7.6308900e-02   7.0131079e-01  -4.2403124e-01   6.3273779e-01  -4.3849753e-01  -5.9056076e-01   5.3767281e-01   2.3654081e+00   1.1068942e+00  -2.2313624e+00   1.0877073e+00   2.6257366e-01   1.5202496e+00  -7.2728787e-01
   1.0000000e+00  -4.2983511e-01   7.5159703e-01  -2.5566605e-01  -3.2401915e-01   1.0414132e+00   1.5059988e+00   1.3752928e-01   9.3927411e-01  -3.1590307e-01  -4.1019868e-02   3.7108653e-01  -1.5106039e-01   1.8454022e+00  -7.0004822e-01   2.0553585e+00  -2.2364347e+00   1.1784769e+00  -8.9523843e-01
   2.0000000e+00  -2.6315865e+00  -2.9742577e-01  -9.5439554e-02   3.9373667e-02  -7.6421765e-01  -2.6525345e-01  -3.4537942e-01   6.6485344e-02   6.8616803e-01  -1.7181556e-01   5.9347217e-01   1.2353268e+00  -3.0326702e-01  -2.3196156e+00   7.9129975e-01   9.8594558e-01   5.2914647e-01   7.0786543e-02
   2.0000000e+00   9.5456893e-01   8.1325503e-01   2.0362182e+00   9.4538470e-01   1.4635181e+00  -5.5381126e-01  -2.6364504e+00   4.8764312e-01   5.5560922e-02   7.0128973e-01  -1.9767673e-01  -1.1373973e+00  -9.9500914e-01   5.5222764e-01  -1.9246692e-01  -1.0275789e+00  -3.3728303e-01  -1.3892912e+00
   1.0000000e+00   5.8608844e-01   8.1235135e-01   4.5652214e-01  -2.2855837e-01   5.1073201e-02  -2.3655372e-01   1.8414698e-01   1.4310427e+00  -4.7234372e-01  -3.9889182e-01  -2.4626210e+00  -6.1371794e-01   6.1553926e-01   2.5273570e-01  -8.0597725e-01   3.9490855e-01   8.0441901e-01   1.5049658e-01
   1.0000000e+00  -1.6770486e-02   1.5024848e-01   3.0858531e-01  -1.0072957e+00  -1.0525330e+00   5.8183713e-02   6.0701730e-03   5.3237550e-01   1.4355910e-01  -3.5007387e-02   4.8645382e-02  -3.3969154e-01  -5.4574017e-01   4.9535478e-01   7.1232041e-01   5.3422104e-01  -2.5321543e-01   2.4949925e-01
   1.0000000e+00  -7.9361963e-01   3.6325338e-02   1.0240453e+00   8.9793036e-01  -1.1805541e+00   3.8078897e-01  -4.9634462e-01   5.8211100e-01  -5.2628272e-01  -4.5001054e-01  -9.4750173e-01   1.6035021e-01   3.2473435e+00  -5.4170095e-01   1.3893074e+00  -8.3953568e-01  -2.2721676e-01   2.7001276e-01
   2.0000000e+00   3.4541930e-01  -1.5218222e-01  -1.3277408e+00  -2.3629125e-01   1.0903740e+00   1.1466980e+00  -4.0231313e-01  -1.2996079e+00  -3.2013738e-01  -1.9394116e-01   3.7777165e-01  -1.4658431e+00   1.5110695e-01  -7.1184805e-01  -8.0360214e-01   2.7825421e-01   6.6589114e-01  -2.2498374e+00
   2.0000000e+00  -9.7422941e-01  -4.9153453e-01   1.3176079e+00  -1.4984899e+00   2.9023596e-01   6.9764409e-01   6.1419381e-01   6.3252706e-01   4.6244976e-01   5.9339552e-02  -1.2566149e+00   8.8514606e-01  -2.2023231e-01   1.8690044e+00   3.8006515e-02   4.0549461e-01  -1.1100845e+00  -1.3692782e+00
   2.0000000e+00  -3.4874621e-01   1.6259750e+00  -1.6508238e+00   1.5740661e+00   1.1852742e+00  -5.0826941e-02  -1.1418636e-01   1.7295662e+00  -9.8662072e-01  -1.6709913e+00  -1.7987711e-01  -9.9757501e-01   2.9351769e-01   4.6658736e-02   1.3091580e-01   1.2921346e+00   4.3864936e-01  -6.4934486e-01
   2.0000000e+00   2.9050535e-01   9.4993856e-01   8.8227495e-02   1.0305137e+00   1.9085331e+00   1.1579840e-01   3.1101718e+00  -3.7521078e-01  -1.0018569e+00   1.3642519e+00   7.5817328e-01  -3.0154242e-01   1.0969494e+00  -2.5833301e+00   3.9342936e-01   1.7502170e-01  -9.3099066e-01  -1.5352761e-01
   2.0000000e+00  -6.7977221e-01  -5.9683463e-01  -6.6873468e-01   1.0395049e+00  -6.5623599e-01  -1.0338218e+00   9.9652939e-02  -3.1755717e-02  -2.5486859e-01  -1.3263483e+00   2.8279146e-01  -2.3837998e-01  -7.6582810e-01  -1.5369791e-01  -1.3564950e+00  -8.0545939e-01  -2.7601333e-01  -1.5895874e+00
   2.0000000e+00  -6.5639946e-01   1.9369708e+00   3.9999971e-01  -1.1015334e+00  -8.2153079e-01   8.8587446e-01   5.6153497e-01   1.0671255e+00   4.7180967e-01   8.8768633e-01  -7.1046189e-01   5.7993093e-01  -9.8291151e-01   8.7959866e-01  -3.7054260e-02  -2.7205077e+00  -2.5015069e-01  -5.1181627e-02
   2.0000000e+00   4.1942903e-01   7.3590401e-01  -7.2440048e-01   8.8507522e-01  -7.2006474e-01   1.1058449e+00  -8.0389308e-01   1.2847767e+00  -7.0976960e-01   1.1332492e-01  -5.0271321e-01  -1.3620366e+00  -4.7788348e-04  -7.1273711e-01   1.0835720e-02   7.4548304e-01  -3.9499653e-02  -6.1552572e-01
   2.0000000e+00   9.8056150e-01  -1.1885475e+00   1.3515914e+00  -3.0005233e-01  -4.0266301e-01   7.2799722e-02   1.6597961e-01  -1.0927734e+00  -1.1410124e+00  -8.6694658e-01   6.1844648e-01   1.1172499e-01  -6.0122495e-01  -7.9779633e-01  -7.3716132e-01   9.1784809e-01   1.0766451e+00   1.3299017e+00
   2.0000000e+00   6.2228333e-01  -8.8281231e-01   3.9634102e-01  -4.2815853e-01   8.8985518e-01  -2.4394227e+00   2.0384941e-01  -1.2913915e+00   6.1101211e-01   6.3008932e-01   7.6706004e-01   2.6517872e-01  -1.3716168e+00   2.2165190e+00   1.0055358e+00   9.8432809e-01   8.4820188e-01   7.5294787e-03
   2.0000000e+00  -2.2873478e+00  -9.7184930e-01  -2.4516783e-01  -3.5525159e-01   4.7007939e-01   6.1670718e-01   2.9569451e-01   5.3133953e-01  -2.5297296e-01  -4.0176914e-01  -1.2379327e+00  -6.0329284e-01  -5.9235147e-01  -1.0099369e-01   9.3450443e-01   2.9816402e+00   2.1953445e+00   9.7566392e-01
   2.0000000e+00   6.7953088e-01   1.1740051e+00   3.5558898e-01  -1.0555255e-02  -1.6318395e+00   7.4926981e-01   1.7069309e+00   2.0454028e+00  -1.7934520e+00  -2.5438808e+00   8.6806907e-02   1.8538851e+00   1.6064529e-01  -2.3415712e+00  -3.8763182e+00  -1.3616121e+00   1.4429530e+00   1.3872146e+00
   2.0000000e+00   1.6850618e+00   4.0938739e-01   1.4154672e+00   5.8584341e-01   2.3563094e-01  -8.9725805e-01  -1.0274728e+00   8.5854686e-01  -1.4108243e-01  -2.2754308e-01  -1.2489481e+00   8.5028441e-01  -5.1143701e-01  -1.1071958e-02  -5.9665639e-01   8.7300060e-01  -4.7238249e-01   1.1837570e-01
   2.0000000e+00   7.4250255e-01  -7.0283644e-01   7.0013519e-01  -5.1786093e-01  -3.0394974e-01  -4.2002209e-01  -1.2511387e+00   1.6810312e+00   5.3016117e-01  -9.4302191e-01  -1.0322654e+00  -7.4597458e-02  -7.3246098e-01   1.3989121e+00  -2.1698251e+00  -1.1626760e+00   1.4479934e+00   7.0668380e-01
   2.0000000e+00  -1.7351515e+00   1.7342212e+00   6.0737398e-01   9.3964642e-01  -1.0796156e-01  -9.1430852e-01   1.9557252e-01   4.3035714e-01   6.1394992e-01  -8.6071933e-01   6.6575633e-01   4.0721890e-01   2.3378880e-01   3.4072121e-01   1.6011470e+00  -1.3411456e+00  -5.5617622e-01  -1.4163419e-01
   2.0000000e+00  -9.4651713e-01  -1.5820136e+00  -4.1893580e-02   3.3840520e-01  -4.1395091e-01  -1.1578519e+00  -2.6646851e-01   1.2006654e+00   6.4296967e-01  -1.0250677e+00   3.4475701e-01  -7.6897640e-01   1.3727394e+00   1.1016853e+00  -1.1973446e+00  -4.8030869e-01   1.9311338e+00  -4.7689791e-01
   2.0000000e+00  -3.0320637e-02  -2.8420768e-01  -8.2258385e-01   2.0688869e-01   4.5510051e-01  -3.6997202e-02   4.0682245e-01  -6.5366687e-01   4.3826199e-01   6.2781974e-01  -1.6959744e+00  -2.3102540e+00  -1.3684868e+00  -4.4633624e-01  -2.6772249e-01   4.6580239e-01   1.4313841e+00  -1.1700657e+00
   2.0000000e+00  -1.5287338e+00  -7.1982813e-02  -7.4974422e-03   7.6169744e-01  -9.1145379e-01  -1.0437950e+00   5.6899074e-01   8.0490963e-02   2.2963586e-01  -2.4420538e-01  -5.1892078e-01   1.1736364e-01   5.6777452e-01   1.9833842e+00   1.6946844e+00  -1.1220374e-01  -1.8408636e-01  -3.5793473e-01
   2.0000000e+00   1.6298645e+00  -1.7166671e-01  -3.1663037e-01   1.0954613e+00  -2.2555479e+00  -5.5810934e-02   3.8865659e-01   8.3510612e-01   9.1305683e-01  -3.0866209e-01  -1.1788770e+00  -1.8055022e+00   5.8732871e-01  -1.2032618e+00   1.5593418e+00   1.1981453e+00  -5.4718802e-01  -8.7984197e-01
   2.0000000e+00  -1.5754944e+00   6.3030805e-01  -1.3602777e+00  -7.1079231e-01   1.2817602e+00   2.8318382e-01   1.4740850e+00  -1.1015523e+00  -1.8799973e+00  -3.5890462e-01   1.4820849e+00  -3.0648964e-01   1.4135180e+00  -6.1371393e-01  -2.9492732e-04  -3.9118116e-01  -1.1056226e+00   8.3476015e-02
   2.0000000e+00   1.9057889e+00  -1.7275072e-01  -1.0076739e+00  -3.1156607e-01  -1.3989599e+00   3.3516571e-01  -4.3840884e-01   4.1241670e-02  -5.2973554e-01   5.9418277e-01   2.1610892e+00  -8.1257413e-01  -1.2063613e+00   8.9767589e-01  -8.6816683e-01   9.7695764e-01   1.9801738e+00  -5.6442964e-01
   2.0000000e+00   1.8231173e+00  -9.8732575e-01  -4.9809294e-01   1.1752365e+00  -8.5879150e-01  -1.1366209e+00   1.7544992e+00  -1.6459895e+00   4.6927687e-01  -6.2603294e-01  -6.7831126e-01  -3.8564570e-01   3.4716496e-01   2.3147872e-01   7.0613877e-02  -2.8526326e-01  -4.1782834e-01  -6.3157713e-02
   2.0000000e+00  -3.8573805e-01   3.2703562e-01   2.5095241e-01  -1.2373149e+00  -1.4044998e-01   6.6699216e-02  -1.9098786e+00  -4.9216714e-01   1.2660201e-01  -6.3387887e-01  -2.1924562e+00  -1.6309372e-01  -7.7441505e-01   5.7167486e-01  -7.9597418e-01  -5.3538157e-01  -5.2577798e-01  -1.4838954e-01
   1.0000000e+00  -2.6661871e-01   2.4043422e-01   2.7951108e-01  -3.3626949e-01  -8.1622539e-02  -1.4267287e+00  -3.4812897e-01   2.5454606e-01   4.4796794e-01   9.6065508e-01   1.4539057e+00   1.1487402e+00  -5.7222311e-01  -9.8257799e-01   3.2575102e-01   1.2200267e-01   1.1352147e+00  -1.0715701e+00
   2.0000000e+00  -3.5208255e-01  -3.0816296e-02   1.4617988e+00   7.2785739e-01   7.8693137e-01  -1.3582629e-01  -4.1000334e-01  -3.6256438e-01   1.9443429e-01  -5.3118208e-01   1.2537833e+00   3.6426737e-01   5.1926583e-03   4.6788622e-01  -2.8221832e-01  -7.4080909e-01   9.9328798e-01  -1.0449698e+00
   2.0000000e+00   6.5901769e-01   1.7482919e+00   9.4885533e-01  -1.2144271e+00  -5.2465842e-01   3.5882472e-01   3.3734475e-01   4.2251411e-01  -1.3008485e+00  -1.7371992e+00   3.1885264e-02  -1.3895190e+00  -9.0985503e-01   7.9131255e-01   9.7591333e-01  -4.1310708e-02  -2.1838840e+00   5.9774044e-02
   2.0000000e+00   1.1290432e+00  -5.0814818e-01   4.2444417e-01  -6.9322537e-01   6.7129836e-01  -1.0500363e+00   1.3916616e+00   1.0229895e+00  -5.9716449e-02   1.8637667e+00  -2.3307276e-02  -5.5413271e-02  -7.9550605e-02   9.9052735e-01  -2.0264863e-01   8.4327504e-01   9.8741152e-01  -8.1452751e-01
   2.0000000e+00  -4.4740829e-01   5.0618066e-01  -2.0922234e-01   5.4589244e-01   1.3422900e+00  -1.3569895e+00  -1.2061116e+00  -7.5372674e-01   3.7452354e-01  -1.8741702e+00   3.5442028e-01  -4.7294732e-01   1.1512910e+00  -1.0782986e+00   6.8900943e-01   2.2571297e-01  -2.3881804e-01  -2.8728277e+00
   2.0000000e+00   1.2804867e+00   3.5538507e-01  -2.8625166e-01  -1.0115175e+00   2.4594554e-02  -4.3434178e-01  -1.1467082e+00  -2.1997926e+00  -2.7551994e-01  -5.8415091e-01   8.6095962e-01   1.9640146e+00  -5.1289129e-02  -1.6824678e+00  -5.6763486e-02  -6.9292992e-02   1.1540906e+00   1.2118845e+00
   2.0000000e+00  -1.9595998e+00   9.4636930e-01  -3.0090672e-01   1.4570142e+00   2.3350473e-01  -1.7819043e+00   7.9470724e-01   1.2848908e+00  -7.2364054e-01   7.9068378e-02  -6.9751857e-01  -1.2451059e-01   2.0062285e+00   1.9333513e-01  -1.7464832e+00  -8.3095804e-01   2.1345708e+00  -5.3701650e-01
   2.0000000e+00  -3.3409635e-01  -9.3886460e-01   1.3335108e+00  -6.1921304e-02  -5.0154234e-01  -1.5733929e+00   3.9654665e-01  -6.3519205e-01  -9.0537153e-01  -1.2886323e+00  -3.6354003e-01  -1.9299778e+00  -2.1707146e-01  -1.4184210e-01   1.4590623e-01   3.0287927e+00   6.7915244e-01  -5.6127895e-01
   1.0000000e+00  -2.8061865e-01   3.4993182e-02   5.0858601e-01   1.4993129e+00  -1.9149762e-01   1.0043885e+00  -5.5925070e-01   4.3816246e-02   1.3889772e+00  -3.0393365e-01  -5.0663777e-01  -2.9596582e-01  -1.2637058e+00  -1.0697291e+00  -5.8065673e-01  -1.9540166e-01  -3.9753811e-01  -1.0913947e+00
   2.0000000e+00  -1.6041816e+00  -2.1679608e+00  -2.6039729e-01   9.1012833e-01  -7.6815714e-01  -9.4552606e-01  -6.2131760e-01   1.2535062e+00   4.3314430e-01  -5.2276645e-01   1.2492057e+00   6.0136371e-01  -9.9637784e-01  -1.2088870e+00   2.0819478e-02   8.9058742e-01  -6.5151043e-01  -3.4512032e-01
   2.0000000e+00  -1.2097931e+00  -8.1256840e-01   5.5648682e-01   2.6757974e+00  -2.0447275e-01  -1.6903556e-01  -3.5178110e-01   1.0968330e+00   9.7001437e-01  -1.1328112e+00   6.3544233e-01  -4.2513391e-01   7.8855682e-01   1.8687955e-01   3.5211732e-01   7.8610490e-01  -1.8426734e+00  -1.0576802e+00
   1.0000000e+00   2.6005644e-01   3.6738257e-01  -1.1300532e+00   1.6871150e+00   1.3095271e+00  -9.6979402e-01   1.5252353e-01   6.5365495e-01   8.8941716e-01   4.9544902e-01  -4.7208593e-01   5.6539605e-01   6.2433437e-01  -7.3793561e-01  -6.5953892e-01   2.0410022e+00   9.3814696e-01  -4.1445787e-01
   2.0000000e+00   1.9307321e+00  -1.2266751e+00   1.7956238e+00  -2.0686761e+00   1.4249116e+00   7.0995135e-01   4.4324897e-01   8.5189684e-01   1.4243983e+00  -1.6927917e-01   5.7516676e-02   1.5876261e+00  -1.5948998e+00   7.9705628e-01   5.1439555e-01   1.2912198e-01  -5.5481252e-01  -4.9994149e-01
   1.0000000e+00   2.3416199e+00   4.4884921e-01  -1.0837548e+00   1.0545884e+00   1.0250601e-01  -2.6039987e-01  -2.0461680e-01   2.8841871e+00  -4.9585143e-01   1.1929446e+00  -1.5588232e+00  -7.9459132e-01  -1.2491338e+00   1.2257629e+00   9.3470924e-01  -9.4938968e-01   8.3174529e-02   1.0373264e+00
   1.0000000e+00   1.6184671e-01   7.2799101e-01  -2.4948353e+00   1.3024857e+00  -3.7671072e-01   8.3975783e-02  -4.5848156e-01   2.4314793e-01   9.2977677e-01   2.1252361e-01   5.8358185e-01   2.0901454e+00  -1.5447880e+00  -2.6413681e+00  -1.5584492e+00  -1.8535629e+00   6.4222374e-01   1.3685887e-01
   2.0000000e+00  -5.8188924e-01   1.7123668e-01   1.0787828e+00  -5.6864177e-01   6.2545786e-01  -5.1904150e-01   9.9164191e-01  -1.0550038e+00   3.4803777e-01  -1.3312087e+00  -6.8955403e-01  -1.2012967e+00  -3.0779749e-01  -5.0086658e-02   4.5032854e-01  -1.5331425e-01  -2.8155257e-01  -1.6445543e+00
   2.0000000e+00   8.4298246e-01  -1.2865174e+00  -9.8004805e-02   1.5171834e+00   7.4638535e-01  -1.8024306e+00  -6.9033013e-01  -1.2304543e+00  -5.0808368e-01  -4.9463734e-01  -3.2011552e-01   1.3120062e+00   2.4630224e+00   7.1217882e-01  -1.3833298e+00   1.4416282e+00  -8.4667014e-01   1.0574918e-01
   2.0000000e+00  -3.3878117e-01   1.5415174e+00   1.5263714e+00  -3.1968645e-01   1.3382906e+00   9.3505632e-01  -2.3812389e+00   1.8146897e+00  -2.4663364e-01   1.2425767e-01  -3.2565604e-01  -3.1009593e-01   5.8963801e-01  -4.8695473e-01   1.3922234e+00   6.3572341e-03   1.0382364e-01  -7.0599689e-01
   1.0000000e+00   8.6906031e-01   6.3512153e-01  -1.2313184e+00  -4.2590988e-01  -5.5745418e-01   5.2441279e-01   2.3475693e-01   7.2379518e-02  -8.0564357e-01   1.1827051e+00  -1.1608570e-01  -1.8696427e+00   6.7636437e-01  -7.5195294e-01  -2.4139784e-01   2.4181562e+00  -3.8874692e-01   5.1346128e-01
   2.0000000e+00  -1.2246717e+00   1.4857640e+00   1.5420917e+00  -2.0624105e-01   2.9758564e-01   1.0834216e+00   3.4667542e-01  -5.9473437e-01   1.1297581e-01  -3.5792114e-02   2.4108773e-01  -6.1776780e-01  -1.7558992e-01   5.8184997e-01   4.0393562e-01  -8.8961256e-01  -6.8444069e-01  -2.6472501e-01
   2.0000000e+00  -2.3588127e-01  -7.3468394e-01   2.2185082e+00   1.3995979e-01  -7.2989642e-02   8.2785907e-01  -8.5628976e-01   1.9541956e+00  -5.9488999e-01   8.2939963e-01  -1.0938027e+00  -1.1333862e+00  -4.0804593e-01  -7.5355934e-01   6.6688282e-01  -1.0290700e+00  -8.5748447e-01   2.3177539e-01
   2.0000000e+00  -1.2378488e-01   2.0613020e+00  -6.4967180e-01  -4.4466219e-01  -3.7621799e-01   4.7896678e-01   7.1292031e-01  -3.6756564e-01  -2.3724245e-01   5.7851281e-01  -1.9341195e+00  -1.1280573e+00  -1.0583534e+00  -1.8547057e-03  -6.5539213e-01   5.5264471e-01  -2.8941355e-01   1.1185372e-01
   2.0000000e+00   8.7795076e-01  -1.0534159e+00   6.4392559e-01  -4.4652343e-01  -5.2910229e-01  -3.8806535e-01  -9.5281127e-01  -7.1004446e-01  -3.4225788e-01  -6.4108631e-01   5.8524529e-02  -1.2248959e+00   1.1263975e+00   5.5106519e-02   4.0833983e-01   8.1437914e-01  -5.2051293e-02  -3.1912852e-01
   2.0000000e+00   3.1980859e-01   2.9538576e-01  -1.4585706e-01   1.4375421e+00  -1.1542325e+00  -9.2859532e-01  -2.4341898e+00   8.8431380e-01   3.6598517e-02   9.2099731e-01   2.2506653e-01  -2.1879162e+00   4.3542945e-01  -1.4045682e+00  -3.3129990e-01   1.5117808e+00   9.3675009e-01  -2.2997612e-01
   1.0000000e+00   1.4915001e-01   1.9933981e-02  -9.2801752e-01   7.2204259e-01   6.1886646e-01  -1.1779902e+00   5.8454921e-02  -9.6805709e-01   5.9453372e-01   9.5120668e-01  -1.1563094e+00   1.6006986e+00  -6.2362705e-01  -7.4295009e-01   3.4637900e-01  -2.7764971e+00  -7.2225689e-01   5.4154647e-01
   2.0000000e+00   2.3276166e+00  -1.2345652e+00   7.2265227e-01   1.2791704e+00   5.2284429e-01  -4.3675832e-01   3.3081607e-01  -1.0375074e+00   1.1609665e+00   9.8042509e-01   9.4554980e-01   5.3053719e-01  -3.1850349e-01   2.3616744e-01  -3.7310378e-01   3.7225090e-01   9.9014075e-01  -2.6271487e-01
   2.0000000e+00   1.5001475e+00   1.0792018e+00   2.8438783e-01   8.6450083e-01  -3.2785215e-01   9.6742281e-01  -1.0552510e-02  -1.2371930e+00   2.9419843e-01   1.0962756e-01  -1.4359081e+00   1.3647358e+00   4.2066472e-01  -8.4695422e-02   9.2820180e-01   1.2099571e+00   3.3996452e-01   1.8151173e+00
   2.0000000e+00   3.7939919e-01  -1.0989088e+00  -6.9531222e-01  -5.9177459e-01  -8.5394361e-01  -8.9624589e-01  -1.4391010e+00  -6.5106254e-01  -1.0153463e+00  -1.4379521e+00   1.9729697e-01   6.6405418e-01  -3.9122988e-01  -1.3879344e+00   6.2750984e-01  -1.1269067e+00   2.2701049e+00   7.3848856e-01
   2.0000000e+00   1.4891781e+00   1.4610270e+00   9.8686956e-01  -8.1095253e-01   8.7707842e-01  -9.9110878e-01  -1.3554359e+00   6.3044114e-01  -2.7720407e-01   6.0371499e-01  -1.5482206e-01   1.7692531e+00  -1.4748483e+00   6.3938246e-01  -5.2115977e-01  -1.2980178e+00   1.8230400e+00   1.1091388e+00
   2.0000000e+00   4.0980384e-01   2.2569362e+00   3.6389275e-01   8.3403985e-01   9.3079758e-03  -1.7757680e+00  -1.4243262e+00  -4.0470862e-01  -1.6594611e+00  -1.0907511e+00  -2.0881831e-01  -5.8547544e-01  -1.3892107e+00   3.3925433e-01   1.7242287e+00   7.2642260e-01  -6.9610900e-01   4.4436803e-01
   2.0000000e+00   8.4500174e-01   3.0640060e-01  -1.7965670e-01   6.8586338e-01   8.2854277e-01  -1.8266374e-01  -1.3688589e+00  -1.5405264e+00  -1.0520092e+00  -9.9044209e-01   7.2878628e-02  -3.6754556e-01  -3.5518032e-01  -4.6798252e-01   7.2221425e-02  -2.2320588e-01   1.5784179e+00  -6.0040128e-01
   2.0000000e+00   1.2814054e+00   6.2660786e-01   9.8815902e-01  -6.1985279e-01   3.2784178e-01  -1.3237672e-01   8.9665998e-01   1.0278181e+00   7.5865989e-01   3.4745124e-01  -2.2745924e+00   1.5933855e-01   7.7016743e-01   4.9052688e-03   1.5607909e+00  -1.5053502e+00  -7.1931738e-01  -1.5029993e-01
   2.0000000e+00   5.9504426e-02   2.4411807e-01  -1.2336026e+00   9.1997980e-01  -1.1481223e-01   9.2074821e-01  -1.3202060e+00   1.9563458e-02   1.9606883e+00  -1.2755431e+00   1.3386138e+00   2.4799673e+00   1.1069851e+00  -2.9905073e-01  -6.2764375e-01   5.5583168e-01   1.9632081e+00  -1.0937035e+00
   2.0000000e+00  -5.1547934e-01  -1.6356538e+00  -1.2884846e+00  -4.5576313e-01   4.3282024e-01  -6.4323454e-01   1.5511571e+00  -1.5110879e+00   1.3583744e+00   1.0430194e+00  -7.0773907e-01  -3.7207186e-01  -5.1446960e-01   8.8146069e-01  -1.3833559e+00   1.4189668e-01   1.0459375e+00  -1.1015955e+00
   2.0000000e+00   6.5455126e-01  -1.8049219e+00   8.6700421e-01  -1.5471498e+00   1.3667583e+00   7.0849731e-01  -1.2796046e+00  -1.4037206e+00   7.0438084e-01  -1.4533936e-01   5.0596444e-01  -2.4592350e-01   1.8740775e+00  -7.2697504e-02   1.6866482e+00   3.5106644e-01   9.6805408e-01   2.4659209e-01
   1.0000000e+00   3.1381793e-01   3.1839212e-01   2.8494693e+00  -2.5807203e-01  -4.9790388e-01   3.6103192e-01   2.8671201e-01   2.5422454e-01   7.3273631e-01  -1.7953739e-01   8.7066063e-01  -3.1343005e-01   5.7551812e-01  -1.2763265e+00  -1.1342021e+00  -3.1395512e-01   1.9628078e-01  -7.9040594e-02
   1.0000000e+00  -1.1565804e+00   1.8439975e-01  -2.5219286e-01   7.0607322e-01   1.9527642e+00  -1.1585730e+00   4.2517820e-01  -2.0988686e+00  -1.5093582e+00  -9.0165302e-01   1.2993400e+00  -1.6048247e+00   1.9394962e-01   4.5529969e-01   9.1850489e-03  -1.2593454e+00   1.1988931e-01   1.6369561e+00
   2.0000000e+00   2.8618385e-01  -5.1063380e-01   6.6233325e-01   2.0618257e-01   2.3934448e-01  -1.8130761e+00   3.9666803e-01  -6.9141844e-01   9.4690576e-01   2.3197188e-01   5.3902524e-01  -6.4481021e-01   6.9499957e-01  -9.6536619e-01   6.6602483e-01  -1.2579816e+00   4.8204941e-01  -7.3649945e-01
   2.0000000e+00   8.3926513e-01  -1.5546582e+00   4.9040186e-01   3.3970052e-01  -9.9111726e-01  -1.5393578e+00  -2.0590614e+00  -1.0094661e+00   7.3177565e-01   2.0212423e+00  -3.3470048e-02  -9.4443958e-01   6.3190526e-02  -1.7491143e+00   6.3507379e-01   1.7193945e+00  -5.8877138e-01   8.6076361e-01
   2.0000000e+00   2.0374642e-01  -1.8015207e+00  -8.9587106e-01  -7.8511574e-01  -3.2682807e-01   1.0447533e+00   1.1532873e+00  -2.1838211e-01  -1.3499284e+00  -1.2897548e+00   8.2123077e-01   1.5299977e+00   4.3054030e-01   3.1153821e-01   1.2535827e+00  -2.1584487e+00  -2.3865258e-01  -9.8601502e-01
   1.0000000e+00  -2.1500070e-01   6.1581116e-02   1.7410960e-02   1.7986729e-01  -2.0190305e+00  -9.4640735e-01   8.3371736e-02   1.4990897e-01  -1.1686477e+00   1.1396087e+00  -1.2642299e+00  -6.7448242e-01  -1.4959021e-01  -1.2679369e+00   1.0656529e+00  -6.3645033e-01  -3.0079732e-01  -3.9333185e-02
   2.0000000e+00   4.9924633e-01  -6.4617071e-01  -2.7686235e-01  -8.5803625e-01  -4.3643815e-01   8.7156537e-01   7.0669332e-01  -1.8323707e+00  -5.1204563e-01  -4.2890866e-01   2.2886165e-01  -3.0218362e-02   9.6054398e-01  -2.3280034e+00   1.6806737e+00  -6.4035597e-01   7.5918927e-01  -6.0321630e-01
   2.0000000e+00   4.8431749e-02   1.4807699e+00  -1.0957751e+00  -1.2849333e+00  -2.8990545e-01   1.1192886e-01  -7.8234094e-01   4.0390937e-01  -5.5118032e-01   1.2715285e+00   8.8767143e-01   3.9377787e-01   1.3432625e-02   1.3377362e+00  -4.7021149e-01  -2.0329234e+00   7.3692124e-01   9.9078914e-01
   2.0000000e+00   2.2533818e+00  -2.1743671e-01   5.1626483e-01   1.9993071e+00   4.1795907e-01   8.2859128e-01   8.1213455e-01   9.7489846e-01   8.6223631e-01   1.6438898e-01  -6.9261067e-01  -1.0965409e+00  -7.9582922e-01  -9.0127352e-01  -2.8010790e-01   1.9082307e-01  -9.8342944e-01  -6.4201384e-02
   2.0000000e+00   4.2489735e-01   9.0567423e-01   1.3532696e+00  -4.0659226e-01   3.0493990e-01  -6.5617548e-02   1.6963259e+00  -3.8675735e-01   2.2801308e+00   7.0252039e-02  -4.8729009e-01  -3.9149226e-02  -6.1880701e-01  -7.2271137e-01   1.4887770e+00   8.2321432e-01   2.6276593e-01   1.0032720e+00
   2.0000000e+00  -1.6552259e+00   5.3330679e-01  -1.8966051e+00  -2.8158287e-01   2.9066982e-01  -2.1779591e-01  -1.2311035e+00  -1.7801092e-01  -1.2914109e+00   3.5466907e-01  -8.8221916e-02  -1.2516034e-01   8.2560413e-01  -8.8141491e-01  -1.4035145e-01  -3.2147098e-01   4.6124230e-01   8.3813928e-01
   2.0000000e+00   1.7788620e+00   6.9171085e-01   2.5625200e-01  -3.9549888e-02  -4.4950910e-01   5.2808817e-02   7.9283537e-01  -2.5467681e-01   5.4258442e-02  -3.1499661e+00  -1.9500822e-01  -6.0347339e-01  -3.2681320e-02   4.6495249e-01  -1.2315875e+00  -3.1452062e+00  -1.5692385e+00  -7.4368008e-01
   2.0000000e+00   1.9041150e-01  -6.7364719e-01  -6.7006335e-01   5.8063765e-01   3.6645369e-01  -8.8116854e-01  -3.3814655e-01   1.5626093e+00  -7.0876419e-01  -6.4698305e-01  -1.2276098e-01   1.4500293e-01   1.4659502e+00   7.4301396e-01  -4.2262729e-01  -1.3841509e+00   1.3950221e+00  -1.5296002e+00
   2.0000000e+00  -7.0323304e-01  -3.0906915e-01   5.4700664e-02  -9.4708460e-02   7.2884752e-02  -7.6061828e-01   4.7623011e-01   2.5878757e-01   1.2248189e+00   1.3570747e+00  -2.0044576e+00   1.4809967e-01   7.7113989e-01  -1.9858735e+00   1.5943244e+00   1.5040837e+00   1.7388059e+00   1.0419991e+00
   2.0000000e+00  -8.7763398e-01  -2.0146235e+00   2.6230856e-01   4.7383312e-01   5.9978641e-01   2.6659161e-01   1.8068395e-01   2.0429725e+00   1.3668031e+00  -3.6557532e-01  -1.6365579e-01   1.3880011e+00   1.5598270e+00  -6.4555391e-01   8.9162297e-01  -7.2322828e-01   2.1516353e+00  -1.7288320e+00
   2.0000000e+00  -3.9835707e-01  -9.0503646e-02  -2.9446642e-01   1.0363795e+00  -2.0023786e-01   2.7258134e-01   7.9462345e-01   4.0536480e-01  -9.2635616e-01   4.8613999e-01  -3.4255994e-01  -1.6012128e+00  -2.7753257e-01  -2.1565652e-02  -6.9337487e-01  -5.0068311e-02   4.7981263e-01  -1.1301647e+00
   2.0000000e+00   6.8564014e-01  -6.9633924e-01   8.4818558e-01   4.5642413e-01  -5.9694273e-01   1.8981157e+00   1.4491494e-01   1.8408390e+00   5.2467041e-01   1.1658419e-01  -7.2007049e-02  -8.7907523e-01   8.0558543e-01  -5.6157013e-01   2.1224741e+00  -1.3931383e-01   1.6750423e+00   1.0170757e+00
   1.0000000e+00   1.2828447e+00   6.1514563e-01  -3.2798417e-02  -1.8419325e+00   3.7244520e-01   3.5577154e-01  -6.7164550e-01   9.3535189e-01   2.2746642e+00   4.4966577e-01  -4.5621267e-01   3.3522160e-01  -4.6878521e-01  -3.1489877e-01   1.5669946e+00  -1.0458937e+00   8.9265937e-02  -9.5511563e-02
   2.0000000e+00   4.3210060e-01   1.0773076e+00  -7.6172521e-01  -1.6511844e+00   4.0132201e-01   1.0645931e+00   2.4701267e-01  -3.9850303e-01   4.9672732e-02  -9.0947486e-01   1.6289280e+00  -1.9911014e+00   5.1191673e-01  -4.0376602e-01   2.3231636e-01   8.2100515e-03   2.3693243e-01   2.2219699e+00
   2.0000000e+00   5.2200917e-01  -5.9572624e-01  -1.5695831e-01   7.4634130e-02   3.2524621e-01   5.1094110e-01  -2.2939898e-01   1.7815591e+00   2.3546232e-01  -8.0007007e-01  -1.3010360e+00  -5.9472589e-01  -1.0452140e-01   6.9647526e-01  -5.0160316e-01  -2.4087973e+00   2.8295325e-01  -1.8153590e+00
   2.0000000e+00   2.1702803e-01   1.2018855e+00   8.6916652e-02  -8.3005289e-01   9.7895483e-01  -2.2943448e+00   1.5490123e+00  -2.5846065e+00  -1.0714690e+00  -7.2082876e-01   5.9370170e-01  -8.5050236e-01   1.1688369e+00  -7.0549252e-01   1.4421458e-01   2.9644878e-01  -8.1233122e-02   3.0479728e-01
   1.0000000e+00  -4.9073127e-02   4.1126607e-01  -4.0158196e-01   1.8123912e-01  -1.1478440e+00  -1.5507231e+00  -5.2364665e-01  -5.3516046e-01  -3.2359676e-01   9.0033801e-01  -3.2089129e-01   1.3094114e+00   1.2765704e-01  -1.9023852e+00   4.0690065e-01  -4.8579203e-01  -1.2372214e+00   1.1674894e+00
   2.0000000e+00  -4.1397132e-01   1.3990915e+00  -1.6694476e+00   1.1725267e+00  -1.2504145e+00  -1.4572596e-01   2.3558024e-01   3.1813546e-01  -8.2523780e-01   2.7293706e-01   7.5266099e-01   8.4432829e-01  -3.8469669e-01   1.7959721e-01   4.5377782e-01  -1.0023929e+00  -9.1376491e-01  -1.3361707e-01
   1.0000000e+00   7.7915541e-01   2.4778799e-01   1.9612696e+00   3.4693208e-01   7.2621338e-01  -1.0160211e-01  -2.0232347e-01  -2.4326333e-01  -5.1843500e-01  -1.3286157e+00  -3.1234444e-01  -7.6502029e-01   4.4053284e-01  -7.5504512e-02  -1.2745974e+00  -1.6644809e+00   1.4423725e+00   1.8712677e-01
   2.0000000e+00   8.7745513e-01   9.3144127e-01  -3.1008150e-01  -1.0711828e+00   2.5405285e-01  -8.3984888e-01   1.0647908e+00  -9.2800945e-01   4.6469775e-02  -3.8014165e-02  -8.0018847e-01   1.2260444e+00   2.3475943e-01  -1.8205254e+00   4.8812965e-01  -1.1487281e+00  -8.7056743e-01  -8.0758179e-01
   2.0000000e+00   6.2864520e-01  -3.3890249e-02   1.5851386e+00  -2.4550350e-01   3.0506855e-01  -1.4173594e+00   5.8073813e-01  -1.0482594e+00  -1.3285608e+00  -3.0169770e-01   3.8361515e-01  -7.6684041e-01   7.8905458e-02  -6.1818324e-01   3.7106335e+00   5.4525444e-01  -1.0010271e+00  -6.8321184e-01
   2.0000000e+00   5.8646398e-01  -1.0939559e+00  -9.7750949e-01  -8.8229769e-01  -1.2234440e+00  -2.8015630e-01   1.2144960e+00   3.0128849e-01   1.0165120e-01  -2.3921765e-01   6.8560487e-01   5.0811926e-01   5.8617369e-01  -5.2986643e-01  -1.7402538e+00  -2.0221919e-01  -6.9582464e-01   1.3391479e+00
   2.0000000e+00  -3.6361580e-01   5.1799626e-01  -1.8822307e+00  -3.4971306e-01   1.0735801e-01  -4.5845039e-01   1.0813950e+00   1.8534098e+00  -3.2779857e-01  -4.3029283e-01  -6.6168169e-01   2.9344848e-01   9.3032221e-01  -5.8888481e-01   5.9011982e-01   1.8748924e+00  -4.4726517e-01   5.9965873e-01
   2.0000000e+00   1.9399306e+00   1.0018890e+00   3.0664617e-01   1.2407584e+00  -1.5131907e+00   1.4274942e+00  -5.5043496e-01   2.1067679e+00  -1.7042038e-01  -1.6042295e+00   3.6493776e-01   1.2858214e-01   7.2199515e-01  -4.1726811e-01   1.4837117e+00  -6.7271410e-01   2.1657142e+00  -2.6239172e-01
   2.0000000e+00  -5.5897414e-01  -4.2242470e-01  -1.8594025e-01  -1.2907515e+00  -7.9282957e-01   1.4340168e-01  -5.1513710e-01   1.5334128e-03   2.3082111e-01   9.1624569e-02   3.6036657e-01  -4.9222753e-01  -1.1522008e+00  -1.2521062e+00   1.9056783e+00  -8.9181569e-01   1.3476735e+00  -4.1152049e-02
   2.0000000e+00   2.0365044e+00  -7.2120746e-01   7.5724862e-01  -2.5673638e-02   7.3599142e-01   6.2231811e-02   4.1973283e-01  -2.2943833e-01  -4.5774137e-01  -7.7944432e-02   4.0584056e-01  -1.7240935e+00  -3.3496246e-01  -2.8201638e-01   9.0176082e-01  -1.1811183e+00   6.1121227e-01   1.0939359e+00
   2.0000000e+00   5.7541163e-02   1.5718871e+00  -4.5461353e-01   6.9255222e-01  -1.0338990e+00   9.9053814e-01   1.2096452e+00  -7.7355955e-01   1.9558838e-01   9.2281297e-01   8.8989894e-01  -5.6831041e-01   1.5377316e+00  -5.8561246e-01  -1.0414083e+00  -8.6855191e-01   7.0391735e-01  -1.9096227e+00
   2.0000000e+00  -8.3706152e-01   3.7914730e-01   1.3000978e+00   7.2729657e-01   1.0842323e+00  -2.0189842e-02  -1.0922458e+00  -2.6249382e-01   4.3245763e-01   9.7975840e-01   6.8910915e-01   1.3091680e+00  -9.5912467e-01   1.3122531e+00   2.4482311e-01  -3.4924783e-01   5.8466294e-01   5.8010905e-01
   2.0000000e+00  -8.8152387e-02  -2.0318221e-01   8.2456968e-01  -7.8089387e-01  -1.3191753e+00  -1.3598777e-01   8.9054547e-01  -2.6809613e-01   9.5907620e-01   3.8554497e-02   7.9295374e-01  -1.4666577e+00  -7.9881087e-01  -6.3854153e-01   8.0621194e-02   1.1735818e+00  -5.1931247e-01  -9.0320307e-01
   2.0000000e+00   8.8712521e-01   1.0147823e+00   2.5534346e+00  -1.8602522e+00  -3.1193107e-02   2.4635122e-01  -1.3825337e+00   5.5695484e-01  -5.1234232e-01  -2.3220631e+00  -6.3306095e-01  -2.9097896e-01  -7.3072571e-01  -1.8384903e+00   1.4416705e+00   9.8957572e-01   2.7107697e-01   9.3876331e-01
   2.0000000e+00   5.0564019e-01   5.4747202e-01  -4.2757390e-01   1.8499435e+00   1.0781122e+00   2.1559273e-01  -9.4538551e-01  -5.0886738e-01   2.9141277e+00  -4.4072947e-01   1.0867721e+00  -2.2090468e-01   1.5920198e-01  -1.2259996e+00   8.5808309e-01   1.8909959e+00  -6.6504068e-01   1.6583520e+00
   2.0000000e+00  -1.3477612e-01  -5.8086524e-02   3.4708719e-02  -4.6882224e-01  -9.0041678e-01   2.9980182e-01  -3.4721126e-01   1.0954037e+00  -6.1747483e-01   1.3061897e+00   1.2996176e+00   3.5422418e-01   1.6011867e-01  -3.8708546e-01   3.1407617e-01  -6.0101068e-01   3.7949050e-02   1.6731138e+00
   2.0000000e+00  -1.9381955e+00   2.6173336e+00  -1.5943476e+00   9.4512346e-01   7.4487935e-01  -7.1332349e-02  -1.2935200e-01  -5.5189693e-01  -9.7356276e-01  -3.0147391e-01  -1.8410759e+00  -9.6880428e-01  -5.9420197e-01   1.8753707e+00   2.8977183e-01  -8.3036361e-01   1.2376795e+00   3.6923531e-02
   2.0000000e+00  -4.0304852e-01  -1.2373000e+00   6.5219958e-01  -1.0102746e+00  -1.7904820e+00  -7.1308930e-01  -1.6178932e-01  -9.9004503e-01  -3.3754984e-01  -7.4312809e-01  -7.7968146e-01  -1.0097276e+00  -9.8743013e-01  -4.6774931e-01   1.3857168e+00  -9.0703492e-01  -1.9777545e+00  -4.6403490e-01
   2.0000000e+00   6.5051270e-01  -7.0838737e-01  -2.0654720e-01   1.4490970e-01   7.0493987e-01  -6.0582040e-01   3.4485803e-01  -8.7727268e-01  -8.8935031e-01   1.9905114e+00   2.8500966e+00   9.6398066e-01  -6.8847273e-01   2.2095110e+00   1.6172693e+00   4.7784308e-01   2.9959390e-01  -2.4400895e+00
   2.0000000e+00   1.0885598e+00  -2.2443601e+00  -8.5798946e-01   1.0310405e+00  -2.5975894e-01   1.1562170e-01  -3.9247639e-01   5.9398943e-01   1.3335608e+00   5.3886334e-01   9.0912373e-01   1.0458581e+00   4.4854356e-01   2.2646813e-01   9.4609499e-01  -6.8095108e-02   6.1047487e-01  -1.0032166e+00
   2.0000000e+00   1.2325526e+00  -2.3703472e+00   5.2215232e-01   7.9086165e-02  -1.3471740e+00  -2.2387022e+00  -1.6442327e+00   1.4320222e-02  -4.7732604e-01   7.7902894e-01   8.4786531e-02  -1.5711220e-01   9.4523915e-01  -4.7898538e-01  -7.9093506e-02  -8.1614621e-01   4.0819004e-01  -9.7336868e-01
   2.0000000e+00   1.0184685e+00   1.1492402e+00  -2.2650303e-01  -5.9395307e-01  -3.8931187e-01  -4.5839547e-01   5.0145031e-01   1.9313349e+00  -1.0835487e+00  -9.3895414e-01   8.6640108e-01   9.2254663e-02  -5.5891043e-01   1.4320271e+00  -1.8041355e-02  -1.1636077e-01   2.8726632e-01   1.4813608e-01
   2.0000000e+00   6.6921556e-01  -4.3351460e-01   1.2700721e+00   1.8840980e+00   1.2692384e-02  -1.8948525e+00  -1.5036279e+00  -6.3750431e-01  -1.0320123e+00   5.8189041e-01   1.8287201e+00   3.5615624e-02   8.1782218e-02  -5.3132156e-01  -4.3498786e-02  -5.0158924e-01  -2.1480903e+00  -2.5418669e-01
   2.0000000e+00   1.6900785e+00  -5.3300155e-01  -2.5376909e-01  -2.3822585e+00   1.0209377e-01  -5.4108486e-01  -5.0309257e-01  -1.7012883e-01  -1.8297644e-01   3.5560482e-01  -7.4291872e-01  -2.2949358e-01   2.5935146e+00  -1.9296371e+00  -8.5690009e-01   1.2609537e+00  -6.7306298e-01  -1.1318182e+00
   2.0000000e+00  -1.6060360e+00  -1.8015121e-01  -8.4687868e-03  -4.2029921e-02  -4.6613232e-01   5.4466099e-01  -4.4940919e-01  -4.5756753e-01   8.3830254e-02  -7.0754996e-01  -2.1602530e-01   5.4361021e-01   1.5151414e-01  -4.9691258e-01  -6.2951196e-01  -1.5784525e+00   8.7772234e-01   1.7550326e+00
   2.0000000e+00   3.5149438e-01   5.1588836e-01  -1.7874412e-01  -8.4467981e-01  -1.7599724e+00   3.4274060e-01  -1.4043244e+00   9.4425781e-01   3.2131854e-02  -4.0378330e-01   2.2549982e-01  -1.6447476e+00   2.7853394e-01  -1.6131043e+00  -1.4177863e+00  -8.4812795e-01  -2.0411157e+00  -1.0822085e+00
   2.0000000e+00  -6.4377819e-01  -1.2637820e+00   1.9127302e+00  -5.3625793e-01  -7.5028491e-01   1.6023206e+00   7.9181718e-01  -1.9096039e+00  -3.7519163e-01  -6.6449839e-01   1.5649156e+00   3.2913305e-01  -1.0486262e+00   1.6254841e-01   1.1236093e+00  -1.5557367e+00   2.0380542e-01   1.8195216e+00
   2.0000000e+00   6.0317690e-02   1.1769933e+00   6.8557563e-01   8.4601189e-01  -1.5268089e-01  -3.1902677e-01   2.1335584e+00  -1.9330849e+00  -3.6515018e-01  -1.6041704e+00   8.7293056e-01   8.1486728e-01  -9.4357322e-01   1.8200470e-01  -4.6392025e-01   7.0257823e-01  -5.5677914e-02  -5.2960529e-01
   2.0000000e+00  -6.6081308e-01  -1.9401367e-01  -1.2489371e-01  -4.2527269e-01   9.5776109e-01   3.1446266e-01  -9.3110014e-01  -7.9788476e-01  -6.8357585e-01   1.7664868e+00  -3.0476166e-01  -3.8294512e-01  -4.1216594e-01   1.7420866e-01   1.1483730e+00  -2.6726918e-01  -3.0007837e-01  -5.7961058e-01
   1.0000000e+00   4.9147016e-02   7.4988591e-01   7.5231974e-01   1.5168809e+00  -4.7384896e-01  -1.0592681e+00  -1.6695412e-01  -1.4932847e-01   4.2798584e-01  -1.5370411e+00   6.4619360e-01  -1.3241115e+00   1.0341622e+00   9.2726444e-01  -1.9916717e+00   9.5629589e-01  -4.4733346e-01   2.9809628e-01
   2.0000000e+00  -1.5429850e+00  -2.7475678e+00   1.7183646e+00  -1.0061538e+00   9.3108237e-01  -3.5303154e-01   5.1765741e-01  -6.2816324e-01  -1.8264957e-01   9.9426988e-01   1.5638862e+00  -9.1506183e-01   1.2441282e+00   7.2717392e-01   5.7482950e-01  -3.6081348e-01  -1.5561112e+00   2.4201397e-01
   2.0000000e+00   4.2432001e-01  -3.8919437e-01   1.5031329e-01   5.6268462e-02  -7.2006093e-01   5.9813894e-01   4.5281423e-01  -1.5545912e-03   6.3275174e-01  -9.2554988e-01  -1.8955389e+00  -7.7143594e-01  -4.4278874e-01  -9.9657133e-01   8.8300976e-02  -3.1009723e-01  -1.5323284e-02  -8.9979237e-01
   2.0000000e+00  -7.5861929e-01  -6.4766333e-01   1.4924337e+00  -2.2307414e+00  -1.6061362e+00  -2.3516348e-02  -5.4821784e-01  -1.2095047e+00  -2.4215455e-01  -1.0549818e+00   6.6681720e-01  -7.7879649e-02  -1.0812305e+00   2.2137519e-01   8.4680410e-01  -6.9227658e-01   7.9483063e-01  -1.8098336e+00
   1.0000000e+00   1.9853493e-01   2.4694769e-01  -6.3954155e-01  -1.6623665e+00  -6.6785446e-01  -3.9224384e-01   7.1532367e-01  -7.6068860e-01   8.5120174e-02  -1.0389045e+00   1.7286442e+00  -1.5608482e+00  -3.5734971e-01  -2.2983431e-01   3.6891200e-01  -1.5543637e+00   4.1872426e-01   1.3743539e+00
   2.0000000e+00   1.8400729e-01  -4.1701625e-01   1.1116199e+00   2.8099439e-01  -1.5987670e+00  -2.0538246e-01  -1.9743065e-01  -1.1903566e-01  -8.2770488e-01   8.6380182e-01  -5.7868758e-01   2.8758538e-01  -1.9983567e-01   2.1792351e+00  -3.3193555e-01  -8.0455616e-01  -2.5658269e-01   2.7637009e-01
   2.0000000e+00   5.7727652e-01  -3.1887983e-01   9.0255830e-01  -1.1946568e-01  -7.7374134e-01  -8.9834788e-01   9.7395660e-02   2.2524571e-01  -1.8180460e+00   6.5073205e-02   4.8968144e-01  -7.1059993e-01  -8.7193177e-01  -3.4670877e-01   1.1479434e-01   5.4413744e-01   9.3341016e-01   3.0854202e-01
   2.0000000e+00  -5.5298149e-01  -5.9479386e-01  -4.5246603e-01  -5.7924646e-02  -1.2470102e+00  -1.1451969e+00  -1.2168198e+00  -4.3688166e-01   1.2587497e+00   2.5384088e+00   1.0942687e+00   6.3481596e-01   8.9814705e-02   1.1850853e+00   1.8018883e-01  -1.3880715e-01  -1.6982760e-01   2.9730739e-01
   2.0000000e+00  -1.6106021e-01  -1.1241961e+00   9.5460053e-01   5.1095856e-01  -1.5137888e-01   5.8852743e-01   4.9916355e-01   1.3763280e+00   5.9626958e-01  -6.7038805e-02   4.3681861e-01  -3.8278406e-01  -5.2753942e-01   1.7232478e-01   8.0840615e-01  -4.3665929e-02  -3.3148630e-01   1.1833940e-01
   2.0000000e+00   1.0096102e+00  -3.4163593e-01  -5.2014915e-01   5.8944659e-01  -8.1513401e-01   8.4648206e-01  -7.4909956e-02   1.1870262e+00  -1.7993907e-01  -4.5266295e-01  -1.2392862e-01   5.2277995e-01  -5.2467785e-01  -1.5359290e+00   1.1926769e+00  -2.7787921e+00  -2.1252249e-01   1.0054065e+00
   2.0000000e+00   4.8266526e-01   9.7050334e-01   3.9760182e-01  -3.1771603e-01   4.6883000e-01   1.5923094e+00   5.0556909e-01   3.9281466e-01   1.9281049e+00   2.9012546e-01   4.1965585e-01  -2.9631724e-01  -2.5039921e-01  -1.9333458e+00   7.5988216e-01   1.2861011e+00  -3.9100157e-01   1.5559919e-01
   2.0000000e+00   1.8744826e+00  -6.0997131e-01  -5.0752699e-02   8.8593728e-01  -2.1621821e-02   2.4102314e-01  -1.2128128e+00   1.3467276e+00  -1.4478267e+00   6.6775575e-02   3.4180606e-01  -7.4223955e-01  -7.0262987e-01  -1.0863809e-01  -2.5230099e+00  -3.6887000e-01  -4.2621569e-01   8.1863830e-01
   2.0000000e+00   1.6291823e+00  -7.7064291e-01  -5.5479969e-01  -8.1527877e-01   1.7875149e+00   1.4378360e+00  -1.4669017e+00  -8.8613731e-01   7.0250308e-01   6.1741003e-01   1.1566390e+00  -6.2958724e-01  -9.7829137e-01  -9.1503476e-01   1.0559833e+00  -1.4735914e+00   2.9881133e-01   2.3532573e+00
   2.0000000e+00   2.0927985e+00  -9.2767420e-01  -1.4814817e+00   6.6367884e-01  -5.4792304e-01  -1.4687335e+00  -1.2177146e-01   3.9039187e-01   6.4699095e-01   6.1979063e-02   9.6341368e-01   1.7643134e+00   3.2096627e-01   7.9894253e-01   2.5531779e-01   1.2306016e+00  -3.8661517e-01  -6.5278187e-01
   2.0000000e+00  -1.7672855e-01  -8.0934615e-01   8.1888165e-01   1.1417773e+00  -5.9471254e-01  -5.3988282e-01  -9.4017006e-01   7.9736748e-01  -7.3669513e-01  -9.1286447e-01  -1.0093239e+00   1.2158693e+00   1.3805681e+00   1.8855487e-01   1.3539375e-01   1.5397223e+00   3.4819777e-01   6.3460811e-01
   2.0000000e+00  -3.8140207e-01  -1.2216111e+00  -9.0678033e-01   5.9750469e-03   1.0581514e+00   1.4760387e+00  -7.5377581e-01   5.7233552e-01   9.6245062e-01   2.0656986e+00  -1.4048738e+00   2.2424849e+00  -2.0657091e+00  -1.0823424e+00   1.8724064e+00   1.6518769e-01   3.1329787e-01   1.1091235e-01
   2.0000000e+00  -3.0879588e-01   4.7824462e-01   2.9584237e-01  -3.8989131e-01  -6.7111281e-01  -5.4716614e-01  -9.2164959e-01  -1.2739567e+00   6.8561586e-02  -1.5162142e+00   1.9065661e+00  -4.5068400e-01   1.0247726e+00  -6.1741637e-01   1.5646803e+00   1.0557559e+00  -1.3343971e-01  -7.1327823e-01
   2.0000000e+00   2.9832889e-01  -6.1108945e-01   3.7043810e-01   6.5585573e-01  -1.1976373e+00  -3.5797450e-01   8.5896009e-01   1.7044723e+00  -1.3157314e+00   3.9449117e-01   2.2601044e-01   1.8622541e-02   5.0314326e-01   9.9942348e-01   7.6005631e-01   7.7143217e-01   3.4707346e-01  -8.9327376e-02
   1.0000000e+00  -5.4548581e-01   1.3543670e-01   1.0560000e+00  -1.6424531e+00   3.1102301e-01   7.2128030e-01  -3.5319953e-01  -8.5766782e-01  -7.3705520e-01  -7.2403005e-02   9.3470531e-01  -7.6187875e-01  -1.2961653e+00  -7.2313083e-01   3.4193184e-01  -1.0910635e-01  -9.6039769e-01   1.2758030e+00
   2.0000000e+00   1.4586675e+00  -2.3243792e-01  -1.8387179e+00   1.3594344e+00  -4.9038955e-01  -3.9349016e-01  -2.6933301e-01   1.1820354e+00  -1.4067173e-02  -5.1640278e-01  -2.2390801e+00   1.9790529e+00   1.7580243e+00   6.9098928e-01  -6.5688120e-01  -4.3313770e-01  -7.6327583e-02  -2.4709014e-02
   2.0000000e+00  -9.9275975e-01   2.4874695e-01   3.8997860e-01  -1.5083498e+00   1.1129243e+00  -9.1734139e-01   1.8675415e+00  -4.8215612e-01  -1.4235100e+00   1.4895557e-01  -8.3906321e-01   2.6387643e-01   1.9380608e-01  -6.4726405e-01   1.5484900e+00  -2.9955514e-01   2.1888099e+00  -4.3668537e-01
   2.0000000e+00   5.0880394e-01  -1.1186986e+00  -1.6453433e+00   1.1620915e+00  -9.0851689e-02   4.7400217e-01   1.9522200e-01   1.8373142e+00   1.1250743e+00   2.3820224e-01  -7.2465587e-01  -2.1178132e+00  -1.3988006e+00   3.4199012e-01   8.6836842e-01  -7.9685683e-01   1.1803603e+00  -5.8072705e-01
   2.0000000e+00   1.6050954e+00  -3.3836916e-01  -9.2857570e-01  -6.3200766e-01  -1.4178906e+00  -5.8776625e-01  -2.5671890e-01   1.8907018e+00  -1.6804011e+00   3.6246462e-01   6.9272088e-01  -2.7151633e-01   8.0847765e-02   6.3736703e-02  -1.7053178e+00   5.4347517e-01  -1.2246537e+00   5.7942152e-01
   2.0000000e+00  -1.4867849e-01  -8.2115782e-01  -5.7313328e-01  -1.3825845e+00  -5.6531151e-01  -3.3811173e-01  -1.3430912e+00  -8.4871067e-01   9.1665770e-01   1.1759318e+00  -3.4793429e-01  -8.6938472e-01   4.9752527e-01   6.6944251e-01   1.5540492e+00  -1.5775664e+00  -1.0427519e+00   1.0278422e+00
   2.0000000e+00   9.5977049e-01  -4.3009485e-01  -9.6450318e-01   1.9150345e-01   6.9271113e-01  -3.3648424e-02   7.9325559e-01  -5.9150795e-01   9.7627263e-01   3.7654961e-01   8.9299163e-01  -7.3786646e-01   4.7513450e-01  -1.2511416e+00   2.1625060e+00  -6.6140583e-01   2.0550383e-01  -1.1022120e+00
   2.0000000e+00   1.5499744e+00  -7.7690789e-01   1.6191616e+00   1.7110858e+00  -1.3274890e+00  -6.1221290e-01  -1.5475430e+00  -1.5037684e+00   4.7234289e-01   3.9176254e-01  -3.1030984e-01  -1.9118160e-01   7.4330094e-01   8.8371924e-01  -1.7402698e+00   1.7086432e+00  -8.8096974e-01   1.0600063e+00
   2.0000000e+00   2.7325358e-01  -4.5127491e-01   4.6441055e-02   1.6661362e-01   7.6844200e-01  -4.9428498e-01   1.8107931e+00  -2.1897302e-01  -6.8209042e-01   1.0325059e+00  -1.7973454e-01   8.8905353e-01  -1.0006753e+00   1.0548993e+00  -8.2946944e-01   3.2643014e-01   9.1283773e-01   5.7200571e-01
   1.0000000e+00   2.2460060e-01   6.2897100e-01   2.4065471e-01   1.6667194e+00  -4.3519415e-01  -1.3290084e+00  -5.1729007e-01  -3.5476452e-01   7.0845811e-01   5.3794990e-01   9.5944460e-01   6.4332927e-01  -7.8390517e-01  -1.6538807e+00   4.1660106e-01  -2.7205287e+00   1.7704316e-01  -8.6923617e-01
   2.0000000e+00   5.0448730e-01  -2.0120338e-01   8.2109516e-01   4.8340827e-01  -4.1585461e-01   7.1572431e-02   9.4289721e-01   1.2565071e+00  -1.8196720e-01  -1.0288086e+00   2.9328503e-01  -1.9194237e-02  -2.2659179e-01  -9.2499333e-01   1.3779454e+00   1.2328777e+00  -1.0115915e+00   8.3180936e-01
   2.0000000e+00   1.3208421e+00   7.7350824e-01   1.3781308e-01   2.4951976e-01  -2.2787982e+00  -4.1282821e-01  -1.3983872e+00   3.8188075e-01   2.4858510e-01  -3.4950559e-02  -2.2088994e-01   1.0345800e+00  -4.1115178e-01   1.5780442e+00   1.6868995e+00  -2.2863325e-01   1.5031500e+00   1.0457173e-01
   2.0000000e+00   1.2683416e-01  -1.6008038e+00   7.7838136e-01  -3.0847650e-02   8.5427989e-01  -1.8857679e-01   2.1976106e-01  -1.9453577e+00   5.0705926e-01  -1.4788349e+00  -9.0226008e-02  -1.1769680e+00   5.4306557e-01  -4.1324244e-01   2.6854072e-01   1.2614270e+00   1.1268206e+00   5.0402664e-01
   2.0000000e+00  -1.0726059e+00   5.3328076e-01  -1.6968941e-01  -2.8745545e-01  -1.2020335e+00   2.7118872e+00  -9.6088150e-01   1.4123588e+00   7.0406213e-01  -5.3138880e-01  -8.4130434e-01  -6.4197329e-01   8.5220934e-01   1.9793221e+00   1.4264535e+00   2.2690823e-01   1.5895266e+00   9.9532581e-01
   2.0000000e+00   3.8890724e-01  -9.9393211e-01  -6.6749226e-01  -1.0272900e+00  -1.4818757e-01  -1.7297552e-02  -5.0953288e-01  -7.4391125e-01  -7.4845922e-01  -2.4097708e-01   9.7206747e-01  -1.0302341e-01   3.1863468e-01   4.4336935e-01   1.7072878e+00   6.5891506e-01  -8.2485955e-01  -2.3947754e+00
   2.0000000e+00   4.3220306e-01   8.3423092e-01   5.0935262e-01   2.0343335e+00   5.5200729e-01   5.2554528e-01   9.8288003e-01   8.1438445e-02   1.0603278e-01   7.8230412e-01  -1.8190892e+00   5.6552274e-02  -2.9403927e-01  -6.6895427e-01   1.0192816e+00  -1.0237274e+00   1.1169896e+00   1.3476058e-01
   2.0000000e+00   6.5189499e-02  -3.9682339e-01  -4.4876424e-01   8.0086810e-01   5.5281329e-01   3.1686294e-01   7.6324019e-01  -3.7119548e-01   1.2431319e+00   1.1829816e-01  -8.0490620e-02  -2.1758127e-02  -4.3090273e-01   2.7064375e-01   1.4368286e+00  -5.8690994e-01   1.4113398e+00  -9.9426123e-01
   1.0000000e+00   5.9967733e-02   4.5523192e-01  -5.9651165e-01   1.4955439e+00   5.0313108e-01   1.9352518e-01  -7.7258636e-01   1.1914774e+00  -1.1411509e+00  -4.7485151e-01   3.1480555e-01   8.5747776e-01   4.6547154e-01  -2.8523715e-02   1.1186458e+00  -2.2437565e-02  -8.5460710e-01  -1.2155224e-01
   2.0000000e+00   1.6910617e+00  -1.3470029e+00  -9.2480068e-01   5.6000315e-01  -2.1258213e-01  -2.5039866e-01   1.1539317e+00   1.7693807e+00  -1.0998883e+00  -8.0000907e-01  -8.7228391e-01   7.7774054e-01   1.5633183e+00  -1.1113949e-01   1.7305474e+00   2.7637092e-01   1.7879493e+00  -1.2912694e-01
   2.0000000e+00   5.6063679e-01   4.0918667e-01   2.1032290e+00   2.6620819e-01  -2.1368647e+00  -6.5590873e-01  -1.0890787e+00  -3.1341613e-01  -1.4323917e-01  -2.2520602e-01  -8.8723650e-01  -3.1200423e-01   8.1348954e-02  -8.2761951e-01   1.1309916e+00  -6.5214227e-01  -6.3527088e-01   1.2148533e+00
   1.0000000e+00   1.9951762e-01   2.0286358e-01  -1.0860308e+00  -4.3777512e-02   3.8493590e-01  -1.2813624e-01  -6.6091511e-02  -1.0754288e-01   2.0504060e+00   8.1891945e-01   2.0071956e+00  -1.2811541e+00   4.1029105e-02  -2.6382881e+00  -2.1269201e+00  -3.5426509e-01   9.7050685e-01   6.4966647e-03
   2.0000000e+00  -2.0626606e+00  -1.6313718e+00   8.6826420e-01   4.7577822e-02   7.8171827e-01   1.2095272e+00  -2.1180083e-01  -9.1606453e-02   4.5427281e-01  -8.6136037e-01   1.6519709e-01  -1.7883556e+00   2.1371830e-02  -4.5152507e-01   2.5650404e+00   9.6492443e-02   7.8185956e-01  -3.7822119e-01
   2.0000000e+00  -2.3101758e-01  -5.7470073e-02  -3.0058837e-01  -1.8636537e+00  -1.5202428e+00  -2.6007949e-01   9.2981175e-01  -6.2334467e-01   1.5898292e-01  -1.0513752e-01   9.2874631e-01  -8.8577155e-01   1.1836280e+00  -6.7579675e-01  -9.5646046e-01   8.4601254e-01   3.6738363e-01  -4.6331285e-01
   2.0000000e+00  -1.1737065e+00  -9.2618698e-01   1.3400879e+00  -8.9002187e-01  -2.4787910e-02  -6.4012005e-01   3.1489134e+00  -2.0384408e-01   3.3934407e-01   1.8771791e+00  -1.4205254e+00  -6.7094384e-01  -1.3683730e+00  -2.0613840e-01   2.6693519e+00   7.2299261e-01   5.3207087e-01  -2.2023523e-01
   1.0000000e+00   9.1368241e-01   6.0377659e-01  -1.4770460e+00   2.3902628e-01   7.7095573e-01  -2.5262933e-01   1.7191718e-01   8.2499345e-01  -1.3284549e+00  -8.7822628e-01  -3.3256348e-01   9.4474656e-01   2.3696733e-01   1.2674978e+00   1.2199718e+00   5.3387350e-01  -1.5103914e+00   3.0419986e-01
   2.0000000e+00  -7.1875356e-01  -4.0057714e-01  -4.4037447e-02  -1.5232613e-01   8.8953671e-02   5.1880295e-01   8.8576958e-01  -2.6755669e-02  -1.2112781e+00  -1.8966549e+00   7.4684325e-01  -7.9417942e-01   3.0265779e-01  -3.4101853e-01  -7.8022293e-01   3.7051034e-01  -4.9673540e-01   8.7777278e-01
   2.0000000e+00  -1.4596673e+00  -6.8314397e-01   8.3032311e-01   2.8265947e+00  -3.8146940e-02   2.6702500e-01  -7.3223957e-01   5.0041934e-01  -1.4394972e+00   1.4302923e+00  -1.6282983e+00  -1.4139634e+00  -2.4532668e+00   2.3196505e+00  -9.2018861e-01   1.1782314e+00   1.2834252e-01  -2.2222745e+00
   1.0000000e+00   8.4901158e-01   1.3708731e-01   1.0813881e+00   1.7982269e-01   4.2522223e-01  -9.5240694e-01  -7.5076320e-01  -2.8223385e+00   7.8540951e-01   6.3978397e-01  -3.2677689e-01   1.1378330e+00   8.4479152e-01   1.1802587e+00   1.1226171e+00   9.6665743e-01  -3.6545298e-01  -4.0034213e-01
   2.0000000e+00  -9.0209511e-01  -3.5602450e-01   5.7328691e-01   2.0463351e-01   7.5015776e-01  -8.4904868e-01   1.4744292e+00   2.5323763e-01   1.8682714e+00   1.4965977e+00   7.1582987e-02   2.3473176e-01   7.5236338e-01  -3.4033666e-01   1.7800105e-01   7.4752387e-01   1.0832275e+00   9.5096864e-01
   2.0000000e+00  -6.9883893e-01   6.3289810e-01   1.6790366e+00   6.0786963e-01  -1.2622415e-01  -3.4151654e-01   1.5572144e+00   1.0785889e+00  -6.0954069e-02   5.9423934e-01   1.9480092e+00  -1.3044948e+00   3.9917633e-01  -8.7286684e-01   1.9036508e+00  -9.9376555e-01   1.2869307e+00  -1.6614615e+00
   2.0000000e+00   9.3920362e-04   8.0962491e-01  -1.5525686e+00   8.2199065e-01  -9.8383512e-01  -1.7317175e-01  -1.3247032e+00  -1.0272998e-01  -2.8965620e-01  -1.7881038e-01   5.4302425e-02  -1.4842591e+00   1.2734813e+00   2.0585539e-01   1.6235867e+00   5.7932331e-01  -1.2622303e+00   1.8572039e-01
   1.0000000e+00   1.6498833e+00   6.3493440e-01   4.4189258e-01  -1.4037943e-01   5.8839399e-01  -1.3279351e+00  -4.9704413e-01   4.3883754e-02  -7.3671219e-01   1.1361819e-01   8.9758028e-01  -3.5208747e-01   1.5778451e+00   5.0710210e-01   9.0876356e-01   7.7439894e-01   5.0028280e-01  -2.7197514e-01
   2.0000000e+00   2.8922556e-01  -2.6035953e-01   5.2733460e-01  -5.3488803e-01   8.1170375e-01   1.3464057e+00  -1.0506226e-01   7.7655326e-01   1.8547575e+00  -1.0655451e+00   6.1453708e-01   6.5626321e-01  -4.7900858e-02  -1.2801941e-01   5.8474155e-01   4.8682682e-01   6.3108895e-01   9.7083779e-01
   2.0000000e+00  -1.2820018e+00  -1.0044912e+00  -2.3016624e+00   5.7551367e-01   1.0879600e+00   1.7227071e-01   1.7323724e-01  -1.8515034e-02   1.5048856e+00  -1.4352412e+00  -8.0552764e-01   1.4062656e+00  -9.1031762e-01   1.1180607e+00   6.8496680e-01  -1.7637181e+00   1.8363142e+00  -1.0041915e-01
   2.0000000e+00   6.8760439e-01   8.7125181e-01   1.1441002e+00   2.5452929e-01   6.8014673e-01   9.4955342e-01  -1.4197329e+00   3.5559854e-01   3.9503122e-01   7.6941207e-01   2.9023896e-01  -7.0059821e-01   4.4843908e-01   4.0250364e-02   2.3328654e+00  -5.3154385e-01   9.5238780e-01  -1.3192785e+00
   2.0000000e+00   9.7812262e-01  -1.6573953e-01   6.4074965e-01  -6.1972780e-01   1.8873459e+00   1.0725988e+00  -1.0468343e+00   7.2257508e-01   1.8838894e-01  -9.6642660e-01  -5.8698679e-01  -1.2588970e+00   1.3668214e+00  -8.4068725e-02  -8.0118290e-01  -3.7068847e-01   3.2495889e-01   4.6715608e-02
   2.0000000e+00  -3.7707610e-01  -4.2645435e-01   1.6657079e+00  -1.3601829e-01   9.9964762e-01  -1.3913682e+00   3.8247701e-01  -1.3707663e+00   6.4164161e-02   5.6746515e-01  -9.0222631e-01   2.2222768e-01   2.3400364e+00  -4.5204911e-02  -1.1437325e+00   9.1308318e-01  -5.7264270e-01   4.4491819e-01
   2.0000000e+00   5.4636606e-01   2.4630472e-01   6.3615376e-01  -4.1089180e-01   2.0702545e-01   1.2142852e+00   1.4626088e+00   3.9827034e-01  -7.8789371e-01  -4.3430791e-01   8.0919380e-01   1.4233882e-01   2.4267581e-01   8.1548977e-01  -1.8526678e+00   5.4437715e-01  -1.2126519e+00   2.6094154e-01
   2.0000000e+00   6.6189276e-01  -6.7734398e-01   2.1902716e-01  -8.9027738e-01   2.5642134e-01   7.6244487e-01   1.2189847e+00  -9.6600108e-01   8.3538682e-02   1.0117259e-01   8.9095776e-01  -1.0649360e+00  -1.4889063e-02  -2.6609863e-01  -2.3188783e-01  -8.5534573e-01  -1.4122113e+00   8.3695954e-01
   2.0000000e+00  -8.8516893e-01  -1.8933323e-01  -3.3356133e-01   2.6572985e-01   1.6434853e-01  -5.9671733e-01   5.8512288e-01  -1.2599695e-01  -4.6546344e-02   5.9891433e-01   4.5811924e-01  -1.6712412e-01  -7.4405066e-01  -7.2186642e-01  -1.8683962e+00  -8.9466703e-01   2.2402696e-01  -1.8280128e+00
   2.0000000e+00   2.3981886e+00   1.9262156e+00  -1.0098133e+00   2.0347618e-01   8.4067133e-01  -3.4895020e-01  -3.0466767e+00  -1.4722558e+00   1.8873780e+00  -2.0619789e-01  -3.8684470e-01  -1.9388963e-01  -7.9942947e-02  -1.5522476e+00   5.5947602e-01   4.2559653e-01  -2.1828879e-01   5.8316840e-01
   2.0000000e+00   2.4189844e-01  -4.5532101e-01  -1.3868639e-01  -3.2544133e-01   5.5022963e-01   1.4542459e+00   2.5637086e-01   4.6757438e-01  -9.4690390e-01  -3.7679027e-01  -1.0225275e+00   2.1794482e-01  -3.9871229e-01  -4.4166012e-01  -2.2507161e+00  -6.1556496e-02  -3.9407749e-01   9.9652168e-01
   2.0000000e+00  -4.7275204e-01  -9.8971292e-01   8.5782607e-01  -1.7709979e+00  -5.2296350e-01   1.0962437e+00  -6.3959809e-01  -7.7945812e-01   8.0989096e-01  -1.3264207e+00  -2.3832431e-01   4.3802635e-01   2.1614666e-01   7.8745804e-01  -1.0210716e+00  -1.3013185e+00   1.4070077e-01  -1.5680345e-01
   2.0000000e+00   4.6300386e-01  -1.1396843e+00  -1.2620496e+00  -9.9593855e-01  -5.2394467e-01   6.1723109e-01  -4.3891283e-01  -2.4658638e-01   2.7604272e-01  -8.2402226e-01  -1.2380778e-01   1.2086702e-01  -7.1221492e-01   6.6129649e-01  -3.7039150e-01   3.5850688e-01  -1.1259413e+00  -1.5496364e+00
   2.0000000e+00   6.3451320e-01   1.9033147e-01   3.0072088e-01   1.6176794e+00  -2.8445799e+00  -2.9776106e-01  -1.1335590e+00  -1.7260829e-01  -4.8372773e-01  -1.4375467e-01   4.2487075e-01   3.5390173e-01  -1.2553920e+00   9.4918352e-02  -1.0575131e+00   1.2432094e-01   1.0819103e+00  -3.8667083e-01
   2.0000000e+00  -4.1923825e-01   7.3055663e-01  -1.3004253e-01   1.3783944e+00  -6.6921850e-01   1.0124738e-01  -7.9130725e-01  -6.1238916e-01   3.1449360e-01   1.0895849e+00  -6.4346966e-02  -2.2250415e+00  -1.4164283e+00   1.8379673e-01   1.6866123e+00   8.8561485e-01  -1.1204634e+00   4.3664212e-01
   1.0000000e+00   7.2038548e-01   1.3813484e-01  -1.5417914e-01  -1.6568643e+00   1.5291210e+00   1.0152861e+00  -3.5799449e-01  -1.4904849e-01  -2.2584439e-01   2.7103507e-01   4.5264572e-01  -9.9904463e-01   8.8891049e-01  -1.2117512e+00   1.2514556e+00  -7.9660882e-01   3.1375781e-01   3.1676975e-01
   2.0000000e+00   7.9973130e-02  -2.1144486e-01  -6.1135225e-01  -3.4491134e-01  -8.5507744e-01   3.7493823e-01   1.4433162e+00   1.1698620e+00   5.9381907e-01   1.8487785e-01   5.1178359e-02   6.0618544e-01   3.6896657e-01   8.3139737e-01   2.1693858e-01  -9.9684166e-02  -1.7197981e-01   1.9578243e+00
   1.0000000e+00  -2.1066536e+00   8.4396151e-01  -1.4714236e+00   2.1017713e+00   5.6909592e-01   7.6300483e-01   9.5648474e-02  -1.1355428e+00  -1.1714185e+00   2.0727560e+00   1.3039232e+00   7.8652359e-01   1.6070634e+00   1.1850834e+00   1.0829587e+00   3.4733823e-02   2.2511304e-01  -1.0754851e+00
   1.0000000e+00  -1.9587434e+00   9.8425292e-01  -1.1345655e-01   1.3176310e-01   1.1977913e+00   8.0468063e-01   1.2464939e-01   1.6842632e+00  -3.3401315e-01   1.5892934e+00   3.3419894e-02  -5.4726067e-01  -8.1131746e-02  -6.0927931e-01  -1.0907230e+00  -5.4476118e-01   1.1996902e+00  -8.2878477e-01
   2.0000000e+00   2.1998469e+00   2.6246537e-01  -8.5654060e-01   2.1827632e+00   5.2048228e-02   7.6237756e-02   1.7974066e+00  -2.2809992e+00   1.8356844e+00  -1.9059325e+00  -1.0722910e-01  -1.4631893e+00  -5.5240403e-01  -7.6168657e-01  -1.6012993e+00  -1.1603197e+00   4.5749929e-01  -2.2044484e-01
   2.0000000e+00  -5.2773930e-01  -5.0669166e-01   3.9048503e-02   4.6433564e-01  -9.5877697e-01   9.4773045e-02  -1.0715266e+00   2.5837643e-01   1.6615423e-01   4.4739249e-01  -1.6703997e+00   5.5911783e-01   4.9239380e-01  -7.5234419e-02  -1.1862958e+00  -1.0330002e+00  -6.1552275e-01   1.6791686e-01
   1.0000000e+00   5.9569292e-01   5.1793685e-01  -1.0459216e+00  -5.7869469e-01   2.2846127e-01  -6.9736153e-01   8.2795389e-01  -3.6930135e-03   7.7241791e-01   1.2486930e-01   6.3605513e-01   7.8418785e-02   1.9422273e+00   1.1084459e+00   7.0645330e-01  -9.5751373e-01   4.1499580e-01  -3.0805025e-01
   2.0000000e+00  -2.7793688e+00  -9.5842547e-01   8.7394627e-01   4.1516810e-01   9.3469067e-01  -9.7317815e-01  -6.7233217e-01   1.1226900e+00  -3.4983614e-01  -7.8308515e-01  -1.3486246e+00   4.6554214e-02  -6.1900426e-01  -4.2701133e-01  -1.2847407e+00   4.5513764e-01  -1.0290948e-01  -1.1844474e+00
   2.0000000e+00  -2.6533187e-01  -5.0614126e-01   3.0420316e-02   3.6182827e-01   2.1334365e-01  -9.8429970e-01  -6.9244642e-01   5.6998007e-01   7.9682851e-01  -2.2807990e-01  -3.0861966e+00  -1.0665506e+00  -5.8547863e-01  -1.2848185e+00   1.0966366e+00   1.3905147e+00   1.1446725e+00   4.8319423e-01
   2.0000000e+00   1.0527838e+00  -1.4460227e-04  -5.8052699e-01  -4.9922089e-01  -1.0079991e+00   7.8886505e-01  -1.4442790e-02  -5.4796117e-01   5.2908164e-01   5.8916588e-01  -4.1286287e-01  -5.3265071e-01  -7.5768909e-01  -8.7367023e-02   3.5408112e-01  -1.3494347e+00   8.8072001e-01  -6.9968367e-01
   1.0000000e+00   9.6518652e-01   2.4529593e-01  -1.2558251e+00   2.7920885e-01  -6.7341806e-01   4.1888307e-01   9.4557159e-01  -2.8740219e-01   8.9609883e-01  -1.3652904e+00   5.0300666e-02   5.9553476e-01   3.0914746e-01   1.0908349e+00  -6.9776735e-01  -1.3526646e+00  -6.8247850e-01   9.3226158e-01
   2.0000000e+00   2.2701719e+00  -1.0200543e-01  -4.9383743e-01  -1.1948227e+00   2.0197011e-01   1.8341394e+00   7.3101049e-01  -1.7452468e-01  -1.2967533e+00   9.8185434e-01   1.4392378e+00  -5.3089254e-01   1.2376054e+00   3.1968078e-01  -1.1479265e+00   1.9499337e-01  -2.0771807e+00   8.5993015e-01
   2.0000000e+00  -1.7356258e+00  -8.6977104e-02  -3.3445987e-01   1.0203365e+00  -1.9391422e+00   9.4888065e-01  -3.6803781e-01   2.9050626e-01   3.0227897e-01   1.1125203e+00   3.6695239e-01  -4.1403712e-01   5.7533851e-01   2.0839762e-01   8.8366582e-01   2.7601712e-01  -1.3378449e+00   4.1303218e-01
   2.0000000e+00   5.4123057e-02  -8.8928162e-01   3.8515390e-01  -1.9521651e+00   5.8450637e-01  -9.0799539e-01  -8.2278904e-01  -7.3112813e-01   4.6529193e-01  -2.4565246e-02  -5.7604863e-01   1.0264337e+00   4.3102087e-01  -1.3905662e+00  -9.8461567e-01   1.0435486e-01  -5.5364601e-01   1.6575922e+00
   1.0000000e+00   5.3821841e-01   5.2448388e-01  -8.0704384e-01  -1.2282747e+00  -7.1740588e-01  -1.2128045e+00   1.3811168e-01  -5.2596258e-01   4.1752171e-01   2.9773734e+00  -4.3382962e-01  -1.6769650e+00  -1.3211831e-01  -4.8485908e-01   2.0119111e-01  -1.6058740e-01  -7.1164342e-01   6.8407542e-01
   2.0000000e+00   1.1447601e+00  -4.1083618e-01  -4.4175019e-01  -1.4944544e+00   8.9671295e-01  -5.0091245e-01   1.2597393e+00   6.3507893e-02   1.0840390e+00  -1.5477278e+00   1.1599849e+00  -1.7033073e-01  -7.4119055e-01   2.7080111e-01  -1.1135193e+00  -3.1749156e-01  -1.7121185e-01  -2.7136506e-01
   2.0000000e+00   1.0120204e+00  -1.6783840e+00  -1.5617320e+00  -7.4370604e-01   1.5183345e+00   5.0680800e-01  -1.4359931e+00  -7.0179398e-01   1.5454222e+00   1.0495961e+00   1.4436654e+00   2.3274405e-01  -6.1574572e-02  -6.0182528e-01  -8.4801543e-01   5.9895520e-01  -1.6544928e+00  -6.4690374e-01
   2.0000000e+00  -1.0772274e+00   2.3916162e-01  -2.5284611e-01   1.7641237e+00  -4.0104706e-01   1.0246868e-01   1.4028155e+00   1.0636787e+00  -9.3546089e-01  -8.1356313e-01   8.7564777e-01   4.1816179e-01   6.1184954e-01  -8.7091160e-01  -3.2747102e-01  -3.4609022e-01  -7.8502918e-01  -2.9195921e-01
   2.0000000e+00   2.3086371e+00  -1.9899746e-01   2.2538075e+00   3.0670867e-01   1.1337578e+00  -1.5991558e+00   2.0153142e+00  -1.4288732e+00  -1.0859569e+00   1.7985088e+00  -8.1861710e-01  -7.1317945e-01   2.3960509e-01  -3.9580404e-02  -3.3578894e-01  -5.8974759e-01   8.2425590e-01  -1.5265300e-01
   2.0000000e+00  -1.0868044e+00  -8.4484325e-01   6.5797587e-01  -1.6582182e+00  -1.5014035e+00  -1.8312439e+00  -3.0791915e-01   9.5425841e-01  -1.4946404e+00  -9.3582410e-01   1.7346931e-01   8.0387236e-01   2.0875649e+00  -2.8239816e-01   4.2353789e-01  -5.0731734e-01   3.9162913e-01   1.2155618e+00
   2.0000000e+00  -9.8657487e-01  -2.1012157e+00   6.6801975e-01   1.3541206e+00   6.1353896e-01   1.7841030e+00   5.7379622e-01  -1.4785610e+00  -5.3598514e-01   3.0723793e-01  -4.6391276e-01   1.1718532e-01  -3.5384000e-01  -1.5760185e+00  -4.8803223e-01  -1.4034622e+00   1.7014952e+00   1.0553918e+00
   2.0000000e+00  -1.0696813e+00   4.0603756e-01   9.5625945e-01  -2.0460177e-02  -2.6879296e-01  -1.4877010e+00  -1.3940148e+00   1.0935975e+00  -9.4637729e-01   2.1092367e-01  -2.6886433e-01  -3.3681549e-01   7.4630628e-01  -5.0784719e-01   9.3302570e-01  -8.9274858e-01   8.1085502e-02   2.3606878e-01
   2.0000000e+00  -1.6770385e+00  -7.8144432e-01   2.7245074e+00   7.7689693e-01  -9.7504243e-01   2.2999238e+00   5.6208007e-01   1.0830600e+00  -1.7635809e+00  -1.0950452e-01   3.7464722e-01   5.3497744e-01   9.7582630e-02   9.2835346e-01   1.3145307e+00  -9.9372117e-01  -8.0576386e-01  -5.5111248e-01
   2.0000000e+00  -2.8177627e-02  -3.7052738e-01  -4.9761481e-01  -1.1547512e+00  -1.2249680e+00   1.9494492e+00  -3.8444120e-01   6.5145801e-01   2.0460406e-01  -4.1992409e-01   1.0818190e+00  -1.3070160e+00   5.0762144e-01   1.6822049e-01  -2.2706709e+00   6.4696865e-01  -6.2212224e-01  -1.0156799e+00
   2.0000000e+00  -1.0050365e+00  -5.1776640e-01   3.7184592e-01   2.2838637e-01   1.4498570e+00   1.7100404e+00  -1.6562696e+00   1.7197426e+00   3.7899736e-02   9.9073612e-01   6.3098134e-01   2.0374128e+00  -2.4455406e-01   1.0665993e+00  -9.0099009e-01  -7.8788692e-01  -1.3853631e+00  -1.4519919e-01
   2.0000000e+00   3.9470222e-01  -5.8921255e-01   4.1948040e-01   6.3994194e-01   7.3063418e-01  -2.8837315e-01  -7.4857252e-02  -6.7205391e-01  -8.0276682e-01   1.4431215e+00   9.2009071e-01  -1.0466003e+00   6.0568427e-01   2.9953013e-01  -1.0966676e+00  -2.0035088e-01  -8.9961758e-01   1.3838660e+00
   2.0000000e+00   3.9803524e-02  -8.7971569e-01   9.9079999e-01  -2.6507482e-01  -3.7640046e-01  -1.4190087e+00  -9.1307005e-01  -8.7303793e-01  -1.3892603e-01  -2.7621387e-01  -8.2522967e-01   2.5568914e-01  -1.4902672e+00  -5.0204944e-01   2.3199704e-01  -2.2867399e-01   4.5160580e-01   5.0997359e-01
   2.0000000e+00  -6.1120990e-01  -3.0208211e-01  -2.3294698e-02  -1.0620988e+00  -1.2343209e+00  -6.8356069e-01  -1.7019731e+00   8.4175510e-02  -1.4984254e+00  -1.7816737e+00  -1.0202568e+00   1.6119135e+00   3.1505647e+00  -7.6195635e-01  -3.5590238e-01   1.0204300e+00   1.5262129e-01   1.7290599e+00
   2.0000000e+00   7.5921633e-01  -1.5820817e+00   1.7563516e-02  -3.9184898e-01   3.0293684e-01   1.6794012e-01  -1.0755678e+00  -1.3405556e+00  -1.2777873e+00  -1.5549536e+00   1.1633007e-01   6.6094553e-01  -5.7730447e-01   1.1772337e-01  -4.0449039e-01  -5.0470517e-01  -9.2638249e-01  -1.3270952e+00
   2.0000000e+00  -2.6181731e+00   1.8751284e+00   9.2283520e-01   1.8809050e+00   1.5506426e+00  -5.4169305e-01   1.3345552e+00   1.2793641e+00   1.3376799e+00   9.1743539e-01  -2.6321336e-01   6.1269963e-01   1.9060903e-01   2.3498415e-01  -8.8668439e-01  -3.5500731e-01  -1.5751535e+00  -9.5832952e-01
   1.0000000e+00  -5.6724819e-01   6.4589592e-01   9.5465711e-02   4.4996283e-01  -1.4264730e+00  -7.2092982e-02   1.1864425e-01   7.4957256e-01   4.3243060e-01  -9.3602942e-01  -3.8278652e-01   4.2843554e-01   2.7437993e-01   5.2729357e-01   1.2542419e+00  -4.7520464e-01   6.1658768e-01  -1.1261685e+00
   1.0000000e+00  -8.9939326e-01   8.1615807e-01   6.2852068e-01   1.6515533e+00  -2.5225836e-01  -4.8704912e-01   2.3301371e-01   1.4333163e+00  -6.4200081e-01   4.0377200e-01   1.1309011e+00   8.4478860e-02   8.2726521e-01  -2.4833528e-01   8.5681558e-01   1.2598654e+00   1.5066381e+00   1.0913775e+00
   2.0000000e+00  -3.4804513e-01  -9.4364356e-01  -1.9601944e+00  -9.8705380e-01  -1.1475411e+00  -1.6537945e+00   1.0019128e+00   8.4034052e-01  -3.4121005e-01   5.7612384e-01  -1.4908866e+00   1.4721883e+00   1.4698316e+00  -1.3185352e+00  -2.6955404e-01  -1.0390061e+00  -1.1586947e+00   2.7674549e-01
   1.0000000e+00   1.3499842e-01   2.7772850e-01   1.8713274e+00   1.2629528e+00  -1.1034181e+00  -7.8524735e-01   5.3373758e-01   4.7708967e-01  -1.0718139e-01   1.0368706e+00  -1.9803925e+00  -3.5380803e-01  -1.7101636e+00  -4.5903478e-01   9.0344289e-01   1.6402654e+00   2.1443472e-01  -1.3457803e-01
   2.0000000e+00  -6.1915694e-01  -6.8352822e-01   1.6534665e+00   6.3575638e-01   8.7282353e-01   1.5739710e-01  -2.7620140e-01  -1.2720001e-01   1.6706323e+00  -1.1516466e+00   8.6442826e-01  -3.7449189e-01  -2.0819768e-01  -1.3176688e+00   8.0011128e-02   4.0301711e-01  -1.2684716e+00   1.5197177e+00
   2.0000000e+00  -3.2512084e-01   5.4973957e-01   1.1241926e-01   8.1475265e-01  -4.2038806e-01  -1.1595289e+00  -1.0772517e+00  -4.4131534e-01  -5.1612723e-01  -3.2534419e-01   5.0200513e-01  -1.9033100e+00   7.6307317e-01   5.1718551e-01  -9.3545534e-01   3.2098090e-01   6.0036012e-01   3.6706918e-02
   2.0000000e+00   1.2191745e+00   1.0636998e+00  -6.4200450e-01   6.9952673e-01   1.0883324e+00  -4.2677807e-01   1.5212276e+00   3.8256090e-01  -1.3169579e+00   5.4599594e-01   8.1281782e-01   7.7174385e-01   1.3385709e-01   1.4654241e+00  -1.2652510e-01   1.6687713e-02  -1.2132537e+00  -3.1647818e-01
   2.0000000e+00  -1.3067284e+00  -1.0824920e-01   1.1762743e+00   1.1099713e+00  -2.6276162e-02  -8.1028773e-02  -9.7903131e-01   1.0685066e-01   2.5473633e-01  -2.3578246e-01   2.6208373e-01  -1.6136054e+00  -2.7018208e+00  -7.9202483e-01   2.6760501e-01   9.7437149e-01  -2.1615715e+00  -2.9278541e-01
   2.0000000e+00   6.8248216e-01  -4.5808350e-02   5.2095613e-02  -5.4493927e-01  -1.1179535e+00  -4.6859304e-02  -4.5779822e-01  -2.2553769e-01   2.1450714e-01   3.8168974e-01  -7.0424914e-01   1.3734415e-02   6.2523025e-01  -5.3945019e-02  -1.0000792e+00  -7.4921452e-01  -9.1015432e-01  -9.5963313e-01
   2.0000000e+00   1.5972879e-01  -1.5805231e+00   8.4720401e-02   9.2502930e-01   3.2544495e+00  -7.7137252e-01  -1.9941588e+00  -1.8392432e+00  -3.7939454e-01   1.3094461e+00  -8.0835501e-01  -1.3351423e+00   3.4539136e-01  -7.4100714e-01   8.0975423e-02  -5.3019093e-01   3.4606750e-01  -6.7804391e-01
   1.0000000e+00   5.6380155e-01   5.0227468e-01   8.0733367e-01  -3.8377270e-01   9.5286056e-01  -1.0558164e+00  -9.5289581e-02  -1.5989891e+00   4.7960869e-01  -1.2563836e-01  -7.3247216e-01  -3.2141217e-01  -1.4721744e-01   2.6508985e-01  -3.0052971e-01   5.2408096e-01   2.0780318e+00   4.3311604e-01
   2.0000000e+00  -1.1459148e+00   1.3789828e+00   5.9535392e-01   4.7049550e-01  -2.8547159e-01  -2.3710805e+00  -2.0646859e-02  -4.7827661e-01   1.9179687e-01  -1.3343479e+00   1.5555342e-02   6.6839900e-01  -9.7326803e-01   1.4597628e-02   2.4852383e-01   3.5141683e-01   1.2756718e+00  -1.0658745e-01
   2.0000000e+00  -6.4655260e-01   1.6586962e+00   1.4016359e+00   4.5048669e-01  -4.1048710e-01   9.7880565e-01  -1.2105221e+00   1.1900528e+00   3.2561600e-01  -9.7029201e-02  -4.9166423e-01  -1.4250725e-01  -1.3757770e+00  -1.7080259e+00  -2.1470143e+00  -7.2945854e-01  -1.3350810e+00   1.9689524e-01
   2.0000000e+00   6.4017384e-01   5.9548703e-01   1.8177138e+00   5.3284488e-01   6.4800982e-01   7.8678248e-01   1.2345074e+00   7.5555851e-01  -1.2627447e+00  -3.9989156e-01  -1.0196469e+00   5.5460503e-01  -4.9031851e-03  -1.4874407e+00   4.7504683e-01  -1.2779010e-01   1.8427952e-01   3.1316673e-01
   1.0000000e+00   6.2288728e-01   2.9251717e-01   2.5766435e+00  -9.4941094e-01  -6.2712196e-02  -9.1540780e-01  -2.5575943e-01  -2.5549945e-01   4.1314870e-01   3.4334238e-01   2.1998851e-01  -1.1664459e+00  -8.0292900e-01   1.9771113e+00  -2.6814051e-01  -1.5346765e-01  -1.8558785e+00  -2.1697602e+00
   1.0000000e+00  -9.4086335e-01   6.1981245e-01   4.4877501e-01  -8.0149302e-01  -1.2836425e+00   8.4661700e-01   6.6151462e-01  -1.6965476e+00  -1.0530351e-01   6.9707609e-01  -2.3335900e-01  -1.0148819e+00  -1.7669483e+00  -5.5664766e-01  -9.0238179e-01  -1.9220622e+00   1.0937845e+00  -5.4059203e-01
   2.0000000e+00  -1.1459886e+00  -1.4436640e+00   1.6905114e+00   1.0594060e+00   1.2001547e+00   3.7623087e-01   1.3865984e+00  -7.2892598e-01   1.2002783e+00   8.1963995e-01  -4.8588348e-01  -2.2912539e+00  -7.4464899e-01  -1.6703727e+00   2.1228984e-01   2.2955525e-01   1.8504894e-01   1.4144144e-01
   2.0000000e+00   1.4639073e+00  -6.9709395e-01   6.4861277e-01   1.0786608e+00   6.5068349e-01  -2.1612372e+00   1.5307349e+00   2.7414350e-01   1.1558214e+00  -8.8081889e-01  -2.5899983e-01   9.4399720e-02  -1.9966098e+00   5.9172411e-01   6.2951785e-01  -4.8360954e-01   3.7111026e-01   5.4581669e-02
   2.0000000e+00  -2.6695776e-01  -1.5642406e+00   4.2569100e-01  -5.8582091e-01   7.8654235e-01  -4.8995641e-01  -1.6154272e+00   2.3817908e-01  -1.3137596e+00  -3.1823062e-01   1.6858797e-01   5.9834479e-01  -2.1524124e+00   1.0494825e+00   7.0955143e-02   3.6891594e-01  -9.9059951e-01   4.5656118e-01
   1.0000000e+00   2.1107496e-01   6.3147793e-03  -5.0523973e-01  -3.5796894e-01   7.0392427e-01  -7.1308217e-01  -8.2200541e-01   7.5388144e-01   4.4741276e-01  -1.0171842e+00   7.7950643e-01   1.2564601e+00   1.5160972e+00   1.5763944e+00  -1.5747853e-01  -2.3748445e-01  -2.6141308e-01  -4.3053957e-01
   2.0000000e+00   1.3783832e+00  -6.7112127e-01  -2.5066028e-01  -1.2137557e+00   7.9956540e-01  -7.2920003e-01  -2.2654399e+00  -1.0343401e+00   6.4878149e-01  -9.2995843e-01  -4.6322850e-01   1.7584306e+00   4.7243037e-01  -1.1826723e+00  -8.4103278e-01   1.0778449e+00  -1.5891068e-01   9.0570172e-01
   2.0000000e+00   1.1406154e+00   1.2105584e+00   1.3619293e+00  -1.6904708e+00  -5.0773629e-01  -2.6023362e-01   1.0817562e-01   1.4899992e+00   5.1821227e-01   7.8342799e-01  -1.4307014e+00   3.5217014e-01  -8.2509694e-01  -1.4942336e+00  -1.6258235e+00   4.1381635e-01  -1.3900473e+00  -1.4464831e+00
   2.0000000e+00  -2.2728243e+00  -1.4535041e+00  -6.9497896e-01   6.7728072e-02  -7.6368881e-01  -6.5381488e-01  -5.2609408e-01  -9.6958411e-01   4.5724126e-01   3.7678392e-02   4.7409431e-02   2.4309951e-01   1.4429638e+00  -6.3686489e-01  -1.3905679e+00  -1.0743399e+00   1.9205619e-01   1.0511658e-01
   2.0000000e+00  -7.5556244e-01  -5.5831674e-01   1.4422179e+00  -9.2325655e-01   1.1829781e+00  -6.4540938e-01   4.3412353e-02  -1.1977762e-01  -6.9182831e-01  -1.0880395e+00   8.4956491e-01  -9.9447574e-01  -7.9837659e-02  -1.2439619e+00  -5.9295118e-03   1.2454927e+00   5.4260475e-01  -2.0808685e+00
   1.0000000e+00  -2.4450103e-01   4.0854455e-01  -7.1161884e-01  -8.0292727e-01   1.2786116e+00   1.4986420e+00  -1.9369640e-01  -3.9377225e-01  -8.1058809e-01   9.6544565e-02  -1.0356491e+00   5.2510947e-01   4.9096308e-01   1.5282259e-01   2.7875949e-01   1.5523309e+00   7.0213858e-01   3.8671576e-02
   2.0000000e+00   3.8162687e-01   3.1171906e+00  -7.6013437e-01   1.0263291e-02  -4.6682773e-01   8.2839746e-01   6.2684060e-01   5.7643350e-02  -1.1082688e+00   1.1527047e+00  -5.4726349e-01  -1.5181737e+00  -4.1993990e-01  -3.0478604e+00  -1.2397752e-01  -1.7886977e-01  -1.0980683e+00  -3.6130117e-01
   2.0000000e+00   1.3377219e+00  -2.4976300e+00  -1.2554394e+00  -5.3029018e-02   6.0870324e-01  -1.7252703e-01  -7.6562990e-02   7.3831316e-01  -2.2330019e+00  -3.0112239e-01  -2.4529778e-01  -1.8101267e+00  -2.6267186e-02   3.4785811e-01  -6.2811532e-01  -1.3616166e+00  -4.2813415e-01   5.6315714e-01
   2.0000000e+00  -9.3867422e-01   1.8156580e-01  -1.8290058e-01  -2.9678383e-01   2.5504073e+00   3.1441005e+00  -1.0912496e+00   4.8499126e-02  -8.5595725e-01  -2.1626667e+00  -1.8113709e+00  -5.0132856e-01   5.8385050e-01   2.0697181e-02   1.4692718e+00  -1.9477423e-01   6.3915310e-01  -1.4100665e+00
   2.0000000e+00  -4.8246335e-01  -6.2244833e-01   8.7475196e-01  -5.2476529e-01  -1.1004995e-02   2.6070392e-01   9.3212241e-01   5.5534962e-01   1.3721910e+00   1.7863349e-01  -6.9215767e-01   1.4700911e+00  -2.7302066e-02   3.8087798e-01  -7.1517838e-02  -4.4459733e-01  -1.9997196e-01   3.4299952e-01
   1.0000000e+00  -7.8682693e-01   3.3274155e-02  -2.6010360e+00   4.1948023e-01  -1.9139355e+00  -9.3646703e-02  -2.0540794e-01  -3.1469700e-01  -9.2532461e-01   4.8179424e-01  -1.1067889e+00  -1.1887133e+00   1.9936959e+00   1.4822955e+00   1.6090734e+00  -6.9277693e-02   5.6918804e-01   5.4312265e-01
   2.0000000e+00   6.4375227e-01   3.4903643e-01  -1.4839463e+00   1.7277463e+00  -6.0401323e-01   9.7574408e-03   2.5856788e+00   4.9711449e-01  -1.3550425e+00   1.2442005e-01  -5.9679981e-01   8.3128832e-01  -2.9868077e-01  -7.3054647e-01  -4.4644350e-01   5.5182719e-01   2.1500871e+00   2.0252945e+00
   2.0000000e+00   2.4148845e-01   8.1477031e-01   2.5949017e-01  -1.1526305e-01  -6.1632180e-01   1.8945744e+00   5.5423084e-01  -1.5048035e+00   1.5527185e+00   1.1708112e+00  -1.2531572e+00   3.0510462e-01  -6.3288607e-01  -1.0893350e-01  -2.8514196e-01  -7.0232944e-01   5.3900036e-01   6.7642638e-01
   1.0000000e+00  -1.3625088e+00   8.5410643e-02  -6.3397318e-01   1.3740424e+00  -5.2094566e-01   9.4333395e-01   1.8840671e-01  -2.2648639e+00  -1.4579720e+00   3.3043878e-01  -3.3396293e-01  -8.8255517e-01   2.0594441e+00   2.4280027e-01   7.3317668e-01   1.7019664e+00   1.2889871e+00  -1.8737412e+00
   2.0000000e+00  -1.2342924e+00   1.5269882e+00   9.8080028e-01   2.6287653e-01   6.2960529e-01   1.3363585e+00  -2.6542601e-01  -9.8825881e-01   1.0686431e+00  -1.0445958e+00  -4.3416153e-01   1.2926613e+00   1.3906944e+00   7.7981888e-01  -3.1769388e-02  -4.3691115e-01   4.7256704e-01   6.5590354e-01
   2.0000000e+00  -1.2528536e+00   1.2335017e+00   9.5466212e-01   2.3333643e+00  -5.5335304e-01   5.6946057e-01  -5.0857106e-01   1.0098019e+00   1.1012814e+00   1.8135501e+00   1.3296388e+00  -7.4589275e-01  -1.0911692e+00  -9.1447057e-01  -1.9986536e-01  -6.3038133e-01   7.4914585e-01  -7.7831714e-01
   2.0000000e+00   5.0475352e-01   9.5290917e-01  -2.6257594e-01   6.1520243e-01  -9.4285321e-01   3.9251396e-01   1.6263955e+00  -6.1029927e-01   1.3410263e+00   2.0944623e-01  -1.7907645e+00  -9.9238558e-01  -2.4950846e-01   1.1510366e+00  -7.8968196e-01  -5.2384509e-01  -1.2880473e+00   4.3739716e-01
   2.0000000e+00  -9.9414310e-01  -1.2630455e+00   1.5149914e+00   1.2551387e+00   6.3208641e-01  -9.3121756e-01  -1.0459773e-01  -9.6488653e-01   2.1022784e+00   8.7967951e-01   1.2798707e+00  -1.4739399e+00   8.2931273e-02  -5.0066845e-01   9.4610659e-01  -2.3901224e+00  -3.4394639e-01  -6.1159159e-01
   2.0000000e+00  -2.5977813e+00   3.6992111e-01   1.7284175e+00   1.1983526e+00  -3.6854262e-01   4.1003141e-01   1.0268728e+00   6.5604771e-01   1.3094790e+00  -5.4349396e-01  -2.1877901e-01   4.8466490e-02  -5.8660429e-01  -6.0147097e-01  -1.2102298e+00  -1.6609833e+00  -3.7374339e-01  -8.6179243e-01
   2.0000000e+00  -3.9357419e-02   9.8950162e-01   1.9413237e+00   8.1118820e-02   1.7269224e+00   1.5955749e+00  -1.2564700e+00  -7.8670183e-01  -6.8591437e-01  -6.6396982e-02   1.0305677e+00   7.4514242e-01   4.4356901e-01  -3.8550129e-01   1.5174190e-01   1.5109952e+00  -1.9689126e+00   9.4756047e-01
   1.0000000e+00  -4.0508123e-01   3.0205156e-01  -1.4339107e+00   5.5709143e-01  -1.7778892e-01  -4.5968277e-01  -2.3266404e-01  -2.1294155e+00  -1.0024586e+00  -2.6008353e+00  -8.4148792e-01  -4.3705278e-01  -1.0967887e-01   1.0941371e+00  -1.1970547e-01   9.9741134e-02   6.4701141e-01   8.4310645e-01
   2.0000000e+00  -6.4839829e-01  -4.3388291e-01   5.8368485e-01   1.3526446e+00   3.4262150e-01  -1.2037447e+00   3.5102401e-01  -2.2375491e+00  -1.8388017e-01  -3.3052893e-01   8.3275420e-01   1.0473009e+00   2.9822834e-01  -2.3683453e-01  -1.3309530e+00  -2.3161266e-01  -7.6492145e-02  -6.9252352e-01
   2.0000000e+00  -1.3163333e-01   1.0462888e+00   3.7729804e-01   4.5269726e-02   3.5355514e+00   6.3545570e-01  -2.2474608e-01  -7.6552314e-01  -3.1193496e-01   6.7049353e-01   8.2179908e-01   4.6966700e-01   4.2379362e-01  -4.1827283e-01   1.4414155e+00   3.6775327e-01   1.3426856e+00  -1.0511891e+00
   2.0000000e+00  -1.2125585e+00   5.9698201e-01  -2.0798319e-01  -5.2987262e-01  -7.8885560e-01  -4.1680551e-01  -2.4573169e+00  -4.4120788e-01  -1.8097310e-01   1.0443625e+00  -1.0513399e-01  -7.2942440e-01  -1.8611937e+00   1.3243583e-01   4.4818275e-01  -1.2317025e-01   5.7367963e-01  -1.1215080e+00
   2.0000000e+00  -1.9238110e-01  -5.1487925e-01  -7.9043845e-01  -7.7895436e-01   1.7106347e+00   2.1675786e-01   3.6615052e-01  -6.3343023e-03   5.8117183e-02  -1.7726141e+00  -1.5727076e+00   1.0492909e+00  -3.4546352e-01   1.3301955e+00  -1.5163035e+00   2.0370247e-01  -9.3868973e-01  -1.2341229e+00
   1.0000000e+00   1.4076464e+00   6.2549417e-01  -4.7813831e-01   1.4282789e+00  -1.2543169e+00   8.6459236e-01  -2.0926171e-01   7.3230486e-01  -7.2843506e-01  -1.1933654e+00  -1.9532692e+00  -8.3436837e-01   7.6772256e-01  -1.0018855e+00  -1.0182992e+00  -3.4590482e-01   6.1645815e-01   4.5465035e-01
   2.0000000e+00   3.1077172e-01  -3.1959351e-01   1.1106018e+00  -6.1797982e-02  -1.7103082e+00   1.3266236e+00  -1.9220646e-01  -4.7781730e-01  -1.3319243e-01  -1.1298447e+00  -8.8606105e-01  -1.3560280e+00   2.3709062e+00  -3.1073430e-01   9.0818164e-01  -1.2199415e+00   1.8711897e-01  -9.8421865e-01
   2.0000000e+00   3.1510040e-01  -2.6839958e+00  -3.9859622e-02   3.1473545e-01   2.2158737e-01   9.0296478e-01   8.8424194e-01  -2.3489568e-01  -5.3508952e-01   1.1918229e+00  -1.5529181e+00  -5.9976404e-01   4.9113319e-01  -1.6710244e+00   6.2668601e-01  -9.2610338e-01  -1.5592670e+00  -3.6332032e-01
   2.0000000e+00   3.7600647e-01   1.3912367e+00  -2.4516921e+00   5.6638635e-01   8.3985066e-02   8.4056079e-01  -2.2186877e+00   6.1126823e-01  -1.8773758e+00  -2.0265566e-02   1.9469823e+00  -1.3187278e+00  -4.0466742e-01   6.5832816e-01  -5.9985743e-01   1.4959299e+00  -2.9423438e-01   7.6037142e-01
   2.0000000e+00  -5.3342481e-02  -1.3616859e+00   6.5932458e-01   6.5571585e-01   1.0002465e+00   1.6369836e+00   6.5541903e-01  -9.4146338e-01   5.6967152e-01  -8.9904905e-01   1.0600722e+00  -1.0518506e-01   2.4675533e+00  -1.0749793e+00  -6.0550206e-01  -1.6720772e-01   1.9428810e+00  -1.6713409e+00
   2.0000000e+00  -1.1366297e-01   9.3772912e-01  -8.8349676e-01  -1.0988129e+00   2.3745878e-01  -3.5997105e-01   2.0067956e+00   8.2501230e-01   1.0782402e-01  -1.1530487e+00  -1.4433574e+00  -1.4271153e+00  -1.6897664e-01   6.8109009e-01  -4.0100542e-01   7.1337603e-01  -7.8171282e-01  -3.9196116e-01
   2.0000000e+00   1.3755662e-01  -1.0212283e+00  -1.5780529e-01  -1.7407745e-01   3.1714015e-01   5.4805098e-01   2.4376358e-01   5.2948390e-01  -1.1277525e+00   1.4030786e+00   2.2662688e-01   8.5398157e-01  -1.1001077e+00   3.5384529e-01  -1.3636561e+00   6.2553190e-01   1.2483144e+00  -1.0191138e+00
   2.0000000e+00  -2.3572507e+00  -6.3603837e-01  -7.2757333e-01   1.9340223e-01  -1.5390718e+00   2.0417510e-01  -8.7796298e-01   1.6019002e+00  -3.5245354e-01  -3.8704654e-01   3.7298061e-02   6.5777006e-01   1.8300801e-01  -1.4914335e-01   4.7402411e-01  -1.2446429e+00   4.6552553e-01   3.2483253e-01
   2.0000000e+00   4.7609586e-01  -1.6108161e-01  -1.8968103e+00   2.1601174e-01   6.3805036e-01  -8.2955704e-01  -6.0166165e-01   2.6950834e-01  -2.1983852e+00  -5.7329920e-01   2.1639436e-01  -1.4298419e+00  -3.8724943e-01  -5.8235629e-01   3.7897112e-01   2.4763092e+00   2.7244035e-01   3.5945999e-01
   2.0000000e+00  -1.0428193e-01   9.2053993e-01   1.7341598e+00   2.1230602e-01  -6.5016958e-03  -5.9016468e-01  -5.3002734e-01   1.2604000e-01   1.3990027e+00  -2.3289661e-01   2.7133649e-01   1.5937050e+00  -5.2184917e-01   9.3999283e-01  -1.1996328e+00   8.9341620e-01   2.3597684e+00   6.1346367e-01
   2.0000000e+00  -7.9369202e-01  -2.4047010e-01  -1.1458115e+00   4.5970457e-01   1.3084102e-01   6.6484599e-01   5.6004428e-01  -3.2409381e-01  -1.2877089e+00  -7.0839209e-01   4.9586632e-01  -7.2878535e-01  -4.4605529e-01   7.3915494e-01   1.4548749e+00   1.2806844e+00  -2.4160919e-01  -1.5244964e+00
   2.0000000e+00  -1.8941307e+00  -5.3956252e-01   2.2988684e+00  -8.3110008e-02  -9.6358621e-01   6.6092073e-01  -8.0471707e-01  -2.4345032e+00   1.0178346e+00  -9.0095280e-01   6.7992256e-01  -7.5020327e-01  -1.7566670e+00  -1.7154858e-01   2.1348912e+00  -4.4359542e-02   6.2716290e-02  -2.9415117e-01
   2.0000000e+00  -1.7974129e+00  -1.5195852e+00  -7.2937174e-01  -1.9100246e+00   1.0921388e-01  -2.6567219e-01   4.9322618e-01   9.5779395e-01   4.1678981e-01   1.7648057e-01   2.0802161e-01   1.8305323e+00  -1.2124561e+00  -1.6799388e-01  -4.9256885e-01   4.8669334e-01  -7.0897514e-01  -5.2012143e-01
   2.0000000e+00   8.8856904e-01  -1.1148270e-01  -4.8946330e-01   8.6837173e-01  -1.7481680e+00   5.4816632e-01   6.0106343e-01   2.5607530e+00  -7.6239764e-01   4.0693039e-01   1.1350324e+00  -1.5207042e+00   1.3008487e+00   3.8730609e-01  -6.1586756e-01   2.5990436e-01  -1.3159129e+00   4.2893319e-01
   2.0000000e+00   3.2664569e-01   1.1164096e+00  -4.0961104e-01  -3.9109317e-01  -1.9640541e+00   1.1425614e-01  -3.1802547e-01   2.6653641e-01  -7.9487962e-01  -1.1886300e+00   5.2204814e-01  -4.0611295e-01  -6.2741403e-01   3.4898353e-01  -1.5519767e-01  -6.6692664e-01   1.2613918e+00  -1.8913967e-01
   1.0000000e+00   2.4030335e+00   1.3298130e-01  -1.5447635e+00  -1.1411977e+00   4.6106922e-01  -8.8165143e-01   6.4641345e-01   5.7710393e-01   1.0753771e+00   4.7920100e-01   1.2716871e+00   1.2921765e+00   3.4614588e-01   7.5833153e-02   1.5700500e+00  -1.2173013e-01  -5.8817618e-02   9.1860633e-01
   2.0000000e+00   1.3868924e+00  -1.0826204e+00   6.2601559e-01  -1.0435612e+00  -9.0233440e-01  -4.1392041e-01   1.0166152e+00   5.6765654e-01  -4.7592475e-01  -6.7062805e-01   6.4101314e-01   1.7002473e-01  -9.7789979e-01   6.3258408e-01   7.1607019e-01  -3.5643377e-01   1.7964286e+00  -1.2551804e+00
   2.0000000e+00   3.0507075e-01  -6.9865932e-02  -1.1220150e-01  -1.5810487e+00   3.3313704e-02  -1.4936168e+00   1.7036001e-01   1.0542957e+00   2.4581394e-01   1.9925703e-01   2.1866896e-01  -6.6852356e-01  -2.2299431e+00  -9.0668015e-01  -2.0085861e+00  -2.0154053e+00   3.8161121e-01   4.0309833e-02
   1.0000000e+00   4.2057695e-01   3.9770383e-01  -6.2603962e-01   4.1089336e-02   5.1999121e-01  -2.9433333e-01   5.9756914e-01   6.1660303e-01  -8.9842062e-01   1.0007990e-01  -5.9150645e-01  -3.0452840e-01   5.5383829e-01  -1.9423955e+00  -4.6540432e-01   9.5919893e-01  -9.5642814e-01  -1.6750201e+00
   2.0000000e+00  -4.4373676e-01  -2.2193980e-01  -4.0765125e-01   2.0221131e-01  -1.1862811e+00   1.5059772e+00   4.8064276e-01   1.6801881e+00  -1.5615733e+00  -1.1991297e+00  -1.5910982e+00  -1.2916255e+00  -1.0155588e+00  -1.8901016e+00   5.5138087e-01   9.9392686e-01   3.2870512e-01   1.2122656e+00
   2.0000000e+00  -3.1232211e+00  -6.4781395e-02  -8.5395842e-01   1.4435349e-01  -6.9467152e-01  -1.6263643e+00   9.9201005e-01   1.6004049e-01   6.1790300e-02   8.7499103e-01  -4.5398951e-02   2.5168918e-01   5.5480288e-01   4.5256509e-01  -1.8955960e+00   1.0431482e-01   1.0501912e-01  -1.6949242e+00
   2.0000000e+00  -3.3867966e-01   8.3316512e-01  -5.4216999e-01  -5.9497755e-02   1.2327080e+00   6.5273804e-01  -8.1094416e-01   4.5760581e-01   3.6705459e-01  -1.0776874e-02  -3.3663009e+00  -9.8387469e-01  -6.4205635e-01  -9.9375361e-02   2.0048822e+00   1.0363067e-01   5.5485634e-01   1.0436358e+00
   2.0000000e+00  -2.9797136e-01  -3.4823921e-01  -1.2816008e+00   2.1701648e+00  -4.0900337e-01  -8.8893812e-01  -1.5811427e+00  -8.1184161e-01   4.5130021e-01   6.2905665e-01  -3.7725780e-01   7.2085124e-01  -5.1372653e-01   9.8605026e-02  -4.2300734e-02   1.1233026e+00   5.2086588e-01   9.1038046e-02
   2.0000000e+00   8.9372482e-02  -1.1873103e+00  -1.5380351e+00  -6.7398013e-01   1.2848591e+00   9.2146853e-02   1.1463257e+00  -6.7200178e-01  -3.2999297e-01   2.4666731e-01  -4.9518351e-01  -1.1383267e+00  -1.1427348e-01  -7.4504538e-02   9.6995321e-01  -6.0791031e-01  -8.1906350e-01   2.0303026e-01
   2.0000000e+00   1.1822784e+00  -8.7161934e-01  -3.1953338e-02  -8.3518555e-01   4.2917535e-01  -1.2127816e+00  -7.2082214e-01   4.9142799e-01   1.9072268e-01   7.4831950e-01  -1.3155678e+00   5.4755514e-01   1.5402101e+00  -3.4553291e-01  -2.1028524e+00   1.9166201e+00  -6.5737119e-01  -2.5177040e-02
   1.0000000e+00   1.1320026e+00   9.3470932e-01  -4.0698615e-01   2.6268864e-01  -5.2226588e-01   5.9137926e-02   2.8481679e-01   1.4709733e+00   5.3264934e-01  -7.2092089e-01   5.5664492e-01  -2.0890157e+00  -3.6737911e-01   1.1687534e+00   3.9074815e-01   1.5051369e+00   1.2728928e+00   4.0029526e-01
   2.0000000e+00   1.4804939e+00  -9.7052347e-01   2.4029578e-01   5.4933046e-01  -2.9162252e-01  -8.1014823e-01  -1.0282385e+00   4.9310513e-01  -5.9992624e-01  -1.4979033e-01   3.5302285e-01   8.4216161e-01  -1.2440535e-02   2.6052242e-01  -8.1093364e-02   6.1677337e-01   7.3258992e-01   1.7632214e+00
   2.0000000e+00   9.4470618e-01  -5.3799647e-01  -2.9688113e-01  -1.8265458e+00   4.5254946e-01   1.6545285e+00   6.5182667e-01  -1.2247408e+00  -3.8992312e-01   5.3474881e-01   4.9131487e-01   9.7599332e-01  -7.1476484e-02   8.9895961e-02   1.6091749e+00  -1.4368555e+00   2.2046152e-01  -1.8708162e-02
   2.0000000e+00  -7.3331678e-01   1.3759191e+00  -2.0449481e-01   4.3920434e-01  -2.0684742e+00   7.8248980e-01   7.2750293e-02   4.0856029e-01  -1.3411862e+00   9.0370435e-01  -3.3460222e-01  -1.7403004e-01   2.9645478e-01  -8.9036461e-01  -4.8778658e-01   8.7807347e-01  -1.2487116e-01   3.7189401e-01
   2.0000000e+00   3.2494965e-01  -2.6862634e-02  -1.8072076e+00  -1.0740201e+00   1.6402212e-01  -1.2945743e-02  -1.7954649e-01   2.9771191e-01   4.0354272e-01  -3.7082091e-01   8.8025494e-01  -4.3110021e-01   1.3519296e+00   1.1887727e+00  -1.6914976e-01  -8.8436908e-01   1.5752493e+00   1.1510347e+00
   2.0000000e+00   1.3122251e+00  -4.8730084e-01   1.0747114e+00   9.3854819e-01   1.1679622e+00   5.9142044e-01   1.1401069e-01   1.9467679e-01   3.7979617e-01   1.5577757e+00  -2.4345859e-02   1.9369673e-01  -1.8151031e-01  -6.9027705e-01   1.1641609e+00   2.2601117e-01   2.3752453e-01  -1.0786527e+00
   2.0000000e+00   1.3650580e-01  -1.3450136e+00   4.3970755e-01  -7.5572159e-01  -6.0678414e-01   4.7633626e-01  -1.5575776e+00  -7.2786724e-01   4.1520005e-01  -4.5867571e-02   3.6057046e-02   3.6436790e-01   7.2728904e-01  -2.1443444e-01   5.1863329e-01  -9.7247210e-01   8.2159734e-03  -7.6646377e-01
   2.0000000e+00   1.5298922e+00   1.0530545e+00   1.7087204e+00  -7.9586473e-01   8.6466066e-01   2.2221878e-01   9.0227075e-02  -1.0623900e+00   1.8292239e-01   1.2213824e+00  -1.2933625e+00  -1.2291153e+00  -2.5910246e-01  -5.9327011e-01  -2.8108954e-01   2.0500339e-01  -5.0832809e-01  -1.8958255e-01
   2.0000000e+00  -8.2432850e-01   1.4928852e+00   1.9009543e+00   3.6300719e-01   4.5267766e-01  -1.9011179e+00   1.5524938e-01   2.6336197e-01  -9.3301637e-01  -4.6944125e-02   1.3543915e-01   8.5463952e-01   6.6105788e-01  -4.9398077e-01  -6.1362762e-01   9.6399920e-01   1.4790890e+00   1.2777567e+00
   2.0000000e+00   6.4808066e-02   7.5396781e-02   6.1119675e-01  -3.8793595e-01  -1.1265613e+00   1.0920486e-01   1.1835506e+00  -8.0572182e-01  -6.1887877e-01  -2.2727478e-01   2.1553262e+00   7.1746404e-01  -9.7537875e-02  -7.7293438e-01   1.4387208e+00  -5.7948743e-01  -3.5569807e-01   1.8616986e+00
   2.0000000e+00   8.1219716e-01   8.7315017e-01   6.4179820e-01   8.5321247e-01  -7.2999886e-01   1.1722579e+00   1.3727334e+00  -3.0996840e+00  -8.3659122e-01  -3.9492693e-01  -8.8466963e-01  -1.0995074e+00   1.2846593e+00  -4.4894735e-01  -1.5080221e+00   2.1516289e+00   1.0424702e+00   1.3770207e-01
   2.0000000e+00   1.9491757e-01   9.6557449e-01   3.1769268e-01  -1.0924498e-01   8.7054032e-01   4.6281477e-01   8.8503462e-01  -4.7236290e-01  -2.0423292e-01   1.3873780e-01   4.2580997e-01  -4.0805158e-01  -6.0641091e-01  -5.8329435e-02  -8.7245260e-01  -6.6865396e-01   6.1630779e-01  -9.9399130e-01
   2.0000000e+00  -1.1374469e+00  -1.1354323e+00   5.3217364e-01  -1.2950481e+00  -5.9213565e-01  -4.5948253e-01  -1.5363462e-01   1.6646318e+00   2.5437038e-01   4.7699859e-01  -2.3285800e-01   7.7199866e-01   1.7242103e-01  -1.4654566e+00  -1.4094013e+00   9.4373831e-01   7.9482704e-01  -9.1301859e-01
   2.0000000e+00   1.8628217e+00  -3.9197798e-01  -2.9964100e-01  -7.9930523e-01  -7.7286342e-01  -1.3885588e+00   3.3831965e-01   6.8133572e-01  -9.6585703e-01   4.1803480e-02   6.8927087e-01   1.2047120e-01   7.2374366e-01  -1.7919390e+00   9.1500878e-01   1.2629428e-01   4.9704006e-01  -2.3744286e-01
   2.0000000e+00  -4.7520988e-01  -7.6307076e-01  -7.0659705e-01  -6.4115194e-01   3.3491197e-01  -2.4542441e-01  -4.9380883e-01  -4.9146031e-01   5.1077728e-01   5.4785946e-01  -5.9788876e-01   1.5911460e-01   6.1967958e-01   1.1336132e+00   9.3025346e-01   2.5516572e-01  -9.2330579e-01  -3.6417625e-01
   2.0000000e+00   4.4701495e-01  -5.5232683e-01  -6.8903691e-01   7.9018655e-01  -3.2765890e-01   1.4641578e+00   1.4228930e-01  -2.2570147e-01  -1.0553945e+00   1.2147035e+00   7.0654132e-01   2.6355956e-01  -1.5469677e-02  -1.2350078e+00   5.8764188e-01   7.8394854e-01  -4.3790334e-01   6.3851472e-01
   1.0000000e+00   3.9738536e-02   1.4505616e-01   1.2433299e+00  -3.5349190e-01   1.6606073e+00  -1.0251905e+00  -8.6756382e-01   4.8727026e-01   1.0303959e-01  -4.7204083e-01  -1.2668239e+00   2.7182077e-01   1.7935523e+00   6.8066517e-01   2.5907437e-01   1.6858852e+00   1.9528323e-01  -2.4721745e+00
   2.0000000e+00   2.0241061e+00  -3.3024404e-01   6.3756530e-01  -3.6497389e-01   1.3813923e+00   4.4668975e-01   8.8074359e-01  -3.7968958e-01  -9.8322069e-01   1.6569974e+00  -5.0051181e-01   1.8568490e-01  -4.4587471e-01   3.8601701e-01  -2.1469189e+00  -2.3819056e+00  -3.1307767e-01  -2.5199853e+00
   2.0000000e+00   2.9191580e-01  -5.4797227e-01   7.4867702e-01  -1.6861619e-01  -9.2291501e-01   1.1659965e+00   2.1778917e+00   1.1691829e+00   4.0755719e-01   3.7088804e-02   1.4795991e+00  -9.3261514e-01   2.0737590e-01  -2.1188741e-02   3.8374630e-01   1.5864561e+00  -5.9882818e-03   3.6338005e-01
   2.0000000e+00  -2.7113250e-01  -1.6741597e+00  -1.2701608e+00  -1.9990495e+00   5.5532632e-01   1.2946332e-01  -1.4032051e+00  -2.9147220e-01  -1.7610712e+00  -8.6525278e-01  -4.3719284e-01   1.2434390e+00  -5.8549625e-01   1.3040294e+00   6.1494704e-01  -1.4416635e+00  -3.5767995e-01   3.1593472e-01
   2.0000000e+00   2.2975986e-01  -2.2130714e+00   2.0772382e+00  -1.4337176e-01  -1.1482697e+00   1.3044297e+00  -2.9417829e+00   1.1478977e-01   1.0734046e+00   6.8900791e-01  -7.6154384e-01  -2.0694469e-02   2.3985531e+00  -7.4929920e-01  -1.3527246e+00   1.1371405e+00   7.7634488e-01  -1.2375270e+00
   2.0000000e+00   3.8996677e-01  -2.0756739e-01  -3.7116951e-01   4.4954693e-01   6.3368491e-02   1.9202285e+00  -8.4512585e-01  -1.6486157e+00   5.9564209e-01  -5.2147633e-01  -1.2686130e+00  -1.6631112e-01  -1.6945993e+00  -1.3876356e+00  -1.1255710e+00   1.6076137e+00  -3.9981710e-01   1.2103306e+00
   2.0000000e+00   4.2843684e-01   7.4700669e-01  -1.9459553e+00  -3.2462958e-01  -1.7546768e+00   7.3833538e-01   1.6260819e+00   1.7813089e-01  -3.7015888e-01  -2.3062372e-02  -6.7353603e-01  -5.5942809e-01   1.1359749e+00   3.5317153e-01  -6.6321021e-01  -1.0219693e-01   1.2447228e+00  -5.3820274e-01
   2.0000000e+00   7.9372349e-02  -9.6105161e-01   1.1658088e-01   2.1405782e-03   2.2152349e+00  -9.8494778e-01   4.1396362e-01   4.4993866e-01  -2.7781594e+00   1.3963726e+00   1.2202055e+00  -2.8522518e-01   5.7291402e-01  -4.6926154e-01  -3.0330222e+00   1.5212793e+00   3.4860755e-01   1.0160780e+00
   2.0000000e+00  -1.2561425e+00  -1.7140663e-01   1.5834889e+00  -5.2527242e-01   2.5215892e-01   1.3188630e+00   8.2456304e-01  -1.3357841e+00  -1.1559816e+00   5.2068291e-01  -5.6403521e-01  -9.5233248e-01   2.7127875e+00  -1.9578366e+00  -8.8044614e-01   2.3881542e-01   6.0743574e-01   1.2016634e+00
   1.0000000e+00   5.4301515e-01   8.3133930e-01  -4.6077609e-01   7.6995438e-01  -1.9897416e+00  -2.0968233e-01   4.1027599e-01   4.7457011e-01  -4.8386283e-01  -1.0771057e+00  -4.2273016e-01  -1.7465144e+00   8.7224478e-01  -8.2985362e-02  -2.9677269e-01  -6.8269304e-01   6.9213527e-01   2.1049715e+00
   2.0000000e+00  -1.2023929e+00   8.5560150e-01   2.3039085e-02  -8.4502204e-01   7.8327466e-02   6.1374208e-01  -1.4054712e+00   1.2999328e-01  -6.0648644e-01  -1.5575454e-01   4.8682313e-01  -1.6625475e+00  -8.8307355e-01   1.8084662e-01   1.5357979e+00   2.0784472e-01   2.7974840e-01   4.4619862e-02
   2.0000000e+00   2.9186945e-02   1.1888547e+00   8.9453229e-01   3.7500590e-02  -1.1321732e-02  -1.1190721e+00  -2.3013225e-01   2.3727136e-01  -8.9676345e-01   3.8004389e-01   2.1359597e+00  -6.1120430e-01   1.2087682e+00  -1.0365246e+00  -1.3906773e+00   2.3536422e-01   1.1413806e+00  -1.0216128e+00
   1.0000000e+00  -2.8332285e+00   6.2701426e-01  -1.1006443e+00   9.5255399e-01  -1.8914646e-01  -4.8554779e-01  -4.7639031e-01   1.7730197e-01   2.3439243e+00  -2.5241401e+00  -1.2224072e-01  -1.1647537e-01   1.2108896e+00   3.7186282e-01   8.4404165e-01  -2.9768413e-02  -3.5332472e-01   1.2442662e-01
   2.0000000e+00  -4.0899183e-01  -8.4212469e-01  -1.3526094e+00  -8.1121059e-01   1.3257738e+00  -1.9857965e-01   1.9587908e+00   2.6474241e-01  -9.6800646e-01   9.2097235e-01   9.6622710e-01  -1.5284223e-01  -2.5247923e-01  -1.4962132e+00  -1.2599802e-01   2.6457198e-01  -2.5636009e+00   3.2424070e-01
   2.0000000e+00  -2.6425714e+00   1.2351909e-01   8.5317778e-01   1.1721127e+00   2.2144772e-01  -2.4540414e-01  -1.4270860e+00   2.1168494e+00  -1.5711523e+00   1.6235773e+00   9.0053617e-02   1.7833266e+00  -3.9603930e-01  -1.0079276e+00   4.1491844e-01   3.0420130e-01   2.8026463e-01  -9.7059866e-02
   2.0000000e+00  -5.9190021e-01  -1.0063544e+00   2.4655331e-01  -4.2608566e-01   4.9397230e-02   7.0612695e-01  -7.7227821e-01  -1.1854577e+00   4.1883049e-01  -1.2683898e+00   4.9267106e-01   1.7107846e-01  -9.3895165e-01   2.0512638e+00   3.9486536e-01   2.1491854e-01   4.5767419e-01   4.3653788e-01
   2.0000000e+00   4.7662829e-01  -9.9233668e-01   3.4237226e-01   1.7261058e+00  -4.5771774e-01  -2.0712527e-01  -1.1643478e+00   1.4007142e+00   9.9053599e-02   1.5631146e+00  -1.3175606e-01   1.0908678e+00   7.4404502e-01   1.0702539e+00  -8.7694588e-01   1.7084064e+00  -1.2598202e+00   1.2384805e+00
   2.0000000e+00   7.4580632e-02  -3.6845392e-01   1.1409244e+00   9.4604707e-01  -3.3173719e-01  -1.3834479e+00   1.0292602e+00  -5.7581885e-01  -7.2286247e-02  -1.6194845e-01   2.7875007e-01   1.6243785e-01   7.0981580e-01  -1.1669021e+00  -1.9107694e+00   1.7901237e-01  -1.0211209e+00   1.4617248e+00
   1.0000000e+00  -1.0856803e+00   7.7319169e-01  -7.3678575e-01   1.0547361e+00   1.0089565e+00   7.3532980e-01  -3.6980633e-01   8.0567163e-01  -2.5330767e-01  -2.3943353e+00   1.1220851e-01  -1.2858530e+00   3.4911052e-01  -1.4780348e+00   1.3363708e+00   2.4484290e-01  -2.7704934e-01   1.3495721e+00
   1.0000000e+00  -6.7352225e-01   7.3081085e-03  -1.2060098e+00  -8.8792080e-01   9.5494374e-01  -1.3021425e+00   6.3096420e-01   5.0260091e-01  -6.6829124e-01   1.8840591e+00  -9.4207820e-01   4.2919953e-01   1.5492649e+00   2.0335700e-01   6.6601307e-02  -8.1499215e-01   1.2435870e+00   3.5102651e-01
   2.0000000e+00  -3.0154052e-01  -6.3395527e-01  -8.2102516e-01  -5.4694140e-01   1.4717846e+00   1.0036204e+00  -2.2499788e-01  -1.1141677e+00   2.6098059e-01  -5.6497421e-01  -4.2718142e-01  -3.7433141e-01   1.8622127e-01  -5.7685195e-01  -1.2598368e+00   8.0777367e-01  -4.8663527e-01   1.1377936e-02
   2.0000000e+00  -1.8160729e+00   2.0509073e+00   1.4728984e+00   4.3432620e-01  -1.4980232e+00   1.4012226e+00   2.9536117e-02   8.8686024e-02  -1.5500891e-01   4.1249746e-01  -7.1766302e-01  -1.0584834e+00   6.2474734e-01   2.8941744e-01   1.4665780e+00   9.9490297e-01  -9.5903404e-01  -2.3763559e-01
   2.0000000e+00   1.4258599e-01   7.5733962e-01  -7.6457789e-02  -4.6643425e-01  -9.4685345e-01  -7.1781876e-01  -7.4865092e-01   7.2789063e-01  -1.0167819e+00   1.7947472e+00   2.5374613e-02  -1.6091228e+00  -1.0144137e+00   8.6761010e-01  -1.1890382e-02  -1.1603144e+00   4.7362175e-02   2.3987300e+00
   1.0000000e+00  -1.6382270e-01   6.6203433e-01   6.4892447e-02  -1.2816966e+00   1.3373727e-02  -3.2047397e-01   4.8827412e-01   1.7880562e+00  -8.2684108e-01  -9.3769131e-01  -6.5959912e-02  -4.0139261e-01   2.3654496e-01   2.1673679e-01  -9.0334018e-02   8.5084236e-01  -1.4525139e-01  -2.1347739e-01
   1.0000000e+00   1.5074958e-01   4.1346067e-01   1.9946678e-01   1.4133917e+00   3.6139603e-01   5.2221572e-01  -1.6577236e-01  -1.2335215e+00  -1.0769868e+00  -2.3090175e-01  -1.9295636e+00  -1.2344015e+00   3.4243427e-01  -8.2384963e-01   4.2485065e-01   5.6194567e-01  -2.1827223e+00   2.8752673e-01
   2.0000000e+00  -4.8301444e-01   8.4798665e-01   1.5549345e+00  -8.8402240e-01  -6.2767270e-01   1.2329577e+00   1.4639375e+00  -6.4377500e-01   1.2778420e+00   1.6915395e+00  -8.3710225e-01  -9.5182049e-01   1.3523175e+00   1.1102961e+00   4.6249764e-02  -2.3167917e-01  -4.2719217e-01   6.9814412e-01
   2.0000000e+00   2.4516733e+00   9.5067963e-01  -1.6406514e-02   4.4729053e-01  -1.9508467e-01   5.6732332e-01   1.3995170e+00  -1.3654507e+00   1.4671022e-01   1.5971552e+00   6.0629725e-01  -4.1083623e-01  -3.9927122e-01   8.2757138e-01  -1.9865391e+00   9.4738855e-01  -4.6202670e-01  -2.5838100e-02
   2.0000000e+00   1.6809313e-01   1.2830781e+00  -9.0990609e-01  -3.0910234e-01  -1.0990568e+00  -8.9495970e-02  -5.2470203e-03  -8.9367607e-01   1.9877944e+00  -2.0212745e+00  -2.6309843e-01   1.8692676e+00  -2.1224356e-01  -2.8341003e-01  -7.5371433e-01  -1.7461077e+00  -1.8900405e-01  -2.4762575e+00
   1.0000000e+00  -7.8180804e-02   3.1811235e-03   7.8659570e-01   7.2913856e-01   3.3663647e-01  -4.8631909e-01  -4.3065667e-01  -1.0885171e+00  -2.3189379e+00  -6.4652047e-01  -3.8625267e-01   7.0155919e-01   1.2801999e+00  -1.2912669e+00   4.8017507e-02  -4.9904463e-01  -9.2942855e-01   6.9939418e-01
   2.0000000e+00  -1.1345672e-01  -8.0463045e-01   1.6368211e+00   8.2431820e-01  -2.2654012e+00   2.4690953e-01  -2.4872840e-01   5.2997435e-01   7.3437784e-01   6.2807829e-02   1.1310648e+00   1.9190764e-01  -7.0835244e-01  -6.4641392e-01   2.7752022e+00  -9.0435204e-01   1.0977729e-01  -1.2714998e+00
   2.0000000e+00  -1.0382106e+00  -3.4617398e-01   1.3613580e-01  -4.8059405e-01   8.9573070e-01   9.5387960e-01  -1.1255290e+00  -8.6156075e-01   3.1649365e+00  -3.5424562e-01   1.4542256e-01   2.8191468e-01   1.3233834e+00   9.9938210e-02  -1.7551845e+00   3.7728329e-01  -1.5756364e+00   1.0959538e+00
   2.0000000e+00  -1.0960523e+00  -1.4526802e+00   8.6071057e-01  -1.5905516e-01  -6.3443249e-01   7.7707147e-02   1.1972373e+00   6.1481188e-01   2.9370432e-01   2.0923695e+00  -1.8688967e+00  -3.1025268e-01   4.7412717e-01   2.3683129e+00  -5.5621222e-01   1.1155267e+00   1.9390517e-01   7.8478471e-02
   2.0000000e+00  -1.6060151e+00  -1.1087120e+00   4.3260096e-01   4.9120660e-01  -9.0921845e-02  -1.4959085e+00   3.5410353e-01  -1.1181198e+00  -4.0831507e-02  -1.6200001e+00   4.8245034e-01   4.1600633e-01   5.7911618e-01  -2.3802979e+00  -9.2031883e-01  -8.8546292e-01   4.5602063e-01  -2.3388059e-01
   2.0000000e+00   7.1545781e-01   7.0948985e-01   1.2636946e+00   2.2687025e+00   5.1101633e-01  -3.9268587e-01   1.0612656e+00   1.2919684e+00  -1.3391172e+00  -9.6971078e-01  -5.2960463e-01  -1.3148341e+00   9.1366625e-01   6.5716666e-01   1.2015182e+00   7.0874936e-01   1.0533849e+00  -3.7955815e-01
   2.0000000e+00  -5.2783365e-01   1.7151345e+00   7.8690487e-01  -1.0152527e+00   1.4329695e+00   8.2676623e-02   2.1978248e-01  -7.1114717e-01   5.8340329e-01   1.6196734e+00  -2.7003262e-01   1.1447793e+00   2.3582301e+00  -3.9026053e-01  -2.7579508e-01  -4.7280632e-01  -1.9553824e-01   1.0134521e+00
   2.0000000e+00  -1.4018446e-01   6.8349705e-01  -1.9360973e-02  -5.0502789e-01   6.9217968e-01   5.0773219e-01   7.9652476e-01  -1.6023742e+00   4.3839955e-01  -2.6144652e-01   2.7223368e-01  -1.7160445e-01   1.1654296e+00   5.5868023e-01   1.2873863e+00   1.1702816e+00   1.7407809e+00   1.7334032e-02
   2.0000000e+00  -9.6025458e-01   1.1841640e+00   1.2958350e+00   2.2406778e-01   4.1583873e-01  -4.7239583e-01  -7.0414141e-01   5.3060384e-01   2.3580646e-01   7.5659553e-01   2.7949928e-01  -4.2871039e-01  -4.1656251e-01  -1.5886008e-01  -1.6248617e-01   8.4715039e-01   1.7337709e+00  -1.8660114e-01
   2.0000000e+00  -1.6373819e+00  -7.8938120e-01   4.4739447e+00  -1.9166062e+00  -6.0085631e-01  -2.9157516e-01   1.3833655e+00  -4.6585227e-01   1.5657422e-01  -7.5322722e-01  -1.2378701e+00   5.0079848e-01  -1.5827916e-01  -2.1277808e+00   2.4059409e+00  -1.0787648e+00   2.8109036e+00   1.1334409e+00
   2.0000000e+00  -3.4417919e-01   1.2331570e-01  -4.3520165e-01  -1.0957396e+00   4.7902202e-02   1.3004776e-01   1.4837218e+00  -1.1119789e+00   1.2188814e+00  -3.5781658e-01   3.1990586e-02  -8.4795783e-01  -1.5412336e+00  -1.3031697e+00  -2.0192357e+00  -7.5556368e-01  -1.7016715e-01  -2.5074919e-01
   2.0000000e+00  -1.6465853e-01   1.0316522e-01  -1.5774008e+00  -1.4731633e+00   6.2297901e-01   1.2398729e+00   1.2842310e+00   1.6984538e-01   1.9502098e-01  -3.4127175e-01   1.2128048e-01   1.4384551e+00   1.3500018e+00   2.6829153e-01  -1.5416080e-01  -5.5847441e-01   6.6193216e-01  -3.0027133e-01
   2.0000000e+00   6.8581738e-01   6.8679485e-01   1.7220693e-01   1.6010225e+00  -1.3093607e+00  -2.2147614e+00   1.9788508e+00   4.1286909e-01  -4.3694581e-01   3.0971388e-03  -6.9185293e-02  -1.4809966e+00  -1.5720811e+00  -5.1969174e-01   1.4079049e+00   1.7586472e-01  -5.6966108e-02   9.0328663e-01
   2.0000000e+00   8.9932388e-01   1.6083532e+00   9.5524820e-01   5.4767275e-01  -1.2054416e+00   1.1127121e-01  -4.9494912e-02  -9.9920017e-01   7.1150665e-01   1.2295251e+00  -1.9701453e-01   9.8816831e-01   1.6385768e+00  -1.0937227e+00   5.1586551e-01  -7.4940845e-01   2.5919971e+00  -1.5654858e+00
   2.0000000e+00  -6.6125783e-01  -5.3216437e-01  -1.1539267e+00   2.0936940e+00  -2.3082284e-01  -1.4946215e-01   3.3489642e-02  -5.6943858e-01   2.2993366e-01  -2.1089182e+00  -2.0189028e+00   1.8987908e+00   5.7133844e-01   8.6432259e-01  -1.6403473e+00  -1.0134711e+00  -1.5117692e+00  -4.3190891e-01
   2.0000000e+00  -3.1214278e-01   9.5577643e-01   1.1835126e+00  -3.2772315e-01  -1.7571737e-01   1.8058962e-01   7.8527184e-01   1.1626531e+00   1.4054835e+00   3.2812807e-01  -8.8546323e-01   1.4658749e+00  -2.1274946e-01  -5.0187380e-01  -4.0318168e-01  -6.0289064e-01  -7.2666738e-01   7.7970130e-01
   2.0000000e+00  -7.1661441e-02  -1.7950803e-01   7.4663709e-01   1.3774032e+00  -6.4343230e-01   5.6649241e-01   4.3604692e-02   5.8146229e-01   8.7205362e-01   5.3976038e-01  -3.9192762e-01  -1.1702938e+00   4.0870310e-01   1.7498840e-01  -4.6667180e-01   1.8072139e-03   5.5430366e-02  -1.2069477e+00
   2.0000000e+00   1.1157572e+00   1.7531211e-01  -7.7632717e-01   6.7136630e-01   1.2157282e+00   7.6059099e-01  -1.6423337e+00   3.5365382e-02  -1.0773709e+00   1.0696850e+00   3.7612117e-01   9.2091114e-01  -2.2707254e+00   1.6526615e-01  -1.5589902e+00   5.4073547e-01  -2.5277511e+00  -5.7054193e-01
   2.0000000e+00   1.0250159e+00  -4.5142318e-01   3.5993643e-01   9.1103728e-01   9.1362543e-01   2.9087810e-01   2.1597685e+00   9.5122353e-01  -1.5190248e+00  -7.1881388e-01  -3.2470640e-01  -9.2853080e-01  -1.8579527e-02   2.1893695e-01   1.1599009e+00  -1.0147275e+00   1.0325568e+00  -1.2050424e+00
   2.0000000e+00  -1.3754796e+00  -9.2437760e-01   1.2093440e+00  -4.7832482e-01   4.5200457e-01  -1.6132748e+00   1.2759288e-01   4.8119893e-01   8.6764065e-01   4.2525405e-01  -1.1521041e+00   1.7134714e-01  -1.2574600e-02   2.3726371e-01   9.2283987e-02   1.6810240e+00  -1.6040680e+00   7.6592408e-01
   2.0000000e+00  -9.3420670e-01   6.2417097e-01   4.1887702e-01  -1.1554463e+00   1.7222739e-01   1.0690918e+00   1.3950354e+00  -5.2305685e-01   1.5176819e+00   9.3854065e-01  -2.2275215e-02   8.9538426e-01  -1.0248811e+00   1.4931583e-01  -1.2697140e+00   4.8668587e-01  -1.3255916e+00  -1.7971675e+00
   2.0000000e+00   8.9221653e-01  -1.5676016e+00   1.0945180e+00  -7.0978814e-02   1.1790252e+00  -1.9499136e+00  -1.2891882e-01   5.9582891e-01  -1.2510576e+00  -5.1987152e-01  -2.6973633e-01   1.9560669e+00  -2.9352886e-03   7.6807231e-01  -1.6567254e-01   7.8932625e-01   1.2319716e+00  -5.2262558e-01
   2.0000000e+00   7.8955204e-01   4.3358247e-01  -1.1116302e+00   8.5830118e-01  -8.9367272e-02   5.4625215e-01  -2.2842990e+00  -1.7765646e+00   6.7290365e-01  -1.6269445e-01   1.3466255e+00  -1.2819302e-01   5.0022034e-01   1.2406939e+00  -6.6000859e-01   1.2675450e+00   6.9514081e-01  -2.0281198e+00
   2.0000000e+00  -1.1767174e+00  -1.1838389e-01   7.9404924e-02   2.8702666e-01   2.0701197e-01  -9.7135194e-01   2.5306079e-01  -1.9989968e-01  -1.6166999e+00  -9.1966514e-01  -1.2899293e+00  -2.0738112e+00   9.5732988e-01  -3.1477571e-01   3.2861485e-01  -2.6142023e-01  -5.1891295e-01  -4.8525628e-01
   2.0000000e+00  -2.4064718e-01   4.4917406e-01   3.7978923e-01  -1.9785677e+00  -1.2683339e+00  -2.9817943e-01  -2.0478303e+00   2.0547254e+00   1.2656206e+00   1.2545576e+00   9.3812073e-01   5.0644222e-01  -6.5710593e-01   6.9993749e-01  -9.2382724e-01   6.2651120e-01  -1.6490523e-01  -5.4321605e-01
   2.0000000e+00   5.0418284e-01  -3.8640775e-01   5.9474265e-01   2.5609508e-01   1.2625815e+00  -5.1278074e-01   1.0144846e+00   1.2517359e+00   6.3875213e-01   4.8227904e-01  -6.9098863e-01   4.6043588e-01  -1.0114426e+00   5.4707038e-03   8.7729993e-01   5.4070919e-01  -9.8180082e-01  -9.1074865e-02
   2.0000000e+00  -9.8444277e-01  -7.6717649e-01  -3.6562953e-01   5.2262534e-02  -1.0180215e-01   2.5439174e+00  -1.2994495e+00   9.8259087e-01  -8.5830765e-02  -9.1786261e-02   1.0207756e+00   2.2438198e-01  -5.7150730e-01  -1.2845294e+00  -5.0039786e-01  -4.5531913e-01  -5.4005033e-01   1.8950794e-01
   2.0000000e+00  -7.5732587e-01   8.5454118e-01   1.8221630e+00   6.5876213e-01  -3.0020850e-01  -8.9479454e-01  -8.6027837e-01   7.4214977e-02   6.8961603e-01   7.8386437e-01   1.3081031e+00  -4.5139234e-01   7.8775646e-01  -1.5667016e+00  -5.4433244e-01  -3.7190824e-01   8.6487441e-01  -8.6201243e-01
   1.0000000e+00   5.8874644e-01   4.7995254e-01   2.9387737e-01   6.8311612e-01  -8.8692090e-01   1.1612659e-01  -8.1016358e-01   3.7645218e-01  -1.5489943e+00   8.3840044e-01  -5.6271640e-01  -6.8493761e-01   7.6837641e-01   5.7261160e-01  -8.7463691e-01   2.0269593e-02   1.9562035e-01  -5.9514357e-01
   2.0000000e+00  -1.0230566e+00  -1.0726665e+00   3.1816471e-01  -9.9527965e-01   6.8111124e-01   2.2906471e+00   5.5979197e-01  -1.6909554e-02  -1.9886953e+00  -1.6777889e-01  -5.1195305e-01   1.6630646e+00   1.8008187e+00  -4.2477607e-02   1.0516836e+00  -3.4118076e-01   1.8638267e+00  -3.2106433e-01
   2.0000000e+00   3.6744133e-01  -6.1263111e-01   6.5313252e-01  -4.8897979e-01   9.4671758e-02  -8.4852719e-01   4.2835296e-01  -1.5912060e+00   2.8492125e-01  -2.3905664e-01   9.6828007e-01   5.0191647e-01   8.3525872e-01   6.7661202e-01   2.5974523e-01  -1.1176451e+00   1.0657013e-01   3.1205409e-01
   2.0000000e+00  -6.8337812e-01  -8.9423640e-01   7.0808820e-01   1.3530462e-01  -1.2908973e+00   5.0166101e-01   1.7633361e-01  -1.2503495e-01  -4.3657703e-01   1.0558777e-01  -5.5778065e-01  -7.6409135e-01  -8.8726291e-01   1.9557748e+00  -1.0588062e-01  -6.5241078e-01  -1.3002388e+00  -3.7412121e-01
   2.0000000e+00   3.7358355e-01   9.8444581e-01   1.2508948e+00   5.8170307e-01  -1.1124759e+00   1.8765304e-01   8.9767429e-01  -9.4077050e-01  -1.5975763e-01  -1.3237396e+00  -1.0835693e+00  -2.7184509e-01   9.1887468e-01   1.2272418e-02   3.3003197e-01   2.6933738e-01  -7.2707496e-01   1.0873015e+00
   2.0000000e+00   5.9368311e-01   2.1473311e+00  -2.5328869e-01   1.2626379e+00  -7.7116144e-01   1.9949260e+00  -1.7485922e+00  -6.7118645e-03   8.7545640e-01   1.3405147e-01  -1.2727842e+00  -3.5022141e-01  -2.7741573e-01  -5.2700871e-01  -1.1533652e+00  -2.9733652e-01   8.3377414e-01   1.3648414e+00
   2.0000000e+00   1.2199495e+00  -1.6656355e-01  -7.2796576e-01  -5.7385676e-01   8.2487918e-01   2.4335485e-01  -1.4347782e+00   1.8197137e-01  -1.0616910e+00  -7.4011588e-01   1.9208114e+00   5.8183111e-01   4.4096419e-01  -1.0729444e+00  -1.8271530e+00   8.3964127e-01  -5.5428647e-01  -4.6229290e-01
   2.0000000e+00  -3.7260760e-01   1.0132334e+00   4.4750388e-01  -1.7506964e+00   2.5100727e-01  -3.0244307e-02   5.0730679e-01   5.1293086e-01  -5.4667132e-01  -1.1803832e+00   1.7580452e+00  -8.1597238e-01  -2.1300834e-01  -1.3839440e+00   1.9304994e+00   1.6525886e+00  -1.6394604e+00  -4.5135641e-01
   2.0000000e+00   1.0421276e+00   1.9130582e+00  -8.5848639e-01  -9.3334774e-01   1.2867450e-01  -1.2370192e+00  -3.9632292e-01   8.9858950e-02   9.6129079e-01   3.8345617e-01   8.3804341e-01   1.5287305e+00   7.4349099e-01   4.2453471e-01   4.6059854e-01  -1.3889835e+00  -1.5513906e-01   1.3321682e+00
   2.0000000e+00  -2.4285659e+00  -4.7398206e-01   1.9535425e+00   3.0706985e-01   1.1392888e+00  -4.4897001e-01   1.7449123e-01  -8.4333096e-02  -2.1000390e+00   8.7029154e-01   5.0877310e-01  -2.8406308e-01  -7.2555053e-01  -5.2953750e-01  -4.5859282e-01   4.0728517e-01   9.7061627e-01   8.9164517e-02
   2.0000000e+00   3.9036433e-01  -5.8947401e-01   2.2420846e-01  -8.5742235e-02   1.1049824e+00   2.8622376e+00  -1.5949648e+00  -1.7459001e-02   8.3220893e-01   5.7794705e-01   2.0975040e+00   7.7918398e-01   5.5051748e-01   7.0872175e-01  -2.0549005e+00   6.8227028e-01   3.9927620e-01   2.4028359e+00
   2.0000000e+00   1.6550493e+00  -2.7072122e+00  -3.4737939e-01   9.7205717e-01  -6.9571957e-01  -2.0874533e+00  -9.8858246e-01   7.6136361e-01   8.4594184e-02  -4.4652263e-01  -1.6075677e-01   4.6041892e-01  -8.1373561e-01   8.9778431e-01  -1.1993573e+00   1.0392153e+00   2.4917797e+00   8.3014133e-01
   2.0000000e+00  -7.8464929e-01  -1.7372372e+00   2.4618232e-01   6.7257538e-01  -8.4541578e-01   1.7571085e+00   6.6926381e-02  -7.5703425e-01  -5.2405186e-01   2.2049323e-01  -4.6120187e-01   1.4328437e+00  -2.1171095e-01   1.5367715e+00  -3.4867077e-01  -1.0984867e+00   4.3521499e-01  -1.5035454e+00
   2.0000000e+00   1.5808309e-01  -9.1312619e-01   1.7021338e+00   1.3743536e+00  -5.8687892e-01  -3.2050554e-02   1.3784673e+00  -1.2313583e+00  -1.4842972e+00  -8.7074130e-01  -9.9597283e-01  -4.5982407e-01   3.0944982e-01  -1.9982643e+00   1.8539250e+00  -2.8816760e-01   2.0708359e-01  -3.0673584e-01
   2.0000000e+00   5.0083212e-01  -3.5391195e-01  -5.5629792e-01  -3.9218786e-01   1.8842209e-01   4.4026759e-01  -3.6440301e-01  -2.7168490e-02  -1.5088007e+00  -2.1586408e-01   3.1548752e-01  -1.1734073e+00   1.2328575e+00   1.5779526e+00   4.9208242e-01   1.5017483e+00  -2.9438151e-01  -8.2947453e-02
   2.0000000e+00   3.7589340e-01  -1.7017964e+00   1.2270680e+00   5.6972794e-02   2.0378079e+00   7.3546996e-01   2.5497640e-01  -7.9275748e-01   1.6727443e+00  -4.7579964e-01  -3.2336378e-01   9.1252760e-01  -6.4374949e-01   3.8126648e-01   1.1535374e-02   1.3162942e+00   1.2348081e+00  -7.2176446e-01
   2.0000000e+00  -5.8678252e-02   2.0623536e-01  -8.9627335e-01   1.1069659e+00   1.3072935e+00  -6.5143898e-01   2.2407189e+00   2.5070311e-01   1.6159662e+00  -1.2839225e+00   1.1582382e+00  -7.1236206e-01  -7.0785846e-01  -3.3276740e-01   1.8778343e+00  -4.3999172e-01  -1.9087105e+00  -9.2375758e-01
   2.0000000e+00   6.1117378e-01  -1.0389036e+00  -1.4035732e+00  -1.0417140e+00   1.3841798e-01   6.0719690e-01  -1.3531790e+00   9.4417546e-01  -1.5884209e+00  -7.0838683e-01   1.5387435e+00   1.5443633e+00   8.9182360e-01  -8.9693670e-01  -1.0784506e+00   3.2827761e-01   2.2051714e-01  -6.0265543e-01
   2.0000000e+00  -2.4467369e-01   1.1957058e-01  -1.2262423e+00   4.2685401e-01  -6.7807590e-01   1.6334447e-01  -1.3615486e+00   1.0984372e+00  -7.5077597e-01  -5.0170513e-01  -5.2878092e-01  -1.3191977e+00   8.2765104e-01   6.9236811e-01   1.2373407e+00  -9.7410607e-01  -2.5535256e-01   2.5157653e-01
   2.0000000e+00  -3.8507777e-01  -1.5430231e+00   4.5831683e-01   5.8994640e-01   1.0424036e-01   3.2914081e-01  -5.0520944e-01  -5.2154494e-01  -1.0524595e+00  -4.0518855e-01  -2.7575955e-02   5.1451225e-01  -6.8395211e-01   1.9805172e-01  -2.8659976e-01   1.0618087e+00   1.3000369e+00   8.4929541e-01
   2.0000000e+00  -1.4519066e+00  -1.1569064e+00  -1.0627142e+00   7.1454146e-01  -6.0471611e-01  -5.0316002e-01  -1.1203241e+00  -1.3128025e+00   3.6316153e-01  -2.3175956e-01   1.9500165e-01   8.7063939e-01  -8.1946906e-01   4.5509620e-01  -2.1589793e+00   1.2594997e+00   8.5017673e-01  -1.3855752e+00
   2.0000000e+00  -1.2603286e+00  -2.0114759e-01   2.9094742e-01  -1.4471096e+00   5.4088693e-01   7.2744598e-01  -1.6131288e+00   2.3507319e-01   1.3412736e+00  -2.2455166e+00  -5.6244165e-01  -3.2727073e-02   2.3679508e-01  -1.5752702e+00   4.7779263e-02  -2.2970807e-01   1.9693330e+00  -9.6237250e-02
   2.0000000e+00   3.6674748e-01  -1.9321363e-01  -1.5186022e+00  -1.9530761e+00   5.0482145e-01   4.9335935e-01   1.1243893e+00   8.6236778e-01  -1.3602601e-01  -1.2606864e+00   1.3976131e+00  -4.7417060e-01   1.2426830e+00  -1.3655892e-01  -2.5403293e-01   4.3954043e-01  -2.2784716e-01  -5.7895359e-01
   2.0000000e+00  -3.5670353e-01  -1.1260671e+00  -1.9634736e+00  -1.4120044e+00   1.3108558e+00   3.1467621e-01  -8.1657249e-01   2.4415922e+00  -2.8213523e-01   6.4304604e-01  -1.4492346e+00  -8.6204518e-01  -1.4476682e-01   3.5849930e-01  -1.2687572e+00   1.9072768e+00  -1.5733944e+00  -3.0915026e-02
   2.0000000e+00   1.1609371e+00   2.0006895e+00   1.2302415e+00   9.4332669e-01  -4.7307540e-01  -6.1863351e-03  -2.6088181e-01   1.5539913e+00  -4.4132421e-01   2.6201575e-01  -2.6925677e-01  -1.2275780e-01  -1.2937775e+00   5.1317116e-01   7.7182317e-01   2.9237044e-01  -4.6019993e-01  -1.7875784e-01
   2.0000000e+00  -1.6432427e-01  -3.9439504e-01  -9.2255578e-01  -1.5939504e-01  -1.1645668e+00   2.5927779e+00   4.4310133e-01   8.3520338e-02   1.3165241e+00   1.9671624e+00   1.2333863e+00   1.3154406e-01  -1.3975890e+00  -3.6366890e-01   1.8264859e-02   4.1655978e-01   6.7319003e-01   6.1858479e-01
   2.0000000e+00  -1.8319875e+00   1.6409196e+00  -5.4056080e-01   3.3037516e-01  -4.6884702e-01   4.4230184e-01  -1.1119847e-01   7.7248538e-02   3.7339413e-02  -1.7724077e+00  -1.6438760e+00  -5.7687158e-04   3.2220978e-02   2.6244214e-01   1.2384056e+00   1.5638892e+00   2.4474493e+00  -4.8333064e-01
   2.0000000e+00   1.0049205e+00   5.3452518e-01  -1.2687610e+00  -1.1119107e+00  -1.7064855e+00  -8.8861790e-02  -1.0815942e+00   1.4179535e+00  -1.7760092e-01  -1.3696704e+00   8.3793667e-01   5.3062370e-01   8.1309038e-01   1.4187934e+00   4.0125461e-01  -1.3083918e+00   4.6653430e-01   3.1855669e-02
   2.0000000e+00  -2.2674126e-02   5.4254092e-01  -8.6379711e-01   7.3548135e-01  -1.4954752e+00   3.0281993e-01  -1.4763732e+00   8.4635135e-01  -7.5008070e-01  -1.4092858e+00   1.1325920e+00  -3.1983945e-01  -6.9243664e-01   5.7673763e-01   6.1236840e-01   8.3202342e-01  -7.9906715e-02   9.7680980e-01
   2.0000000e+00  -6.7989652e-01  -1.8534859e+00   4.6791969e-01  -3.3343285e-01  -1.5206143e+00   9.2033049e-01  -1.5301441e+00  -1.2770799e+00   9.4346657e-01  -7.2872081e-01  -6.3617006e-01   1.1789003e+00  -5.9475888e-01   9.7581576e-01   1.2508757e+00   4.9335309e-02  -3.9507984e-01   6.0095192e-01
   2.0000000e+00   8.1645605e-01  -1.5402321e+00   4.1025667e-01  -1.1300236e+00   7.2289765e-02  -2.3766922e-01  -1.7540681e-01   1.4659744e+00   1.7599078e+00  -6.8028902e-01  -1.1252621e+00  -6.5105803e-01   2.8743271e-01   2.3339907e+00  -1.5898702e-01   9.2418283e-01  -4.8021787e-01  -6.5585900e-01
   2.0000000e+00  -2.8069636e-01  -2.4703053e-01  -6.8090262e-01   6.9660377e-01   1.7944604e+00  -4.3828233e-01   1.0520619e+00  -2.4608838e-01  -3.2793240e-01   5.8344707e-01  -1.5561132e+00   1.7230027e+00   2.2826172e-02   1.0072914e+00  -1.1517144e+00  -3.1397292e-01  -5.4820023e-02  -7.5065419e-01
   2.0000000e+00   6.9559019e-01  -1.2217708e+00   2.9743104e-01   2.1291423e+00  -3.1386878e-01  -1.2225341e+00   5.0665169e-01  -6.5761398e-01   1.1904348e+00   8.6074192e-02  -1.2795444e+00  -9.8620404e-01  -1.0373238e+00  -3.6896735e-02   8.8611187e-01  -1.1180482e-02   2.3077988e+00   1.4086212e+00
   1.0000000e+00  -4.3206699e-02   3.7030055e-01  -1.3862871e+00   1.4329117e+00  -5.6430763e-01   6.4796311e-01   2.6143327e-01  -3.0023943e+00   1.4776519e+00   2.0806084e+00  -1.3359891e+00  -1.2830916e-01  -6.9255800e-02  -9.4559867e-01   1.0750846e+00  -6.3531089e-01   2.3300331e-01  -2.2845403e-01
   1.0000000e+00   1.4575199e-01   1.3890048e-01  -1.8514109e+00   7.6629689e-01  -1.1457426e+00   9.6815689e-01   8.9075765e-01  -6.6769527e-01  -4.2840228e-01   1.1945153e+00   4.9574816e-01   2.5709202e-01  -1.1535926e-01  -1.1591443e-01   3.9176354e-01  -1.0456251e+00  -1.4661611e-02  -6.7445651e-01
   2.0000000e+00   1.8831210e-03  -8.4573746e-01  -4.7497167e-01  -6.8702411e-01  -2.0879280e-01   1.3150375e+00  -2.7581133e-01  -7.8387139e-01   5.3542777e-01  -1.9659779e+00   6.1573152e-01  -3.5333845e-01   7.7452299e-01   1.8738686e-01  -1.1578241e+00  -1.1711072e+00  -1.1355017e-01   2.7051748e-01
   2.0000000e+00  -6.7598577e-01   5.6859125e-01  -1.2194379e+00   3.8905709e-01  -5.6957476e-01   2.5372697e-01   1.4300155e+00  -9.8885223e-01   1.3471341e+00   1.1506494e+00  -7.4244011e-01   1.0074621e+00   8.0371790e-01   1.9441754e-01  -1.0731669e+00  -1.0948711e+00  -1.1343809e+00   2.1830314e-01
   2.0000000e+00   3.9116491e-01   1.1931310e+00   3.3271642e-01   1.1646043e+00  -8.4994535e-01  -1.3320520e+00  -7.1597621e-01  -8.9531617e-01  -1.6613899e-01  -6.2766976e-01   9.6252380e-01   6.9877413e-01  -3.0254617e-01  -1.5708521e-01  -1.9024609e-01   7.3653894e-01   2.5497751e-01   3.0929171e-01
   2.0000000e+00   8.4610842e-01  -1.4646003e+00   7.2056529e-01   1.9056644e+00  -2.0850971e-01   1.2866407e-01  -2.4638185e-01  -6.2642265e-01   6.1386667e-01   1.1773501e-01   7.6013900e-01   2.5029441e-01  -4.2829495e-01  -4.9018732e-01   2.7810094e-01   1.2109393e+00   2.1321121e-02  -6.6964211e-01
   1.0000000e+00   6.5688883e-01   3.8588662e-01   2.3144705e-01   7.6321311e-01   9.9611733e-02  -6.9830557e-01   5.5178349e-01   9.2688976e-01  -3.3481036e-01   9.6207050e-01  -6.6484632e-01   1.2039946e+00  -7.3523269e-01  -1.0603389e+00  -1.2215419e+00  -3.7330016e-01  -1.4789639e+00  -8.9448205e-01
   2.0000000e+00  -4.7411283e-01  -3.4740268e-01   1.7405563e+00   5.7243998e-01   5.7329999e-01  -1.2791346e+00   1.3774769e+00   1.1427775e-02   9.8873202e-01   1.8982850e+00  -3.4938047e-01  -6.4411126e-01  -1.7292938e+00   9.9638559e-01   4.3118311e-02   2.2342911e+00  -3.4979116e-02  -3.0133374e-01
   2.0000000e+00  -2.3701716e-01  -5.4975934e-01   9.3089664e-01  -3.3520066e-01  -3.3908488e-01  -1.0614819e-01  -8.7398999e-01   2.0628739e-01   1.4095543e-01  -1.5944648e+00   3.4242204e-01   9.8315681e-01  -1.5076869e+00  -7.9448762e-01   1.6504585e+00  -2.1812843e-02  -5.4348400e-02  -1.4621280e-01
   1.0000000e+00  -4.2346432e-01   9.2613000e-01  -1.8549225e-01   5.0459548e-01   1.0974236e+00  -6.4253442e-01  -3.6789089e-01  -3.3423405e-01  -2.1046939e-01   4.5358648e-02  -3.1537209e-01   2.6461556e-02  -1.0837058e+00  -3.3745762e-02   1.5184251e+00   1.3487107e+00  -2.3334485e+00  -1.0644250e+00
   2.0000000e+00  -3.7511990e-01  -2.3553486e+00   8.3137572e-01   2.0283556e-01   1.6899485e+00   4.1284701e-01   1.7101559e-01  -6.1694524e-01  -2.0787695e-01   3.0369941e-01  -1.9028169e+00   1.8551877e-01   1.7333201e+00   2.1722605e-01   5.2768101e-01   9.5438439e-01   8.5058756e-01   9.0548467e-02
   2.0000000e+00  -5.0001070e-01  -4.5239045e-01   2.0853891e+00  -1.5877247e-01   4.6609804e-01  -1.1866073e+00   1.9050489e-01   1.1306461e+00   8.9434896e-01  -1.7517163e-01   7.3241043e-02   5.2225072e-01   7.3014401e-01   1.4291667e+00  -1.2901232e+00  -4.3392002e-01  -2.7648927e-02   2.0647436e+00
   2.0000000e+00   7.2746658e-01   1.3216011e+00  -1.5929733e+00  -1.3294222e-01  -1.0432310e+00   1.7498963e+00  -2.7902391e-01  -1.3144171e+00  -1.8634569e+00  -1.2748829e-01  -3.7899797e-01  -1.7513667e+00  -2.8802865e-01  -1.4275345e+00   1.2614002e-01  -2.0625733e+00  -4.4863175e-02   1.6540986e-01
   2.0000000e+00   5.1645336e-01  -3.0342985e-01   1.1389243e-01   5.2622356e-01   1.5152491e+00   9.7615122e-01   8.8827962e-01   9.7763996e-01  -2.5118404e-01  -1.3342516e+00   2.5902885e-01  -9.5350778e-02   7.5726338e-02  -1.0001475e+00   2.5229309e-01  -4.9984088e-01   1.3035135e-01   1.0494821e+00
   2.0000000e+00  -5.7360770e-01  -2.9674815e-01   2.3594266e-01   7.5731228e-01   6.0585108e-01   6.5173129e-01  -5.6602978e-01  -4.8990706e-01   1.2632425e+00  -1.2173280e+00  -7.8705384e-01  -2.3760061e-01  -2.2281768e-01  -4.7239004e-02   6.0014301e-01  -2.7967098e+00  -5.0625729e-03   3.3650608e-01
   2.0000000e+00   1.0643221e+00  -1.3943328e+00   6.9287738e-01  -9.1838216e-02  -5.0973980e-01   5.5634003e-02  -8.6420434e-01   2.0497136e-01  -8.5736479e-01   9.9536631e-01  -1.8807693e+00  -3.6124079e-01  -1.8002799e+00  -5.9852517e-01   4.2966583e-01   5.2557327e-01   1.2033934e+00  -1.4928543e+00
   1.0000000e+00  -9.2127249e-01   1.1519709e-01   2.0136987e+00  -2.6234723e-01  -3.4803523e-02  -1.9594137e+00  -1.2298855e-01  -3.6949063e-02  -2.0485151e-01  -1.1924684e+00  -8.0061047e-01  -9.0178623e-02   1.5268933e+00   2.8577560e-01  -1.0786022e+00  -1.2831059e+00   1.2068306e+00  -9.4547900e-01
   2.0000000e+00   5.6003428e-01  -3.8974276e-01   1.5755469e-01  -2.0311131e-01   3.2033570e-01  -5.4205910e-01   5.2289719e-01   1.2038100e+00  -2.9686418e-01  -6.3723709e-01   1.3063549e-01   4.9492906e-02  -6.1657541e-01  -1.2742525e+00  -2.0091226e-01  -1.9239813e+00   2.1544162e-01  -3.7640852e-02
   2.0000000e+00   9.2753614e-01   2.4495377e+00   1.8282084e-01   1.2654998e+00   6.4788102e-01  -2.7865804e-01   9.4111112e-01  -1.7069260e+00   6.6287708e-01  -6.7941853e-01   2.1600387e-01   2.4476785e-01  -3.0860187e-01   2.7210860e-01   3.3603713e-01  -9.4574646e-01  -1.2224018e+00   3.8671027e-01
   2.0000000e+00  -7.5400123e-01  -8.1610013e-01  -2.9323673e-01   5.1833931e-01  -8.7540330e-01   1.7852721e+00  -3.9297109e-01  -1.5882435e+00   2.1740521e-01   4.6786481e-01  -1.7558403e-01   3.4921300e-01  -1.8097034e+00   8.3366521e-01  -1.1187897e-01  -2.1499187e+00   1.0310406e+00  -9.5267333e-01
   2.0000000e+00  -1.2427036e-01   2.6484253e-01   2.3926621e+00   1.5863906e+00   7.3861524e-01  -1.2804354e+00   1.8568279e+00   7.7768122e-01  -1.7000104e-01  -1.5174153e-01   1.7845735e-01   7.5237363e-01  -1.6389399e+00   5.5829344e-01   1.0920947e-01   7.3055860e-01   4.4748688e-01   2.7133403e-01
   2.0000000e+00   1.8087890e-01   8.6357833e-01   4.1614682e-01  -4.9933215e-01  -1.8257993e-01   7.4279355e-01  -1.2113238e+00  -2.1100752e-01  -1.1378160e+00   2.2405138e-01  -1.7792730e+00  -6.9468041e-01  -1.7644473e-01  -8.5062246e-01   8.0446180e-01  -4.2610234e-01   2.3578549e-02  -9.8230535e-01
   2.0000000e+00  -1.0977129e+00  -1.2244400e+00   4.5513348e-01  -2.4220173e-01   5.9686133e-01   4.9410250e-01   3.4886827e-01  -3.2044437e-01   3.4319201e-01   1.3412987e+00  -7.9579014e-02   1.8211889e+00  -1.0959865e+00  -3.9307257e-01  -1.2101096e+00  -1.4625942e-01   1.2102467e+00  -1.8861414e-01
   2.0000000e+00   2.7630673e-01  -6.9614567e-01  -9.2351820e-01  -1.9816797e-01   9.9915963e-01   6.9971410e-01   3.0103476e-01  -2.4883527e-01   1.6553232e-01   4.2678049e-01   2.2728189e+00  -1.6257225e-01  -7.8491246e-01  -6.3374235e-01   1.3297706e+00   1.8782151e+00   1.0715063e+00   1.2039936e+00
   2.0000000e+00  -1.3476648e+00  -1.2247419e+00  -3.3034214e-01   3.7816589e-02   6.8509160e-01  -6.6917607e-01   1.4015833e+00  -7.6673548e-01  -2.6810565e+00  -1.3628912e-01  -2.2748965e-01   2.0189471e-01  -3.7558119e-01   4.1346540e-01  -4.3262878e-01  -2.6606384e-01  -9.1576907e-01   5.1574914e-02
   2.0000000e+00   5.7278124e-01   1.6068045e+00   1.0151355e+00  -1.7279702e+00   8.0721246e-01   6.9142972e-01   6.5094315e-01  -1.9366461e-01  -3.4549641e-01   1.1944606e+00  -5.6703785e-02  -5.7928342e-01  -5.6671787e-01   5.6675923e-01   9.4071648e-01  -7.7473779e-01   2.0421823e-01   9.1860954e-01
   2.0000000e+00  -1.6064338e+00  -9.3304457e-01  -7.8070823e-02   1.9690030e-01   5.9499776e-01  -2.6508728e-01   1.2624408e+00  -6.1365797e-01   1.3746330e+00   6.2243203e-01  -4.7522214e-01  -1.1479989e+00   7.4498525e-01   1.8202848e+00   7.6576968e-01  -8.4883866e-01   4.7251048e-01  -9.9031456e-01
   2.0000000e+00  -8.6566356e-01  -3.6925595e-01  -1.0014874e+00   1.2200791e-01   6.9481008e-01  -1.1568980e-01  -5.0124299e-01   7.9430617e-02   8.3491874e-02   7.6465480e-02   1.0899924e+00   9.6911772e-01  -1.6882211e+00  -7.9845079e-01  -1.9057136e-01  -6.7767086e-01   1.3300748e-01  -1.3310946e+00
   2.0000000e+00  -4.2707672e-02  -5.0913418e-02   4.7989398e-01  -1.0653455e+00   1.1126831e+00  -2.9825878e-01   8.1304014e-01   9.3291548e-01  -2.4496553e+00  -1.5423760e+00   7.9147580e-01   3.0510163e-02  -1.1583411e+00  -1.0037195e+00   4.2676799e-01  -5.5972057e-01   7.1911641e-01   1.4545179e+00
   2.0000000e+00   5.3035635e-01  -1.7466363e-01   1.4135113e-01  -1.5624326e+00   7.2232223e-01   1.3336239e+00   2.9726392e-01  -1.1724971e+00   3.8633101e-01   4.7506006e-01  -7.5080360e-01   1.3291657e-01  -5.3184155e-02  -9.4605381e-02   1.4113479e+00   4.7989438e-04   5.6354255e-01  -1.1284686e-01
   2.0000000e+00  -2.0830893e-01   1.0507272e+00   2.0804217e+00   6.7509965e-01   5.4942951e-01  -1.0364806e+00  -1.0579432e+00   8.6908272e-01  -1.0287174e+00   1.1691537e+00  -2.8126558e-01  -1.4566591e+00  -1.7627156e-01  -8.2004414e-04  -7.8683565e-01  -1.2350508e-01   1.4094043e+00   1.1825176e-02
   2.0000000e+00   1.8319277e+00  -1.2406048e+00  -1.4330390e-01   5.7172120e-01   2.0926677e+00   7.1395041e-02  -1.5273249e+00   4.4748755e-01  -3.4272996e-01  -6.0707449e-01  -1.0527941e+00  -8.7102483e-01   6.1092833e-01  -4.3384089e-01  -6.2596023e-01   3.7027283e-01   1.7655147e-01   9.3165712e-01
   2.0000000e+00   7.2725080e-01   5.8091648e-01  -1.6191575e-01   2.9017706e-02   1.8271410e+00   5.2984816e-01   1.0645910e+00  -4.3117882e-01   2.7526479e+00  -7.3218928e-01  -1.3887871e+00  -6.2509592e-01  -4.4761992e-02   2.6193808e-01   1.3241161e+00  -3.7068270e-01   8.0487598e-01   1.7565514e+00
   2.0000000e+00   9.8416935e-01   7.1561294e-01   4.4424075e-01  -2.5440180e-02   8.3164695e-01  -1.1137086e+00  -1.5667371e+00   1.3798091e+00  -8.6708865e-02   5.6678226e-02  -9.7315315e-01  -3.7465443e-02   7.8607800e-01   9.4566085e-01  -5.0394081e-01  -1.1217648e+00   7.1366934e-01   1.0638297e-01
   2.0000000e+00  -7.6860333e-01   9.9853129e-01   5.9420613e-01  -7.5800247e-01  -1.3341296e-01  -1.7306447e+00   5.6002097e-01   2.0824222e-01   7.8232400e-01  -3.5939632e-01   9.3638542e-01   1.2458967e+00   1.3998036e+00   1.3802386e-01   7.0252487e-02  -7.8207761e-01  -1.2598589e+00   9.3822471e-01
   1.0000000e+00  -7.3980989e-02   2.1933819e-01  -2.7901941e-01   1.0810419e+00   2.6012716e-01  -4.3114916e-02   8.9504341e-01   1.9136684e+00   1.0581096e+00  -3.5185589e-01  -4.6471109e-02   1.1266178e+00  -1.4671259e+00   9.2293945e-01   1.0439908e+00   2.2794722e+00   2.3011168e+00   7.5019822e-01
   2.0000000e+00  -3.4946138e-01   1.5630002e+00   1.3215078e-01   1.3118481e+00   8.2208433e-01  -2.4579780e-01  -2.2719019e-01  -4.0182409e-01   1.1097324e+00  -2.4290928e-01   8.0090750e-01   6.0366121e-01   1.3626722e+00   6.9061584e-01   1.3258693e+00  -1.5560907e+00  -4.2885880e-01  -1.4521746e+00
   2.0000000e+00   7.9985059e-02  -2.1569823e+00   9.8632269e-01   1.3544738e+00  -2.6858291e+00  -8.9695289e-01  -1.2666371e+00   1.4251449e+00  -3.6329317e-01   1.4795221e+00  -5.3305813e-01  -6.0659708e-01  -2.2884045e-01   1.2972231e+00  -5.1251979e-01   1.0266592e+00  -1.5568333e-01  -7.7650488e-01
   2.0000000e+00   3.8064054e-01  -1.6737284e+00  -2.2589961e-01   2.1415471e-02   6.5707830e-01  -6.3947404e-01   7.2015721e-03   2.1297723e-01   3.4953723e-03   1.5444059e+00  -2.4641088e+00   2.0239246e+00   1.3377959e+00   4.2482385e-01   2.6711909e-01   3.5370871e-01  -9.8527794e-01   4.4660157e-01
   2.0000000e+00  -2.9921793e-01  -4.0707662e-01   3.1201608e-01   1.4570565e+00  -9.9702169e-01  -1.6694237e+00   1.3881722e+00   2.2412538e+00  -2.0983559e-01  -9.4971809e-01  -8.8706985e-01   5.2589819e-01   6.1346582e-01  -3.8876795e-01  -5.5317228e-01   2.0325515e-01   5.1502494e-01   8.4484107e-01
   2.0000000e+00   5.7284692e-01  -1.4694415e+00   1.0284608e-01  -1.1201982e+00  -7.2064177e-02  -1.8028249e+00   5.8582100e-01  -1.9145526e+00   5.6845946e-01  -8.6673296e-01   6.2780870e-01  -1.2566675e+00  -2.0367781e+00   2.8488994e-01   8.2725141e-01   7.3921005e-01  -1.1106090e+00  -1.4001379e+00
   2.0000000e+00  -5.2253947e-01   1.2435673e+00  -7.9582307e-01   1.2648864e+00  -2.9355995e-01   1.1675625e-01   1.2587524e+00  -8.9438987e-01   3.2698760e-01  -4.5062389e-01   4.0804638e-01  -1.3469632e-01  -1.4970392e+00   2.0918611e-01  -1.5266002e+00  -8.7318464e-01   6.1673603e-01   1.7114308e+00
   2.0000000e+00  -1.6312579e-01   8.1197742e-01   1.4005858e+00   3.1132661e-01  -1.1700114e+00   9.8934138e-01  -9.5014057e-01  -7.8454495e-01  -3.0589711e-01  -4.3428147e-01  -1.4633795e+00   5.4015203e-01  -4.0643472e-01  -1.0819470e+00   5.1006586e-01  -1.7442958e-01   1.4027536e+00  -1.4910277e+00
   2.0000000e+00   1.9413911e+00  -1.5533934e+00  -1.9269994e+00  -7.3403732e-01  -3.5618754e-01   3.4723731e-01  -3.3535949e-01   8.7929241e-01   5.1682547e-01   1.1053428e+00   4.5782960e-01  -1.3024465e-01   5.3221730e-01   4.6953341e-01  -4.9121494e-01   1.2335190e+00  -1.3614005e+00   9.1263273e-01
   1.0000000e+00  -1.4829976e-01   7.8184117e-01   2.9419043e-01  -1.0520479e+00  -5.4231363e-01   1.0833248e+00  -5.7162383e-01   3.0159910e-01   4.6779523e-01   7.8615072e-01   1.5151450e+00  -6.4601191e-02  -2.8535849e-02  -9.1416815e-01   1.2468705e+00  -4.8975498e-01   2.4847187e-01   5.8678039e-01
   2.0000000e+00   6.3275454e-02   1.1240693e+00  -6.6510927e-01  -5.7076241e-01   8.7417793e-01  -7.2982692e-01  -1.0870404e+00   1.0061611e+00  -1.2258361e-01  -2.6481222e+00  -5.9522617e-01   2.1636118e-01   7.4466748e-01  -7.7213613e-01   6.2895855e-01   9.9725005e-01   9.5697607e-02   7.7861055e-02
   2.0000000e+00  -6.6422840e-01  -5.3603679e-01  -9.5734365e-02   1.8587690e-01   2.5262637e-01  -1.0248818e-01   4.4624116e-01   2.1655832e-02  -1.6264580e+00  -1.2558145e+00   7.6419472e-01   2.7274737e-02  -8.2400280e-01   1.0593269e+00   2.0217151e-01  -9.9977745e-01   1.7256877e+00   6.5948165e-01
   2.0000000e+00  -7.7834593e-02   4.9480730e-01   1.3042000e+00  -1.2274987e+00  -3.9212877e-01   1.2384053e+00   9.6360153e-01  -8.7297195e-01   1.1524642e+00   1.0830762e+00   6.8290357e-01  -2.0852708e+00  -5.2075617e-01   9.2306376e-01  -1.6904393e+00  -3.0110513e-01   5.5461995e-01  -5.8229242e-01
   2.0000000e+00  -1.9765498e-01  -1.9386390e-01   5.7463491e-01  -4.9374590e-01   3.4846123e-01   1.6031487e-01   5.9555315e-01  -1.2796181e+00   3.7888259e-01   8.8894538e-01  -1.5572005e+00   1.3475657e-01   1.1449242e+00   1.9104917e-01  -6.8997698e-01  -6.9374501e-01  -1.3025171e+00   3.7564061e-01
   2.0000000e+00  -6.7202108e-01   1.2803050e+00  -1.3929118e-01   5.5913229e-02  -1.9344955e+00   1.1648524e+00   3.1350672e-01   1.7279975e+00  -4.9389139e-01   8.8959117e-01  -7.1281429e-01   1.0296105e-01  -4.2667790e-01  -5.7725334e-01   5.6799413e-01  -1.2591414e+00  -1.5059968e+00  -1.5889799e+00
   2.0000000e+00  -9.9908056e-01  -2.7783317e-01   2.3864319e-01   9.1404151e-01  -1.0410207e+00   3.8791830e-01   8.4462453e-01   6.8964440e-01  -7.2476773e-02  -1.0057411e-02  -4.4473526e-01   6.7707822e-01  -1.8270782e+00   7.8364405e-01   3.2811649e-01   1.3511498e+00   2.2698143e-01   6.7451347e-01
   2.0000000e+00   1.3538941e+00   1.1497462e+00  -9.6644980e-01   1.2154103e+00  -4.7151775e-01   4.1653967e-01   1.7768259e-01  -2.3828115e-02  -2.2734804e+00  -2.0657801e-02  -4.7593219e-01   1.8758326e-01  -9.0698654e-02  -1.5980094e+00   1.2205874e+00  -2.6030147e-01   1.1775262e+00   8.1505266e-01
   2.0000000e+00   1.6915850e+00   1.5441127e+00   6.1967432e-01   1.3919792e+00   6.3378810e-01  -5.7679754e-01   1.9179235e-01  -1.3160070e+00  -1.8279610e+00  -1.2920988e+00   1.0098413e+00   1.1770644e+00   1.3956431e+00   5.5776410e-01   2.1982742e-02   3.2367389e-01  -1.0170195e+00  -1.6129157e+00
   2.0000000e+00   9.6980963e-01   4.0684559e-01   8.2699550e-02  -8.5259720e-01  -2.4990481e+00  -3.3593079e-01   1.1080185e+00  -1.5424298e-01  -1.7993104e+00  -3.1597504e-01  -2.7517001e-01   1.3851914e+00   1.5015778e+00   1.8663830e+00  -1.4465551e-01   6.1664870e-01   1.9546169e+00   1.5831147e+00
   2.0000000e+00   5.8030912e-01   6.8441699e-01  -8.8386780e-01   6.4276163e-01  -4.9304194e-01  -4.1580294e-02  -7.8875225e-01   6.5065055e-01  -6.5975247e-01   1.1504409e+00   7.6422646e-02   7.9524312e-01  -2.6272999e-01   6.3547883e-01  -1.4345392e-01  -1.3499241e+00  -6.9515236e-01  -2.1374611e+00
   2.0000000e+00  -5.8038628e-01   7.0876027e-01   6.7445185e-02  -2.2138997e+00   4.1251731e-02   5.5306074e-01   9.9628988e-01   9.0918263e-01  -4.5338787e-01  -1.0382458e+00  -2.1200954e-01   9.3072336e-01  -1.3804894e-01   5.9982226e-02   1.6167750e+00  -2.4095091e-01  -4.2600370e-01  -1.0293054e+00
   2.0000000e+00   1.2476134e-01  -1.1594522e+00  -5.1948751e-01  -1.2827887e+00   5.4831384e-01  -2.4223592e-02  -8.5445375e-02  -1.8277955e-01   7.5286950e-01  -7.5737839e-01  -1.2594803e+00  -1.7892543e+00  -9.6042652e-01   4.9850603e-01  -2.4355942e-01   1.2336363e+00  -1.9023564e+00  -3.6760008e-01
   2.0000000e+00   5.1479212e-01   2.2352157e+00   8.7421215e-02  -1.5386872e+00   1.4641009e-01   3.6870110e-01  -4.2789273e-01  -4.7352632e-01  -9.4672448e-01   1.0090214e+00   9.0256657e-01  -9.7060768e-02   1.1540078e+00  -1.2090124e+00   8.1221246e-01   1.3094597e+00   1.1974408e+00  -2.8323521e-01
   2.0000000e+00  -1.5397137e-01   6.7577485e-01  -6.0343760e-01   1.7323849e+00  -1.7506716e-01   5.4156025e-01  -7.8599856e-01  -8.2863922e-02   2.0095354e-01  -1.6172406e+00   1.0809170e+00   6.9956096e-01  -8.4327582e-01  -6.7872325e-01   1.5496827e+00  -2.4432974e-01  -4.7050106e-01   1.0225782e+00
   1.0000000e+00  -2.3618255e+00   3.5864096e-01  -9.0441214e-01  -1.9268613e+00  -1.5879901e+00   1.8274389e-02  -4.3779155e-01   9.2601740e-01   1.4070236e-01   3.6059217e-01   1.0032029e+00  -2.7958318e-01   7.7580534e-01   7.3829381e-01  -3.0631435e-01  -7.8251114e-01   6.1687472e-01   1.4877878e-02
   2.0000000e+00  -1.4146615e+00  -8.4427880e-03   9.5170285e-02   7.9634605e-01  -4.2715506e-01  -2.2163181e-01  -2.8001515e-01   1.8428879e+00   4.9449678e-01  -4.8042506e-01  -7.7054766e-02   1.8230334e-01   1.4448107e+00  -1.0570654e+00   2.6961379e-01  -1.1397296e+00  -7.5824554e-01  -1.5511851e-01
   2.0000000e+00   1.1509972e+00  -4.3952297e-01  -1.7885701e+00   1.9703502e+00  -1.3135894e+00   6.5950267e-01   5.6657816e-01  -2.8909978e-01  -7.4998065e-01   1.0161419e-01   3.4897240e-01  -1.9665945e+00  -2.6089167e+00   6.4683134e-01  -5.7729356e-01   1.4378939e+00   1.4624323e+00  -1.6677619e+00
   2.0000000e+00  -1.0193635e+00  -1.0106774e+00   7.6115796e-01  -3.2693613e-01  -2.0283541e+00   1.4035577e+00  -3.5946035e-01   7.8911235e-01  -1.0236979e+00   4.0003547e-01  -3.3285523e-01  -1.3183484e+00   3.3156906e-01  -1.1511552e+00   8.5664088e-01  -1.7487109e+00   2.9758907e-01   7.3548132e-01
   2.0000000e+00   1.3602032e+00   1.3771195e+00  -3.1228074e-01   9.0338178e-01  -2.2007055e+00  -8.4497636e-01  -5.9149600e-01  -9.9348704e-01   9.0964086e-01   1.1731749e+00  -3.4061307e-01  -4.3424001e-01  -1.1887657e-01  -1.2644314e+00  -6.1780138e-01   9.6555051e-02   8.5554663e-01   8.9913553e-01
   2.0000000e+00  -8.9648881e-01  -1.2524930e-01  -3.7318895e-01  -5.4834521e-01   3.8192422e-01  -8.0849749e-01  -1.5930296e-02  -3.5919983e-01  -1.1815786e+00   5.4454877e-01   1.2048991e-01   1.3662924e-01   2.2987332e-01   4.7973847e-01   4.8733483e-01  -1.2918938e+00  -2.0953937e+00   1.3010921e+00
   2.0000000e+00   2.0945544e-01  -5.9641405e-01   2.8200022e-01  -6.9871116e-01   7.1139769e-01   1.3146554e+00  -7.9164164e-03  -6.5064402e-01  -6.8246503e-01   2.3151513e+00  -9.7821706e-01   1.4829430e+00  -8.2387881e-01  -1.9917728e-01   3.3746631e-01   6.8816457e-01   1.4416623e+00   6.6327532e-01
   1.0000000e+00   1.0410077e-01   4.9631126e-01  -3.7792514e-01   4.0754134e-01  -7.9119360e-01   1.1658565e+00  -5.8025053e-01  -5.3820738e-01   9.9212699e-01  -5.4563135e-01  -3.2684013e-01   3.1959025e-01   5.2717449e-01   1.3716472e+00  -2.1858104e+00   9.3468890e-01   3.9252215e-01   9.1446245e-01
   2.0000000e+00  -3.8050029e-01  -1.2168323e+00  -8.7337879e-01  -2.0202529e+00   2.2120525e+00   1.9609159e-01   5.1784697e-01  -1.7282794e+00   2.8147436e-01   1.8131057e+00  -1.3149727e+00  -1.2664690e+00   1.4152249e+00   1.3391697e+00  -7.9067790e-01  -1.5782180e+00   1.7426243e+00   2.5198753e+00
   1.0000000e+00  -1.0631598e+00   8.4829145e-01  -1.5393222e+00   1.0529716e+00   1.9992115e+00  -1.0291969e+00  -4.4104118e-01  -5.7260280e-01   2.2971176e-02   5.0635236e-01   2.8277112e-01  -3.4034686e-01  -1.7776473e+00   8.0809295e-01   6.0500755e-01   4.5429701e-01  -9.3362550e-01   5.4216776e-01
   2.0000000e+00   9.4205626e-02   8.8411249e-01   4.4259008e-01   3.7203780e-01  -2.2805307e-01   6.9790687e-01  -8.9335550e-01   1.2106210e+00  -2.7267574e+00  -8.0566565e-01   1.6623870e+00   1.2671725e+00  -3.0771497e-01   9.1628035e-01   6.4777319e-01   3.8225493e-01  -2.1984600e+00  -2.0340277e+00
   2.0000000e+00   2.0910470e-01  -1.2546715e-01   1.6260664e+00   2.2459802e+00  -3.1893448e-01  -3.1230791e-01  -2.4589519e-01  -6.4943889e-01   6.8752318e-01  -2.8848488e-01  -4.5420737e-01  -1.4140543e+00   6.1633322e-01  -1.0031645e+00  -1.0542455e+00  -4.1678426e-01  -7.6055111e-01  -1.5609345e+00
   2.0000000e+00   1.9449512e-01  -8.5391768e-01  -1.4720318e+00  -3.2237357e-01  -4.5323882e-01  -5.3979617e-01  -6.7768166e-01  -1.6144335e+00   1.5299167e-01   4.0348348e-01  -2.1979010e-01   2.9611981e-01   4.7876749e-01  -1.0815175e+00   1.3995051e+00  -7.9736321e-01   4.2605517e-01  -1.3329944e+00
   2.0000000e+00  -1.4960580e+00  -2.0305149e-01  -3.7562360e-01  -1.2730751e-01  -8.9288768e-02   4.5801342e-01   1.4018142e+00  -1.0076391e+00   3.5689775e-01   2.5842816e-01   1.1109599e+00   8.9285555e-01   9.7808164e-01  -4.6960874e-01  -8.4419349e-01  -1.1191112e+00   8.7524381e-01   1.4477485e+00
   2.0000000e+00   5.3782567e-01  -5.5296085e-01  -1.0551653e+00  -3.4768816e-01   8.8652346e-01   9.2767760e-02  -1.0235945e+00   1.5438780e-01  -1.8212060e+00   6.3815910e-01  -1.6327736e+00  -1.0804405e+00   1.5180223e+00   3.2933524e-01   2.5326696e+00   6.7803715e-01  -5.9909467e-01   1.4142204e+00
   2.0000000e+00  -1.2386323e+00   4.7932986e-01   8.1076101e-01  -6.7998656e-01   7.9247767e-01  -3.2873079e-01  -1.0317105e+00  -8.1429029e-01   7.9928864e-01  -1.2619149e+00  -9.9430462e-01  -1.4735454e+00   1.8464722e+00   9.5641735e-01  -1.2584303e-01   8.4601019e-01   6.9663404e-01  -9.7172728e-01
   2.0000000e+00  -1.2252890e+00  -1.5110821e+00   5.7778796e-01  -4.0696345e-01   6.1916527e-02  -7.0726687e-01  -5.1500384e-01   9.9142481e-01  -1.9562284e+00  -6.7324722e-01  -2.8434829e-02   2.4573152e-02  -9.0729170e-01  -2.8921668e+00  -1.7823868e+00   8.6784403e-02   1.7076304e-01   2.0928060e-01
   2.0000000e+00   9.4218664e-01  -1.2094768e+00   1.2525214e+00  -5.0486243e-01   4.5488087e-01  -4.1507094e-01   4.8557000e-01   5.3365605e-01  -1.1203720e+00   1.2754639e+00   4.3895474e-01   8.1239156e-01  -1.3346627e+00   9.3407264e-01  -3.9823941e-01  -6.2194834e-01   8.9429082e-01  -4.8846154e-02
   2.0000000e+00   6.0127935e-02  -1.3812464e+00   7.8006988e-01   2.5994302e+00  -6.4340854e-01   3.1399411e-01   4.2287588e-02   8.4192044e-02   3.8964769e-02  -1.0327172e+00  -1.4149654e+00   6.6454188e-01  -7.3057425e-01   1.7489316e+00   4.6824970e-01  -8.3292176e-01   4.2712596e-02   3.1635458e-01
   2.0000000e+00  -1.9592593e+00   2.0047999e+00  -1.0228752e+00  -1.9463034e+00  -8.0950545e-01  -4.9877583e-03  -1.5561199e+00  -5.6239592e-01  -9.2799608e-01  -2.0963137e-01  -1.1418862e+00   6.1953208e-01   7.9929325e-01  -2.4038142e-01  -2.9437848e-01   4.5590381e-01  -1.6081194e+00   2.3935850e-01
   2.0000000e+00  -2.3759911e+00   9.6063429e-01  -8.2670384e-01   2.0351552e+00  -1.0075609e+00  -1.6936285e-03  -6.1311119e-01   4.0273071e-01  -1.9086194e+00  -1.1454826e+00  -6.4008902e-01   1.6582813e-01   6.6866973e-01   3.8743888e-01  -7.3323803e-01   3.3748132e-01  -4.7858649e-02  -6.3481004e-02
   2.0000000e+00   2.5406144e+00  -5.1525782e-02  -1.0464999e+00  -6.5899906e-01  -2.6440043e-01   1.1058754e+00   8.0214839e-01  -7.6953743e-01  -1.8377329e+00  -8.7057345e-01  -8.8668175e-01  -2.5165658e+00   5.7420326e-01   9.5283223e-01   1.2212099e+00  -1.0469791e+00   3.9316256e-02   1.2458238e+00
   2.0000000e+00  -6.1168420e-01  -3.9900038e-01  -1.4657537e+00   2.6119939e-01   1.4077833e+00   1.9797475e+00   3.7296176e-01  -8.1412896e-01   8.7438233e-01   9.2936839e-01   5.6410845e-01   2.4274049e+00   2.7696267e-01   7.8008902e-01  -1.3875081e+00   1.0429104e+00   8.3318113e-01  -9.8486271e-01
   1.0000000e+00  -7.7057108e-01   1.6970399e-01  -1.2893778e+00  -2.1074709e-01  -2.4913842e-01  -1.3261502e+00   2.5247143e-01   3.8685409e-01   4.3391621e-01  -1.2848074e+00   7.3028615e-01  -1.0769616e+00   1.3398369e+00   1.3248223e+00  -3.7536717e-01  -1.8807075e+00   3.0032135e-02  -6.6867793e-01
   2.0000000e+00   1.2934910e-02  -7.8846698e-01   1.4900174e+00   2.1016447e-01  -1.6218457e-01  -2.5869300e+00   3.1970329e-01   1.6547920e-01  -5.6070253e-01  -8.2279562e-01   3.0543523e-01  -7.3966045e-02  -2.2848516e-01  -1.0099839e+00  -1.1696188e+00  -8.0024163e-01   5.7657678e-01   1.1505124e+00
   2.0000000e+00   1.6585720e-01  -7.3125802e-01  -1.7209008e+00   1.2839664e+00  -1.8874279e+00  -9.9565209e-02   8.2842721e-01   9.5827213e-01  -1.0251393e+00  -6.5052422e-01   9.1841456e-01   4.5552882e-01   8.0060922e-01   1.2335199e+00  -9.2365477e-01  -2.8315883e-01   5.5406731e-01  -1.0284838e+00
   2.0000000e+00   2.5780144e-01  -1.5083764e+00   7.3846680e-01  -2.5191331e-01  -4.6647942e-02   2.6851293e-01  -1.4764409e+00   7.2384948e-01   1.4643406e+00  -1.8133573e+00  -5.8842560e-01  -7.5091179e-01   4.9625187e-01  -1.4457307e+00   1.7532654e+00  -5.8124155e-01   7.4113461e-01  -4.4928264e-01
   2.0000000e+00   1.0929280e+00  -2.5654185e-01   1.2142893e+00   6.8661111e-01   1.6106286e+00   1.5578250e-01  -2.8153181e-02   7.1484798e-02  -2.3500016e+00   1.0361781e+00  -6.3993796e-01  -6.9978197e-01  -6.8724049e-01  -1.4088373e-01   3.9220748e-02   2.9094263e-01  -2.7757420e-01  -3.5361594e-01
   2.0000000e+00   9.5032090e-01  -3.1882884e-01   1.9275102e+00  -1.0054483e+00  -1.3180795e+00   7.3738090e-01   2.3335064e-01   8.1591711e-01   2.3785713e-03   4.2125709e-01   4.4689174e-01  -2.1396830e-01   8.4135311e-01  -9.2846648e-01  -1.1330581e+00   5.5745287e-01   2.4620544e-01   2.4373134e-01
   1.0000000e+00  -7.6711705e-01   3.5593213e-01  -1.3791898e+00  -1.0854821e-02   4.1103951e-01   3.9913546e-01  -8.7385026e-01   1.1493582e-02   5.2775189e-01  -3.5272507e-01   1.3463842e+00  -9.4383674e-01   7.8536574e-01  -2.8795621e-02  -3.9405302e-01   1.9779005e+00   6.4717153e-01  -3.8168078e-01
   2.0000000e+00   9.5048848e-01   5.3062043e-02   5.8582850e-01   7.9339075e-01   1.9672898e+00  -2.0186212e+00   3.1145565e-01   4.1161858e-01   2.0157071e+00   6.9506161e-01   2.1123587e+00   1.6339345e+00  -1.5101773e+00  -3.4091262e-01  -6.2966834e-01   1.2242906e+00  -1.8806808e+00  -4.5592654e-01
   2.0000000e+00  -1.6303286e-01  -6.0557780e-01  -1.0161520e+00   1.4206640e+00   4.2848760e-01  -5.2381397e-01   1.5556390e+00  -8.0341287e-01  -1.0421021e+00   7.0439229e-01  -1.9345258e-01  -1.2832808e+00  -1.3013226e-01   1.8175268e+00  -7.4669977e-01  -2.1715826e+00  -1.4140159e-01   2.0814719e+00
   2.0000000e+00   1.5942432e+00  -5.2274485e-02  -2.3465725e-01   9.2848867e-01   4.5280759e-01   8.6872928e-01   5.6088669e-01   9.4367264e-02  -3.3141295e-01  -1.3570692e+00   5.2161478e-02  -2.2288018e+00  -7.3678276e-01  -8.5286079e-01  -5.5923960e-01   1.5326130e-01   4.6504873e-01  -4.9352377e-01
   1.0000000e+00   5.9459521e-01   2.4947418e-01  -2.4081243e-01  -9.1373358e-01  -2.2439494e+00  -1.1833343e+00  -6.7962980e-01   1.0122589e+00  -2.4075283e-01   7.4295003e-01   3.0253753e-02   6.2045503e-01   1.6145476e-01   7.8415954e-01  -4.9213724e-01  -2.3474751e-01   4.1262163e-01  -2.9260499e-01
   2.0000000e+00  -1.4840773e-01  -3.5768598e-01   7.3022224e-01  -8.4303464e-01   1.3223339e+00  -1.5662681e+00  -1.4000193e-01   6.5351589e-01  -8.7817227e-01  -2.3990989e+00   8.7295709e-01  -9.6216416e-01   1.4446285e+00  -4.8848987e-01  -1.1591026e+00  -5.6182135e-01  -8.1290999e-01   9.2776302e-01
   2.0000000e+00  -8.3293458e-02  -1.8522264e-01   6.5935150e-01  -1.1213944e-01   5.3757753e-01   1.8802914e+00  -1.5891094e+00  -1.1975285e+00  -7.6791341e-01  -5.0691480e-01   7.8371386e-01  -1.8162802e-01   5.1686207e-01   2.0596034e-01   4.1272502e-01  -2.0742551e+00   2.6096979e-01   7.4328557e-01
   2.0000000e+00  -7.9071226e-01  -8.1826807e-01   1.2168874e+00  -1.7764169e-01  -2.2939794e+00  -8.7963900e-01  -7.8202384e-01  -3.9712120e-01  -1.0346804e+00   7.4136052e-01   2.7892840e-01  -9.6913377e-01   2.2924324e-01   2.2158411e+00  -9.2464775e-01  -1.0279278e+00   3.6124250e-01   1.3434282e+00
   1.0000000e+00   1.7835241e-01   7.0862636e-01   1.7003196e+00  -9.9113953e-01  -1.8903512e-01  -1.0267703e+00   6.9931666e-03  -1.5278138e+00   4.5883238e-01  -3.7707845e-01  -1.6205416e+00  -1.6337764e-01  -1.6103446e-01  -8.4259508e-02   1.2170173e+00   1.1158577e+00  -1.5098693e+00  -4.4076785e-04
   2.0000000e+00   1.5580066e+00   1.0394230e+00   5.0546894e-01   5.0751628e-01  -5.2641392e-02  -7.1161294e-01  -5.3298350e-01  -8.0507280e-01  -1.3356147e+00   4.7384028e-01   4.7787114e-01   1.8307900e-01  -1.2424487e+00  -6.9653153e-01  -5.5082881e-01   3.7305173e-01  -1.4095594e+00   1.9447142e-01
   1.0000000e+00  -6.0601504e-01   6.8042894e-01  -8.7376204e-01   2.3904105e-01  -4.2467016e-01   5.3590675e-01  -4.9471454e-01   1.3905382e+00   7.1875646e-02  -3.0973392e-01   9.5373644e-01  -8.4799873e-01   4.2638138e-01   1.6152214e+00   1.7536057e-01  -5.7926525e-01   2.0649306e-01  -2.4227152e+00
   1.0000000e+00   8.6319812e-01   1.5963541e-01   1.3622658e-01  -6.3603415e-01   2.3966638e+00   1.4631545e-01   3.4078194e-01  -4.2171683e-01   1.2520694e+00   5.8336111e-01   6.6199176e-01  -1.3342840e+00  -1.8476610e-01   4.1559768e-01  -8.9250002e-01  -2.2350333e+00   6.1324078e-01   1.0659064e+00
   2.0000000e+00   1.3227078e+00   3.6840052e-01  -2.0040029e+00   6.2922319e-02  -1.3970604e+00   1.8773539e+00   1.3013935e+00   9.3088229e-01  -2.2379711e+00  -2.3667005e+00   9.5554993e-01  -1.2683031e-02   5.6530788e-01   1.0776376e+00   6.1259128e-01   1.5949684e-01   4.3162318e-01  -4.1628880e-01
   1.0000000e+00   9.1616936e-02   1.8685042e-01  -2.2304433e+00   1.2061842e+00  -2.4683099e+00   1.3758577e-01  -3.6662016e-01   5.0791632e-01  -1.1364934e-01   1.4864573e+00   1.7709240e+00  -1.2011660e-01  -1.6487389e+00  -9.8670442e-02  -1.2061308e-01   1.4877691e+00   7.6940990e-01  -7.1090246e-02
   2.0000000e+00   1.3120807e+00  -3.3211390e-01   1.1473209e-01  -1.0183366e+00   4.8535773e-01  -1.3090446e+00  -2.0621572e-01   3.3209021e-01   6.9735375e-04   5.1934048e-01   1.2986303e-01  -1.2910583e+00   1.0245766e-01  -1.1482925e+00   1.4417770e+00  -1.9492087e-01   1.5232983e+00  -5.8250956e-01
   2.0000000e+00  -7.7471357e-01  -5.1864392e-01  -6.7661951e-02  -2.2701967e+00  -1.6668295e+00   1.0042816e-01   4.9880898e-01  -4.0724953e-01  -7.9075120e-01  -4.6111347e-01   4.5012274e-01  -2.1276823e-01  -1.1784510e+00   1.9243465e+00   5.4422867e-01   1.1653244e+00   1.3952288e+00  -9.8676819e-01
   2.0000000e+00   1.4826138e-01  -1.1156865e-01  -7.4560072e-01   1.6684792e-01   1.1979095e+00  -1.9165558e+00   4.5431980e-01   5.7514351e-01   9.1612838e-01   4.5427863e-01  -2.7476199e-01  -9.9718639e-01   3.4760441e-02  -3.9070732e-01   8.0748220e-01   5.7537812e-01  -2.9831828e-01  -4.2623568e-01
   2.0000000e+00   1.3412281e+00   1.3172883e+00   1.2232615e+00   4.1458611e-01   1.5322015e+00   1.1300700e+00   8.6299671e-01   5.7184573e-01  -2.1351749e+00   7.9701853e-01   4.9805783e-01  -3.8545219e-02   1.0059993e+00  -4.3898308e-01  -2.8276688e-02  -9.3379368e-01  -2.3941095e-01   7.0527497e-01
   2.0000000e+00  -1.4485601e+00  -1.9971062e-01  -2.1834446e-01   1.7563161e+00  -1.6933120e+00   1.1949880e+00   4.3786860e-01   1.2357424e+00  -4.8327547e-01  -9.8213925e-01   9.6401840e-01   1.0925391e+00   9.6382615e-01   8.4486704e-01  -1.3743386e+00   2.0827730e+00   5.1003025e-02   9.3929046e-01
   2.0000000e+00   6.2909214e-01   1.2691006e+00  -1.4656393e-01  -6.4512779e-01  -1.1534635e-01   4.0780087e-01   1.4434667e-01   1.7162935e-01  -5.4853473e-01   3.5426209e-01  -1.2733062e+00   1.3570829e+00   8.9070907e-01  -8.1551854e-01   5.0088069e-01   1.5082200e+00  -5.7989982e-01   7.7270495e-01
   2.0000000e+00   1.2471203e+00   9.7076233e-01  -1.2055250e+00  -9.8846373e-01   1.1857026e+00  -9.6487084e-01   2.7644248e+00   8.0392159e-01  -8.3441355e-01  -4.9784868e-01   9.1923671e-01   1.4158564e+00   1.2765728e+00   5.5728040e-02   1.7526201e+00  -5.2411062e-02   1.7349370e+00  -5.3637197e-01
   1.0000000e+00  -1.2979855e-01   7.0367182e-01  -1.4532550e+00   4.8023161e-02  -3.3094135e-01   4.8021194e-02  -1.7690079e-01   3.0087950e-01   1.2519112e+00   1.6195937e+00   3.7900696e-01   2.1484086e-01  -8.4875749e-01   1.5102382e+00  -1.6942674e-01   1.3399677e+00   1.0908937e+00   9.4750773e-01
   2.0000000e+00  -4.8969115e-01  -6.5257663e-01   1.3873138e+00  -1.9816671e-01   3.0655767e-01   4.8395400e-02  -8.7490898e-01   5.7490443e-01  -4.3917554e-01   1.0257933e+00  -1.4958935e+00  -1.2574300e+00   4.6119654e-01   1.3385597e+00  -1.0692134e+00  -1.1734765e-01   2.2615291e-01   1.1012296e+00
   2.0000000e+00   4.2279478e-01   1.4048235e+00  -9.6898692e-01  -2.4741455e-01   1.4583538e-01   3.2895780e-01  -4.5299537e-01   9.5983599e-01   1.5679355e+00   1.3290478e+00   2.6767988e+00   5.1461848e-01  -2.0127472e+00   1.3105452e+00   7.7984935e-01  -9.3878403e-02  -1.1041149e+00  -1.0813166e+00
   2.0000000e+00   1.6165681e+00  -8.7078640e-01  -1.6179269e+00   1.5548444e+00  -1.4707496e+00   2.3619411e-01   5.5638786e-01   7.1417026e-01  -4.4382372e-01  -5.9347554e-01   2.1815978e-01   8.6826699e-01   1.1408779e+00   2.1621377e+00  -1.5471895e+00   9.0431288e-01   9.2955907e-01  -1.7372415e-01
   2.0000000e+00  -7.1924793e-01   4.0390209e-01   4.6331449e-01   4.0719881e-01   2.9431554e-01  -5.3175564e-01  -1.1968368e+00   3.1661740e-02   1.1410623e-01  -8.5912493e-01  -6.1658640e-01   1.4789917e+00  -9.3590727e-01   1.1004783e+00   1.2344804e+00   2.3336042e+00   7.0396365e-01  -4.1785116e-01
   1.0000000e+00  -2.5546438e-01   5.4799743e-01  -1.1796975e+00   1.3035229e+00   4.3801522e-01   2.9852897e-01  -5.0508963e-01  -1.8556784e-01   5.3532106e-01  -5.8903506e-01  -2.3456345e-01  -1.9774205e+00   2.0903199e-02  -1.4503067e+00  -1.3173779e+00   5.2280367e-01  -6.7894434e-01   1.2097214e+00
   2.0000000e+00   1.0712638e+00  -1.0749576e+00  -4.7129717e-01  -2.2596944e-01   7.2265171e-01   2.3950811e-01  -8.4499736e-01   1.7480650e+00  -1.6492419e+00  -8.5102699e-01   5.1900567e-01   8.0407362e-01  -1.0862658e+00  -2.4633795e-01  -3.6428203e-01  -1.4897990e+00  -2.2448089e+00  -4.6287057e-01
   2.0000000e+00   7.8246536e-02   2.1282788e-01  -2.5761011e-01   8.7927624e-01  -9.2059802e-01   1.1968488e+00  -1.3347493e+00   8.5249965e-01   1.7510287e+00  -1.2522854e-01   3.3012909e-01   4.8557407e-01   9.6044943e-01  -2.7445397e-01   5.6976494e-02  -1.9335614e-01   1.2066982e+00   6.8178755e-01
   2.0000000e+00  -1.0281053e+00   1.3919833e+00   6.1552865e-01  -5.4305940e-01   2.2420202e-01  -5.9518878e-01   1.5429074e-01  -1.5458693e+00   5.0434911e-01  -2.3724275e-01  -1.4687055e+00   1.6404361e+00   4.5652982e-01  -1.2161881e-01  -8.9404315e-01   7.6785413e-01  -5.0376188e-01   2.0754257e+00
   2.0000000e+00  -9.3911568e-01  -3.0790720e-01   3.9953099e-01  -2.3420351e+00  -7.9377502e-02   1.1694139e+00  -2.2413333e+00  -1.0067121e+00  -8.0075230e-01   1.9910943e-02  -4.6114271e-01   4.6870550e-01  -7.5278560e-01   5.5115347e-01   1.0281530e+00   1.2492148e+00   6.4878184e-01   8.4101308e-01
   2.0000000e+00  -8.2896881e-01  -8.6350254e-01  -5.8737891e-01   4.5923358e-01  -1.5472204e+00   2.6511644e-01   3.4557871e-01   5.8227816e-01   1.4843420e-01   1.3529064e-01  -8.4339953e-02  -6.2633454e-01   7.1726637e-01   1.1448652e+00  -5.2101896e-01   5.7890590e-01  -2.5258211e-01  -8.1297510e-01
   2.0000000e+00   1.4722450e+00   1.3441812e+00  -2.9019488e-01  -7.6214951e-01  -8.0696951e-01  -1.4204607e-01  -1.0923197e+00   4.9837785e-01  -4.8782542e-01   3.6871954e-01   7.1247839e-01   9.9725154e-02   3.1943437e-01   4.1222594e-02   3.1420421e-01   1.3742949e+00   8.6411100e-01  -1.1719948e-01
   2.0000000e+00   6.4460655e-01   1.8249422e+00   1.5189580e+00  -6.0424420e-01   1.3101435e+00  -1.3962724e+00   1.0848420e+00  -1.4405402e+00   8.7205291e-02  -1.3207022e+00   2.0701378e+00   3.3061554e-01   1.6294451e-01  -1.1973665e-01   6.8839645e-02  -1.1383643e-01   1.6728020e+00  -2.6263231e-02
   2.0000000e+00   1.8765147e+00  -1.7514801e+00  -4.5525676e-01   1.7598088e-01  -7.6113322e-01   1.3690237e+00   9.4304451e-01   2.2009452e+00  -1.7506415e+00  -1.8767919e-01   5.0103614e-01   7.3926757e-01  -1.3775172e+00   3.0227012e-01  -6.6857903e-02  -3.2014275e+00   1.2467116e+00   2.0878322e-01
   2.0000000e+00   1.0688358e+00  -4.3076041e-01   6.5606048e-01   5.5045670e-01   1.1205044e+00  -9.3867408e-01  -5.8372461e-02  -4.0753131e-02  -3.7283977e-01  -3.6434834e-01   1.4850072e-01   5.4603807e-01  -9.5741659e-01  -1.8368456e+00   8.6245988e-01  -1.2815444e+00  -8.9222577e-01   1.5882122e+00
   2.0000000e+00  -4.3136157e-01  -2.4999025e-01  -7.2316095e-01  -4.9782003e-01  -7.5717869e-01  -9.6531500e-01  -2.0229718e+00   3.3998496e+00  -9.1729190e-01  -2.7456857e-01   1.5004030e+00  -2.6678645e-01  -1.1217953e+00  -4.2506858e-01  -1.4480568e-01  -9.4567422e-01   2.8746456e-01  -6.1851549e-01
   2.0000000e+00  -1.0023009e+00   6.7598434e-01  -5.3247186e-01   1.0703913e+00   9.4311094e-01   8.0179066e-01  -1.1217705e+00  -1.3907527e+00  -1.9670528e-01  -1.8089624e+00   4.7940182e-01  -1.2285792e+00  -4.2540708e-01   7.6737488e-01  -1.3860165e+00   1.9382443e+00   2.4656320e-01   1.9377601e-02
   2.0000000e+00   7.5281975e-01  -1.4096112e-01   1.4628213e+00   2.0128841e-01  -1.0121073e+00   4.2600085e-01   4.0000852e-01   2.0105657e+00  -1.0209537e+00  -1.6379059e+00  -1.1004122e+00  -1.2413617e-01  -2.1436910e+00  -2.1122708e+00   1.4015056e+00   6.6162803e-01   8.0544384e-01  -1.0252931e-02
   2.0000000e+00   8.6323831e-01   3.4292643e-01  -1.4027240e+00   8.3405445e-01   1.8788950e-01  -1.1739386e+00   1.2418963e+00   3.1451890e-01   1.0797840e+00   3.5730899e-01  -8.2280562e-01  -3.0904659e-01  -2.8807245e+00  -1.0841853e+00   1.2589394e+00  -1.5884506e-03  -8.5052253e-01  -1.7058851e-02
   2.0000000e+00  -2.4980860e-01  -9.5743436e-01   6.7174651e-02   1.4764098e+00  -3.7276109e-01   6.5354087e-02  -1.0392535e+00   8.4955149e-02   2.2186620e-02  -5.4980914e-02   3.3264289e-01   1.0955812e+00   5.7648881e-01   3.1407651e+00   8.8765023e-01   1.7106636e-01  -8.3759780e-02  -1.8949921e+00
   1.0000000e+00   3.3770562e-02   2.7547184e-01  -6.0641505e-01  -2.7115009e-01  -1.0000386e-01   2.0045626e-01  -6.4669342e-01  -1.2258253e+00  -7.9396247e-01  -4.1626676e-01  -1.8474828e+00   7.8591615e-01   1.8317706e-01  -5.6594849e-01   4.9847353e-02  -2.4600931e-01  -7.5069464e-01  -7.6020220e-01
   2.0000000e+00   3.4867019e-01  -7.8228270e-01   1.0554726e+00   3.1234846e-01   1.1620913e-01   4.6493134e-01  -1.5509129e+00   6.3242865e-01  -1.6864927e-01  -3.7473262e-01   5.4119388e-01  -1.1318454e+00  -7.5833354e-01   2.0596316e+00   9.2752719e-01  -2.8338077e-01  -4.5779196e-01  -3.3548851e-01
   2.0000000e+00   7.9718894e-01   1.3670042e+00  -1.5230157e-01   6.4276177e-01  -7.5059689e-01   1.3807115e+00  -1.1738540e+00  -3.6893614e-01  -9.3575987e-01  -5.0336754e-01  -1.6144200e-01  -7.8512343e-01  -1.8140651e-01   5.9889754e-01  -1.7735137e+00   1.0507869e-01  -2.0858699e+00   9.5818598e-01
   2.0000000e+00   1.7797052e-01  -1.3034233e+00   4.9608436e-01  -1.0691232e+00   1.6181333e+00   4.0671359e-01   9.3602973e-01   8.5578792e-01   2.1856246e+00   8.2183254e-01  -1.3652450e+00  -1.5503290e-02  -6.9989150e-02   4.9414373e-02  -6.4136363e-01  -1.7275690e+00   5.8542936e-01   7.4405878e-01
   2.0000000e+00   2.3907772e+00  -2.0721338e+00  -6.2238417e-04   4.6856932e-01  -1.6977560e+00  -3.2193887e-01  -1.9552927e+00   4.0979385e-01   2.0736205e+00   1.0049304e+00  -8.1685686e-03  -2.3091264e-01  -4.6779648e-01  -3.5419944e-02  -4.8867324e-01   5.1324818e-01   3.5283186e-01  -2.1805923e-01
   2.0000000e+00  -1.1096479e+00   9.0164489e-01   4.6679744e-01  -3.8352209e-01   1.7987860e-02  -4.1577676e-01   4.8475729e-01  -4.0071244e-02   1.1039385e+00  -6.7278850e-01  -9.8945032e-01  -9.3104996e-01   2.8196172e-01  -8.1209348e-01  -4.4710039e-01  -1.2726879e+00   3.8041886e-01  -7.0133604e-01
   2.0000000e+00   1.6740186e+00  -8.6078046e-02  -1.5721151e+00  -1.2371003e+00   2.3074787e-01  -1.7740353e+00  -8.5357494e-01   3.7766620e-02   2.0932641e-01  -1.3421182e+00   8.8720053e-01   8.8477680e-01   2.2471108e-02  -1.0457174e+00   2.8457731e-01   2.5562459e-01  -1.7884537e-02  -4.2318485e-01
   1.0000000e+00   2.5286590e-01   6.9325195e-01  -1.7540095e-01  -6.3692061e-01   8.6625446e-01  -7.4609170e-03   2.3648101e-01   1.2983032e-01  -1.1304449e+00   2.5349321e-01  -1.1426320e+00  -4.1757048e-01  -1.9542857e+00   4.9262033e-01   7.1475874e-02   1.7968309e+00   3.2564955e-01   8.1715110e-01
   2.0000000e+00  -2.5933530e+00  -1.1354569e+00  -6.0269468e-01  -6.1703556e-01  -7.7529623e-01  -1.2770715e+00  -9.5521591e-01  -7.4789576e-01   7.8740908e-01  -2.5667128e-01  -1.8536981e+00  -9.5878117e-02  -5.0171728e-01  -5.5359410e-01  -3.9777731e-01   2.5299319e-01   3.7773094e-01   1.0433453e+00
   2.0000000e+00  -2.0665331e+00   6.2541207e-02   8.0303540e-01   1.4061051e+00  -8.9943175e-01  -1.1411072e+00  -1.5988795e+00   1.1972866e+00  -7.6129163e-01   4.2335866e-01   1.4548767e+00   1.7409865e-01  -1.4897396e+00   1.2419439e+00  -2.3394284e+00   1.0473007e+00  -6.1108364e-01  -8.7645900e-01
   1.0000000e+00   1.4789395e+00   2.5767731e-01  -6.1463130e-01   6.2016116e-01   9.3179489e-01  -5.7185383e-02  -4.4928823e-01   1.4546440e-01   1.5366077e+00   7.8402667e-01  -3.4072265e-02  -5.5160510e-01   2.6466968e-01   1.8461178e-01  -1.4447613e+00  -1.8286010e+00   6.9184955e-01   1.4579725e-01
   2.0000000e+00  -6.3140473e-01  -1.9387626e+00  -9.3661278e-01  -3.2711979e-01   1.7412428e+00   2.1566718e-01   2.1512048e+00  -5.4737422e-01   1.9664627e-01   1.8658487e+00  -4.7492157e-01  -4.6279714e-01   6.9151013e-01  -1.5603187e+00   1.3064717e-01  -4.1834208e-02   3.7822986e-01   2.0871884e-01
   2.0000000e+00  -7.1926077e-01  -1.0203163e+00   8.0929810e-01  -8.7935282e-01   2.0019548e+00  -1.8402021e-01  -8.5614983e-01   5.6272002e-01  -2.1335887e-01  -2.5238336e-01  -2.1391006e+00  -1.5250860e+00  -1.4114545e-01   2.4105298e-01   9.7764152e-01  -1.1960736e+00   3.5967272e-01   2.0861421e+00
   2.0000000e+00   3.9485886e-01  -5.3882811e-01   1.1395610e+00   6.7730114e-01  -4.6669831e-01  -7.2155275e-01  -7.1782638e-01  -1.4796936e-01  -5.3408158e-01   7.1732288e-01   2.7316501e-01   9.2978606e-01   1.2381707e+00  -1.5253894e+00   5.8488498e-01   6.4542045e-01  -1.5187195e+00  -4.1829660e-01
   2.0000000e+00   2.1689947e+00   2.9400782e-01   1.9044426e+00   1.4789301e+00  -9.8952987e-01  -2.5419250e+00   4.0328047e-01   6.4345456e-01   4.3444415e-01   1.2294769e+00   2.2460827e+00   4.6689728e-01   5.0546872e-01  -7.8021674e-01  -3.5308536e-01   1.1083216e+00   1.2208726e+00   1.5218795e-01
   2.0000000e+00   1.1932891e-02  -1.7589966e+00  -7.2646610e-01   1.6193875e+00  -1.0107383e+00  -1.5623578e+00  -4.7035931e-02   1.6543151e+00   3.0077629e-01   4.7711529e-01   8.9739115e-01  -4.1964634e-01   9.9089153e-01   2.3765057e-01  -1.5297521e+00   5.8461072e-01  -8.4183892e-01  -8.7444953e-02
   2.0000000e+00  -7.3110031e-01  -9.3166759e-01  -6.9805591e-02   2.7959680e-01  -2.7705650e-01   5.9475374e-01  -1.0399864e-01   1.8299250e-01   6.4770187e-01  -2.0447284e-01   7.1396062e-01   9.4690822e-01  -1.0061101e+00  -1.7692770e-01  -4.2813145e-01  -1.2551528e+00  -6.9308487e-01  -2.5751895e-01
   2.0000000e+00  -4.4741065e-01  -2.8162985e-01  -6.6141937e-01  -1.5298427e+00   7.1666214e-01   7.2583121e-01  -1.4949407e+00   5.4092409e-02   1.0982224e+00  -4.7657838e-01  -9.9716150e-01  -1.5960524e+00   2.5665722e-01  -5.4417438e-01  -4.9602460e-01  -2.3341489e+00  -6.0292920e-01  -1.0819114e+00
   2.0000000e+00  -5.1650489e-01  -1.3866095e+00   7.9582694e-01  -2.1967170e+00   1.8950684e+00   2.2410362e+00  -1.5257263e+00  -4.3625118e-01   5.2040442e-01   3.1399705e-01   1.4547520e+00   6.8296593e-01   7.2809580e-01  -1.0155552e+00  -1.1648272e+00  -6.7871926e-02   9.9561234e-02  -6.8974199e-01
   2.0000000e+00  -1.5553418e-01   7.6580152e-01   7.1985025e-01  -2.1308782e-01  -1.8658015e+00  -6.9360917e-01  -1.0634532e+00   4.9986270e-01  -3.8607185e-01  -5.2407171e-01   1.2397393e-01   9.6905589e-02  -5.7717096e-02  -4.1594099e-01  -1.8448281e+00   4.4341859e-01   1.3841015e+00   1.5357374e-01
   2.0000000e+00   7.1696737e-01  -1.5016986e+00   1.9779131e+00  -3.5037674e-01   1.2217646e-02   8.6769097e-01   5.1576763e-02   2.2633280e-01  -3.8109151e-01  -5.1136590e-01  -8.7547711e-01   7.6013151e-02   9.7632684e-01   7.9131311e-02  -1.9999001e-02  -2.1810684e-01   5.8343578e-01   1.0808454e+00
   2.0000000e+00   5.2965864e-01  -2.5892778e-01  -3.9855107e-01  -6.2581185e-01   1.2045802e-01   3.3491905e-01   8.5566007e-02  -3.9487614e-01  -3.8745853e-01  -6.5960077e-01   9.5401578e-02  -1.1719567e+00   1.5889211e+00   1.1158287e+00   2.7833376e+00   8.5919152e-01   2.1809267e+00   1.5251845e+00
   2.0000000e+00   5.8774946e-01   1.7055728e-01   5.0688913e-02   2.1262359e-02  -2.2506631e+00  -9.1016198e-01  -1.5136024e+00  -2.2037015e+00   3.4966176e-01   3.7102713e-01  -3.8840413e-01  -8.6081736e-01  -1.1739170e-01  -2.3639276e-01   5.3117178e-02   1.8771773e+00   1.1975338e+00  -3.4815490e-01
   1.0000000e+00   3.7907352e-01   3.1864388e-01  -2.2246144e+00   1.5529944e+00   4.8137141e-01  -4.2824510e-01  -7.8409598e-01  -1.2195199e+00   9.9586776e-01   9.2134573e-01   2.6115294e-01  -8.2641218e-01  -1.3366660e+00   1.1800198e+00  -4.7288693e-01   2.6856483e-01  -1.1489802e-01   7.6925588e-02
   2.0000000e+00   2.9323663e-01   1.5239477e+00   5.5621690e-01   5.4208931e-01  -1.0787267e+00   1.0813765e+00   3.1573884e+00  -4.8222439e-01  -3.4955686e-01  -9.9968046e-01  -6.2648256e-01  -3.2329269e-01   8.3702496e-01   2.7844294e-01   9.0118441e-01   1.2342954e+00   1.1701336e+00   1.5692053e+00
   2.0000000e+00  -1.3316869e+00   1.3106280e-01   1.8527472e-01  -1.1969978e+00   5.2744201e-01   7.5345981e-01   1.7556680e+00  -3.9307295e-01  -1.0490483e+00   3.5401399e-01   9.4733102e-01   1.4572875e+00   9.5296972e-02   7.6811023e-02   1.8004925e+00   8.2033175e-01   8.9196568e-01  -6.7231213e-01
   2.0000000e+00   5.8867422e-01  -4.1251977e-01   1.6507225e+00   1.5097995e+00  -1.4126300e+00  -1.1657562e+00  -1.7359326e+00   1.9373943e+00   1.6943684e+00  -4.5775358e-01   8.2854658e-01  -1.0140492e+00   1.5188714e+00  -9.2416772e-01   1.4829368e+00   1.2466924e-01   7.5814895e-01  -1.3728655e+00
   2.0000000e+00   3.2064227e-01  -7.9049561e-01   4.0517484e-01   1.9402641e-01  -1.7167941e-01   9.9521906e-01  -1.7375343e+00   2.2887328e-02  -2.0585096e+00  -2.3816191e-01   7.7246434e-03  -1.3274608e-01  -3.8940213e-02   2.0821859e-01   3.7844478e-02   3.7915517e-01  -1.8654674e+00   2.2252321e+00
   2.0000000e+00   4.6977660e-01  -5.2116935e-01   6.1657285e-01   1.5869051e-01  -1.8217900e+00   2.9342917e+00  -9.0004459e-03  -1.4839536e+00   9.9688141e-01  -1.9427529e+00  -2.9788550e-01  -9.2003622e-01   1.4956124e-01   1.1015010e+00  -6.4249274e-01  -2.0662838e-01  -1.8401458e+00   1.6882215e-01
   2.0000000e+00  -2.4948296e+00  -8.0888694e-01   1.1330326e+00  -1.1608185e+00  -1.7619879e-01  -1.9561838e+00  -2.3003081e+00  -7.5549529e-01   4.6985537e-01  -2.2458764e-01   1.3358867e+00   6.5305888e-01  -3.1894400e-01   1.9747833e+00   2.3326439e-01  -7.6277427e-01   1.8727366e+00   4.1028485e-01
   1.0000000e+00   6.2162014e-01   1.7647482e-01   1.6047116e+00   9.9291711e-01   1.2160767e+00  -6.8255254e-01   3.8352525e-01  -9.8322067e-02   6.5761302e-01  -3.3298344e-01  -1.6986185e+00   1.8201417e-01   1.5317208e+00   8.4681335e-02   1.2092258e-01  -2.8140878e+00  -1.2277902e+00  -8.3676751e-01
   2.0000000e+00   1.6261795e+00  -7.8796402e-01   4.8495778e-01  -5.8296070e-01  -8.4492058e-01   1.5176540e+00  -2.7742041e-02  -3.9929052e-01  -2.4970480e+00   2.9014324e-01  -4.0036994e-01   5.6860098e-01  -9.5717548e-01   4.2328685e-01  -4.0794611e-01   8.1958843e-01  -4.0809040e-02   6.3003684e-01
   2.0000000e+00   8.0993019e-01  -1.3323161e+00  -1.1625506e+00   1.2818817e+00  -8.9703788e-01   3.4745309e-01  -1.1630587e-01   1.7546255e+00   2.4665567e-01  -1.3522106e+00   1.5553026e+00  -1.8795011e+00  -1.0103198e+00  -1.6531484e+00   9.1099270e-01   9.0736980e-01  -2.0905845e+00  -9.7122996e-01
   2.0000000e+00  -1.1111423e+00   6.4130457e-02   9.1883919e-01   8.3586547e-02  -4.0047891e-01   4.9568280e-01  -1.1029585e+00  -1.4357253e-01  -1.8103124e+00  -8.6734318e-01  -1.2621208e+00   8.9061081e-01  -1.6549966e-01   9.3876055e-01  -2.8678659e-01   1.5251842e+00   4.2049172e-02   1.3918860e+00
   2.0000000e+00   1.2150079e+00   7.1958895e-01   1.3083229e+00   7.9205784e-02  -2.7858535e-02   5.1379973e-01  -7.7083214e-01  -8.3376823e-01   4.6078277e-01   1.3879050e+00  -1.0095063e+00  -5.5809967e-01   1.0030501e+00  -1.0385037e+00  -5.9052035e-01  -9.5681154e-01  -1.6289215e-02   1.5678552e-01
   1.0000000e+00   7.1785603e-01   3.4811885e-01   2.8707382e-01   7.5251094e-01  -1.1383729e+00   9.6285977e-01  -4.8338912e-01   3.0303464e-01  -1.1415349e+00   3.6548255e-02   1.0116229e+00  -3.2980092e+00  -9.2595835e-02  -1.1971965e+00   1.7376509e-01  -8.1282246e-02   1.8216233e-01   1.1591284e+00
   2.0000000e+00  -2.1313138e+00   1.6023897e+00  -1.2068318e+00   5.3609551e-02  -5.5679532e-01  -8.6554254e-01  -1.9924963e-01   1.4678782e-01  -1.1785229e+00  -3.7097034e-01  -4.1015965e-01   5.9142162e-01  -6.7736723e-01  -4.3962927e-01  -8.4711727e-01   1.1125318e+00  -1.4936077e+00  -1.4913465e+00
   1.0000000e+00  -1.0341363e+00   7.9397421e-01   5.6632234e-01   1.8105445e-01  -1.4780115e+00  -1.2519238e-01   4.3128280e-01   1.0438559e+00   6.4148358e-01  -3.5257691e-01  -1.4109706e+00   9.0802373e-02  -2.0881512e+00  -3.2594934e-01  -1.3735658e-01   1.8239023e+00  -2.1186098e-01  -1.3729855e+00
   2.0000000e+00  -3.9433873e-01  -3.5807827e+00  -2.6041869e-01   5.0294140e-01  -8.7869762e-02  -6.9393628e-01  -4.4543885e-01   2.2512348e+00  -1.4996812e+00  -4.4095075e-01   5.8771128e-01  -1.2711631e+00   3.3216646e-01  -2.2065271e-01  -1.6184966e+00  -8.5801207e-01  -1.9193783e-01  -5.1204093e-01
   2.0000000e+00  -1.2414226e-01  -7.4566387e-02   1.0731825e-01   1.4414635e-01  -1.0181228e+00   1.6245101e-01  -9.7394130e-01  -4.3790833e-02  -1.5751902e+00   1.3015181e+00   1.0869219e+00   7.6581866e-01  -8.0392614e-01  -9.2738788e-01  -1.3890952e-01   9.5043593e-01  -1.2574584e-01   1.9384866e+00
   1.0000000e+00  -4.7872374e-01   4.2119963e-01  -1.2197730e+00   1.2499610e-01  -7.9566510e-01  -1.2483154e+00  -5.7591726e-01   2.9273207e-01   4.1936261e-03  -1.1925856e+00  -1.5350338e+00   2.5573167e-01   1.5912996e+00  -1.2840067e-01  -6.1832034e-01  -3.4674291e-02  -5.3870277e-01   5.2486923e-01
   2.0000000e+00   1.6276362e-01   4.6643341e-01  -5.6813345e-01   5.9083582e-01  -7.0185907e-01  -2.3304943e-01   1.1755760e+00   4.4679342e-01   4.6159996e-01  -1.6142384e+00  -1.1391751e+00  -2.4923855e-01   1.2334662e+00   7.5936602e-01  -5.0888547e-01  -2.6167780e+00  -3.9879228e-01  -4.1401437e-01
   2.0000000e+00  -6.5925015e-01  -6.3160984e-01   1.1433543e+00   1.6965170e+00   1.0307403e+00  -6.2810633e-01   1.3157889e+00   7.5598461e-04   4.8206573e-01   1.7382523e-01   5.0833098e-01  -1.4841380e+00   3.2518515e-01   7.3055986e-01   2.1026189e+00  -2.1348532e+00   4.6065369e-01   7.1587866e-01
   2.0000000e+00   1.6453238e+00   8.9599709e-01   1.9127760e-01   5.9874946e-01   1.9562733e+00   7.8558001e-02  -1.0605210e+00   4.1510555e-01  -6.4552843e-01   1.3406860e-01   5.2353131e-01   1.2958882e+00   5.2788201e-01   6.5143158e-01   2.4940838e-02  -2.0783403e-01  -1.0441649e+00  -7.5817777e-01
   1.0000000e+00  -1.6010952e+00   5.1927678e-01  -4.2407752e-01   1.9642412e-02   1.7820793e+00  -1.3186376e-01   7.0362821e-01  -7.5372099e-01  -6.0615355e-01   6.1861697e-01  -4.2270068e-01   1.1091629e+00  -3.0191845e-01   5.8102810e-01   1.2560649e+00  -4.3721347e-01  -3.6555028e-01  -5.1700104e-02
   2.0000000e+00  -8.7515469e-01   1.0606135e+00   4.0347788e-01  -3.7506508e-01   8.1951137e-01   1.1583539e+00   5.1391936e-01   1.8501978e+00  -5.0273239e-01   3.2160853e-01  -3.6686336e-01  -9.2669169e-01  -2.3279074e+00  -7.4433009e-01  -8.8232033e-01   1.1824563e+00  -8.4250316e-02   1.0662470e-01
   2.0000000e+00  -1.6310128e+00  -2.9753426e-01   1.7373001e+00   6.1078651e-01   9.1067086e-01   1.2792233e+00  -1.5276509e+00   7.1078644e-01   6.3069726e-01  -1.2552385e+00   9.6003384e-01  -6.5517609e-01  -9.6723204e-01   6.1053610e-01  -2.4977213e-01  -1.4760757e+00   9.3557482e-01   1.4457264e+00
   1.0000000e+00   5.3666837e-01   5.5142059e-01   1.4840084e+00  -1.3095713e+00  -7.1890533e-01   1.4025066e+00  -7.1879423e-01  -1.0060318e+00  -9.4574361e-01   2.2850837e+00   1.0066052e-01   4.2777779e-01  -1.1183557e+00   7.9938195e-02   1.1011459e+00  -2.4916159e-01   7.6588800e-01   2.5475725e-01
   1.0000000e+00   1.7900912e-01   9.9488016e-02   1.4036573e-01   8.8999506e-01   1.6503758e+00  -1.1864002e+00  -8.2745250e-01   1.6448095e-01   2.1643734e+00  -6.7605921e-01  -1.0976522e+00   1.9773945e+00   4.6904308e-01  -8.4444024e-01   1.6492665e+00   1.2011397e+00  -3.1204728e-01  -4.9864440e-01
   2.0000000e+00  -1.6334182e-01  -8.7082198e-02  -5.9634096e-01  -2.0121783e-01   2.7338604e-01  -1.1128117e-01  -3.6491710e-01  -7.9180503e-01  -2.6916315e-01   2.8038098e-01   7.7026116e-01  -8.7813289e-01   6.6209410e-01   8.1355930e-01  -3.2323663e-01   7.9748305e-01   7.4483424e-01   1.9254165e+00
   2.0000000e+00   2.7472758e-01   1.8696861e+00  -4.4033513e-01   1.7690424e-01   1.1796510e+00   1.9162213e+00  -2.0761741e-01  -1.6378599e-01   2.4753289e-01  -1.1207913e+00   8.2480827e-01  -1.5968482e+00   1.4584929e+00  -4.5287048e-01  -5.9980251e-01  -3.2069120e+00   1.2591616e+00  -1.1544062e+00
   2.0000000e+00  -2.8923351e-01  -9.1403488e-01  -5.1166959e-03  -1.2302888e+00  -1.1065165e+00  -1.7042724e-01   1.8255574e+00  -1.0711799e+00  -8.6226060e-01  -2.8759366e-01  -6.8984508e-01  -7.6723161e-01  -6.0985540e-01  -6.8926345e-02  -1.7542107e-01   3.9100507e-02  -7.9974949e-01   7.7191006e-01
   1.0000000e+00  -7.1927520e-01   1.6631032e-01   5.5959218e-01   2.0357106e+00   5.4937855e-02   3.6099903e-01   4.4392565e-01   7.1813302e-02  -5.0202954e-01   1.0660139e-01  -3.4188935e-01   3.9864112e-01  -9.3506681e-01  -6.5350684e-01   6.5727524e-01  -3.0054789e-01   1.7428329e+00   2.1146923e+00
   1.0000000e+00  -2.1842939e-01   3.7837990e-01  -1.4435468e-01   2.0864856e+00  -1.5937598e+00   6.9547486e-02   1.2660103e-01  -1.5149992e+00  -1.1806219e+00  -7.3358005e-01  -3.6251943e-01  -4.4410209e-01   9.8927183e-01  -4.3161157e-01  -7.7985548e-01  -2.7655504e-01  -4.6070733e-01  -2.1321816e+00
   2.0000000e+00  -5.4707144e-01   3.7973532e-01   2.6122962e+00   3.5773771e-01   1.1821856e-02   9.5030700e-01  -9.6337933e-01   2.0322442e+00   5.8893144e-01  -2.0515322e+00   2.4724470e+00   8.7133168e-01   5.3537397e-01   1.3801048e+00  -8.3146322e-01   6.1374495e-02   1.8108400e-01  -1.5337966e+00
   2.0000000e+00  -4.0585175e-01   9.2948089e-01   9.8665204e-02   3.9497598e+00   7.7501054e-01   1.7720394e+00   6.0148274e-01   5.1485677e-03   1.4843168e+00  -1.5530686e+00   1.1066453e+00   2.6601784e-01   1.9182040e-02  -2.8047034e-01   7.7938445e-01   2.1778836e+00   2.2268747e+00  -5.0449951e-01
   2.0000000e+00  -1.1434372e+00   2.5209876e+00  -8.3856456e-01   1.5467915e+00   5.7686155e-02  -1.8263076e-01   2.1231069e+00  -2.8589450e+00  -1.3774473e-01  -1.1461213e+00   2.3981201e-01  -5.0132295e-02  -1.5796671e+00   9.8745195e-01   6.2228048e-01   1.2078201e-01   3.1671150e+00   1.6737424e+00
   2.0000000e+00   1.9483906e+00  -2.5355572e+00   7.9027542e-01  -1.3553201e-01  -2.3071080e+00   8.3225999e-01  -1.2043461e+00  -4.5828747e-01   1.3154957e+00   4.2544379e-01   9.7737899e-02  -1.2151867e-01  -1.8137758e-01   1.6378153e+00  -2.5965197e-01  -7.5154476e-01  -6.9970892e-01   7.3429912e-03
   1.0000000e+00  -1.5860215e+00   3.0655023e-01   4.7587732e-02  -1.1632675e-02  -2.0005514e+00  -9.0762417e-02   6.5755260e-01   7.2992809e-01   1.0191872e-01  -3.8963992e-01  -1.7914312e+00   7.6042020e-01   2.0930541e+00   2.4911664e-01  -4.7292986e-01  -2.2412848e-01  -1.1269212e-01  -1.7929854e+00
   2.0000000e+00  -6.2226951e-01  -6.7042168e-02  -1.6675424e-01   1.5360615e+00  -7.0818647e-01   3.5133651e-01   2.2569141e+00  -1.3167509e+00  -3.7194039e-01  -2.4609148e+00  -4.0562305e-02   1.4474736e+00   7.0889598e-01   4.4157546e-01  -1.2693660e-01   5.5015702e-01   1.4987082e-01   1.0902543e+00
   2.0000000e+00   2.2757296e-01   6.4924414e-01   2.7673662e-01  -6.6104169e-02   1.4298948e+00   6.1372391e-01  -1.0845116e+00  -4.8977593e-01  -5.3173341e-01  -1.4158087e+00  -2.5720648e+00  -2.6930538e-03  -1.2125473e+00   2.1991013e-01   4.2126325e-01   6.3478679e-01   1.0666240e+00  -1.2776771e+00
   1.0000000e+00  -2.2052407e-02   6.8881035e-01  -9.4771744e-01   2.3499606e+00  -6.9182806e-01  -4.4917928e-02   6.5802598e-01   1.4618416e+00  -1.7752674e-01   3.6910686e-01   2.5695105e-01   1.2122568e+00  -1.2119252e+00   6.5852920e-01  -8.3732305e-01  -2.7747405e+00   1.6368748e+00   1.0126758e+00
   1.0000000e+00   3.6269508e-01   2.7616134e-01   1.0175902e+00  -4.2148399e-01   1.3931972e+00  -1.0347650e+00   4.9582172e-02  -1.8845260e-01  -4.7542925e-01   1.6329029e+00  -6.3110871e-01  -5.5153821e-01  -5.3369057e-02   2.9649543e-01  -9.8071729e-02  -2.5594788e-01   5.6673191e-01   5.1079588e-01
   1.0000000e+00   2.2797483e+00   2.3718908e-01   4.2612261e-01   6.5593679e-01   1.1666400e+00   1.1366237e+00  -8.7808642e-02  -1.0566227e-01   4.1672060e-01  -1.2163668e+00  -1.8964501e-01   2.8260151e+00  -6.5778652e-01  -1.0987566e+00  -1.2908324e+00   1.3212284e-01   2.1515829e+00   1.6308791e+00
   2.0000000e+00  -5.8135499e-01   2.3299593e+00  -8.2604245e-02   1.5018168e+00   1.9863979e-02  -2.3193431e+00  -1.0923471e+00   6.2565693e-01  -2.2377580e-01  -1.2615333e-01  -9.7906862e-02  -3.6115428e-02  -4.9244046e-01  -8.1035418e-01   1.9381677e+00   1.4752642e+00  -3.9919719e-01  -7.6809650e-01
   2.0000000e+00  -2.8153107e-01   1.8073835e+00   1.0679039e+00  -4.2991923e-02   4.6082411e-01   5.1453417e-01  -1.3335118e+00   1.7404790e+00   3.5797042e-01  -1.8022156e+00   1.4084531e+00   9.3423732e-01   1.1988846e+00   6.2435982e-01   1.1880566e+00   2.6638797e-01  -1.7922806e+00   4.2116712e-01
   2.0000000e+00  -6.7281469e-02   1.0424114e+00  -9.5532300e-01  -1.5043082e+00   8.7932287e-01  -2.3641757e-01  -1.1972280e+00   1.0864753e+00  -1.1386066e+00   4.1556525e-01  -1.3253587e+00   2.4878542e+00  -2.2367807e+00   1.0299584e+00   4.6822418e-01  -5.4036563e-01  -7.6133540e-02   7.5017851e-01
   2.0000000e+00   1.3098628e+00   1.2370152e+00   1.3085207e+00   6.0854478e-02   5.1980458e-01  -3.1123234e+00   7.1935067e-01  -1.1885652e+00  -4.3685075e-01  -1.0620404e+00  -7.2141314e-01   1.5467215e+00   8.8088548e-02  -7.5176860e-01   9.6728647e-02  -8.2147016e-01  -7.1711079e-01   6.8641965e-01
   1.0000000e+00   2.4643432e+00   3.7263124e-01  -6.9988485e-01  -8.1411773e-01  -2.9299346e+00   1.6969282e+00   5.6078099e-01   5.4288196e-01   1.7379517e+00   5.8811062e-01   5.7008477e-01   9.7491036e-01   2.1564899e-01   9.1722425e-01  -7.3719370e-01  -1.5145051e+00  -1.2483765e+00   1.5055281e-01
   2.0000000e+00   7.5540257e-01   2.1807258e+00   2.3360233e-01  -2.4074081e+00   1.9560520e+00   1.6420555e+00  -1.0755876e+00   1.1538570e+00  -2.0443823e+00  -6.4659236e-01   1.4207539e-01   6.0874705e-01  -3.7969624e-01   1.7303712e+00   2.4532155e-01  -5.3171001e-01   7.1336556e-01  -1.6012025e-01
   2.0000000e+00  -6.2599196e-01  -4.6796727e-01  -8.2015793e-01  -2.5196744e-01  -7.2897359e-01   9.4119893e-01   4.8406272e-01  -3.0716715e-01   2.4550761e-01  -1.3967215e+00  -9.0267492e-01  -1.5205044e+00  -2.2191636e-02  -8.6647449e-01   2.3587974e-01  -2.0339498e-01   2.3257301e+00   9.5910350e-01
   2.0000000e+00   1.4897136e+00   8.2764764e-01   7.6091441e-01  -1.1158671e+00   1.8585313e-01  -6.7698180e-01   2.0551524e+00  -7.1230580e-01   1.0705683e+00   2.0231748e-01  -1.7535324e-01  -3.1088868e-01   2.4192424e-01   1.4267141e+00   8.5308000e-01  -3.7380069e-01   4.0003617e-01  -1.0706873e+00
   2.0000000e+00  -1.2960410e+00  -2.6444478e-01   2.1102330e+00  -1.5363920e+00  -1.3187397e+00   1.7712572e-01   1.2084440e-01   6.6903981e-01  -3.8409112e-02   1.3446729e+00   1.0956548e+00  -2.0511032e+00  -1.5965721e+00   5.6918110e-01   1.3255814e+00  -1.6729436e+00  -1.9302500e+00   1.2671705e+00
   2.0000000e+00  -1.1511203e+00  -1.0318832e+00   6.9852399e-03   1.8991390e-01   3.4382279e-01  -1.1092899e+00  -1.6188174e+00   6.5978669e-01  -3.4283375e-01  -1.4889984e+00  -1.7495010e+00  -7.8269916e-01  -1.7844872e+00  -2.0657452e-01  -1.7735178e+00   4.1020235e-01  -2.2131842e-01  -9.4850363e-01
   1.0000000e+00   2.6607989e-01   2.4511273e-01  -9.6427126e-01  -2.0925466e+00   1.1588989e+00  -6.5241092e-01  -5.1682130e-01   6.1055837e-01   2.5790612e-01   4.9445441e-01  -2.7393022e-02   1.4431279e+00  -9.4804635e-01   1.0599933e+00   1.8732566e-01   1.6797025e-01  -5.0267113e-01  -4.3923919e-01
   2.0000000e+00   5.2718206e-01  -1.0378975e+00   5.4866517e-01   3.6040652e-01  -8.8871504e-01  -1.7498831e+00   4.7480896e-01  -1.5625973e+00  -7.8547487e-01   7.3936312e-01  -8.6460234e-02  -7.3637491e-01   1.4888988e-02  -4.7884546e-01   6.2934134e-01  -6.3400039e-01   1.5776411e+00   1.2291333e+00
   2.0000000e+00   3.0332944e+00   1.6387216e+00  -1.1415510e-01   1.0078565e+00   1.3678453e-01   4.4818660e-01   1.0904903e+00  -4.1993304e-01   4.0273731e-01   3.3824657e-01  -8.7725832e-01  -3.1749399e-01   5.2749894e-01   1.5848764e+00   9.9950017e-01  -1.3573928e+00   1.7638044e+00  -1.0454331e+00
   2.0000000e+00  -1.0076214e-01  -6.4195830e-01  -7.4923784e-01   6.8633635e-01   1.7607358e-01  -7.4768337e-03  -7.3589123e-01   1.8905097e+00   3.6748745e-01   7.6318431e-01   6.8591036e-01  -4.2366091e-01   4.2937254e-01  -1.7271610e+00   7.6947147e-01   1.2490485e-01  -2.1698872e-01  -1.3764720e+00
   2.0000000e+00  -1.8201382e-01  -7.9686113e-01   5.2703753e-01  -1.2157585e+00   8.0396444e-02   4.1747094e-01  -4.9041532e-01   1.1786776e+00   1.4350068e+00   5.6664627e-01  -3.1294591e-01   3.0603608e-01   3.8760983e-01   9.9145111e-01  -8.9203170e-03  -1.4139782e+00  -2.5527545e-01  -2.7836856e-01
   1.0000000e+00   2.5977049e-01   7.4931910e-01   2.5153677e-01  -7.0304357e-01   8.2485609e-01  -1.0648158e+00   2.0749876e-01  -1.9515649e-01   9.2300575e-01  -5.1700407e-01   8.5825800e-01   4.0903839e-01  -1.8633336e+00  -4.3712983e-01  -1.9169861e-01   1.9776879e+00   1.2250847e+00   2.2309200e-01
   2.0000000e+00   7.7474549e-01  -1.1764713e+00  -4.2121508e-01  -1.4488347e+00   1.8383641e+00   5.2989806e-01   4.2186495e-01  -1.8287841e+00   1.5237978e-01  -4.3742621e-02  -2.6027992e-02   4.0759599e-01  -1.2100237e+00   9.3830812e-01   1.1878625e+00   1.7969416e+00  -1.5000218e+00  -1.7865731e-01
   2.0000000e+00  -6.0664599e-01   1.1021260e+00   6.7826507e-01   4.6947828e-01  -3.4194138e-01  -3.9820264e-01   9.1358976e-01   1.0423872e+00  -3.3939194e-01  -1.8984854e+00   1.0081546e-01  -1.0113518e+00  -1.2457504e+00  -3.8307154e-01   1.4895227e+00   4.2738697e-01  -1.1854201e+00  -3.5196767e-02
   2.0000000e+00  -8.6087644e-01   1.2344834e+00  -4.5899612e-01   2.3687297e-01  -1.1144740e+00  -1.4982127e+00   5.0229087e-01   1.0846090e+00   2.1600161e-01  -1.9995865e+00   1.0196831e+00  -2.7150033e-01   9.8876090e-01  -2.4594099e+00   4.7309238e-01   1.7469949e+00   9.6658996e-01   5.7508225e-01
   1.0000000e+00   6.6067680e-01   6.5859415e-01  -2.9231760e-01   9.6990311e-01  -1.2121014e+00  -1.7616782e+00   3.3211295e-01   1.5819886e-01  -1.1617890e+00  -6.6665951e-01   6.9233990e-01   3.4820234e-01   6.5875457e-01   8.5865189e-01  -4.2310267e-01   9.6683619e-01  -1.4866768e-01   8.5797824e-01
   1.0000000e+00   2.0167740e+00   6.8643808e-01   1.5453887e+00  -2.8042504e-01  -8.0908899e-01  -4.8277739e-01  -4.7902888e-01  -5.7453905e-01  -1.5970773e-01  -1.0089079e-01   5.6544602e-01  -2.2852211e+00   1.8731989e-01   1.7299072e+00  -1.0998536e+00  -3.3344997e-01   1.5863093e+00  -2.7545671e-01
   2.0000000e+00  -1.2570959e-01   9.4381362e-01   3.0194750e-01  -5.2928661e-01  -8.6971190e-01   1.2384575e-02   1.4386702e+00  -1.3845484e+00  -1.6008155e-01  -5.2467512e-02   2.4512244e+00   9.5191219e-01   4.8564605e-01   7.0505151e-02   1.4239486e+00  -2.0139258e-01   3.2504762e-01   1.7978846e+00
   1.0000000e+00  -1.4020073e+00   8.2123339e-01  -1.0077018e+00   1.2740846e-01   1.8274140e+00   4.2600313e-01   1.6577901e-01   1.6206536e+00  -5.3402364e-01   1.4663321e+00   9.5543130e-01  -6.5452792e-01   1.6167122e-01   1.2056148e+00   2.9317988e-01   1.4303771e+00   4.5630354e-01  -5.3691173e-01
   2.0000000e+00   1.0729265e-01   3.8076330e-01   1.5526119e+00  -1.6767106e+00   2.1083616e-01   1.0713559e-01   1.1798461e+00   1.6422454e+00  -6.1228046e-01  -7.0450647e-01  -8.3790968e-03  -1.8794632e-01   1.2666119e+00  -8.9339266e-01  -3.1416955e-01   1.2891953e+00   6.0081953e-01   1.5101876e-01
   2.0000000e+00  -3.8921465e-01  -2.0718994e-01  -6.5209323e-01  -4.2634953e-02  -6.3840938e-01   7.0192626e-01  -6.6178604e-01   1.2071760e+00   9.6321093e-01   2.6044923e-01   6.2993028e-01   3.5430922e-02   5.7900119e-01  -1.7031955e+00   7.6295143e-01   1.5823620e+00   9.3142586e-02  -8.7585078e-01
   2.0000000e+00  -1.9054051e-01   7.7588575e-01  -1.5133286e+00  -2.0380648e+00   1.2680829e-01  -4.1161068e-01   8.6492910e-01   7.7512877e-01   1.1330800e+00  -1.1080221e-01  -6.9310162e-01  -1.3692090e+00  -9.5072476e-01  -1.6399391e+00   7.1771710e-01   5.9587140e-01  -9.1289275e-01  -1.6888039e+00
   2.0000000e+00  -1.0705408e+00   1.2946498e+00   1.7900297e-01   2.4977102e-01   2.3294577e+00   1.0194744e-01   8.7986370e-02   4.6656598e-01   4.5609665e-01  -8.1480237e-01  -1.4786802e+00   1.2185021e+00  -6.5630872e-01   2.7505256e-01  -1.5308749e-01  -1.1114424e+00   4.1278734e-01   1.1720272e+00
   2.0000000e+00   2.7845835e+00   7.8509222e-01   2.4639103e-01  -1.1770271e-01   1.4329790e+00   5.3532220e-01   7.9370316e-01   4.7153883e-01  -1.2783065e+00  -1.1933470e+00   7.3874377e-02   1.2583109e-01  -2.4507139e-01   7.2085666e-02  -4.3051194e-01   6.1871683e-01  -1.5108970e+00   1.2057056e+00
   2.0000000e+00  -2.3724787e+00  -1.3800044e+00   1.8537965e-01  -8.7791458e-01  -1.1543957e-01   6.0434042e-01  -1.1348939e+00  -9.2121268e-01   8.2660590e-01   9.9533117e-01   8.6370745e-01  -1.2474611e+00  -7.5468717e-01   2.2691609e-01  -8.5267589e-01  -1.5297328e+00   1.5719026e-01   6.8023503e-01
   2.0000000e+00   1.0757213e+00   1.7248398e+00  -9.7656052e-01   1.2776924e+00  -8.6853233e-01  -1.7758405e+00  -1.9500285e-01  -2.6423159e+00  -1.1960261e+00  -3.3081443e-01  -1.7076847e+00  -2.0612397e-01   1.6454169e-01  -1.9161567e+00  -3.8950570e-02   1.8976753e-02   1.0299221e+00  -8.1910484e-01
   2.0000000e+00  -1.0927070e+00  -1.5288261e+00  -7.9926426e-01  -8.6492791e-01  -2.8147121e-01   2.1889703e+00   5.8361774e-01   1.0007128e+00   2.8176185e-01   9.4681767e-01   7.4132479e-01  -6.6827128e-03   1.5329041e-01  -2.9396672e-01  -3.2915877e-01  -1.2761846e-01   2.0153870e-01   6.8552905e-01
   2.0000000e+00  -2.7031282e-01  -9.7368885e-01   8.6400903e-01  -1.0983640e+00  -4.5492344e-01   9.5612552e-01  -2.3327655e-02   3.9868148e-01   2.0006900e+00   3.0962567e-01  -9.1857391e-03  -1.9887647e-01   8.8041103e-01   4.4529964e-01  -3.9359314e-01   1.5157360e+00  -9.4742406e-02   1.0877110e+00
   2.0000000e+00  -8.6510240e-03   2.4807662e+00   1.0073379e+00   7.9715261e-01  -2.5339506e-01   1.1251359e-01  -1.7388246e+00   9.7211160e-01   9.5471571e-01  -2.2615497e-01   7.4049386e-01   9.2981012e-01   4.4142865e-01  -8.8149594e-01   2.0628286e+00  -1.3455331e+00  -1.5241017e+00   8.2971147e-01
   2.0000000e+00  -4.3710169e-01  -8.6243441e-01  -1.2614837e+00   4.6125773e-01   8.8496833e-02   2.4575556e-01   1.1927496e-01  -2.7077378e-01   1.0321380e+00   2.0007938e-01   1.5422736e+00   7.6900829e-01  -1.2474643e+00   5.6647687e-01  -3.6109810e-01   2.1068454e-01  -5.7364455e-01  -6.8362756e-01
   2.0000000e+00   7.4401984e-02  -1.5464047e-01   1.2757479e+00  -5.3811969e-01  -5.3823800e-01   3.0731927e-01  -6.3589975e-01   1.5133324e+00  -1.7426136e+00  -3.4107524e-01   1.2478070e+00   1.1691202e-02  -1.9377997e+00   2.7477690e+00   8.1918810e-02   3.8079780e-01  -8.1580031e-01   2.1218523e-01
   2.0000000e+00  -4.0051625e-02  -3.5388039e-02   9.2561430e-01   1.5066796e+00  -8.1247942e-01   3.7750157e-01   1.9985528e-01   1.1771953e+00  -3.7578628e-02  -2.9941129e-01  -1.3803411e-01  -1.0171688e+00   4.6041709e-01  -1.0225705e+00   3.9808062e-01  -1.8049705e+00  -7.4469152e-02   3.5593523e-01
   2.0000000e+00  -4.1400891e-01  -1.8801856e+00   1.5575164e+00  -6.5592141e-01  -1.0936080e+00   6.2868810e-01  -2.7460196e+00  -3.3237100e-01   4.5058237e-01  -1.3755246e-01   3.1461078e-01  -6.4562473e-01   7.6875763e-01  -3.2754792e-01  -1.6006945e-01  -2.9818786e-01  -1.6653445e-01  -3.2279011e-01
   2.0000000e+00   5.6356822e-01   3.7040576e-01  -3.9681438e-01  -1.6505944e-01  -5.1606363e-01  -2.4226542e+00  -2.9740240e-01   1.3592089e+00   9.5241098e-01  -1.1889022e+00  -4.2401443e-01   2.7268971e-01  -1.0993084e-01   1.0132980e-01  -2.2316613e+00  -4.8872329e-01  -1.9911650e-01   6.8941006e-01
   1.0000000e+00   3.5354121e-01   4.3929064e-01   2.0623048e-01  -1.4197488e-01  -5.3037472e-01  -1.1204325e+00   5.7468236e-01  -1.3260550e+00  -1.2475288e+00   3.0496236e-01   8.9465002e-01  -8.7651421e-01  -8.2197361e-01   1.5038150e+00  -7.5731464e-01   2.9817334e-01   4.2037309e-01   1.2656179e+00
   2.0000000e+00   4.3525134e-01  -4.5366481e-01  -9.4191089e-01  -4.3886005e-01   1.9992018e-01   1.5775601e-01   7.6578791e-01  -1.8771066e-01  -2.4011534e+00   1.2827998e+00  -3.8161778e-01   2.7307571e+00  -2.2302451e-01   1.7735669e+00   6.0887471e-03   5.5843650e-01   5.1835639e-01  -1.5615615e+00
   2.0000000e+00  -6.5846414e-01  -9.2341786e-01   1.8470012e+00   1.6786107e-01  -1.0944185e+00  -2.9535963e-01   8.8107121e-01  -1.4263178e-02  -1.1937970e-01   1.8137114e-01   7.6411529e-01  -1.3880763e-01  -1.7116126e+00   2.9963542e-01  -4.3372480e-01   1.4534389e+00  -1.6858312e-01   4.0818753e-01
   1.0000000e+00  -1.0304514e+00   5.5957108e-01   5.3260780e-01  -2.0700486e-01   1.5001345e-01   6.1308797e-01   3.7730206e-01  -1.3315225e+00  -9.4709158e-01  -9.2548404e-01   1.5297549e-01   1.0417748e-01   6.1778375e-01   1.8622897e+00   8.4607358e-02  -1.0267270e+00   1.0753970e+00   3.3062502e-01
   2.0000000e+00  -8.4090795e-01   4.2653830e-01  -3.5880407e-01   7.9806799e-01   1.0178211e-01  -5.5810722e-01   9.9416197e-01  -3.5080683e-01   1.9385585e-01   4.6156927e-01   3.7065370e-01   9.4028879e-01   1.8820198e+00   2.6264511e+00   2.3873262e-01  -4.6902352e-01  -1.4607345e+00   2.8365736e+00
   2.0000000e+00   5.6964826e-01  -9.7194802e-01  -6.4057232e-02   3.5501319e-01   2.2375329e-02  -1.6364345e-01  -6.2953402e-01  -9.8107670e-01  -1.5616908e+00  -9.7625651e-01  -1.2272169e+00  -1.2944752e+00   1.4130058e+00  -5.4598705e-02   1.6728691e+00  -2.7844250e-02  -2.9280831e-01   5.6762426e-01
   2.0000000e+00   1.8724127e-01   2.2993305e-01   1.5522453e+00  -2.8604366e-02   1.5710290e+00  -5.3522734e-01   1.2350185e+00   1.3248085e+00  -1.6081116e+00   1.8074006e-01  -2.6140891e-01  -8.9076359e-01  -1.4530135e-01   2.0934709e-01  -5.1152787e-01   9.7685257e-01   5.6863985e-01  -1.4828059e-01
   2.0000000e+00  -1.0590990e+00   6.2306241e-01  -5.7431324e-01  -6.3352988e-01   1.1985409e+00  -6.6849600e-01   1.5830803e+00   7.9110224e-02   7.5250057e-01  -1.1649571e+00  -1.2013856e+00  -1.7988242e-01  -5.8747695e-01   4.4516680e-01   9.3223301e-01   8.8978438e-01   1.3772953e-01  -1.6238662e-01
   2.0000000e+00  -5.5786421e-02  -1.0360079e+00  -3.2182657e+00   2.4879446e-01  -1.7896321e+00   6.0731023e-01  -7.8973670e-01  -1.2961046e+00  -1.5107833e+00  -4.9548312e-01   2.6069755e-01  -1.0355997e-01   8.8287431e-01   2.4929262e-01   1.9439595e+00   1.6109778e+00   5.4953153e-01   2.4617072e+00
   2.0000000e+00  -6.9473616e-01  -5.2290076e-01  -2.5498926e-01  -5.6577404e-01  -5.7901846e-02  -3.3210034e-01   6.7034904e-01   1.5748400e+00  -1.8388795e+00  -5.7636980e-01  -1.1276932e+00  -7.7532432e-01  -1.6849950e+00  -4.4039440e-01   4.2278698e-01  -9.9350046e-01   3.7140848e-01  -1.1243061e+00
   1.0000000e+00   1.3515690e+00   3.7035080e-01   4.0533092e-01   4.3262553e-01  -1.2244207e+00   1.1459857e-01  -4.8617235e-01  -1.8207550e+00   8.1549642e-01  -8.1077556e-01   6.3879957e-01   1.3980375e+00  -8.6673036e-01  -1.9797640e+00   9.8337189e-02  -5.0312945e-02   2.7565638e-01  -4.5497118e-01
   2.0000000e+00  -2.0769051e-01   1.0352520e+00  -1.9901491e+00   5.0968997e-01   1.2506482e+00  -1.0063746e+00   3.4719168e-01   6.1731517e-01  -4.6597869e-01   4.9336769e-02   3.6739269e-01   7.7310391e-01  -2.4754715e+00  -9.2470645e-01   2.2785738e+00  -1.7254048e+00   1.7357169e-01  -2.0800534e-01
   2.0000000e+00  -1.5715722e+00   3.1191151e-01   1.7822724e+00   1.6081603e-01   2.1375444e-01   8.8946878e-01  -1.0897052e+00  -1.2854880e-01  -6.7340520e-01   1.1571056e+00  -3.8946962e-01   4.1687683e-01   1.4280879e+00  -3.5450199e+00   1.9547621e+00   1.9725606e-01   6.0638693e-01  -2.6403152e-01
   2.0000000e+00  -7.0068499e-01   9.5075746e-01  -1.5034941e-03  -1.2616852e+00  -1.8638010e+00  -1.0853946e+00   1.6877533e+00  -1.6601213e+00   1.5195396e-01  -1.9407073e+00   4.9282707e-02  -4.7972326e-02  -2.0422822e-02   1.4234374e+00   1.0541355e+00   5.8582393e-03  -1.9322925e-01   1.3692300e-01
   1.0000000e+00   1.0662505e+00   8.5451385e-01  -1.7780425e+00   1.0939159e+00  -1.9566172e-01  -9.5222491e-02   1.3121049e-01   9.8890365e-01   9.1555080e-01  -2.6774617e-02  -2.4714228e-01   1.2979101e+00   6.7153768e-01  -1.4840918e+00   1.1377510e-01   3.6580812e-01   7.7168838e-01   5.6434834e-01
   2.0000000e+00  -6.0034432e-01   5.0164147e-01  -1.1142969e+00  -1.8675877e-01   7.7095758e-01  -1.3290891e+00   1.5124464e+00   6.2007114e-01  -1.7282675e-01   6.5217006e-01   2.4805807e+00  -2.7914336e-01  -3.8002979e-01   4.1828476e-01  -1.9689248e+00  -6.9794612e-01  -6.9331567e-01  -1.2509954e+00
   2.0000000e+00   1.3625581e+00  -3.0624342e-01   1.2295346e-02   7.1495935e-01   1.1430359e+00   5.7663280e-01   1.3167208e+00   2.9512034e-02  -1.0744200e+00  -3.6775101e-01   8.7109280e-02  -1.0001211e+00   2.1803222e-01   9.5376880e-01  -9.6243471e-01  -3.0462749e-01  -1.3559028e-02  -1.0714524e-01
   2.0000000e+00   3.3079847e-01  -2.0080208e+00   9.2292906e-01   4.9247320e-01  -1.9934809e-01  -3.1257165e-01  -4.2740411e-01   1.4614379e+00   6.6193946e-02  -8.2421468e-01  -1.2183723e+00  -1.0453748e+00   7.1045527e-01  -2.3417331e-01  -6.0355028e-01   1.2574260e-01  -1.7039880e+00   9.9936816e-01
   1.0000000e+00   4.5871900e-01   4.4571755e-01  -1.5428807e+00  -3.3460690e-01   1.9251290e-01  -8.2625937e-01  -5.0272761e-01  -1.5960673e+00  -3.5929909e-01  -3.9836873e-01   7.5507555e-01   2.1801889e-01   4.5931781e-01  -1.3114584e-01  -9.8256448e-01  -6.1925496e-01  -9.1581045e-01  -2.6222218e-01
   2.0000000e+00   1.7189548e-01  -3.9054606e-01  -5.3532232e-01   1.3360741e-01  -1.8301012e+00  -7.5280067e-01  -2.7611814e-01  -8.5748220e-01   1.2008311e-01   5.4369027e-01  -6.1924406e-01   9.1870679e-01   1.1624424e+00   5.7786059e-01   3.0045813e-01  -9.7563365e-01  -4.2549535e-02   6.9781619e-01
   2.0000000e+00   1.9737883e+00  -1.8862770e+00  -1.7427582e+00  -5.6170913e-01   2.5475364e+00   8.6937678e-01   5.3294775e-01   2.9753485e-01   1.6506751e-01  -8.2537059e-02   4.0121239e-01   1.9115654e-01   9.6425698e-02  -1.1064672e+00  -8.1112723e-01  -7.4667274e-02   2.5137892e-01   2.1168717e+00
   2.0000000e+00  -1.1846498e+00   7.4366317e-01  -7.4834632e-02   6.4515143e-01  -2.1424290e-01  -4.4335695e-01   1.0651915e+00  -1.0743814e+00  -1.9438443e+00   9.5978600e-01   1.5263435e+00  -6.2978624e-01   6.7835115e-01  -1.1575612e+00  -7.5924573e-01  -1.5029867e+00  -8.6949165e-01  -5.8769604e-01
   2.0000000e+00  -4.5041398e-01  -2.8625348e-01   6.8142441e-02   1.7389959e-01  -1.0625501e+00  -9.7039401e-02   5.7647996e-01   1.6552841e-01  -1.7325950e-01  -5.6735993e-01   2.3088690e-01   3.5069584e-01  -6.0910351e-02  -5.1495169e-01   3.9134846e-01  -1.3772310e-01   4.9353760e-01   1.2157120e+00
   1.0000000e+00  -5.7146405e-01   7.0625936e-01   2.5635096e-01  -1.6759435e+00   1.4075809e-01  -9.2398359e-01   3.2117713e-02  -2.0561921e+00   7.7726834e-01   2.3761797e-01  -1.5875695e+00   8.8768207e-01   1.9225690e-01   9.5578101e-01   1.0330814e+00  -1.5581382e+00   9.6025671e-01  -9.8859547e-01
   2.0000000e+00  -9.3529398e-01  -9.0319580e-01  -9.9674611e-01  -6.2221262e-02  -1.3886945e-01  -1.6240042e-01  -3.1341176e-01  -1.0948781e+00  -1.7070993e-01   9.1834519e-01  -1.2286989e-01  -5.8078866e-01   5.1883557e-01  -9.6582648e-01  -7.1955648e-01   1.6797623e+00  -5.5218471e-01   3.2487814e-01
   2.0000000e+00   1.8173325e+00  -1.3441713e+00  -2.1371684e+00  -7.9024582e-01  -2.0639755e-01  -9.2655391e-02   6.8580733e-01  -3.8300047e-01   2.2453331e-01  -1.8939107e+00  -1.3006771e+00   1.2400092e+00  -6.0106843e-01   1.7665395e+00   1.7392520e+00   7.1392932e-01  -1.6176186e+00   9.9406694e-02
   2.0000000e+00  -1.2840462e+00   8.3013540e-01  -1.9463796e-01   1.2203066e+00  -9.2341711e-01   8.7435563e-01   6.5199077e-01   8.2354756e-01   4.9447877e-03   1.3085664e+00   1.5294797e+00  -1.2269707e-01  -1.6125631e-01   2.9060770e-01   4.9103936e-01   3.2192520e-01   1.4007092e+00   1.2654119e-01
   1.0000000e+00  -3.3745408e-01   6.0012641e-01   1.2412167e-01  -1.4127695e+00   2.2286388e+00   1.8773673e+00  -7.1400770e-01  -5.6526285e-01  -4.0816976e-01   9.3594016e-01  -2.1702899e+00  -4.9052196e-04  -1.5899121e+00   1.2843888e+00   6.3896696e-01   1.2840716e+00   1.6501985e+00   8.4050765e-01
   2.0000000e+00   1.2578859e+00  -1.4841504e+00  -1.6954751e+00   1.0498244e+00  -1.6760438e-02   1.1634110e-01  -1.4334279e+00  -1.7864038e+00   9.1824989e-01   1.3360888e+00  -2.6416825e-01  -1.2270227e+00   1.1428053e+00   1.0163319e-01  -2.5603249e-01  -6.2437558e-01  -8.7128622e-01  -7.2732021e-01
   1.0000000e+00  -1.3855666e+00   8.6402415e-01   1.5643077e-01   9.8367710e-01  -4.0238940e-01   1.1907715e-01  -2.4375134e-01  -6.4946540e-01  -7.7733148e-02  -7.5809374e-02   5.3478397e-01   2.9145187e+00   1.4494395e+00  -1.0746521e-01   5.2480730e-01   1.8504410e-01  -1.3760357e+00   5.7398034e-01
   2.0000000e+00  -1.9182543e+00   1.1324355e-01  -4.3544421e-01  -2.8469494e-01  -1.4499073e+00   4.4236856e-01  -1.1165498e+00   1.0945879e+00  -5.2233629e-01  -7.3840871e-01  -3.1366532e-01  -2.8963754e-01   2.3750651e-02  -9.2266409e-01   1.2306121e+00   9.9222627e-01  -4.5032577e-01   6.9798989e-01
   1.0000000e+00   1.0531528e-01   2.9932363e-01  -1.3888328e+00   1.7789739e-01  -8.4765161e-01  -5.2804750e-01   3.8387299e-01  -1.0316321e+00  -3.8347970e-01  -1.4334031e+00   1.2729404e+00   3.4374803e-01  -4.9478561e-01  -1.5195913e+00   8.9960944e-01  -4.6042698e-01  -9.2848923e-02   1.9785088e+00
   1.0000000e+00  -1.7753623e+00   3.3051068e-02  -3.8671978e-01  -1.5501302e+00   1.0789837e+00  -5.3689761e-01  -5.2246383e-01  -1.2759820e+00  -5.7184966e-01  -2.2938855e-01  -8.3225907e-01   5.6445866e-01  -3.1214670e-01  -1.8404517e-01   5.1194395e-01   9.7231771e-01   8.6767372e-01   1.2024416e+00
   2.0000000e+00  -1.4978586e+00   1.2143169e-01   1.3464156e-01   1.3128383e-01   4.2065053e-02   1.4527605e+00   1.5376171e+00  -8.2994366e-01   1.6111198e+00   8.4690392e-01   3.8839240e-01  -2.1079307e-01  -7.1995119e-01  -9.1645155e-01  -5.3684269e-01   7.6609003e-01   6.7278430e-02   5.4104918e-01
   1.0000000e+00  -4.1573729e-03   3.7610016e-01  -2.7356064e-02  -4.1795177e-01  -3.5092473e-01   8.5323477e-01  -2.0391015e-01  -1.0418507e+00  -3.9535005e-02  -6.1304311e-01   6.1092712e-02  -2.0835239e+00   9.4339856e-01   1.2175231e+00   8.0786311e-02   7.4324297e-01  -1.3055644e+00   3.1743174e-01
   1.0000000e+00   3.6519593e-02   4.6392033e-01  -1.7720238e-01  -3.7454176e-01  -5.9024954e-01  -1.5191862e+00  -8.2231283e-01   2.3913646e-01   3.2573302e-01   8.8943954e-02   6.1626047e-01  -6.1712210e-01  -1.4569398e+00  -1.1944510e+00   7.5907081e-01   1.3401858e+00   1.3936880e-01  -2.2975214e-01
   2.0000000e+00  -6.3667576e-01  -1.2275742e-01  -6.6965699e-01   6.5865164e-02  -6.5249981e-01  -7.0756159e-01   1.3727417e-01  -3.4912184e-01   1.3351138e+00   1.2358676e-01  -4.0432057e-01  -7.2688878e-01  -1.8536784e-01  -4.1762993e-01  -1.4616708e+00  -8.6444801e-01  -2.5035072e-01   2.1266395e+00
   2.0000000e+00  -2.8913980e-01  -5.9752291e-01  -3.8180975e-01  -9.5261459e-01  -1.0808596e+00  -3.4384175e+00  -5.0596276e-01   1.5143432e+00   6.1757301e-01   2.1652062e-02  -2.1617611e-01   7.7238027e-02   1.5837412e+00  -8.9160465e-01   2.1789540e+00  -2.4109114e-01  -2.7354751e-01   8.3657166e-01
   2.0000000e+00  -9.7245729e-01  -1.2294473e+00  -1.5677925e+00   1.2339507e+00  -1.3897699e-01  -9.9820973e-01   1.1104094e+00  -1.7542284e+00   4.8164641e-01  -1.4986217e+00   8.1355211e-01   1.1903450e-01   2.0288405e+00  -8.9259850e-01   3.5937726e-01   5.7445899e-01   6.4001660e-01  -1.9903012e-01
   2.0000000e+00   4.1178206e-01  -6.9681784e-01  -1.3257154e+00  -1.4541681e+00  -2.3429708e-01  -4.0143925e-01  -3.5719778e-01  -5.9528135e-01  -1.0325945e+00  -6.8903831e-01  -4.4066240e-01  -5.0322240e-01   6.6708273e-02   9.2540695e-01   7.2628070e-02  -5.6682488e-01   3.0138622e-01   3.6305018e-01
   2.0000000e+00  -6.5366785e-01  -9.7683802e-01  -2.0971829e+00  -1.0473841e+00   1.7105244e-01  -8.9963678e-01   2.8018968e-01  -1.5004816e-01  -1.6780671e-02   2.3279058e+00   1.6722889e+00  -4.8942768e-01  -6.8631983e-01   2.0056320e+00   8.5379986e-01   1.9838843e+00   3.0885105e-01   1.0910321e+00
   2.0000000e+00  -5.5597937e-01  -3.9897964e-01   7.3106679e-02  -8.4886325e-01   5.2740454e-01   1.7585630e+00  -6.0193286e-02  -5.2136477e-01  -1.1918268e+00   2.1710555e-01  -1.9093627e+00   1.9392185e+00   7.9279364e-01   1.0615428e+00   2.2752360e+00   3.7500646e-01   3.4306629e-01   4.9261827e-01
   2.0000000e+00   1.1047322e+00  -7.8649244e-01   7.3676864e-01  -4.5856905e-01  -5.8703706e-01  -7.3849838e-01   1.4155503e+00   8.1857625e-01   3.4984744e-01  -3.6966507e-01   3.4729997e-01   7.3958797e-01  -2.9636047e-01   3.4896795e+00  -1.8495369e-01  -9.8931074e-01   7.4545677e-02   2.3018020e-01
   2.0000000e+00   2.9278782e-01   7.0484296e-01   1.9176200e-01  -6.8452529e-01   4.2105051e-01  -1.8010236e+00   1.2075880e+00   4.7604396e-01  -1.9888814e+00  -8.2666911e-01  -9.1990909e-01  -3.6566466e-01   1.9652722e+00   6.7982364e-01  -7.9938412e-01   2.6165151e-01  -1.6962992e+00  -2.3605471e-01
   2.0000000e+00  -7.1635530e-01  -1.3984897e+00  -1.7816879e-01   1.1476462e+00  -4.2513731e-01  -1.2334160e+00   5.9497613e-02   6.0563371e-01   4.8107624e-01   1.1014109e+00  -2.8545465e-01  -6.8453622e-01  -3.7304715e-01  -2.5752360e-01  -6.3029821e-01   4.6006913e-01   3.7830923e-02  -2.3223738e-01
   2.0000000e+00  -1.9162770e-01  -2.8772690e-03   5.6735067e-01   1.8407277e+00   5.6181339e-01  -5.4044991e-01   7.2798479e-01   1.8005250e-01  -6.9124405e-01   7.5359041e-01  -1.8137940e-01  -6.0267549e-01  -5.3878600e-01  -3.2318864e-01   7.1709554e-02  -1.5928897e+00  -1.9169671e-02  -1.2073835e+00
   2.0000000e+00  -6.3476298e-02   1.1499212e+00  -6.0312672e-01  -2.5450125e-01  -6.3525235e-02  -4.3084633e-02   9.5616109e-01   5.4344133e-01   4.7312147e-01  -6.2999038e-01  -6.1047475e-01  -3.8465384e-02   9.1064145e-01  -1.4073033e+00  -1.4299160e-01   2.5713101e-01  -3.6401280e-01  -4.2861189e-02
   2.0000000e+00  -1.3582793e-01  -4.6804144e-01  -4.0415667e-01   8.4054261e-01   3.8376628e-01  -5.8940133e-01   1.3372506e+00   1.3052228e+00   9.6966926e-03   1.0225083e-01  -1.0910375e+00   6.9724696e-01  -3.9907714e-02  -1.7311856e-01   9.8285613e-01  -6.7664742e-01   7.3583974e-01  -7.3909426e-02
   2.0000000e+00   2.3763806e-02  -3.6061151e-01  -7.1036467e-01   3.2900079e-01  -1.0147826e+00  -9.1609851e-01  -4.0902541e-01   1.3653923e+00  -5.3871564e-01  -1.8746135e+00   8.2411685e-01  -8.0820083e-01   7.1119556e-02  -6.8375316e-01  -8.4307804e-01   4.2674292e-01  -6.2682093e-01   2.8807315e-01
   2.0000000e+00   9.9867121e-02   1.0974641e+00  -1.3154963e-01   8.8504606e-01   1.0882241e+00   5.5824954e-01  -6.7714513e-01  -2.8627646e-01   7.0293979e-02   1.4738239e+00  -4.7810431e-01   8.4850139e-02  -1.3011423e+00  -8.2792196e-01  -2.3376253e-01   1.6273393e+00  -4.8800619e-01  -1.3355733e+00
   1.0000000e+00   2.7150080e-01   2.0663647e-01   4.4394365e-01  -9.8760402e-01   7.7470709e-01   8.5184695e-02  -6.5409810e-01  -6.9687735e-01  -2.8186617e-01  -4.4483131e-01   9.5036193e-01  -6.1798092e-01  -2.0929838e-01   9.3031894e-02   1.1240630e+00  -3.0042823e-01   1.0945130e+00  -6.5699631e-01
   2.0000000e+00  -5.7181906e-01   2.1991796e-01   3.8187979e-02   1.2018453e+00   1.4208092e+00   3.2248653e-01  -1.1063219e+00   1.9246381e+00  -1.4167848e+00   2.6477065e-01  -1.6597606e+00  -2.1074013e-01   6.1898501e-01  -2.7580287e-01   9.1592627e-01  -4.3483235e-01   3.3390232e-01  -4.8374900e-01
   2.0000000e+00   6.1471304e-01   1.8857583e+00  -1.8975869e-01   1.0086143e+00  -8.6770288e-01  -1.1527276e+00  -1.0444238e+00   1.9974469e+00   5.8577422e-01   1.4107554e-01   8.6047396e-01   1.0620986e+00   1.5225449e+00   3.5547233e-01  -3.9155692e-02  -2.1902253e-01  -4.1283793e-01   1.1092051e+00
   2.0000000e+00  -1.6910520e+00   1.3483413e+00   5.1011624e-01   6.0149101e-01   7.7761135e-01   8.0068732e-01  -6.3808735e-01   1.4163452e+00   3.2238070e-01  -1.7342143e-01   1.6242468e+00  -1.0849999e+00  -6.3979383e-01  -1.0152263e+00  -5.6835505e-01  -6.5190229e-01   1.0601148e+00   4.7955687e-01
   2.0000000e+00  -8.9949137e-01  -7.0027991e-01  -3.2600389e-01   6.7276569e-01  -2.0034652e-01   5.9234502e-01   1.9094792e-01  -7.6447323e-02   8.5293041e-01   3.4616635e-01   4.6572680e-02  -1.7303084e-01  -6.3096352e-01   5.8292867e-01  -1.3921856e-05   4.5848928e-01  -5.9653959e-01  -1.8274327e+00
   2.0000000e+00   5.7060502e-01  -5.7277461e-01  -1.2084427e+00   1.0549370e+00  -1.8804242e+00   1.1290142e+00   1.5526214e-01   1.3856544e-01   4.8060724e-01  -1.7735585e+00   4.1162089e-01  -2.6818588e-02   2.5722351e+00   1.6028864e-01   6.6132422e-02   1.2700286e+00   1.1322030e+00   2.7694067e-01
   2.0000000e+00  -9.3454828e-01  -7.9084963e-01   9.5367453e-01  -1.7758406e+00  -2.0515501e-01   1.4568527e+00  -6.9837250e-01   4.0706917e-01   1.2813825e+00   3.4786982e-02   6.9104641e-02   6.3210236e-01  -7.3871069e-01   5.6631993e-01  -6.3013538e-01   1.1852215e+00  -1.9901275e+00  -1.1071682e+00
   2.0000000e+00   8.0473481e-01  -3.4713369e-01   4.6195192e-04   5.1734341e-01   1.6374104e+00  -5.7103259e-01  -3.3292497e-01   3.1731679e-01  -3.1410827e-01   4.6383963e-01   1.0395345e+00   5.3397284e-01  -5.1145637e-01   1.1968843e+00   4.4537950e-01   4.2728808e-01  -8.1219768e-01  -1.1999068e+00
   2.0000000e+00  -3.4447737e-01  -1.1848191e+00   1.1877542e+00   2.0457239e-01   1.0005696e+00  -3.9037946e-01  -1.1230946e+00  -2.5852252e-01  -1.2365401e+00   2.9055617e-01   5.6729987e-01  -7.0619235e-01   2.1097828e-03   9.2845614e-03  -2.5758472e-01  -1.5867846e+00   8.7185774e-01  -4.0862206e-01
   1.0000000e+00  -9.6335539e-01   5.9848844e-02  -4.5560520e-01   5.0564008e-01   4.9784960e-01  -8.8010766e-01   3.2785564e-01   4.0390825e-01  -4.5240867e-01   1.1597296e+00   2.6943695e-01  -9.9563516e-03  -3.6751187e-01  -1.2649545e+00   1.4576669e-01  -1.0508775e+00   8.9138982e-01  -5.5908579e-01
   2.0000000e+00  -7.8551365e-01  -1.3590108e+00   6.3710368e-01  -5.4015746e-01   8.3614028e-01  -9.4844538e-01  -2.4790040e+00   8.4293068e-02   8.0719359e-01  -8.1496772e-01  -1.3275240e-02  -2.8761798e+00   9.9389086e-01  -1.0401496e+00   2.8175094e-01  -2.9511742e+00  -6.7235585e-01  -6.7591740e-01
   2.0000000e+00  -5.7479561e-02  -1.8513746e+00   1.2693676e+00  -6.2469874e-01  -9.3625585e-01   1.0075466e+00  -8.0177145e-01   4.6176971e-01  -1.3316545e-01  -8.1695568e-01  -1.1678240e+00  -7.4074004e-01  -1.1254800e+00  -3.9419251e-01   1.1015933e+00   1.1320416e+00   4.3111468e-01   2.3589113e-01
   2.0000000e+00   5.7448199e-02  -1.5898154e+00  -2.1405669e-01   5.3150125e-01  -1.0558758e+00   1.3855913e+00  -6.0300611e-01   4.5708088e-01   2.2435832e-01   1.1357387e+00  -2.4964244e-02   1.1298104e+00  -9.6512237e-03  -4.4510013e-01  -1.0325826e+00   8.8049843e-01   1.9338422e-01   1.2688828e+00
   2.0000000e+00  -1.8979408e+00  -7.2426048e-02  -4.7310355e-01   2.5875939e-01   1.5210394e+00  -3.9263588e-01  -7.7015971e-01   1.1413443e+00  -1.5590710e-01   4.0550500e-01   1.5845705e+00   8.4039867e-01  -1.0108231e+00  -4.8620502e-01  -1.6860829e+00  -2.7935938e-01   1.5951374e+00   3.6529326e-02
   2.0000000e+00   2.6659765e+00  -3.1741144e-02   4.6930507e-01  -4.2550582e-01   1.0266191e+00   1.8543189e+00  -1.2076174e+00   5.9079264e-01  -1.1499324e-01  -7.6146297e-01   2.5624822e+00  -3.4696224e-01  -3.0126439e-01   7.2754577e-01  -4.7387314e-01   1.1497971e+00   9.7440790e-01   1.9777489e-01
   2.0000000e+00  -9.5397604e-01  -9.0400007e-01   4.1073769e-01  -1.2616874e+00   4.8343512e-01   9.1382254e-01  -1.5518353e+00  -6.1638042e-01  -1.7265157e-01   1.0343005e+00   8.2028523e-01  -9.3312434e-01   2.2148460e-01   1.2754192e+00   8.3394683e-02   3.4739696e-01   4.5525369e-01  -1.2975762e+00
   2.0000000e+00   1.2584872e+00   1.2299189e+00  -1.4636738e+00  -2.8326026e-01   2.0208523e-01   4.1225659e-01  -2.9026351e-01  -1.8472320e+00  -1.4663347e+00   2.3068592e-01  -6.9886790e-01  -3.5539926e-02  -1.7699481e+00   1.9607432e+00   3.2317938e-01   2.3416251e-01  -8.5725385e-02   2.0486501e-03
   2.0000000e+00  -5.4800720e-01  -1.3196393e+00  -7.5069491e-02   3.2512925e-02   1.1581684e+00   1.1006168e+00   6.6628374e-01  -9.9768426e-01   1.3622358e+00  -4.1105665e-01   6.1297661e-01   1.4037071e+00   1.1601300e+00  -1.0263569e+00  -1.6552944e-01   1.3815251e-01   5.9981994e-02   1.3484428e+00
   2.0000000e+00   7.3195358e-01  -6.6020945e-01  -5.7817648e-01  -4.5712092e-01   2.4784708e-02   8.6739177e-01   2.7183322e-01   2.5028437e+00   9.9598141e-01  -1.3732581e+00   3.6480113e-01  -1.9949950e-01  -3.4062114e-01  -3.2097510e-01  -2.5857732e-01  -9.8148561e-01   1.6315705e+00   1.1756475e+00
   2.0000000e+00  -1.4688883e+00  -1.2473840e+00  -7.7315125e-01  -2.2573195e+00  -9.5129823e-02  -7.1883663e-01   6.9419305e-01  -3.2070303e-02  -8.5183803e-01  -3.0158461e+00  -2.1705879e+00   5.9948354e-01   2.1061876e-01   1.2626326e+00  -1.2214088e+00   1.0788411e-01   2.0154670e-01   6.4512176e-01
   2.0000000e+00  -1.8253967e+00   1.2187891e-01   3.6098225e-02  -1.6382782e-01  -5.1591073e-01  -3.9935243e-01  -9.9895109e-01  -2.2390522e-01  -2.7452331e-01  -8.3402834e-01   6.7668508e-01   6.5049461e-01  -1.7111822e+00   9.0972550e-02  -4.5468136e-01   6.1878099e-01   1.0034159e+00   1.4444331e+00
   1.0000000e+00   1.3551937e-01   4.3567242e-01   1.7720658e+00  -1.8402603e-01   1.1627906e+00   2.9718197e-01   4.0504236e-01  -1.6954680e+00   1.6943475e+00  -1.5008487e+00  -1.8396263e+00  -7.1142589e-01  -1.0484076e+00  -2.6235667e-01  -8.5412648e-01   4.4839053e-01  -3.1431089e-01  -6.5710769e-01
   1.0000000e+00   7.9994468e-01   5.8749070e-01   4.3151728e-01   1.0155675e+00   6.0862999e-01  -3.7907411e-01  -5.7535594e-01  -2.4523487e-01   9.2657446e-01   1.7861208e+00  -1.9024180e+00  -1.3412795e+00  -2.5804945e-02   1.5248377e+00   9.3079848e-01  -5.5363304e-01  -3.2046359e-01  -1.0478640e-01
   2.0000000e+00  -5.8022814e-01  -4.1534771e-01  -1.2310821e+00   1.8882765e-01  -1.1980640e+00  -1.1985797e+00  -7.9184981e-02   1.0206395e+00   5.1645575e-02   6.0486833e-03  -6.4884016e-01  -5.3051018e-01   9.9495716e-01  -1.1072062e+00  -8.2044514e-01   1.0957827e-01   1.4215413e+00  -2.1768282e-01
   2.0000000e+00   1.6288483e+00   2.2331001e-01  -4.9637200e-01   2.4682105e-01  -7.4739011e-01  -1.8776309e-01  -2.8330003e+00  -1.4972206e+00  -8.0867076e-01  -1.7430223e-01   6.7939594e-01   2.9780593e-02  -4.0857312e-01   2.4974911e+00  -8.7687457e-01   1.4831491e+00   5.6954712e-01   3.3331107e-01
   2.0000000e+00   7.1037704e-01  -2.5129844e+00  -8.6271750e-01  -9.1310233e-01  -4.1049175e-01  -5.4647899e-01   1.2902757e+00  -2.8398477e-01  -3.7333246e-01   9.2905692e-01   1.0373171e-02   7.3566048e-01  -3.1927978e-01   6.8864938e-01   1.7935276e+00   2.0621116e-01  -3.8309145e-01   9.8867440e-01
   1.0000000e+00   5.1703060e-01   1.6815188e-01   1.0182410e+00  -3.9845798e-01   1.9999178e+00   1.5774655e+00   1.5475222e-01  -3.7043237e-01   6.8705117e-01  -1.1055970e+00   1.7827316e+00   1.3212464e+00  -1.3088339e-01  -5.9256001e-01   2.6336408e-01  -9.1041954e-01  -3.1129337e-01   1.8725617e+00
   2.0000000e+00  -3.0537216e-01   1.1259107e+00   8.8651505e-01  -6.8217898e-01  -7.6425155e-01  -5.9363536e-01  -8.2100329e-01   9.5767859e-01   1.2873832e+00  -2.4123182e-01   2.0328694e+00   4.3275049e-01  -1.4756152e+00  -2.3316871e+00  -5.4005804e-01  -8.8934223e-01  -3.7460336e-01   4.5669760e-01
   2.0000000e+00   8.0230997e-01   6.3050418e-01   2.2840464e-01   2.3404231e+00  -1.2107357e+00  -1.4067261e-01   1.0923031e+00   3.7850968e-01  -8.4621855e-01  -1.2231397e-01   1.8275184e-01  -1.5516854e+00   4.8596877e-01   2.0707982e+00  -1.6586413e+00   2.3045338e-01   2.1290645e-01   3.7036507e-01
   2.0000000e+00  -2.1193286e-01   4.7399286e-01   9.1265091e-02   1.1838254e+00  -8.6912057e-01  -4.2860145e-01   1.7907179e+00   1.1732992e-01   6.2590358e-01  -1.5584212e+00  -3.8074209e-02  -1.9140408e-02   9.2551437e-02  -1.4780958e+00   2.1695942e-02  -5.4772820e-01   3.5044737e-01   9.9375689e-01
   2.0000000e+00  -2.6551657e-01  -4.5008475e-01   1.9204696e+00   2.0563154e-01   2.3293274e-01  -5.8022813e-01  -5.4048677e-02   1.0509366e+00   3.4567377e-01  -9.4380453e-01  -2.3436615e-01   8.6631062e-01   9.2755012e-01  -1.3690079e+00   1.8631894e-01  -7.5138698e-02  -6.6657143e-02   2.6676019e-01
   2.0000000e+00   1.0075583e+00  -2.0162371e+00   5.5647674e-01  -1.6173201e+00   1.8465698e+00   2.0954824e+00   1.4495364e-01   9.7594892e-01  -5.3320716e-01   1.3743957e+00   1.4197731e+00   3.0634014e-01  -8.1060961e-01   1.4687645e+00  -1.6093661e+00   4.5146633e-01  -8.8880901e-01   7.6584437e-01
   2.0000000e+00  -2.6888757e-01  -4.8212751e-01  -8.5456332e-01  -7.7369799e-01  -5.9996399e-03   1.6502129e-01   9.4056282e-02  -1.6344260e+00  -2.0390845e-01  -1.5755537e+00  -1.4420017e+00   1.0607079e+00   7.1822238e-01   1.9963089e+00  -8.6344987e-01   3.4480134e-02  -1.3675865e+00   5.4398444e-03
   2.0000000e+00   1.8158385e-01   2.3614940e-01   3.9201814e-01   5.8577252e-01  -1.6176740e+00  -1.9652311e+00   2.8255195e+00   8.3099816e-01   1.4654244e-01   4.6069558e-01  -2.0391017e+00   4.0709189e-01   4.8156485e-01   6.3997737e-01  -1.3219595e+00  -1.1873716e+00  -1.8122206e+00  -2.7385229e-01
   2.0000000e+00   4.3162256e-01   1.6367390e+00   1.3105185e+00  -7.0289369e-01   7.7915211e-01  -1.2778073e+00  -4.0275769e-03  -1.0083494e+00   2.9033719e-01   1.9055449e+00  -1.0908236e+00  -4.6136677e-01   2.3052928e+00   6.7446524e-01   1.7533801e+00   1.4257437e+00  -2.3783525e+00  -2.9835791e-03
   2.0000000e+00   2.3041648e-01   2.3816446e+00   9.0230735e-01   1.5192474e+00  -1.6541022e+00  -1.3240320e+00  -1.4779314e-01  -4.4730343e-01  -2.7969772e+00   1.1260826e+00  -3.5866557e-01   9.1434155e-01   7.2251365e-01  -3.5777155e-01  -2.3820244e-01  -6.3827229e-01   9.9020794e-01   3.1960577e-01
   1.0000000e+00   7.1964874e-01   5.1541455e-01  -8.1360918e-01  -1.6037662e+00  -1.0943251e+00   7.2156894e-01  -1.7754438e-01  -1.8032103e+00   5.6926446e-01   6.7190424e-01   1.0223827e+00  -3.1395078e-01  -1.2719205e+00  -7.4172895e-03  -9.4053193e-01   2.9976491e-01  -6.2158494e-01  -1.0742207e+00
   2.0000000e+00   3.6691071e-02  -3.6562848e-02  -3.6780854e-01   2.7754656e-02   6.3120900e-01   5.6320394e-01  -1.7745753e+00  -5.8226917e-01   6.0184278e-01  -7.0203820e-01   2.5193075e+00   8.1890848e-01  -1.2114000e+00   1.8139214e+00   1.1785914e+00  -6.9708172e-01   1.4551681e+00  -8.4119481e-02
   2.0000000e+00   2.1876160e+00  -2.5996346e-01   6.4238655e-01   3.3845797e-01  -4.7479957e-01   9.4696280e-01  -1.2259680e+00   1.3707609e+00   1.1320670e+00  -5.8005196e-01   3.1874774e-01   4.0405877e-01  -2.0195071e+00  -7.1961194e-01   2.4766982e-01   3.4806364e-01   1.7346464e+00  -3.4613076e-01
   1.0000000e+00   4.2566697e-01   6.7647627e-01  -2.6872623e-01  -3.8981367e-01   5.4121749e-01   1.3258825e+00  -6.3293646e-01  -1.9900331e+00  -3.4685624e+00  -3.4650166e-01   5.3759896e-01   1.4571491e+00  -8.3293916e-01  -1.0171166e-01   2.6758787e-01   1.1725439e+00   9.5221696e-01   8.7333648e-01
   2.0000000e+00   3.1380459e-03   1.7880339e+00  -1.0737027e+00   1.8625447e+00  -6.5409137e-01   2.9658856e-01  -1.0755493e+00   1.6106920e+00  -5.0055415e-01   9.7923690e-01   5.2659951e-01   3.8948072e-01  -3.6768415e-01  -1.1750672e+00   1.0016091e+00  -5.7792053e-01  -7.0260245e-01   7.7327105e-01
   2.0000000e+00  -7.5256737e-01   6.1185195e-01  -9.7463485e-01   1.0469678e+00   5.7821919e-01  -1.7410984e-01   1.4844220e+00   1.6080049e+00  -9.7995334e-02  -1.0262391e+00  -2.0744878e+00  -7.2271563e-01   3.9302556e-01   5.1030876e-02  -1.0275171e+00   1.3075002e+00   3.9868764e-01  -1.1036672e-01
   1.0000000e+00  -1.1604458e-01   5.8106828e-02  -8.1496749e-01  -8.9750294e-01  -1.0284506e-01  -9.3370444e-01   4.4089566e-01  -1.9130987e+00  -8.8773690e-01   3.1985210e-01   2.4636051e-01  -1.1582666e+00  -1.8659279e+00   5.3189614e-01  -1.8032538e+00   5.3294636e-01  -1.4096696e+00   9.3112430e-02
   2.0000000e+00   1.1105772e+00   8.1475592e-01  -6.9125102e-01   1.4796096e+00  -3.5537447e-01  -5.7391531e-01  -6.1485189e-01  -1.9657086e-02   3.9761741e-01   1.0759462e+00  -9.0968316e-01   8.3395574e-01  -2.2605199e-01  -8.8765639e-01   1.9747183e-02   4.8483710e-01   2.1424632e-01   1.1742918e+00
   2.0000000e+00   7.6231422e-01   1.8859851e+00   4.3992227e-02  -1.2573783e+00   1.4587611e-01   1.4823221e+00   4.5538185e-01   1.5398357e+00  -4.4125570e-01   6.6687253e-01   8.9783646e-01   9.7936253e-01  -1.2170983e+00  -2.3733242e-01   1.5975750e+00   1.5888761e+00   1.5059829e+00   1.1099607e-01
   2.0000000e+00   1.6973935e+00  -7.1936408e-01   1.7758752e+00   1.9314436e-01   1.3482578e-01  -6.4107242e-01   1.3157705e+00   7.3646404e-01  -1.0258676e+00  -4.0347133e-01   6.5338591e-01   2.2338505e+00   1.1511524e+00   1.3436174e-01   1.2019573e+00   2.3215187e+00   1.8231731e+00  -1.7088236e-01
   1.0000000e+00  -5.4751116e-01   3.7405940e-01  -1.2492562e+00  -8.4107333e-02   4.8459127e-01   3.0054807e-01  -4.2409863e-01   2.8847541e-01  -8.8658624e-01   6.0935837e-01   5.6048537e-01   2.4949720e-01  -2.4370300e+00  -4.6701720e-01   7.3463665e-01  -1.0811281e+00   1.5967138e+00  -8.9538203e-01
   2.0000000e+00   6.7051001e-01  -1.3132604e+00  -1.3276854e-01   3.4626931e-01  -1.2869058e+00   5.0582986e-01  -1.1752181e+00   7.3561171e-01  -9.8758640e-01   4.3694785e-02   6.5798780e-01   7.0928530e-02  -1.1453583e+00  -7.2183344e-02  -1.5341256e-01   7.4068032e-02   8.4445131e-01  -1.8173512e+00
   2.0000000e+00  -1.4490009e-01   3.4345424e-02   2.3864589e-01  -9.2765301e-02  -6.5829263e-01  -1.5396821e+00  -1.5843755e+00  -2.7224471e-01   8.3136294e-01   8.7074353e-01   6.4638884e-01  -2.3057773e+00   9.0771694e-01  -1.6023477e+00  -9.5185969e-01   6.8045295e-01   4.7954432e-01   4.3907084e-01
   2.0000000e+00   8.0954445e-01  -1.3524854e+00   1.6821444e+00  -9.0814892e-01  -1.2289958e+00  -1.4883902e-01  -1.3699564e+00   7.4900680e-01   1.8519343e-01   2.7764841e-01  -4.7445935e-01   2.1144680e+00  -5.4726040e-02  -1.8106909e+00  -4.1337960e-01   5.2599188e-01   6.5702819e-01   1.6705569e+00
   2.0000000e+00   1.1691500e+00   1.0043516e-01   2.2190174e-02  -2.6411014e-01  -1.4854938e+00   2.7432887e-01  -1.3533617e+00  -4.0377592e-03  -2.9700892e-01   1.2760247e+00  -8.8519754e-01  -6.4792649e-02  -8.3884892e-01   1.4570607e-01  -5.9493176e-01  -2.3498939e-01  -6.6983856e-01  -1.2823994e+00
   1.0000000e+00  -6.9054263e-01   9.6224261e-02   1.7100897e-01  -1.0633924e+00  -6.6233029e-01  -5.9536898e-04  -8.9444966e-02  -1.3648532e+00  -3.1620221e-01  -2.4488033e-01   2.4168332e+00  -1.7809483e+00  -4.7595180e-01  -1.2792560e+00  -3.0168784e-01   4.1375895e-01   8.8400529e-01   1.0912300e-01
   1.0000000e+00  -1.8352899e+00   3.5357053e-01   1.1464985e+00   1.1676736e+00   1.9996320e-03  -9.6341822e-01   8.2019795e-01  -8.4418488e-01   1.2095243e+00   1.9988543e+00  -5.4062991e-01   9.5464022e-03  -8.1800922e-01   1.5251167e+00  -1.0855719e+00   2.1999643e+00  -1.3026139e+00  -2.2075337e-01
   2.0000000e+00   1.7995244e-01  -1.3162491e+00   2.3298888e+00  -2.8374913e-01  -1.1216111e+00   2.7137127e-01   1.4515522e-01  -1.3994459e+00   7.2176975e-01  -7.6299550e-01  -2.7228341e-02  -2.9325923e-02   8.7089283e-01  -9.0205169e-02  -5.1945701e-01   4.5312836e-01   1.2047031e+00  -1.0056127e+00
   2.0000000e+00  -1.9697444e+00   5.1884329e-01  -2.7694029e-01  -7.5070144e-01  -1.9676537e-01  -7.3158626e-01  -8.8041203e-01   1.5979722e+00   1.1799858e+00  -9.3431335e-01   8.0552183e-01   6.9092229e-02   3.0405666e-01   1.4882067e+00  -2.4123863e+00   2.9627011e+00  -3.9129141e-01   4.1589009e-01
   2.0000000e+00  -1.9776767e-01  -7.7261654e-01  -3.0285067e-01   6.9423818e-01  -5.3044942e-01  -8.0929328e-01  -1.3980833e+00   2.8288648e-01  -5.8909722e-01   1.6201472e+00  -1.0995829e+00  -5.1540754e-01  -7.6744792e-02   1.2207954e-01  -4.8551703e-01  -6.6974304e-02  -1.3863818e+00   1.0683337e+00
   2.0000000e+00   1.5202597e-01   8.1560740e-01  -1.6456886e-01  -4.4486377e-02   8.2221921e-02  -6.0909533e-02   1.2844891e+00  -1.9582319e+00  -4.1642576e-01   6.0738977e-01  -1.3320200e+00  -8.8428555e-01   1.8954609e+00   1.0411398e+00   1.1419216e+00  -4.4964350e-01   1.1168332e+00  -6.8241185e-01
   2.0000000e+00  -9.7277628e-01  -3.4184129e-02  -1.1100056e+00   1.2539935e+00   1.4532008e+00  -2.1400045e+00  -4.1493774e-01   1.7049275e+00  -1.4742541e+00  -3.0576150e-01  -6.4081709e-01   2.1694015e+00   1.8050016e+00   8.7297937e-02   4.6248465e-01  -1.7723764e-01  -1.5898351e-01  -8.3850214e-01
   2.0000000e+00  -2.4867329e-01  -2.9816876e-01   3.9618512e-01  -2.9673502e-01  -4.0843024e-02  -9.2564349e-01  -2.8010599e+00   5.4834399e-01   4.5926952e-01   5.4684386e-02  -7.7419256e-01  -1.6649012e+00   1.2085830e+00  -1.0688770e+00   3.1065096e-01   3.9827215e-01  -9.4675560e-01   4.2155577e-01
   2.0000000e+00   2.0556136e+00  -1.7481477e-01  -1.6196871e+00   4.4911240e-01  -1.6925951e+00   1.2185061e-01   9.6475214e-02   4.2097237e-01   2.0704257e+00   4.9530912e-01   3.7865881e-01   7.2536709e-01   1.0539876e+00  -7.1268426e-01  -4.5352050e-01   1.8169487e+00   2.0838612e+00  -9.9383464e-01
   2.0000000e+00   9.4828018e-01  -4.4687219e-02  -7.1700612e-01   2.3485946e-01   2.7207022e+00  -7.2588702e-01  -1.0806233e+00  -1.5194974e+00  -3.9694039e-01  -8.1718712e-01   1.1393666e-01  -1.8854083e+00   1.1592599e-02   4.0781324e-01   1.6212803e+00  -8.3911785e-01  -1.1346964e+00  -1.0117641e+00
   2.0000000e+00   1.0441704e+00   1.2610580e+00  -2.4411718e-01   8.9359737e-01  -4.0510204e-01  -2.4379157e+00  -2.6797574e-01  -1.1291212e+00   3.4496622e-01  -1.3495582e+00  -4.2514027e-01   1.2188704e-01   5.9025665e-02  -6.5155907e-01  -1.6807737e+00   1.1501804e-02  -4.1948207e-01  -2.1965997e-01
   2.0000000e+00   2.9864233e-01   1.5008435e+00   1.0089941e+00   6.9495597e-01  -3.3768680e-02  -1.2674444e+00   5.6854483e-01   9.3620725e-01  -2.2823821e-01   1.7876185e+00  -7.2228476e-01  -9.8464542e-01   3.0925495e-01   6.1394634e-01   2.7747894e-01   2.2724893e+00  -9.8063335e-01   1.3765375e+00
   2.0000000e+00   1.4696697e+00  -1.5259115e-01   6.4674439e-02  -1.3182229e+00   4.7759405e-03   1.0652137e-01   3.7167076e-02   2.0193718e+00  -7.8859819e-01  -1.5012509e+00  -1.0375598e+00  -3.8592648e-01   1.7593639e-01  -1.0763009e+00  -1.6598733e+00  -1.4391441e-01   2.3598753e-01   9.9436502e-01
   2.0000000e+00   2.4751772e-01   1.9819524e+00   1.0190526e+00   6.7059825e-01  -5.3842474e-01   2.7349284e-01  -7.5838306e-02   4.5895942e-01   6.0803085e-02  -2.5498406e-01  -6.5731993e-01   9.6203743e-01   9.1139157e-01   1.1252119e+00   9.4888575e-01   4.2659748e-01   7.1750995e-01   5.1632801e-01
   2.0000000e+00  -1.0532823e-01   5.4376556e-01   1.8165062e-01   7.6969765e-01   5.0834161e-01   1.3682069e-01  -2.0591023e+00   1.2124653e-01   1.1659588e+00  -7.7019331e-01   7.0189373e-01   1.4841445e+00   9.4868699e-01   1.0585831e-01   3.0436774e+00  -2.3376736e+00   2.9128876e-02   5.2294896e-01
   1.0000000e+00   4.1761934e-02   6.5778992e-02  -1.9583542e-01   4.1389014e-01  -2.3430748e+00   4.0797986e-01   7.5074709e-02   1.4000221e-01  -9.3536319e-01  -4.2586214e-01   2.6794513e-02  -9.0232255e-01  -8.0511397e-01  -1.1389432e+00  -1.3738760e+00  -5.3194681e-01   1.1942279e+00   1.6677472e-01
   2.0000000e+00   7.8629125e-02  -1.6550752e+00   4.0556259e-01   1.6408676e+00   6.5515179e-02  -3.7040076e-01   1.2117893e+00  -9.3885502e-01  -1.3000931e+00   4.3660110e-01  -9.9843871e-02  -6.9067484e-01   1.2438606e+00   1.2227341e+00  -2.1731182e+00   6.0614106e-01  -1.0195976e+00   3.9780903e-01
   2.0000000e+00  -4.1368464e-01   2.3977802e+00  -5.0202270e-01  -1.2209983e+00  -1.1624118e-01   3.4580085e-01   5.0805325e-01  -1.0316849e+00  -2.9552684e-01  -9.2539757e-01   2.7297627e-01   3.7931057e-01  -4.9560732e-01  -1.1313970e+00  -6.2959724e-01  -1.2153044e-01  -7.3332906e-01  -7.6671192e-02
   2.0000000e+00  -1.4091522e-01  -4.0508030e-01  -2.8954972e-01   5.7879802e-01  -1.1197249e+00   7.9243623e-01   4.1182354e-01  -2.0013286e+00   2.6078985e-01   1.3688187e+00   5.4779437e-01   4.6462591e-01  -9.7879452e-01  -8.0840188e-01   2.7422218e-01  -1.9368988e-02  -5.8015292e-01  -3.4935004e-02
   2.0000000e+00  -9.9633073e-02  -1.4350419e+00  -3.7530265e-01  -5.0410807e-01   1.1116396e+00   1.6224419e-01  -1.1135750e+00  -1.0601829e-01  -3.2228670e-01   4.0836402e-01  -6.2179021e-02   1.1095906e+00   5.3729855e-01  -5.9731487e-01   2.5872088e-01   2.1462719e-01  -5.4322737e-01  -7.0322449e-01
   2.0000000e+00  -1.2825191e+00  -4.5919988e-01  -1.0573470e+00  -1.2622751e+00  -9.4082464e-02   4.0170505e-01   4.3752266e-02   6.3704623e-01  -5.7459039e-01   2.1741524e+00   1.3315766e+00  -2.6375215e-01  -1.5394231e+00   7.4227058e-01   5.2003597e-01  -5.1950729e-01   3.5137173e-01   1.6012445e+00
   2.0000000e+00   4.6252444e-01  -7.1647139e-02   3.5503940e-01  -3.7627107e+00  -1.3013649e-01  -1.5146367e-01   1.6203287e-01  -9.3630491e-02  -1.9446976e+00  -9.2756836e-01   5.3875639e-01   8.4982830e-02  -2.3219201e-01  -1.0027269e-01   2.5307728e-01  -1.3776597e+00  -2.4081649e-01   2.0595234e-01
   2.0000000e+00   5.4791649e-01  -7.4721277e-01  -2.2032530e-01  -9.0217979e-01  -6.1872154e-01   1.0857064e+00   1.5225143e+00   1.7265694e+00   5.4739471e-01   4.5251059e-01   9.5518738e-01  -8.2959222e-01  -2.2846264e+00  -8.4210773e-01  -9.7944344e-01  -1.3975531e-01  -2.6694893e-01  -1.3780059e+00
   1.0000000e+00   1.0627268e+00   4.3459960e-01   2.3393147e+00   3.1663323e-01   1.7036608e+00  -4.8605743e-01  -4.2171115e-01   7.7025422e-02  -1.7731713e+00   4.2097965e-01  -9.6607491e-01  -1.4106044e+00  -1.6489355e+00   1.4541300e+00  -7.9824346e-01   1.4082730e+00   4.6594383e-01   2.6459837e-01
   1.0000000e+00  -2.1824292e+00   3.5901384e-01   1.4319295e+00  -6.9352300e-02  -4.0062558e-01  -9.4809018e-01   1.8522160e-01   2.3611081e-01   4.7069456e-01  -1.3224469e+00   1.2623741e+00   2.1762481e-01  -3.3644197e-01   4.7064274e-01  -1.5511902e-01  -5.0153398e-01   6.9759007e-01  -3.7609464e-01
   2.0000000e+00   1.6712945e+00  -7.3402941e-02   9.2401566e-01  -1.3612575e+00  -3.8042145e-01   1.8767566e+00  -1.5340700e+00  -1.0914407e+00  -1.0296991e+00  -2.9491180e-01   5.4310361e-01   3.1273583e-01   1.7950114e-01  -4.9716048e-01  -9.4275707e-01  -3.8317222e-01  -2.4624139e-01   7.3152177e-02
   2.0000000e+00   1.2414598e+00  -4.8845376e-01  -2.2227150e-01  -4.5401998e-01   1.6447550e+00  -2.5349677e-01  -1.7321935e-01   2.4079532e-01  -1.6403205e-01   4.6986333e-01  -3.9569675e-01  -8.6770385e-01   9.0814368e-01  -1.7398192e-01  -7.5476705e-01  -1.1932646e+00  -5.1639893e-01  -8.7660734e-01
   2.0000000e+00   1.1072768e-01  -3.0823641e-02   1.1851357e+00   9.4846036e-01  -1.1939107e+00  -2.9606130e-01   8.5081772e-01   4.0237254e-01   3.3923071e-01   1.4577378e+00  -7.8352543e-01   3.4383871e-01   7.5558400e-01  -6.0944331e-01  -2.2006727e-01  -6.6062730e-01   1.8739499e+00   1.2657450e+00
   2.0000000e+00  -8.3808835e-01  -2.7883652e-01   1.2442969e+00   5.2596679e-01  -3.7288907e-01   7.0457052e-01   1.3215750e+00  -7.7439223e-01  -3.0519988e-01  -2.1835691e+00  -1.5807179e-01  -1.6484973e+00  -1.3330798e+00  -1.2959632e+00  -2.2909823e+00  -5.8331758e-02  -2.0168856e+00  -1.1159847e+00
   2.0000000e+00  -1.3990819e+00  -2.5915443e-01   1.3996260e+00   7.8712343e-01   1.1381521e+00  -1.4935503e+00   7.4896761e-01   9.3365905e-01   4.1005245e-01   1.6533498e+00  -2.0445843e+00   4.5919229e-01  -2.5154372e-01   7.4462536e-01  -1.1968233e+00   1.5468235e+00  -1.4385251e+00  -6.3399172e-01
   2.0000000e+00   1.9844059e-01  -4.8985167e-01   2.5534080e-02  -6.5840884e-01   1.4554586e+00   1.0797716e+00   7.6941965e-02   3.5204234e-02   2.0441375e-01   5.4250613e-01  -7.1475460e-01   1.0754081e-01   9.4364247e-02  -1.8228761e+00  -1.3219253e+00  -2.6332586e-01   5.4948314e-01   1.7473440e-01
   2.0000000e+00   2.0577265e+00  -8.2240098e-01   2.9887824e-01   1.3079471e-01   1.4965578e+00  -3.5096581e-01  -9.6636306e-01   7.6241578e-01  -8.9793081e-01  -1.5278311e+00   1.1632144e+00   6.7012735e-01   3.5781860e-01   1.0200937e-01   3.1424266e-01  -4.0209146e-01  -6.0402159e-03  -1.9683998e-01
   2.0000000e+00  -4.2930153e-01  -9.0279661e-01   7.6948231e-01   2.1674705e+00  -4.6134296e-01   5.3187818e-01  -1.0734210e+00   4.3148183e-01   2.3770626e+00  -1.6075016e-01  -3.8968567e-01  -8.2406492e-02  -5.0324696e-01   1.4396738e+00   8.9950081e-02  -1.0518884e+00  -6.9352853e-02  -1.5259866e+00
   2.0000000e+00   7.6011019e-01   5.8532553e-02   1.5439346e-01   1.3698527e+00   2.9290519e-01   2.4198280e+00  -3.1276563e-01  -1.6195260e-01  -2.4706750e+00  -1.0448141e-02  -8.8792805e-01  -1.7177243e-01   1.6169772e-01   5.4621058e-01  -1.5125761e-01  -1.1259567e-01   1.1842482e+00  -6.9190677e-02
   2.0000000e+00   1.7186688e+00  -3.1153526e-01   6.8855858e-01   1.0883255e+00  -1.2633073e+00  -1.1397835e+00  -1.3999399e+00   1.1280866e+00  -5.6144952e-02  -1.5307060e+00   1.2768870e-01  -1.9368104e+00  -1.3221909e+00  -9.2283422e-01   4.1283378e-01   9.0447450e-01  -1.6258282e+00  -8.9567331e-01
   2.0000000e+00  -1.8291961e+00  -1.9236818e+00   7.7933382e-01  -2.5744151e-01  -9.9318746e-01  -1.8493502e-02   1.3270995e+00   7.9797821e-02  -3.2786356e-02   1.5927880e-01   5.4975969e-01  -1.4800768e-01   5.6663299e-02  -7.8380506e-01  -1.6529607e+00  -8.5849173e-01  -1.6265337e+00  -1.3091592e-03
   2.0000000e+00   9.4453753e-01  -5.0766099e-02   2.2415252e-01  -7.7786445e-01   7.5244101e-01  -2.2117832e+00   1.3370965e+00  -9.6917849e-01  -1.3357009e+00  -5.5893847e-01   9.5921145e-01  -2.4530914e-01  -2.4757618e+00  -3.5267642e-01   3.3112494e-02  -1.6659776e-01  -4.5045082e-01  -8.7141111e-01
   2.0000000e+00  -1.5085981e+00   2.9172524e-01  -1.1557165e+00  -7.3503661e-03  -8.6079128e-02  -2.4648636e+00  -2.5783416e-01  -8.5809696e-01   2.3747260e+00   7.1681746e-01   3.7848679e-01   8.2983764e-01   4.3540661e-01  -1.2340403e+00  -1.2352695e-01   6.9152654e-01  -1.7919007e-02   1.3683942e-01
   2.0000000e+00   1.2066270e+00  -3.2465762e-01  -1.6977654e+00  -7.6367793e-01  -1.1600485e+00  -1.1312161e+00   1.6107251e+00  -6.0912420e-01  -4.8524391e-01  -4.1187058e-01  -5.4250741e-01  -1.5179656e+00  -1.9280210e-01  -1.5915695e+00  -2.7398624e-02   3.8251698e-01  -2.6884553e-01   9.6217256e-01
   2.0000000e+00  -1.9474253e+00   1.1007735e+00   1.8853840e+00  -2.7998770e-03  -4.1285340e-01  -2.2740466e+00   8.5229567e-01   4.7785602e-01   6.5745400e-01   5.8902721e-01  -1.1062866e+00   3.3780252e-01   4.9275419e-01   3.5863863e-01   6.9260268e-02  -3.7292539e-01   7.8723537e-02   4.7828791e-02
   2.0000000e+00   5.2402273e-01  -1.4245384e+00   1.6076680e+00  -4.0426692e-01  -9.1142867e-01  -1.5323939e+00   8.3526956e-01   3.8078822e-01   1.4399108e+00   9.9019142e-02   3.1198116e-01  -8.1895489e-01   2.5993420e-01   1.0541355e+00  -4.6297192e-01  -3.7874642e-02  -1.4762598e+00   7.0484465e-01
   2.0000000e+00   9.4143073e-01  -1.7156220e+00  -6.0342968e-02  -9.0025993e-01  -2.1011757e-01  -8.8405854e-01   9.2404769e-01  -6.4686521e-01   4.0034187e-01  -1.2947694e+00  -1.0368196e+00   4.1438612e-01   9.8122800e-01   2.8380295e+00   2.5634105e-01   1.1633082e+00   7.8798585e-01  -7.1067085e-03
   2.0000000e+00   7.3225657e-01  -9.7093903e-01   2.0747220e+00  -7.6251317e-01   1.0208557e+00   4.4987901e-01  -1.2034681e-01  -1.5280028e+00   1.1687168e+00  -3.2462200e-01  -5.3021173e-01   1.4266466e-01   1.4330943e+00   4.0528249e-01  -1.0281455e+00  -2.7114662e-01  -5.0138337e-01   4.8392934e-01
   1.0000000e+00   7.0857130e-01   9.7491692e-01  -3.8071901e-01  -3.0266442e-01   7.2614802e-01  -6.3261761e-01   1.2188882e-01  -9.5361981e-01   3.1297214e-01  -5.2032651e-01  -1.7643746e-01   1.2575869e+00   1.0496161e+00   4.1719670e-01   1.6519069e+00  -4.5840218e-01   1.5497793e+00  -1.8355578e-01
   2.0000000e+00   1.3419216e+00  -5.3783362e-01  -5.2321330e-01   1.6368349e+00  -8.9267201e-01  -4.0298206e-01  -1.3099690e+00   1.8942713e-01   1.6162781e+00   1.9868273e-01   9.0263543e-01  -8.8278300e-01   8.3612105e-01  -4.8424255e-01   9.9048780e-01   1.9285114e-01   1.3759085e+00  -1.7463908e+00
   2.0000000e+00   5.0587816e-01   9.9994360e-01  -3.3590948e-01  -9.2225320e-01  -5.2009473e-02   1.4913186e-01   6.9015980e-01  -4.4074992e-01  -1.8671390e-01   1.1691526e-02  -6.8927552e-01  -9.3203539e-01  -6.2307119e-01   4.1439025e-01  -5.8384569e-01  -1.6386073e+00  -3.0301132e-01  -1.8941174e+00
   2.0000000e+00  -3.6451033e-01  -1.1303499e+00   1.0591314e+00  -1.1918302e+00  -6.7392726e-01   1.2823599e+00   6.8607517e-01   1.3936347e-01   4.7803025e-01   4.4143687e-01   8.3065553e-01  -8.0971859e-01  -4.9766239e-01  -2.5625910e-01  -2.4967030e+00  -1.6457933e-01  -1.4660250e-01   1.6120367e+00
   2.0000000e+00  -4.0574055e-01  -9.5274846e-01   5.5212760e-01  -2.9285363e-01  -7.1251854e-01   1.6205777e+00   5.8267973e-01  -9.2709537e-01   2.8786649e-01  -6.7554777e-01  -1.0684723e+00   7.5881736e-01   6.8856632e-01  -5.4423795e-01  -1.4161225e-01   5.1448876e-01   2.3599604e+00  -4.2681503e-01
   2.0000000e+00  -3.4059286e-01  -1.6125584e+00   5.6272210e-02  -5.0122766e-02   5.4169349e-01   1.1850706e+00   5.9846403e-01  -1.1142653e+00   9.5149783e-01   1.0599688e+00   3.9867066e-01  -3.0007097e-01  -1.3468459e+00  -9.3276148e-01   2.5512706e-01  -3.6302942e-01   1.5242988e-01  -1.2081215e+00
   2.0000000e+00   5.8280259e-01  -1.2499284e-01   4.8019650e-01   1.3007790e+00   1.7760442e-01   1.7973379e+00   8.2580249e-01   1.1038992e-01  -9.8802185e-01   9.1682512e-01  -4.2445879e-01   1.7941374e-02  -2.3169928e-01  -1.0630683e+00  -9.1221915e-01  -3.2946121e-01   5.9248878e-01  -2.1122224e+00
   2.0000000e+00  -2.5115010e-02   3.9904706e-01  -1.7899865e-01   2.3546861e+00   2.5714872e+00  -1.7843001e-02   1.6564108e+00  -9.4418361e-03  -2.0433742e+00   9.4766660e-01   5.4082324e-01   3.8755220e-01  -1.2529620e+00   1.4718180e+00   9.8354945e-01  -1.3307174e+00  -6.6781877e-01   1.2344255e+00
   2.0000000e+00   2.6736798e-01  -1.0382622e+00   1.2458525e-01  -5.8560791e-01  -5.6571722e-02   2.1540113e+00  -1.8735118e+00   1.5006259e-02   7.2329159e-02  -4.6524372e-01  -4.7714535e-01  -9.0403124e-01   1.0103443e+00  -2.2549254e+00  -5.5119292e-01  -2.9893677e-01  -9.2713051e-01   8.5998526e-01
   2.0000000e+00   8.6728975e-01   1.1180019e+00  -5.8600661e-01   1.6822228e+00  -1.2351742e+00  -5.8348877e-01   2.7007862e+00   2.7237001e-01  -1.7026969e-01  -6.8715557e-01   1.4082769e+00   5.0085127e-01   6.0583988e-01  -4.7944971e-01   9.5478971e-01  -6.6024008e-01  -3.5067405e-01   1.6187557e+00
   2.0000000e+00   8.2539575e-01  -2.8708742e-01  -4.5629285e-01  -2.6299444e+00   4.1296917e-01  -5.1155615e-01   3.2597554e-01   1.2817078e-01   9.2399486e-01  -5.9527928e-01   7.7494831e-01  -8.0747892e-01   1.5404125e+00   3.3492846e-01  -3.2036014e-01   3.8942298e-01  -3.0710417e-01  -9.0532820e-01
   2.0000000e+00  -1.4083913e+00   1.2046586e+00   5.3895948e-01  -7.9548361e-01   3.0412980e-01  -1.6468819e+00   2.1780623e-01   6.1771873e-01   1.8736070e+00   1.4212784e+00   1.4068775e+00  -8.5323772e-01  -1.2689705e+00   3.7012765e-01  -6.1024109e-01  -3.2770588e-01   4.2309635e-01   8.0697696e-01
   2.0000000e+00  -1.9340638e-01   1.2053069e+00  -8.0406547e-02  -1.8172425e-01  -3.4375345e-01  -8.4181481e-01   2.3486072e-01  -4.1665383e-01   8.7258641e-01  -1.6829701e+00  -3.4664075e-01  -7.6894450e-01  -6.7994201e-01   3.7490351e-01   7.5467172e-01   2.1961952e+00   5.6536459e-01   2.0102998e+00
   2.0000000e+00   6.7819331e-02  -6.3288165e-01  -1.5304880e-01  -1.1249391e+00   5.3945532e-01  -7.5739529e-02   7.5449800e-01  -1.2190778e+00  -1.8167500e+00  -7.5345488e-01  -6.1396312e-01   1.8086211e+00   1.1820474e+00   9.6973283e-01   6.3703654e-01   8.0636636e-01  -9.9745883e-01  -6.1496714e-02
   2.0000000e+00  -1.1752495e+00   2.3139012e-01  -9.1003767e-01  -2.6059430e+00  -8.9426698e-01   1.3691873e+00  -1.3641091e+00   9.7764445e-01  -8.6047896e-01  -8.0581489e-01   3.9147146e-01  -1.1378161e-01  -4.8586681e-01   9.9673373e-01  -8.1056551e-01   4.6672599e-01  -6.9210689e-01  -1.9023794e+00
   2.0000000e+00   6.2536651e-01  -1.6759259e-01  -3.3894756e-01   3.8795870e-02   1.5432802e+00  -1.3231067e+00  -2.3528028e+00  -1.0856126e+00  -1.2837664e+00   4.0282979e-01  -7.7002885e-04  -4.7411239e-01  -2.2621354e-01  -1.0367491e-01   5.9510789e-01   1.4175897e+00  -4.8065837e-01  -9.0332637e-01
   2.0000000e+00  -1.1917180e+00   1.7734650e+00  -9.7242300e-01  -1.6986871e-01  -2.4122052e+00   5.1680460e-01   9.1037496e-01   3.8905051e-01  -4.3223746e-03   1.8305671e+00  -1.1394553e+00   7.0038876e-01  -5.4921986e-01   2.4326840e+00   7.5426565e-01  -1.6071210e-01  -1.9906232e-01  -3.3049467e-02
   2.0000000e+00  -1.2893158e+00   1.3994788e+00  -7.4089980e-01   6.5196237e-01   5.0810892e-01   1.9807931e+00  -9.9054316e-02  -1.3064464e+00   9.1980643e-01   3.5515320e-01   7.7240605e-02  -5.9056768e-01  -6.3614648e-01  -3.9763681e-01  -1.6871255e-01  -1.3590146e+00  -9.7473320e-01  -8.4278645e-01
   2.0000000e+00   8.7129284e-01  -4.9477511e-01   7.4397504e-01  -4.5645250e-01  -7.4066462e-01   1.4673762e+00  -7.9739343e-01  -1.5041356e+00   2.3589348e-01   1.2254025e-01  -1.0952400e+00   9.7160892e-01  -1.0695416e-01   9.8992816e-03  -7.6854952e-01  -6.7487410e-01   1.0339986e+00  -2.2305429e+00
   2.0000000e+00  -2.0313245e-02  -1.3999028e+00  -1.2230635e+00  -1.4230798e-01   7.0149975e-01  -3.6115789e-01  -5.9351219e-01  -7.5493202e-01  -1.9624720e-01  -1.2379054e+00  -2.7775624e-01   8.1538588e-01   1.2665459e+00   1.4370436e+00   1.3266963e+00   1.1529423e+00  -1.0953027e+00  -6.0768917e-01
   2.0000000e+00   3.1763961e-01   1.6177134e-01   3.1055067e-01  -1.8538929e-01   1.6268269e+00   1.3953230e+00  -1.6761707e+00  -1.6054660e-01   2.4258119e-01   2.3031633e+00  -3.2033142e-02  -3.0220624e-01   1.2929847e-01   1.1354443e+00  -5.9467035e-01   7.8209830e-01  -2.2124626e-02   5.6385735e-02
   2.0000000e+00   9.9661186e-02  -4.8515080e-01  -4.7850547e-01   3.7054813e-01  -2.1182525e+00  -8.0471911e-01   2.4664458e-02   8.7893006e-01  -5.7572237e-01  -5.7141176e-01   1.3007807e+00  -1.2335139e+00   6.0325640e-01   1.1624293e-01  -1.4584670e+00  -6.9905027e-01  -4.9681196e-01   5.5665679e-01
   2.0000000e+00   8.0014045e-01  -1.3251972e+00  -8.4104071e-01  -3.5763277e-01  -1.1643312e+00   1.8384725e+00  -6.7319789e-02   2.5415904e+00   5.8951436e-01  -1.4532712e-01  -1.0439406e+00  -6.8372232e-01   8.1454133e-01   1.2397183e+00  -1.4429927e+00  -3.1251378e-02   1.7854496e+00  -1.2520760e+00
   2.0000000e+00  -1.0529341e+00  -1.6664075e-01   2.5034141e-01  -7.3284537e-01   1.2188133e-01  -9.4649857e-02   1.9246440e+00   8.3137488e-01  -2.3476257e+00   1.3823217e-01  -6.4694828e-01  -1.3235064e+00   4.6256030e-01  -4.8924339e-01  -1.3198772e+00  -1.7858056e+00  -8.5377742e-01   1.0130172e+00
   2.0000000e+00   4.8093018e-01  -3.8647965e-01   3.9741865e-01   1.4953954e+00   5.4285499e-01   6.1702365e-01   1.6051932e+00  -4.5599353e-01   5.0725853e-03   4.9121140e-01  -5.5730091e-01   1.1361220e-01   2.6350894e-01   3.5490907e-01  -6.7915733e-01   1.1555415e-01  -7.9207316e-01  -4.9997811e-01
   2.0000000e+00  -1.1759599e+00   7.3089128e-01  -2.5459554e-01   1.8029581e+00   1.0831145e+00  -3.2735260e-01   2.2118699e+00  -9.4791878e-01  -2.6626250e+00   1.4593615e+00  -4.0272614e-01   7.2054734e-01   2.1614649e-01   7.5479332e-01   1.5970820e+00  -2.8869836e-01  -7.2966880e-03  -9.2665873e-02
   2.0000000e+00   6.5889199e-01  -2.4581644e-01  -1.2412819e+00  -1.5767252e-01  -3.6711506e-01   1.1314565e-01  -1.0739358e-01  -3.4535432e-01   9.9449333e-01   6.5709155e-01   3.1905949e-01  -1.0736477e+00  -1.7969700e+00   1.5633123e+00   4.2153784e-01   4.1321195e-01  -1.9893148e-01   1.1866261e+00
   1.0000000e+00   1.8824669e+00   2.1537757e-01  -1.1789901e+00  -1.1539353e-01  -4.0192455e-01  -1.0472411e+00  -4.1322897e-02  -7.3463326e-01  -5.5893981e-01   1.6608137e+00  -7.8916754e-01  -7.5758816e-01  -2.2710775e+00   1.1591270e+00   8.1324092e-01  -5.3070232e-01   2.9228234e-02   9.0301939e-01
   2.0000000e+00   5.7275308e-01   1.2201127e+00  -1.7104301e+00   1.5085235e+00  -1.5876083e+00  -3.8580186e-01  -1.4287417e-01  -1.4310439e+00   8.6903179e-02   6.7330477e-01  -1.5929304e-01  -1.9594419e-01  -2.3408047e-01  -1.0702665e+00   2.3901615e-01   5.8740625e-01   2.6763808e-01   7.6032134e-01
   1.0000000e+00  -7.9531895e-01   7.9613079e-02  -1.1428717e+00  -1.0746260e+00  -1.4926225e+00   1.7889457e-01   6.6651979e-01   1.9114024e+00  -1.1559031e+00  -7.5460991e-01   1.6545922e+00   1.0892089e+00   2.4844981e+00   4.3167944e-01   7.2962573e-01  -1.9662568e-01  -1.6249509e+00   1.6118201e-01
   2.0000000e+00  -4.9034602e-01  -8.3945883e-01   2.3857510e-01   8.3636867e-01  -1.7118341e+00  -1.0890545e-01   1.4136139e+00   8.8986462e-01  -1.3410374e+00  -1.7762860e-01   3.7424846e-01   1.5521364e-01  -1.7434069e+00  -2.5368768e-02  -3.3312187e-01  -8.2757588e-01  -8.0442140e-01  -1.1940365e+00
   1.0000000e+00   1.8742386e+00   6.9215512e-03  -1.0483064e+00  -2.0320899e-01   5.5885732e-01   4.3845056e-01   1.5009638e-01  -8.9695967e-01  -9.5826256e-01   7.1794743e-01  -1.6833367e+00   7.3243741e-01   6.9918541e-01  -2.7842973e-01   7.1164630e-01   6.6646149e-01   5.2615051e-01  -1.2506921e-01
   2.0000000e+00  -2.0612148e+00   4.7898026e-01   2.2915191e-01  -9.0417896e-02   1.2662256e+00  -2.3411956e-01  -1.8272811e+00  -1.8263440e+00  -3.4412291e-01  -5.8878766e-01   2.8239064e-01  -6.2934424e-01  -1.4935288e+00   1.0094829e+00  -4.8425272e-01   9.8853441e-01   4.9135451e-01   1.1221694e-01
   2.0000000e+00  -8.7231209e-01  -4.4457559e-02  -6.2530430e-01  -1.0024772e+00  -1.9553459e-01   1.6347314e+00   6.7414669e-02   3.7872851e-01  -1.1773931e+00   1.3168647e-01   6.1934605e-01   1.4801951e+00  -4.6507273e-03  -4.5046393e-01   2.2770343e+00  -1.2476664e+00  -1.8250614e-01   1.3175513e+00
   2.0000000e+00  -7.5781838e-01  -5.8402426e-02   3.3534598e+00   4.1060150e-01   1.7057004e+00   7.0046883e-01  -5.1949385e-01   2.7606063e-01  -4.2343807e-01  -5.6041979e-01  -1.7184677e+00   7.9405673e-02  -9.6277213e-01  -1.3249618e+00   2.8173619e-01   9.0799721e-02  -7.5048915e-01   4.1277654e-01
   2.0000000e+00   1.1272777e+00   6.0147054e-02   1.6931391e-01  -1.7010529e+00  -9.3082392e-01   9.3815780e-01  -1.4341785e+00   2.3667678e+00   7.4808545e-01   2.7711583e-01  -7.1060119e-02  -1.0147542e+00   9.0592661e-01   3.2486598e-01  -1.5534086e+00  -9.8657884e-01   7.9032592e-01   1.0886993e+00
   2.0000000e+00   6.4761915e-01  -1.4414311e-01  -1.0846610e+00   2.5515555e-01  -3.7209705e-01  -6.5892451e-01  -3.5994639e-01  -2.8999561e-01  -1.0359983e+00   3.0969907e-01   1.8346416e+00  -3.3278386e-01   4.0897836e-02  -1.5131269e-01   1.2437283e+00  -6.0412944e-02   1.8933530e-01  -5.8760472e-01
   2.0000000e+00  -1.6977674e+00  -5.7398010e-01  -3.9030796e-01  -4.2108107e-01   2.8349211e-01   1.7915092e+00   1.8299411e+00   1.3735428e+00  -1.4850387e+00  -1.0273159e+00  -9.2667098e-01  -6.4109282e-01   9.2007325e-01   4.5763618e-01   7.7828820e-01  -6.2332486e-01  -7.9917877e-01  -6.5477041e-01
   2.0000000e+00   1.1019029e+00   1.0047570e+00   1.1944402e+00  -1.7167021e+00  -4.5739483e-03   1.0288851e+00   4.2039627e-01   1.3573970e+00   3.7550639e-01   9.1731228e-01  -1.6995007e+00  -3.7617401e-01  -1.5230774e+00  -2.6669304e-01  -1.4360526e+00  -1.4266640e+00  -5.6486856e-01   5.8112742e-01
   2.0000000e+00   6.8112459e-02   4.1641996e-01   1.3047507e+00  -2.0716051e-01  -5.4989839e-01  -1.2619569e+00  -1.7806548e+00  -2.5434333e+00   7.4644541e-01   2.0985041e-01   5.9580538e-01  -7.4035105e-01   1.8332509e+00   6.2920993e-01  -7.5378215e-01   1.9135878e+00  -1.6472055e+00  -5.0627211e-02
   2.0000000e+00   8.9905842e-01  -4.1255668e-02  -1.5604212e+00  -8.8155572e-01  -1.6002552e-01  -5.5609111e-01  -2.8339810e+00   7.1084157e-01   1.3052010e+00  -7.4485631e-01  -6.5212869e-01  -1.4406770e+00   1.4115459e-01   2.7440450e-01   8.5140926e-01   1.1236665e-01  -1.3113410e+00  -3.0689474e-01
   2.0000000e+00  -8.2031727e-01   5.1856767e-01  -1.3413213e+00  -1.3669922e-01  -9.3998271e-01   1.6749526e+00   1.2951404e+00  -1.1142703e+00   2.4186280e-01  -3.9944143e-01  -1.3048434e+00  -7.1097073e-02   7.5432394e-01   1.3128144e+00  -3.3585678e-01   5.4442902e-01  -4.2092992e-01  -1.8595812e-01
   2.0000000e+00  -3.4470914e-01   1.8043380e+00   1.9852154e-01   7.1788179e-01   1.2790885e+00   1.3318158e+00  -1.0213410e-01  -5.5568469e-01  -6.0979210e-01   1.4730278e+00  -9.8399529e-01   2.1410047e+00  -3.1941349e-01   1.6745490e+00   5.6913416e-01   4.9737853e-01  -3.1566877e-01  -2.1954612e-01
   1.0000000e+00   7.0707829e-01   2.9012851e-01   2.3348653e+00  -1.0353102e+00  -4.7472124e-01  -1.0339334e+00   4.2246066e-01   6.5927299e-01  -2.1357657e-02   1.0188403e+00  -6.5848280e-01  -1.6917550e-01  -1.3674093e+00   3.4169209e-01  -6.8251821e-01   1.2152556e+00  -2.6140569e+00   4.8148135e-01
   2.0000000e+00  -1.7172815e+00  -1.1008715e+00  -5.2861055e-01  -3.7129141e-01  -1.1051710e+00   2.2385338e-02  -1.7656217e-02  -6.3106724e-02   1.9183908e-01   1.0528102e+00   1.3544097e+00   3.6098259e-01   6.7521938e-01  -4.1155667e-01   6.7887065e-02   1.6603403e+00   1.8607328e+00  -1.4391983e+00
   2.0000000e+00   4.7063630e-01  -5.2587755e-01   1.7913999e+00  -1.9680215e+00  -1.2188532e+00   2.6298174e-01   4.6261362e-01  -1.4773771e+00   2.1677117e+00  -2.6639457e-01  -7.4773987e-01   1.2882108e+00   5.3525854e-01  -9.3562632e-02  -1.0512273e+00  -1.0723384e+00   1.9340425e-01   5.6503093e-01
   2.0000000e+00  -1.5252284e+00   2.1073141e+00   1.4352291e-01  -6.4956139e-01   2.3973119e-02  -1.8118646e+00  -2.5363137e+00  -2.1165283e+00  -7.8576181e-01   4.7971429e-01   1.2265540e+00  -3.9358235e-01  -3.5060166e-01   1.5140498e+00   7.4946770e-02  -1.4973996e+00   9.2800287e-01   4.2266211e-02
   2.0000000e+00   6.3451704e-01  -2.6826153e-01   1.8691211e-01   1.0032569e-01   8.8605782e-01   2.4558972e-01  -1.0224709e+00   3.7512694e-01   1.3015308e+00   3.6327557e-01   1.4167110e+00   8.0124697e-01  -1.8013232e+00   2.7584861e+00  -1.4233501e+00  -7.3719094e-01   2.9681189e+00   1.4570390e-01
   2.0000000e+00  -3.7219375e-01  -1.0762524e+00  -1.9931256e-02  -9.7424555e-01   7.9792750e-01   1.9821785e+00  -6.5741056e-01  -5.1786382e-01   1.5344858e+00   1.0272879e+00   8.8880114e-01  -5.3129793e-01   1.7880358e+00   6.5748244e-01   4.7922525e-01  -5.3996292e-03   1.2502904e+00  -2.3932077e+00
   2.0000000e+00  -1.9014663e-01   1.4432510e+00   1.0992164e+00  -7.5601399e-01   5.2016510e-01  -2.4117457e-02   4.7986356e-01   2.5433596e-01  -1.1449944e+00  -1.9702376e+00  -5.2152242e-01  -1.0300483e+00   2.2013966e-01  -7.5441599e-01  -9.7394528e-01   1.2686989e+00   6.9610106e-01  -6.2553458e-01
   2.0000000e+00   1.4260253e+00  -2.1864304e-01   1.0809327e+00   8.3168155e-01  -3.2909279e-01   1.4973389e+00   1.6979171e+00  -6.8763173e-01   6.2384585e-01   9.4903800e-01  -8.9146141e-01  -7.5885986e-01   4.7883820e-01  -1.3777367e+00   7.2264264e-01   9.8444773e-02  -6.9964579e-01   1.1941535e+00
   1.0000000e+00  -1.3395453e+00   7.3560878e-01  -9.5098757e-01  -2.7650518e-01  -1.6732963e+00  -1.9974680e-01  -2.5462199e-02  -2.5075302e+00  -5.5401100e-01  -7.4506207e-01  -1.2862228e+00  -8.6879078e-01   9.4960366e-01   2.1549645e-01  -1.6017441e+00  -3.2717221e-02   1.0363262e+00  -1.3826174e+00
   2.0000000e+00   6.0792607e-01  -3.4221902e-01   8.5213643e-01   4.9247968e-01   5.6385300e-01   6.9945890e-02  -1.3345910e+00  -6.8548377e-01   4.3298401e-02  -1.5608750e+00   1.2599579e+00  -1.3296220e+00   2.1774379e+00   1.3594356e+00  -5.8297858e-01   4.4964961e-01  -1.8286786e+00  -2.7450624e+00
   2.0000000e+00  -1.0578856e+00  -2.6139088e-01   2.3354558e-02  -6.2919071e-01   2.7898681e-01   1.0354131e+00   1.1366181e+00  -3.6346495e-01   4.7557512e-01   2.7641625e-01   3.6711017e-02   1.0287833e+00   6.9671666e-01  -4.2336348e-01   6.1985332e-01   3.7647730e-01  -1.3797654e+00   4.0771235e-01
   2.0000000e+00  -4.5871156e-01  -1.1395004e+00   3.1487417e-01   3.3997064e-02  -8.9353996e-01   9.6485200e-01   1.8801180e+00  -6.8099199e-01   3.4984403e-01  -6.9431218e-01   4.9354152e-01  -3.0677263e-01   6.3085992e-01   6.5786333e-01  -5.6291127e-01  -1.5295858e+00   1.5081830e+00   1.7960925e-01
   2.0000000e+00  -8.2051178e-01  -5.6761093e-01  -6.1416352e-02   9.7547001e-01   1.5032995e+00   1.4641767e+00   4.3779439e-01  -1.9460765e-01  -3.3423224e-01   1.0846302e+00  -4.5569837e-01   1.4541514e+00   1.0456125e+00   1.1454420e+00  -4.2854995e-02  -1.6824829e-01   5.0394468e-02   7.3283186e-01
   2.0000000e+00   1.9265527e-02   9.0137377e-01  -1.4280845e-01  -4.0094667e-01  -5.4426489e-01  -3.3587456e-03   7.9455158e-01  -1.9907035e+00  -1.4913984e+00  -1.5689036e+00  -1.0370775e+00   1.1392718e+00   1.4836669e+00   1.3902183e+00  -1.4320107e+00   1.3287478e+00   1.3149324e-01   1.0085625e+00
   2.0000000e+00  -1.0955452e-01   9.0761389e-01   1.3750947e+00   1.2693358e+00   4.8563744e-01   4.7915164e-01   1.0525292e+00  -5.7532214e-01   1.1270455e-02  -6.1082682e-01  -7.0789784e-01   1.3707966e+00   9.4540097e-01  -1.8062032e-01  -6.7784498e-01  -7.3110863e-01   3.2622235e-01  -1.6088259e-01
   2.0000000e+00   2.9259193e-01   2.1010494e+00  -1.3448681e+00  -2.9568991e-01   2.2301636e-01  -1.0179570e+00  -7.6891252e-01   1.3734016e+00   1.7540111e+00   7.2339541e-01  -2.6587951e+00  -6.3866296e-01   2.7053326e-01   7.5657328e-01   2.5531364e+00  -3.8020634e-01   3.6125276e-01   4.6728127e-02
   2.0000000e+00   6.2790527e-01   1.0714193e+00   1.0496284e+00  -1.8208165e-01   1.4550591e+00  -8.6141562e-01   1.2427170e-01  -3.0414818e-01  -1.2177550e+00   1.0815673e+00   1.3311433e+00   1.6250205e+00   2.9260219e-01  -2.6432081e-01   1.5567660e-01   5.2132899e-01  -4.8943279e-01   1.9121477e+00
   2.0000000e+00  -3.2769702e-01  -8.4023289e-01   4.7550969e-01  -8.7475361e-01  -4.0726285e-01   1.3168692e+00   2.3266562e+00  -1.6895688e-02   4.7010662e-01   1.3360183e+00  -1.1945787e+00  -1.9107791e-01  -3.0991734e-02   3.6789149e-01  -2.1157350e-01   4.4398743e-01   5.2054636e-01   1.1987220e+00
   2.0000000e+00   5.9481384e-01  -1.6162365e-01  -8.0576918e-01   1.1378237e+00   1.5898927e+00   7.6910529e-01  -6.1373232e-01  -3.0823684e-01   1.1223656e+00   4.9572177e-01  -2.0303673e+00  -1.1308768e+00  -2.9682999e-01  -2.0646842e-01  -1.1759312e+00   7.6852560e-01   1.1595671e+00  -1.0829181e+00
   2.0000000e+00   1.0147072e+00   9.4570225e-01   8.5731965e-01   2.1541573e-01   1.4861663e+00  -1.9636555e-02   3.6107042e-01   3.7357470e-01  -1.7670403e+00  -5.2170855e-01  -3.6751888e-01  -7.1855864e-01  -2.6347161e-01   3.5330695e-01   6.0973368e-01  -2.0761074e+00  -2.9957527e-01   1.6317634e+00
   1.0000000e+00   1.2269675e-01   4.3548159e-01   1.9244578e+00  -6.6730031e-02  -4.6975701e-01  -1.8172625e+00  -3.6062669e-01   6.4109690e-01  -7.2777129e-01  -2.9083286e-01  -3.4220378e-01   9.1932224e-01   1.0731475e+00   9.0406876e-01  -6.3700057e-01   1.0807696e+00  -1.1726653e+00  -5.9061995e-02
   2.0000000e+00  -1.0725437e+00  -6.4246873e-01   1.0922484e+00  -1.6801827e+00   3.5347276e-01  -2.3241838e-01  -9.9476086e-01  -1.2951685e+00   7.3884069e-01  -2.3522129e-01   1.1956461e+00   2.0392214e+00   4.8766121e-01  -2.6044328e-01  -8.1569458e-01  -2.9681021e-03  -6.5690660e-01  -6.5111174e-02
   1.0000000e+00  -1.8880902e-01   5.1203451e-01  -6.1386364e-01   1.4554950e+00   2.1573604e-01   3.4330268e-01  -4.9116630e-02   4.2723581e-01  -6.0241353e-01   9.9269144e-03   4.3002002e-01  -8.3715853e-01  -6.6231864e-01  -3.1743180e-01   5.1548087e-01   1.9859905e+00   1.3538943e+00   2.4951329e+00
   2.0000000e+00  -2.3049180e-01  -7.8420383e-01  -8.0480827e-01  -1.1914724e+00  -2.0916303e-01   1.1429832e+00  -1.1153108e-01   4.2601092e-01   6.5425797e-01   3.3807027e-01   1.8526175e+00   3.6336089e-01  -4.9075686e-01   1.0671478e+00   1.9406926e+00   4.8890481e-01   2.6480632e-01  -5.1983127e-01
   2.0000000e+00  -1.6363530e+00   2.2821437e+00  -9.0934444e-02  -5.8464997e-01   8.2237653e-01   9.6900560e-01  -2.1562011e+00  -4.2789833e-01  -1.5326505e-01   8.5887330e-01  -9.1221497e-01   1.4040255e+00   1.6797916e+00  -1.6921730e+00   3.6069259e-01  -1.9404811e+00  -4.5150797e-01  -1.3122061e-01
   2.0000000e+00  -7.3461734e-01  -1.2024404e+00  -3.3513649e-01  -1.4274041e+00   9.4357722e-01  -5.6884492e-02  -1.1415327e-01   6.0678446e-01   8.8367610e-01  -4.4390502e-01  -2.9848996e-01   7.1125801e-01   6.0377018e-01  -6.4468927e-01   1.2304250e+00  -1.2249656e+00  -1.2308618e+00   7.7687074e-01
   2.0000000e+00   3.5209604e-01  -5.3429900e-01  -7.1888553e-01   8.8601028e-01  -1.5130480e-01   4.3719136e-01   8.1408520e-02   8.9490487e-01   1.0368845e+00   1.0362080e-01   1.9321157e-01   6.4478223e-01   3.7666394e-01  -1.2681274e-01  -5.7566164e-01   1.1855535e+00   7.1725469e-01  -7.3618365e-01
   2.0000000e+00  -1.2342215e+00  -1.2393826e+00   6.0825913e-02  -2.7332133e-01   2.0269585e-01  -7.3062932e-01   1.5494820e+00  -1.8141074e-01   1.8435901e+00  -2.0596044e+00   1.0601499e+00  -6.5902416e-01  -2.4504084e-01  -7.2404073e-02   5.8817601e-01   6.5248987e-01   1.3740394e+00   1.5434185e-02
   1.0000000e+00  -1.0478318e+00   4.2239807e-01  -2.0294537e+00  -9.9355801e-01   1.1120890e+00  -7.9070707e-01  -1.0392674e-01   7.6264778e-01  -3.8725077e-01   8.8932736e-02   1.0207002e+00  -1.8668483e-01  -1.3874638e+00   3.4705161e-01  -1.4580987e+00   9.7164924e-02  -1.1833272e+00   9.7511060e-01
   2.0000000e+00   7.4992892e-02   2.2891226e+00   1.1827816e+00   1.9851713e+00   6.4054787e-01  -1.2795417e+00  -2.0448323e+00  -1.5145854e+00  -9.3907816e-01  -1.5073614e+00  -6.6807614e-01   6.7831850e-01   8.1163757e-01  -6.0956545e-01   8.0726761e-01   1.9849616e+00  -1.6558037e+00   1.3221537e+00
   2.0000000e+00  -7.2811485e-01  -2.0723010e-02   7.7560073e-01  -8.7615650e-02  -1.4018546e+00  -2.5980008e-01  -1.8630377e-01  -5.2041712e-01  -6.1619739e-01   4.9176444e-01   4.8114844e-01  -5.2901027e-01   6.1124224e-01   4.3529290e-02  -1.0530761e+00   7.0795458e-01  -1.4326299e-01   7.3328155e-01
   1.0000000e+00   5.6912515e-01   4.5099572e-01   2.4409544e-02   8.5086571e-01   4.9514443e-01  -1.1886245e+00  -5.6782763e-01   6.0830840e-01   8.2792195e-01  -9.4131322e-01   4.8694165e-01  -1.1365354e-01   7.3293085e-01  -8.3420992e-01   2.2185690e-01  -2.2707838e-01  -2.2204598e-01  -7.6737729e-01
   1.0000000e+00  -2.2605919e+00   7.1141814e-01   9.5824558e-01  -1.1762073e+00  -6.1515891e-01   1.4077386e+00  -6.3668640e-01  -7.2108697e-01  -1.9893540e-01  -5.0230988e-01   1.3053012e+00   1.1203485e+00  -5.7872990e-01   1.0389604e+00   9.2435463e-01   1.7809356e-01   2.7907016e-01   1.8912437e-01
   1.0000000e+00  -8.8703042e-01   4.1532119e-01   8.5327580e-01  -8.5530246e-01  -1.7303616e+00  -1.6027865e-01  -2.4526128e-01   1.5401386e-01   5.4067137e-01  -1.8073855e+00  -3.2376580e-01  -5.3978279e-02  -9.5064781e-01  -2.9209006e-02  -1.6427087e-01  -3.0289041e-01   2.0461085e-01   1.2057573e+00
   2.0000000e+00   3.3439531e-01  -1.0113189e+00   5.4638490e-01  -1.5333079e+00  -2.3898845e+00  -8.3212006e-01  -5.8203588e-01  -3.0264303e-01   4.3300548e-01  -8.1968777e-01  -4.8929377e-01  -8.1891714e-01  -5.6542880e-02   1.0467967e-02  -1.5570246e-01  -1.0048410e+00   9.4322476e-01  -8.2439785e-01
   1.0000000e+00  -3.1147420e-01   7.3445075e-02   2.7887370e-01  -1.3941499e+00   2.2351656e-01  -9.5929665e-01   9.9066388e-01  -8.8194230e-01  -1.6875774e+00  -5.4613395e-02  -5.5303127e-01  -1.7452693e+00   6.3600645e-01   1.9636060e-01   2.5312250e-01  -2.1247251e-01  -1.2806858e-01  -5.8727731e-01
   2.0000000e+00  -1.1310073e+00  -9.9007116e-01  -2.7414456e-01  -1.1506537e+00   1.0594404e+00  -5.5760892e-01   1.3882001e+00   1.2925520e+00  -8.0625208e-01   1.8644648e-02   1.2316187e+00   1.4637925e+00  -2.3648683e+00  -1.1852110e+00  -5.3269351e-01   6.1989097e-01  -9.1067510e-01   6.7670821e-02
   2.0000000e+00   8.3328693e-02   9.9930606e-01   4.0780516e-01  -1.3722276e+00   2.1147337e+00  -9.9386173e-01   6.8141986e-01   1.8726641e-01  -6.8615919e-01  -8.5606287e-02   4.5173242e-01   3.3610715e-01  -1.1450938e+00  -1.8496158e+00  -6.6543128e-01   7.2366754e-02   9.5697555e-01  -5.6372107e-01
   2.0000000e+00   3.7492651e-01  -1.3615637e+00   4.3129665e-02  -1.2715565e+00   4.4111009e-02  -3.7250767e-01   1.2140199e+00  -4.6732986e-01   4.7700990e-01   9.3692562e-04  -1.9642996e+00  -7.5158174e-01   4.3982460e-01  -4.6590644e-02  -3.7831977e-01  -1.5669901e+00  -1.1380745e+00   1.1955603e-01
   2.0000000e+00   5.3530689e-01   7.3644485e-03  -5.4422482e-01   1.0509051e+00  -1.0017789e+00  -1.1252660e+00  -1.2306017e+00   1.0543723e+00  -6.1854334e-01   8.0248963e-01  -1.4713079e-01  -3.3470078e-01  -1.0630526e+00   8.2767183e-01  -1.3021031e+00   6.6079992e-01  -1.1111049e+00   6.8229720e-02
   2.0000000e+00   3.2636153e-01  -6.7667567e-01  -2.0398790e+00  -1.9365430e-02   3.9821029e-01   3.9621014e-01  -6.8616751e-01  -3.4855213e-01   3.4762052e-01  -2.2704026e-01  -1.9699217e-01  -9.0033025e-01  -1.0754271e+00   1.0288479e+00  -1.4788287e+00   5.7811149e-01  -1.3128347e+00   9.1595086e-01
   2.0000000e+00   3.6286122e-01   2.4066533e-03  -2.1255767e+00   2.1021698e-01  -1.6387077e+00  -3.9188336e-01  -1.2384019e+00   7.1178207e-01   5.6739488e-01   1.7591301e+00   7.2165609e-01   3.5376307e-01   1.9891501e-01  -8.1709452e-01  -2.3925254e-01   4.7135816e-02   4.3603079e-01  -3.9218478e-01
   2.0000000e+00   1.1252029e+00  -1.2562852e+00  -1.9786363e-01   1.1512712e-01  -8.2151879e-01  -7.1960541e-01  -2.4215911e-01   1.2413229e+00  -8.1550583e-01   3.1260068e-01   3.0943675e-01  -5.6254942e-01   1.9062979e+00   9.3345663e-01  -7.1902214e-01   1.4243947e+00  -2.1833730e-01   3.6478871e-01
   2.0000000e+00  -1.0855189e-01  -2.5555145e-01   7.3816515e-01  -1.6112979e-02   1.7299689e+00  -9.3527382e-01   6.4095261e-01  -1.7098113e+00  -1.0835049e+00  -2.0545257e+00   5.0471584e-01  -1.0036606e+00   9.9608674e-02  -3.8574856e-01   1.2377497e+00  -1.4121424e-01  -8.0022376e-01  -2.3505099e-01
   1.0000000e+00  -8.2610053e-01   7.4616169e-01  -1.1697520e+00  -7.6714470e-01  -5.6332575e-01   4.4849358e-01  -6.5278244e-01   4.2242272e-01   2.8271358e-01  -4.4649017e-01   6.8550040e-01   1.5041026e-01  -8.5832589e-01  -1.5827426e+00   1.2563741e-01  -9.6578081e-02   9.8502155e-01  -5.4034045e-01
   2.0000000e+00  -3.1643802e-01   3.1985564e+00  -1.1398415e+00   7.6151651e-01   2.5248416e-01   8.1143939e-01   8.1561292e-04   3.1087772e-01   7.8605906e-01  -5.0419753e-01   4.2615203e-03   1.1298109e+00   1.5131444e+00   1.3765182e+00   9.8656013e-01  -1.0656981e-01   3.3330801e-01  -4.6846760e-01
   2.0000000e+00  -1.0644312e+00  -5.0640741e-01  -1.4600364e+00  -2.2741364e+00   5.7551872e-02   6.7578240e-02  -1.5935058e+00   1.8682484e+00  -6.9324379e-01  -2.5944943e-01   9.3455412e-01  -9.4704288e-01  -6.1479381e-01  -1.1472997e+00   2.4070084e-01  -2.0994351e+00   6.5231464e-01  -9.0055562e-02
   2.0000000e+00   2.7028676e-01   8.6171668e-01  -2.8080432e-01   7.6257343e-01   9.1182444e-01  -1.4982258e+00  -7.4537534e-01  -1.2341403e+00   1.2045119e-01   5.4820911e-01   3.4085632e-01   3.0915073e-01   8.9397764e-01  -9.6538735e-02  -1.2630381e-01   1.2907136e-01   3.8115146e-01  -1.1576533e-02
   2.0000000e+00  -8.6898004e-02   1.5449549e+00  -8.2743219e-01  -5.7194856e-01   6.0682939e-01   6.0399054e-01  -1.8998461e-01   1.2320202e-01   1.2824438e+00   1.6794093e+00   2.5154043e-01   1.0283239e+00   8.2214178e-01   4.9867485e-01   4.7260736e-01   7.4772263e-01  -1.2198890e+00  -1.1046244e+00
   1.0000000e+00  -5.7364286e-01   2.2674902e-01  -4.0860938e-01  -1.8785596e+00  -7.4353326e-01   1.1877292e+00  -4.9095120e-01   9.8099384e-01  -9.7454815e-01  -1.6076495e+00   3.6538897e-01  -2.5918618e-01  -2.1126675e+00  -3.6275933e-01   5.5047883e-01  -1.2060836e+00   5.7014057e-01  -5.2426868e-01
   2.0000000e+00   1.7850750e-01  -4.2239238e-02  -1.5534082e+00  -2.5529447e+00  -6.7997439e-01   7.1648815e-01   6.3506243e-01  -8.5582089e-02   4.6179592e-01  -4.7389473e-01   6.6568381e-01   5.2849382e-01   3.6225206e-01   1.2413922e+00  -4.7839923e-01  -2.4760843e-01   1.1034912e+00  -4.1211386e-01
   2.0000000e+00  -1.1336187e+00  -8.4150843e-01  -1.1268934e-01   1.0662814e-01  -6.4544217e-01   5.8299485e-01  -3.4380297e-01   2.5586559e-01  -1.6719360e+00   2.3310766e-01  -8.3904064e-01  -2.1005543e+00  -1.3328272e+00   1.1731090e+00  -1.2089791e-01   2.1606982e-01  -1.4556005e+00   1.5629901e+00
   2.0000000e+00  -7.7508158e-01  -1.0753786e+00   9.0231341e-01  -4.3924704e-01  -6.8490109e-01  -1.5629090e+00   2.9685035e-01  -3.9296672e-01   5.7470783e-01   2.3720593e-01  -1.0707205e+00  -3.7179204e-01   9.0025509e-02  -1.1915402e+00   2.6919077e-01   9.4841861e-02  -2.9253589e-01  -7.6766099e-01
   2.0000000e+00   8.0435806e-01  -1.0232975e+00   2.4648306e-01  -6.5146256e-02  -8.1780999e-01  -9.9326634e-01  -6.1956757e-01  -1.9014283e+00   6.5403412e-01  -7.1893048e-01   9.1956751e-01  -1.0412588e+00   1.9038562e+00   1.1736481e-01   1.4569227e+00  -2.9007353e-01  -3.1048833e-01   1.6629430e+00
   2.0000000e+00   2.4664179e-01  -4.0301567e-01  -1.1138158e+00  -4.7035070e-01  -1.7905870e-01   5.2251864e-01  -7.3791260e-01  -9.9359655e-03   6.5783169e-01   1.1339016e+00   1.7482203e+00   8.8590226e-01  -1.4766818e+00  -4.0344924e-01   5.7494992e-01  -9.8837231e-01  -1.9906236e+00  -8.8335263e-01
   2.0000000e+00   1.8504145e+00   1.3862316e+00   7.6640314e-01  -5.8504884e-02  -9.4480695e-01   2.3411157e-01   7.2156054e-01   8.7120542e-01   1.3767223e+00   2.1410922e-01   6.3939998e-01   6.4341574e-01   9.6474441e-01  -1.0469840e+00   7.6209866e-01  -5.2896378e-01  -6.4530687e-01   7.6648493e-01
   2.0000000e+00  -1.0415228e+00  -4.5677750e-01   8.1253277e-01   1.1907141e+00   1.2461923e+00   1.7490417e+00  -1.8047302e-01   3.2443016e-02   3.8768831e-02   4.3263155e-01  -1.7819202e+00  -8.2773680e-01  -1.3379909e+00  -1.5027559e+00   2.0571022e-01  -1.3615738e+00  -3.6520229e-01   7.3805047e-01
   2.0000000e+00  -1.5722253e-01   1.2078542e+00   6.4589200e-01  -1.1016705e+00   5.9217231e-01   9.2427194e-01  -4.0395492e-01  -2.5142858e-01  -2.5867271e+00   4.1864182e-01   1.4858753e-01  -1.0185901e+00  -1.0269343e+00  -2.4138058e-01   5.1216755e-01   8.2705703e-01   7.4119461e-01  -3.5825138e-01
   2.0000000e+00   1.4764978e+00  -2.4984340e-01  -1.6576492e-01  -1.1483001e+00   1.6266555e+00   1.1365590e-01   1.7780777e+00   6.9828893e-01  -1.7944159e+00  -2.1182177e-01  -4.6996342e-01   1.1986927e+00   9.0785566e-01  -8.8892944e-01  -1.6853667e+00   8.3403298e-02  -1.2963778e+00   6.1236822e-01
   2.0000000e+00   8.6802802e-01  -7.7448427e-02  -1.0882223e+00   8.1239704e-01  -1.6415628e+00   1.9612443e+00   7.1667824e-01   6.0985987e-01   8.3953961e-01   2.6416817e+00  -1.1426299e+00   1.7583577e+00   7.0635993e-01  -1.6459982e+00  -8.2596651e-01  -4.8587973e-01   3.1509931e-01  -4.4717663e-01
   1.0000000e+00   1.6934913e+00   8.1084855e-01   3.7520850e-02  -2.8519970e-01  -1.0854130e+00   4.1673598e-01  -4.0239716e-01   8.3515617e-01   6.6379375e-01   2.3011420e+00  -1.2324068e+00  -7.0029766e-01   7.9817222e-01  -4.8917228e-02  -6.0906027e-01  -9.1433396e-01  -2.3291014e-02   5.1017250e-01
   2.0000000e+00   1.4971848e+00  -1.5531045e-01   1.9525809e+00  -7.9715198e-01  -1.8069602e+00   8.1910928e-01   6.0166837e-01  -4.4128404e-01   3.9863312e-01   2.2761047e+00  -1.0782603e+00  -2.3240650e-01   1.8802815e-01   4.5141191e-01   2.6856032e-01  -5.1603939e-01  -1.4170044e+00   8.3691293e-01
   1.0000000e+00  -5.8528183e-01   5.6218990e-02   1.3582108e+00   2.4146725e-01   2.8102046e+00   1.3950798e+00   2.8429949e-01   4.4790010e-01  -2.4184896e+00   6.7714059e-01   1.0959932e+00   1.1132941e+00  -1.8491062e+00   2.1591699e+00   1.0416733e+00   5.5532137e-01   4.8156706e-01  -7.1605290e-02
   1.0000000e+00  -1.6406229e+00   9.7756872e-01  -1.8771674e-01   1.4895720e+00   4.1939581e-01  -4.2958611e-01   1.6742315e-01   2.0037895e-01  -1.1351220e+00  -1.4265267e+00  -6.9526035e-01   1.6195069e+00  -4.4571299e-03   1.5197642e+00   5.8052096e-01   6.4826646e-01  -5.9929754e-01  -1.6634842e-01
   2.0000000e+00  -1.0286904e+00  -6.4601421e-01  -1.0731368e+00   5.7386007e-01  -6.3218240e-01   1.5115493e-01   1.0279547e+00   6.5843552e-01  -7.5869574e-01   1.7280812e+00   2.0952582e+00   1.5912199e+00  -8.6654275e-01   1.4523524e-01   8.3773388e-01   6.4490439e-01  -1.2438702e+00   1.0056018e+00
   2.0000000e+00  -1.0749025e+00  -2.9678123e-01   1.0031061e+00  -8.5745245e-01   1.4139725e+00   1.1884337e+00   4.8205421e-01  -5.0879955e-01  -1.6157026e+00  -6.9200927e-01  -4.0928437e-01  -1.0285408e-01   1.0566978e-01  -3.4271051e-01   4.2790505e-01  -7.2039812e-01   1.3197246e+00   1.6372631e+00
   2.0000000e+00  -1.5102277e+00   3.8728358e-01  -7.0722567e-01  -1.6274555e+00   2.0320624e+00   1.2889564e+00  -1.0986531e+00   1.2582962e+00  -8.5027010e-01  -1.2460370e+00  -1.9406346e-01  -2.6089121e-01  -3.3376797e-01  -1.3963812e+00   1.0315157e+00  -1.0218639e-01   8.7871728e-01   1.8861727e+00
   2.0000000e+00   1.4462138e+00   1.4068488e-02   4.5700763e-02   1.7716877e-01  -8.9960957e-01   4.0290083e-01   1.2801985e+00  -1.2111018e+00  -1.6088405e-01   1.3932649e+00  -3.2249791e-01  -1.4984532e+00   1.7062252e-01  -1.6571097e-01   3.9439224e-01  -1.5119787e+00  -3.9123549e-01   2.1107398e-01
   2.0000000e+00  -2.9938673e-02  -1.2211184e+00  -1.4930402e+00  -3.4231544e-02  -5.6538282e-02  -9.0996464e-01   7.3768164e-01   2.2988630e-01   1.4970093e+00   5.1313468e-01  -3.9026007e-01   5.8790705e-01   2.2079021e-02   1.9083623e+00  -1.7883184e-01  -7.7267963e-01   2.1239444e+00  -1.9039832e+00
   2.0000000e+00  -9.2084657e-03   2.6489154e+00  -1.8933894e+00   1.7682597e+00  -8.9741059e-02  -5.6753239e-01   3.5558514e-01   5.3103421e-01  -7.4610862e-01  -2.2351181e-01   1.6723143e-01  -9.7878931e-01   1.0445612e+00  -9.5089519e-01  -5.1228864e-01   9.2177506e-01   1.4482312e+00  -1.5597083e-01
   2.0000000e+00  -7.1455690e-01  -3.3839514e-01   1.1934950e+00   5.7232156e-01   1.6935942e+00  -2.6602879e-01  -1.3002427e+00  -5.0474610e-01  -5.0205434e-01   5.8827666e-01  -6.4905851e-01   9.4786128e-01   1.0835837e+00  -1.2650657e+00   1.0903520e+00  -8.0763342e-01   5.0870619e-02   1.3254921e-01
   1.0000000e+00   2.3549466e-01   1.6939840e-02  -1.6706796e+00   4.4056971e-01  -1.0881378e+00  -9.1079204e-02   7.4441367e-01   1.2692801e+00  -1.3198160e+00  -4.9530829e-01  -5.0922038e-01   5.1179142e-01  -1.2169289e-02  -1.4889756e+00   3.2893487e-01   1.9098864e-01  -9.5216597e-01   1.0968697e+00
   2.0000000e+00  -6.1828272e-01  -3.8567212e-01   6.8075360e-01   1.2705603e-01   1.9008277e+00   6.4877805e-02  -1.2646986e+00   4.5446050e-01  -2.0289838e+00   9.2058208e-01   1.6455221e+00   4.1672192e-01   1.3050899e+00   2.1379146e-01   8.7833627e-02  -3.4036916e-02  -4.3033151e-01   1.0718120e+00
   2.0000000e+00  -9.3707206e-01   6.6593983e-02   1.7705573e-01  -2.4019685e-02   1.9042129e-01  -6.1564792e-01   1.0539200e+00   2.7037344e-01  -3.2940651e-01  -8.0702229e-01   7.4781249e-01  -1.7084071e-01  -4.3301218e-01   1.4701095e+00   2.9544949e-01   1.3038109e-01   2.3995238e-01  -3.7445533e-01
   1.0000000e+00   2.8896670e-01   3.1073899e-01  -1.4485703e+00   4.4313484e-01  -2.0244151e-01  -1.3299859e+00   8.1041287e-01   2.0510440e-01  -1.4671041e+00   1.7666039e+00   8.6693168e-02  -1.7374046e+00   4.4011682e-01   4.8098950e-01  -1.2378898e+00   3.1914855e-01  -1.0808075e-01  -1.8776855e+00
   2.0000000e+00   1.9638428e-01  -7.1258186e-01   2.9101264e+00  -1.4619640e+00   9.1388579e-01  -5.5189761e-01  -1.1337869e+00   9.1955223e-01   4.8757405e-01   4.4968706e-01  -4.1237575e-01  -3.6415016e-01  -9.3682910e-01   2.7680292e-01   6.6693785e-01  -6.5536995e-01  -5.4061446e-01   1.4038920e+00
   2.0000000e+00  -7.3960483e-01   9.4575409e-01   8.5479486e-01   1.8806862e-01  -1.1387784e+00   1.9520771e+00   1.2963897e+00   1.1609389e+00   6.6573017e-01   7.5971498e-01  -9.7368129e-01   2.6062675e-01   5.6656349e-02  -1.9191069e+00  -2.0734330e-01  -9.9761526e-02  -1.0506653e+00  -8.2255015e-01
   2.0000000e+00  -5.5216846e-01   5.0154073e-02  -1.1830144e+00  -9.0256698e-01  -1.4962985e+00  -1.4554704e-01  -1.9913445e+00   8.4458131e-01   1.8359755e-01   6.9555038e-01  -1.0588794e+00  -6.4458076e-01   5.5923834e-01  -1.5132967e+00  -4.8337049e-01  -1.4025668e-01   3.6833482e-01  -3.7153659e-01
   2.0000000e+00  -7.5781375e-01  -1.9510653e+00  -1.5980115e+00   2.9471640e-01  -1.9963995e+00   2.9499269e-01  -1.5308852e+00   1.5676252e+00   6.8846163e-01  -7.3434025e-01  -1.5850127e+00  -1.1760822e-02   1.2004781e+00  -9.0838185e-01  -1.1675331e+00  -5.0803040e-01  -5.4039332e-01  -1.2347793e+00
   2.0000000e+00   7.9817492e-01  -7.1840379e-02   3.6482473e-01  -5.1889410e-01  -3.9419525e-01   2.7043078e+00   1.6586324e+00  -2.4907666e-01   1.3464930e+00  -9.4185812e-01   5.7838580e-02   6.3341750e-01  -4.7885746e-02   1.1610982e+00   2.7579311e-01  -2.0655704e-01   9.0058427e-01   6.6466106e-01
   1.0000000e+00   4.4856805e-01   7.2099576e-01   6.5232529e-01  -1.0391753e+00   7.4403808e-01  -4.0166466e-01   1.5741073e-03   1.7988287e+00   1.2646979e+00   1.0444805e+00   6.1786923e-01  -1.0166783e-02  -9.7684249e-01  -6.5766470e-02  -6.1634963e-01  -1.5571357e+00  -8.2309221e-02   1.5838613e+00
   2.0000000e+00  -8.4183471e-01   1.0735255e+00   2.1299298e-01  -2.1949782e+00   5.2379457e-01  -1.2989304e+00   5.3378797e-01  -1.9326294e+00  -1.8619064e+00  -1.0916359e+00  -1.9227010e-01   1.9560022e+00   2.3425026e+00  -1.5363124e+00   2.5629239e-01  -1.2081473e-01   4.7820725e-01  -7.8225045e-01
   1.0000000e+00   8.4910420e-01   3.2203425e-01   3.8898304e-01  -9.5347471e-02   2.1459794e+00  -1.7458597e-02  -1.0582447e-01  -1.8424977e+00   2.1540715e+00  -5.9644541e-01   7.9877211e-01   6.5382627e-01   9.9571733e-01   5.0494103e-01  -7.7633658e-02  -2.6722245e-01  -1.2676166e+00  -1.1371747e+00
   2.0000000e+00   3.9045547e-01   1.0287309e+00  -1.1663961e+00   6.5523081e-01  -1.0441640e+00   1.1915764e+00  -4.0077480e-01   8.4642281e-01  -2.1584046e+00  -2.1794078e+00   1.2219602e+00   7.0433475e-02   1.2121229e+00   9.4756011e-01  -4.9236546e-01  -4.5253263e-01  -7.5984586e-01   2.5835050e+00
   2.0000000e+00  -6.2510877e-02  -3.3872455e-01  -4.5446737e-01  -6.1744371e-01  -2.3132791e-01   1.1328481e+00   7.1162235e-01   3.9742163e-01   4.7589106e-01  -1.5203386e+00   1.4281305e+00  -1.1610630e+00  -5.0396104e-01  -2.1284351e-01  -3.3645180e-01   2.1862969e+00  -1.1126581e+00  -5.8991937e-01
   2.0000000e+00  -4.8928703e-01  -2.4167567e-02  -1.2641496e+00  -9.4724823e-01   4.1896526e-01  -1.0203932e+00  -4.1408967e-01   2.0173181e+00   1.8228058e+00  -1.7917768e+00   1.0227376e-01   3.8161013e-01  -1.0842843e+00  -2.1982321e-01   2.9466208e-01  -2.0534051e-01  -6.8413926e-01   7.9171364e-01
   2.0000000e+00   2.3686690e+00  -2.8022225e-01   4.3360810e-01   1.9492529e+00  -1.8285999e-01   9.4841182e-01  -1.0191324e+00  -1.6436593e+00   1.5124767e+00   2.6870102e-01  -8.7889182e-01  -1.0413974e+00  -4.6851140e-01  -4.1397811e-01  -1.9191826e-01  -2.0401510e+00  -3.2459442e-01  -9.2287874e-01
   2.0000000e+00   1.3482700e+00  -1.5510400e+00   5.1294725e-01  -1.4226435e+00  -6.7838299e-01   4.3743896e-01   2.5469932e-01  -1.0808148e+00   1.0570723e+00  -2.0978164e+00   1.8755919e+00   1.1159863e+00   1.5295411e+00   9.2179334e-01   3.4219672e-03   6.0829357e-01  -7.6552644e-01   2.9781972e-02
   2.0000000e+00  -7.0219525e-01  -1.5376829e+00   1.0564378e-01   6.5184777e-01  -6.9315342e-01   2.7309421e+00  -1.0881834e+00  -2.6896924e+00  -1.8288444e-01   1.1751471e+00   7.2395294e-01   1.5108988e+00  -7.5349781e-01   1.8769917e-01  -7.9965507e-01  -1.6863846e-01   9.8507891e-01  -1.3976287e+00
   2.0000000e+00   6.4153558e-01  -1.0277926e+00   1.6460668e+00   4.8863126e-02  -5.5569937e-01  -5.7170553e-01   2.1246250e+00  -5.9565857e-01  -7.7951414e-01  -1.3646446e+00  -1.0473853e+00   2.3081837e-02  -1.2522395e+00  -3.9201966e-01  -1.0260008e+00  -5.7906550e-01  -1.5985059e+00  -5.2867684e-01
   2.0000000e+00   1.7948236e-01  -3.8784972e-01   1.7087795e+00  -2.2417566e-01  -1.1941710e+00   2.1316714e+00   1.0207534e+00  -1.4181641e+00  -4.9110444e-02  -1.8335169e+00  -6.3477400e-01  -7.1933332e-01  -3.1558543e-01  -1.1700449e+00   1.8809126e-01  -3.1361716e-01  -6.9480716e-01   9.4366982e-01
   2.0000000e+00  -6.0269551e-02   1.1197588e+00   2.6125257e-01   1.4671257e+00  -9.4285937e-01  -2.2912267e+00  -1.3184171e-01   1.9739811e+00   3.9533644e-01  -1.4300008e+00   2.7274159e-01   1.6571964e+00  -1.6870206e-01   6.4004348e-01  -1.0178083e+00   1.2062651e+00   6.4973993e-01   1.0800931e+00
   1.0000000e+00  -1.6713603e+00   6.5610693e-01   1.1080328e+00   1.0645622e+00  -8.1302622e-01   1.1623241e+00   6.4981755e-02  -6.0455947e-01   3.2040902e-01   4.5941293e-01   7.5630445e-01  -7.8834642e-01   7.8043360e-02  -9.3466057e-01  -1.6005539e+00  -1.4375240e-01   2.5587728e-01   7.1736597e-01
   2.0000000e+00   5.1105863e-01   1.3305817e+00  -1.0556155e+00  -1.2866264e+00   9.9682114e-02   9.8022411e-02   2.1817442e-01  -2.4242817e-01   5.8535501e-01  -1.4006878e+00  -1.3744017e-01  -3.2215425e-01  -1.0680268e+00   8.4046090e-01   1.1889555e+00   2.6763879e-01   1.3845597e+00   1.2742522e+00
   2.0000000e+00   4.2968834e-01  -9.2095929e-01  -3.8351994e-01  -9.1478920e-01  -5.3033545e-01   1.0359938e-01  -1.6028611e+00   8.0338173e-01  -1.2476939e+00   1.0694377e+00  -3.2405552e-01   3.8766725e-01   5.1873979e-02   5.2601070e-01  -4.3709556e-01  -1.1428890e+00  -1.0487984e+00  -8.5038666e-01
   2.0000000e+00  -2.1675838e+00   2.0348907e+00   6.1695932e-01  -2.3429981e-01  -9.0468840e-01   5.6251038e-01   4.9146054e-01  -5.5698878e-01   5.0745949e-01  -1.0330025e+00   7.9553699e-01  -6.4231173e-01  -3.7699842e-01   2.2785791e-02  -1.7915301e+00   7.6329071e-01  -4.4426744e-01   2.2827485e-01
   1.0000000e+00   1.9502464e+00   3.2085652e-01   3.4644096e-01   3.4523608e-01   1.3846815e-01  -1.8211470e-01  -5.5792304e-01   1.7792970e+00   7.4309152e-01  -6.4392789e-01   1.7290383e+00   5.4273472e-01   6.6617728e-01   4.6846171e-02  -6.2864570e-01   1.0734419e+00   4.5697199e-01   2.4825371e-01
   2.0000000e+00   3.3279387e-01   1.6361889e+00   2.3355315e+00   1.9824767e-01   1.3214034e-02   1.9353114e+00   1.7448764e+00  -6.4713327e-01   7.9761417e-02   7.7581192e-01  -7.7440979e-01  -4.5584281e-02  -2.5024463e-01   1.4220058e+00   1.4715636e+00   2.0339205e+00   3.6790277e-01  -8.0211824e-02
   2.0000000e+00   7.9424271e-01  -1.0431359e+00   2.6551338e+00   1.5973966e-01  -8.2724247e-01  -6.3750020e-01   1.9207900e+00   4.0222738e-02   3.1069164e-01  -2.3282146e-01  -1.0653193e+00  -1.2984482e+00   1.6978722e+00   1.1631278e+00   1.2060622e-01   6.3002206e-01  -6.5653371e-01  -1.7564634e-01
   2.0000000e+00   2.7112866e-01  -1.1331455e+00  -3.7816846e-01  -2.4522273e-01   6.9057248e-01  -8.5066246e-02   6.1818360e-01  -1.5436382e+00   8.4478633e-01   2.9540099e+00  -8.2814004e-01   5.7836097e-01   1.5776756e+00  -1.0166802e+00  -1.0791281e-01   3.2989335e-01   1.5256984e+00  -9.8388980e-01
   2.0000000e+00   1.3273507e+00  -1.2393737e+00   1.1449749e+00  -9.6399572e-01  -1.1100068e+00   2.1659025e-01   2.5011314e-01   7.1085887e-01   2.9634775e-01   4.4409294e-01  -1.1345049e+00  -4.1900117e-01   2.4451873e+00  -4.4718661e-01   6.3200834e-01  -9.1232847e-02  -4.3272047e-01  -1.0885011e-01
   2.0000000e+00   1.4164125e-01   1.4553964e+00  -1.2840703e+00   5.9740058e-01   2.8400315e+00  -1.3076581e+00  -1.7020480e+00  -1.2082548e+00  -6.7438533e-01  -1.1476950e+00  -7.8465065e-01  -1.3350408e-01   8.7649478e-01  -6.6415528e-01   3.2669859e-01  -1.2467490e+00   2.8018983e-01  -7.7266824e-01
   2.0000000e+00  -1.3191065e+00  -7.3305880e-01   1.8028810e-01  -4.3635456e-01  -1.1836878e+00  -1.8094702e+00   2.2972088e-01   2.5782471e+00  -7.8524866e-01  -1.3833191e+00  -3.4627430e-01   6.7731468e-01   1.6183904e-01   1.8171888e+00   7.1735489e-01  -1.6239370e+00  -8.2120192e-01  -1.5124023e+00
   1.0000000e+00   2.2539297e+00   3.6205644e-01   9.8842707e-01   1.2793342e+00  -3.3417341e-01   1.3714174e+00   5.1914950e-01   5.0226832e-01  -3.1783466e-01   5.6345451e-01  -3.6678748e-01  -5.2884039e-01   1.8455461e-01  -1.6271549e+00  -1.3791923e+00  -1.5615144e+00   3.4827474e-01   1.1687467e+00
   2.0000000e+00  -1.1721295e+00  -4.5079885e-01  -1.2415517e+00   6.9506286e-01   3.7019713e-01  -1.2927555e+00   2.9255806e-01   3.4251486e-01  -9.7154593e-01   1.9020427e+00  -9.9900041e-02   4.2332941e-01  -2.1326903e-01  -1.2982304e+00   1.0663469e+00   1.4975676e-01   5.9766531e-01  -4.3168275e-01
   2.0000000e+00   3.3613673e-01   7.9140729e-01  -1.5893422e+00   1.9119206e-01   3.7471797e-01  -1.4290597e+00   6.1731594e-01   2.1466902e-01  -6.5653315e-01  -1.9510700e+00   5.1694828e-01  -9.1556966e-01   1.0335759e+00  -5.9567956e-01  -1.0029168e+00  -6.5200671e-01  -1.7599391e-02  -2.0070453e-01
   2.0000000e+00  -1.0756640e+00  -1.8477969e+00   1.5739409e+00   1.7730724e+00   1.6130909e+00  -1.4941617e-01   1.9013996e-01  -5.0979914e-01  -4.6812548e-01   3.5853632e-01   9.3578941e-01   7.7398442e-01  -5.8890194e-01  -5.3956884e-01   6.6086976e-01   1.9474561e+00  -2.5707061e+00   1.0773321e+00
   2.0000000e+00   2.3404673e-01  -1.8421053e-01  -1.4114759e+00   1.6807488e+00   2.9016951e-01  -1.3945955e-02   4.0813148e-02  -7.8540417e-01   5.8318155e-01  -4.8357634e-01  -1.7586978e+00   5.2770249e-01   6.7636548e-01  -4.0530917e-01   3.0913096e-01  -1.1135827e-01  -9.0635638e-01  -8.2835540e-01
   2.0000000e+00  -1.9456906e+00   5.6245910e-02   2.0680829e-01  -3.6683136e-01  -8.9148129e-01  -2.2298782e+00   2.2160770e+00  -1.4214362e-01  -1.0296888e+00   9.2634546e-01  -5.8829516e-01  -2.9746571e-01   6.6986238e-01   2.5477857e+00  -6.2087334e-01  -2.9719054e-01   2.8725719e-01  -4.5487756e-01
   1.0000000e+00   6.0601904e-01   4.0727295e-01   5.6903305e-01  -2.2726451e-01  -6.4223242e-01  -9.3747193e-01  -5.6116249e-01  -2.5966660e-01  -1.9424924e+00  -1.0351485e+00   7.1331810e-01  -2.0045220e+00  -1.0457495e+00  -2.6701645e-01  -8.5543794e-01  -1.1744224e+00  -1.8502917e-01  -1.9608587e+00
   2.0000000e+00  -3.5330322e-01   1.5831948e+00  -1.5825466e+00   1.0406756e+00   1.7849909e+00  -5.3227478e-01   4.1281597e-01   7.4056932e-01   3.3527361e-01   8.2246238e-01   6.8321556e-01  -6.4861312e-01  -1.1769259e+00   1.2185281e+00  -8.4327101e-01  -7.6113765e-01  -1.4675696e+00   8.3722254e-02
   2.0000000e+00   2.9606736e-01  -1.8104278e+00  -1.2600283e+00   9.6022636e-02   3.9039605e-01   1.2677414e+00  -4.9049057e-01   7.0515543e-01  -3.3512606e-01   1.0179010e+00   1.2241804e+00   1.0540989e+00  -5.7999749e-01  -1.0775230e+00  -1.6268936e+00   9.7768803e-02  -3.6451403e-01  -7.6064200e-01
   2.0000000e+00   2.8594385e-01   1.7616891e+00  -1.3627006e+00  -5.1259280e-02  -6.2924341e-01   1.7246165e+00  -1.0452277e+00   4.5250826e-01   4.3391626e-01  -7.1271293e-01  -7.8727045e-01  -2.3222836e-01   2.2144432e+00  -1.1263904e+00   6.1429460e-01   9.1002269e-01   1.2097525e+00   1.0068394e+00
   2.0000000e+00  -4.6547606e-01   1.2227478e-01  -8.9048675e-01   1.8811774e+00   6.1685974e-01   2.4453801e-01  -1.8361216e+00   1.4724727e+00   1.1244330e+00   1.2241037e+00  -1.0865378e+00  -3.1525186e-01   3.5663498e-01   1.1027340e+00   7.1318830e-01  -1.4885425e+00  -4.7279404e-02  -7.8054431e-02
   2.0000000e+00   1.4368362e+00  -5.8433451e-01  -7.4609961e-01  -2.7102512e-01  -1.3889934e+00  -4.3668088e-01  -2.8600023e-01   1.5304573e+00  -8.3384959e-03   7.4029808e-01   2.6454295e-01   7.9900998e-01   6.1887135e-01   4.9403918e-01  -1.3652127e-01   1.5278934e+00  -2.3182647e-01  -8.5113473e-01
   2.0000000e+00  -3.2976119e-01   1.9118920e+00   4.1951262e-01   7.6734150e-01   1.4853031e+00  -5.1199133e-01   6.1912742e-01   4.4586121e-01   2.0186991e-01   2.0133278e-01   1.2985756e-01   2.7190185e-01  -1.2052302e+00  -2.2891201e-01   2.4680671e-01   1.0501986e+00  -5.2985139e-01   1.9765130e-01
   1.0000000e+00   8.7676074e-02   1.1732561e-01  -3.8026575e-01  -1.2455467e+00   1.7898134e+00  -2.3415361e-01  -7.3063083e-01  -2.1828718e-01  -1.9732140e+00   6.8230925e-01  -1.0436373e+00  -7.7784891e-01   7.1590584e-01   1.6521383e+00  -9.0277184e-01  -6.4838721e-01  -1.7770495e-02  -3.4059190e-01
   2.0000000e+00   2.0051519e+00   6.0238854e-01  -1.0261308e-01   2.0300333e+00  -1.6683329e-01  -6.6553946e-01  -8.6086957e-01   4.1413808e-01   1.2358879e+00  -3.3590645e-01   2.2417834e+00   1.8469985e-01   6.8352510e-01  -5.2117057e-01   8.2900333e-01  -1.5635891e+00  -6.0173529e-02   1.8438457e+00
   1.0000000e+00   3.5165527e-01   9.7379840e-02   1.4533762e-01  -1.1856210e+00  -1.1179677e+00  -1.0979257e+00  -7.0039978e-01  -5.7164447e-01   6.5782132e-01  -8.0948801e-01  -1.2253145e+00  -5.1687292e-01  -5.9990571e-01   1.4317209e+00   1.2004030e+00  -7.6098886e-01  -1.6146262e+00   6.8482860e-01
   2.0000000e+00   1.0179912e+00   4.9008984e-01  -1.1609436e-01  -1.7996268e-01   1.2111742e+00  -4.6929857e-01   9.0443793e-01   1.5647817e+00   7.1723245e-01   7.4107301e-02   5.0771261e-01  -8.4485985e-01  -1.6837472e+00  -1.2225173e+00  -3.6902115e-01  -2.5577171e-01  -1.0378178e+00   2.9490317e+00
   2.0000000e+00  -1.4183109e+00  -1.8756772e+00   3.4570823e-01   8.5766898e-01   1.5504523e+00   1.3713182e+00   1.5397419e+00  -1.5100091e+00   8.2039630e-01  -4.1293071e-01   5.9084482e-01  -1.3840208e+00  -8.4272515e-01  -1.7778402e+00   5.8515149e-02  -1.1540363e+00  -1.0159534e-01   8.9205994e-01
   2.0000000e+00   1.1496378e+00   8.2117144e-01   4.0559576e-01  -5.9135170e-01   1.2124543e+00  -1.0195897e+00  -1.0738575e+00  -8.4679845e-01   9.6697297e-01  -5.5522174e-01  -4.8914416e-01  -3.2547201e-01   3.7171435e-01   5.8888215e-01   5.0375318e-01   3.7487187e-01   1.0623399e-01   2.5389210e-01
   1.0000000e+00   1.2991128e+00   4.5690082e-01  -1.4507998e+00   9.0663818e-01   1.0107784e+00  -9.3754802e-01   7.6627807e-01  -1.3225962e-01   2.3557116e+00   8.0733553e-01   2.3320096e+00  -1.0185364e-01   2.9036594e-01  -5.6172334e-01   8.2730849e-01   8.7612573e-01   3.0312000e-01  -1.0445929e+00
   2.0000000e+00  -7.1471963e-01  -1.1819960e+00   1.6263727e+00  -8.7301538e-03   2.6343965e-01  -2.8636806e-01   6.0061070e-01  -3.5725601e-02  -1.0931837e+00  -4.1761221e-01  -1.6601269e+00  -6.0426241e-01   1.7340903e+00   5.2436046e-01  -7.1326465e-01   9.5047885e-01  -3.6056008e-01  -4.1295484e-01
   1.0000000e+00  -2.2097657e+00   3.3544515e-01  -1.0153358e+00   1.0960704e+00  -4.3397059e-01   6.9391999e-01   9.1193869e-01  -9.4157926e-01  -1.5046862e-01   5.2596681e-01  -6.0590966e-01   8.0204220e-01   2.2515895e-01   3.4685406e-01  -5.5082814e-01  -9.1409266e-01  -7.1930712e-01  -1.7483904e+00
   2.0000000e+00  -1.1150806e+00   1.0236312e+00  -1.2530576e-01   9.4261604e-01   3.4942371e-01  -1.0153168e+00   7.5392289e-02   1.0736137e+00  -9.5644010e-01  -1.1990824e+00  -1.3762561e-02  -1.1972416e+00   7.6300494e-01  -1.4367715e+00   5.4070139e-01   2.6993555e-01  -7.8286495e-01  -9.2813836e-01
   1.0000000e+00  -9.2797589e-01   1.1001495e-01   5.9971992e-01  -1.9589713e+00   1.4720891e+00   4.9775316e-01  -3.2690606e-01   5.8063003e-01  -7.3437802e-01   2.4666686e+00  -1.4231529e-01   3.9809674e-01   1.8696876e+00   1.3601842e-01   2.0722160e-01   2.3602698e-01   3.2607792e-01   6.8519985e-01
   1.0000000e+00   1.2910077e+00   8.0730608e-01  -4.7894776e-01   1.0347163e+00  -5.8659069e-02   4.1952902e-01   3.9623223e-01  -2.2380462e-01   5.4522698e-01   5.7973956e-01  -1.5418927e+00   2.9618946e-01   3.4389074e-01  -6.4687192e-01  -1.3993235e-01   8.7083187e-01   1.2765794e+00   4.5486477e-01
   2.0000000e+00  -2.6125320e-01  -1.1483991e-01   7.0424458e-01   5.9349631e-01   3.9262600e-01  -7.9827897e-03  -1.0778587e-01  -2.6293568e-01   8.3864421e-01  -1.4412899e-01   2.7047173e-01  -3.2358965e+00   1.9585569e-02  -1.5662833e+00   5.0033781e-01  -1.6529875e+00  -1.6508830e-01   1.4496137e+00
   2.0000000e+00   1.2305334e+00  -1.2095253e+00   6.7563632e-01  -8.9479381e-01  -9.2160610e-01   1.8681332e+00  -9.2963166e-01  -9.4021729e-02   1.8785188e-01   2.0547209e+00   1.5410327e+00   1.6880909e+00  -4.2718798e-01   5.3625050e-01   1.1967618e+00  -7.6586903e-01  -7.4528217e-01  -1.5964737e+00
   1.0000000e+00  -8.7692216e-01   7.3350719e-01  -9.3714311e-01   6.2428406e-02   1.6394716e+00   1.5405374e+00  -2.6249626e-01   1.1493155e+00   1.6238415e+00  -9.7539866e-02  -1.3950567e+00   5.2112835e-01   6.6124034e-02  -1.1442948e+00   7.4527810e-01   1.7072284e-01   9.8538906e-01  -7.0889742e-01
   1.0000000e+00   1.7900139e+00   4.4908001e-01   1.3034093e+00   1.1788491e+00  -3.5129527e-01   9.5964156e-01   2.1093613e-01   2.2805681e-01   3.7570358e-01   2.6101033e-01  -5.9740470e-01   1.7533024e+00   1.0000303e+00   2.5785457e+00  -9.2274472e-01  -1.9091723e-01  -3.4391824e-01  -3.3168129e-01
   2.0000000e+00  -1.1863257e+00   2.5977092e+00  -2.4274349e-01   1.9260926e+00  -1.2155394e+00   7.5507070e-01  -7.7027089e-01   2.4591520e-01   2.8680051e-01  -4.1460092e-01   6.8648939e-01   4.8364390e-02  -5.1045172e-01  -9.5979323e-01  -4.1438857e-01  -2.2687139e+00   4.2426328e-01   4.4619729e-01
   2.0000000e+00  -6.6216009e-01   2.7823990e-01   6.3494293e-01   1.7936484e-01   2.7217062e+00   2.0157767e+00  -9.7376830e-01  -4.0259321e-01   9.6298055e-03   1.3892234e+00  -3.6968668e-01   6.0401086e-01  -1.3506643e-01  -3.7681743e-01  -6.7234366e-02   7.3315815e-01   6.5870665e-01   1.3463851e+00
   2.0000000e+00  -1.1177916e+00  -2.5016853e-01   7.8606511e-01  -1.0687454e+00   4.4207307e-01  -6.5398758e-02  -8.3722386e-01   7.3526008e-01   5.3954904e-01  -1.2571675e-01   1.8299981e-01   7.0644881e-01   1.6769374e-01  -5.9560141e-01  -9.2015278e-02   3.6437330e-01  -1.5005283e+00  -7.3604315e-01
   2.0000000e+00  -1.0113316e+00   7.3122020e-01  -4.7480339e-01  -2.8609498e-01   2.9461594e-01  -3.9716716e-01  -9.8578798e-01   5.5849438e-01   1.0940655e+00   1.6631116e+00  -9.2364082e-01   5.2824141e-01   1.5536621e+00  -1.2679628e+00   1.1524035e+00   3.3265760e-01  -1.8464188e-01  -6.6234036e-01
   2.0000000e+00   1.4370154e+00  -2.1303231e+00  -3.7218669e-01   5.6088953e-01  -2.0147906e+00  -2.1154467e+00   5.7440640e-01   1.1902911e+00   1.2974961e-01   5.7245375e-01  -1.6579768e+00   3.4364236e+00  -1.2553384e-01  -1.0610650e+00   1.6398345e-01   1.6400923e+00   1.2317994e-01  -9.1141702e-01
   2.0000000e+00  -8.1595273e-01   4.4071987e-01   4.2658814e-01   1.0876428e+00  -1.8627651e-01  -6.8121889e-02  -1.8219704e+00   9.4454603e-02  -4.2283128e-01  -1.3426414e+00  -4.0086051e-01  -1.9028894e+00  -4.9915312e-01  -1.2144579e-01   8.1956835e-01  -4.0666069e-01   8.5985349e-01   4.8848940e-01
   1.0000000e+00  -1.3728930e+00   3.3437472e-01  -2.5209774e-01  -1.1649204e-01   5.7715784e-01  -1.2263113e+00  -5.7017934e-01   1.0038806e+00  -8.0415980e-01   1.7842027e+00  -1.8611516e+00   1.2733974e+00   9.8469295e-01   9.5251276e-01  -2.3541687e+00  -5.2269288e-01   2.3148807e+00   8.4918010e-02
   2.0000000e+00   1.2817110e-01  -1.8067123e+00  -3.5731539e-02   5.7978091e-01   1.2804431e+00   8.1130124e-01  -1.4208145e+00  -8.2768115e-01  -4.9247909e-02  -7.9128498e-01   2.8080092e-01   2.3515795e-01  -5.6083984e-01   6.9326985e-01  -6.3548274e-01  -1.0915453e+00  -9.4946339e-01   4.9087639e-01
   2.0000000e+00  -1.1905240e+00  -2.2560122e+00   5.9445723e-01   1.3246318e+00  -1.7760594e-01  -3.4922360e-01  -2.6644953e-01  -8.7631651e-01   7.0029691e-01  -6.5702119e-03  -3.3290340e-01  -1.4103645e+00  -5.3530441e-01  -1.3663127e+00  -9.6816874e-01  -5.3723129e-01   6.2832789e-01  -1.2673913e+00
   2.0000000e+00   1.3120603e+00   4.1856998e-01   6.3365737e-02   2.3583116e-01  -1.3299839e+00  -7.4529984e-02  -1.3871024e+00   1.3030252e+00   7.4359285e-01  -3.2907585e-01  -1.7909905e+00  -5.2752476e-01   1.0626388e-01   1.0286017e-01  -4.0017608e-01   5.4393863e-01   2.1557546e+00  -1.9634423e+00
   2.0000000e+00  -3.4872488e-01  -5.2799993e-01  -1.0430142e-01   7.2843743e-01  -9.9501916e-01   6.7701528e-01  -4.7376455e-01   2.5558931e-01  -1.4498022e+00  -1.9212152e+00  -9.1791094e-01   7.9544717e-01  -1.4964976e+00   4.5715719e-01  -1.8348422e+00  -1.4152962e+00   1.6729311e+00  -9.9812707e-04
   2.0000000e+00  -7.1762668e-01  -6.0309177e-02   4.4051691e-01  -5.3586813e-01   1.8249118e-02  -1.2383289e+00  -2.7412060e-01   1.9191791e+00   5.0889090e-01  -4.1016184e-01   5.0432789e-01   2.4676568e-01  -1.8431295e-02   2.2303350e-01  -5.1294794e-02  -1.0526438e+00   9.7112466e-01  -9.1854398e-01
   2.0000000e+00   7.7517795e-01  -4.3248500e-01  -5.0167343e-01  -2.5076892e+00  -8.0303122e-02   1.2074655e+00  -7.6894072e-01  -5.9504631e-01   1.1197193e+00   5.9190252e-01  -9.7093057e-02  -5.4288888e-01   2.0005631e-01  -7.1392301e-01   6.1225638e-01   1.4598392e+00  -1.8728750e+00  -5.4314050e-01
   2.0000000e+00  -1.1384054e+00   1.6099587e+00   4.1034731e-02   7.2638531e-01  -6.0145097e-01  -1.2539645e+00   5.4470590e-02  -1.3878930e+00  -1.2304117e-01   4.7377676e-01   4.4493690e-01  -3.7545067e-01   1.6623503e-02  -1.5189491e+00  -2.3481234e-02   1.0618714e+00  -2.8222675e-03  -5.3786434e-03
   2.0000000e+00  -2.4029448e+00   2.0529470e+00   2.1778779e-01   2.0444192e-01   1.7590279e+00   4.6019970e-01  -1.3057831e+00   1.1054163e-01  -1.3042924e+00   9.8719968e-01  -1.0132618e+00   2.6589566e-01  -1.2008032e+00  -1.6664679e+00  -1.5787588e+00   4.4414552e-01   4.3327740e-01   1.4319361e-01
   2.0000000e+00  -6.1963991e-01   6.2510463e-01   1.5964384e-01   6.4556193e-02   7.4072194e-01  -5.4228490e-02   1.7126568e+00   2.4906688e-01  -6.7877363e-01  -1.2207555e+00  -8.3069022e-01   1.8136010e-01  -7.9791332e-01   2.7523100e+00   5.3393516e-01   5.0819584e-01  -5.4491942e-01   1.3587915e+00
   2.0000000e+00   5.6897985e-01  -1.0208654e+00   7.0155447e-01   2.8448122e-01  -3.6923420e-01  -3.0274115e-01  -2.2341313e-01   4.2221933e-01   2.6641078e+00   3.8898056e-01   6.0129395e-01  -2.5823232e+00   1.7021652e+00  -1.7653869e+00  -2.9903517e-01   4.1999332e-01   2.0690035e-01  -2.0150003e+00
   2.0000000e+00  -7.2665261e-01   5.6764385e-01   1.5877971e+00   1.5318894e+00   5.5341076e-01  -1.4119553e-01  -8.7813531e-01  -9.0708770e-01   6.0540292e-01   8.0734024e-01   7.3939509e-01   8.7783497e-01  -1.4787790e+00   1.4828382e-01   7.2256986e-01   6.7324064e-01  -4.7666253e-01   6.0953514e-01
   1.0000000e+00  -4.2799028e-01   9.7549704e-02  -4.1489181e-01  -1.5982142e+00   8.5480638e-01  -3.2693143e-01  -1.2862551e-01   8.4830008e-01  -9.9670903e-02   1.6367305e-02   8.0759402e-02   7.5041737e-01  -1.4063623e+00   1.6335394e+00  -3.4746165e-01   9.4183402e-01   8.3713279e-01  -2.0683408e-01
   2.0000000e+00  -6.1927975e-01   1.3185805e+00   3.8661894e-01  -3.0760348e-02   1.0677694e+00   9.4408973e-01   9.0049266e-01  -2.3053175e+00  -1.3947297e+00  -3.3725363e-01  -8.9772681e-02  -6.2093022e-01   7.2581695e-02   6.6936867e-01  -7.9768287e-01  -1.7380046e+00  -3.3477268e-01   7.6477657e-01
   2.0000000e+00  -3.8129765e-02   1.0377007e+00  -4.8596737e-01  -9.9334971e-01  -9.6117137e-02  -6.2187596e-02   2.2544308e-01  -3.3061691e-01   7.6957433e-01  -8.1844169e-01   5.3880116e-01  -2.4274290e-01   1.2365249e+00   1.3246647e+00  -2.5685694e-01   2.1415162e-01   1.4974647e+00  -4.4447960e-01
   2.0000000e+00   4.1279496e-01  -8.7671173e-01   7.2220968e-01   8.7694074e-01   1.0290364e+00  -2.0370028e-01  -1.6130492e-01   1.5254652e+00   5.6846201e-01  -8.7432074e-01   1.6249763e+00  -1.3271604e+00   1.4301461e-01  -2.1280754e+00   6.4295747e-01  -1.1274676e+00  -9.7071427e-01  -5.5342666e-01
   1.0000000e+00   1.9221210e+00   1.8334458e-01  -1.6794316e+00   2.8726869e-01   8.0856899e-01  -1.5469400e+00  -8.3526821e-02   2.8461831e-01  -7.9300116e-01   2.1219328e-01   1.2192631e+00   5.7855791e-01   1.9542690e+00   9.6888887e-01  -2.8722220e-01   3.7651813e-01   8.7204294e-01   1.0640502e+00
   2.0000000e+00   6.1700224e-01  -2.4202797e-01  -1.2272138e-01   8.2159962e-01  -1.0393749e+00  -1.2156336e+00   1.2405673e+00  -1.7484856e+00   5.2195514e-01  -2.4914242e-01  -3.9790212e-01   8.2823595e-01   3.6513850e-01   6.4190017e-01   5.3075821e-01  -1.0700894e+00  -2.0239176e-01   3.0674979e-01
   1.0000000e+00   2.1002353e-02   2.6630625e-01  -5.5514611e-01   5.9173625e-01  -1.0876620e-01   6.3176455e-01  -8.8168704e-01   7.6415857e-01   5.1300846e-01  -4.8601847e-01  -1.5972868e+00   7.9327788e-01  -7.6866944e-01   1.3591975e+00   4.8150857e-01   5.5140759e-01  -9.7776832e-01   9.1711473e-02
   2.0000000e+00  -1.7206696e+00   1.2011999e+00  -1.2590996e+00   2.7795433e+00  -2.2480535e-01   2.3840129e-01   4.9417010e-01  -5.6900005e-01   1.1551471e+00   1.1444058e+00   4.3365617e-01  -4.7093543e-01  -1.8633217e+00  -7.2334442e-01   1.0084986e+00  -8.0334929e-01   4.1507553e-01  -7.5558797e-01
   2.0000000e+00  -1.3536286e-01  -3.0568575e-02  -9.0876240e-01  -9.7472359e-01  -1.3804353e+00  -8.8773764e-01   3.3098085e-01  -1.4527074e+00   1.2578512e+00  -2.8771010e-01  -1.2681716e+00   7.3569898e-01  -7.4216129e-01  -1.1834105e+00   7.5087538e-01   7.0654752e-01  -5.6924864e-01  -1.4825064e+00
   2.0000000e+00   4.5429206e-02  -1.2427956e+00   2.4748027e-01  -8.7143037e-01   8.8286675e-02   1.3608899e+00   8.0756013e-01   9.2298110e-01   2.6453024e-01   1.4707791e+00  -5.5801730e-01   4.1467683e-01  -9.8456097e-01  -4.6093945e-01   7.0566044e-01  -1.1697417e+00   1.4709401e+00   1.4871582e+00
   2.0000000e+00  -5.9916742e-01   1.0079182e+00  -8.2030187e-01  -1.7509375e+00  -1.6107784e+00   1.1084504e+00   5.2025764e-01  -8.4067446e-01   1.0752581e+00   1.4182453e+00   1.4927009e-01  -8.7204793e-01  -6.1847483e-01   8.1161522e-01  -7.6779041e-01  -1.1906230e+00  -8.3257091e-01  -1.3515440e+00
   2.0000000e+00  -2.3489726e+00  -1.5382566e-01  -1.3558663e+00   8.9283371e-01  -1.1035751e-02  -1.5616730e+00   6.4693722e-01   1.0496840e-01   7.3073828e-01   1.3384192e+00   1.4279589e+00  -4.4549492e-01   1.1174352e+00  -6.8768787e-02   1.6069723e+00   4.7493497e-01   4.0034962e-01  -1.3348657e+00
   2.0000000e+00   8.1829493e-01   1.1069684e+00   2.1879168e-01   2.2153638e-01   1.0208003e+00  -8.4835005e-01   8.3226575e-01  -1.2404922e-02   3.7666724e-01  -1.2034337e+00  -1.3154740e+00   4.5997686e-01   1.2036725e+00  -3.5438274e-01   9.5931183e-02  -7.2512821e-01   3.9257865e-01   1.8670013e-01
   2.0000000e+00  -7.3215542e-01  -9.6886257e-01   5.5262365e-01   7.3942294e-01  -8.1408388e-03   1.3532240e+00   5.5872771e-01  -7.5169315e-01  -1.2738731e+00   3.6888770e-01   1.0898626e+00   3.0020289e-02  -1.1756605e+00  -5.6584192e-01   5.8797389e-01   4.0650926e-01   8.9598472e-01   5.0845052e-01
   1.0000000e+00   1.0830023e+00   3.7404583e-01   4.0894322e-01   7.7968036e-01   8.4655310e-01   3.2729174e-01   1.0274806e-01   5.2842677e-01   1.3562227e+00  -2.3815147e+00  -9.8234654e-01  -7.2977563e-01  -5.2160953e-01   9.2932285e-01   1.7534606e-01  -2.0241527e+00   8.4138256e-01   1.6810911e-01
   2.0000000e+00   1.8326155e+00  -1.2895197e+00   3.9534539e-01  -5.1087623e-02   1.7035101e-01  -5.0587274e-01   2.8207394e-01   4.2365816e-01   1.6023600e+00   8.9168698e-01   3.2393177e-01   6.0430288e-01  -1.4078567e+00   1.7297732e+00  -5.1329195e-01  -9.0675047e-01  -6.3408938e-05   2.1132372e+00
   2.0000000e+00  -6.3602868e-01   1.6452500e+00  -2.4137504e+00  -2.6817509e-02  -3.6116488e-01   2.1879896e-01  -3.9234229e-02  -3.4663923e-01  -1.2180657e+00   9.6100423e-01   5.2956242e-01  -1.0150860e-01  -1.3759766e+00   2.3830623e-02  -6.7276994e-01  -2.6616715e-01  -1.1872939e+00  -4.0268580e-01
   1.0000000e+00  -3.7908475e-01   3.1092939e-01   1.0062435e+00  -3.6336305e-01   8.1908427e-01   3.5796977e-01  -6.3835836e-01   3.0419980e-01  -3.7018202e-01  -1.2152595e+00   3.9317736e-01  -1.0843953e+00   1.4192599e+00  -1.9801653e+00   1.4799645e-01   8.4391579e-01  -6.2382053e-02  -1.2292019e+00
   2.0000000e+00   2.7690769e-01  -5.9054073e-01   4.7310885e-01   1.4467772e+00  -2.3454030e-01   2.6484555e-01   3.6504097e-01  -6.6819498e-01   1.0701345e-01  -1.9354978e+00   4.1846727e-01   1.5925238e+00  -1.1389109e+00  -5.6972738e-01   7.5654083e-01   5.5016181e-01   1.9127744e+00  -1.5642930e+00
   1.0000000e+00   1.6651780e+00   4.2449241e-01  -1.0260494e+00  -4.6146020e-01   9.1673874e-01  -2.8010042e-02   5.4974638e-01  -1.0544415e+00   4.8071637e-01  -7.3187317e-01  -2.5671780e-01  -3.8821970e-01   4.3989722e-01   5.5002945e-02   8.7475404e-01   3.8677129e-01  -7.4328819e-01  -1.0043911e+00
   2.0000000e+00   5.4647959e-01   1.2053369e+00  -5.2173135e-01  -1.4473428e+00  -6.8076203e-01  -1.1383672e+00  -1.8798575e-01  -1.1115823e+00   7.2621013e-01   4.3078026e-01   1.5214037e+00  -5.5679802e-02   1.0691291e+00   1.2715146e-01   1.1608347e+00  -7.7435316e-01   7.8338396e-01   1.1101117e+00
   2.0000000e+00   1.0502856e+00   1.0232620e+00  -6.6125744e-01  -1.0450276e-01  -7.5556308e-01  -3.0798218e-01   3.4990258e-01  -5.9837641e-01   5.5229156e-01  -5.0032628e-02   1.8440861e+00   1.8215634e-01   8.2525422e-01  -2.2820957e-01  -4.0506456e-01   2.2283378e+00  -9.5795192e-01   4.9387831e-01
   2.0000000e+00  -9.3324166e-01   1.5432383e+00   5.1488133e-01  -2.2654545e-02  -1.5912884e+00  -9.7315570e-01  -9.7486343e-01   8.5668308e-02   5.2099495e-01   1.6887277e+00  -1.4880276e+00   8.6147156e-01   9.6315023e-01  -1.4343153e+00  -9.2381142e-01  -7.4942981e-01   8.6209934e-02   5.4552531e-01
   1.0000000e+00   1.8556953e+00   1.2998984e-01  -3.7293609e-02  -6.2920223e-01  -1.2736594e+00  -6.2532012e-01   3.3249873e-02  -1.7054839e-02  -4.2153479e-01   7.7311084e-01   5.9019549e-01  -1.5610058e-01   1.1961101e+00   2.3101437e-01  -8.9374720e-01  -6.1651829e-02  -1.2297652e+00  -2.2241055e-01
   2.0000000e+00  -8.7700660e-01  -3.9262236e-01  -8.1675541e-01  -5.5550295e-01  -3.9356976e-01  -3.9294977e-01  -9.5065518e-01   2.1918131e+00  -1.1372255e+00  -2.2499868e-01  -1.2340465e+00  -1.0666649e+00  -1.4304977e+00   8.2147789e-01   9.1515005e-01  -3.5496313e-01  -1.6642180e+00  -3.1860321e-01
   2.0000000e+00   8.1177905e-02  -1.5220533e-01   1.6502997e+00   1.1586779e+00  -8.1622148e-01  -5.9341905e-01   5.6712626e-01  -1.2273834e+00  -1.9707208e-01  -1.0542401e+00   4.9572465e-01   7.7271696e-02   6.3989639e-01   6.7470936e-02  -1.0244972e+00   3.3302320e-01   1.1509272e+00  -5.5458517e-01
   1.0000000e+00  -1.3567669e-01   2.0542835e-01  -7.5488194e-01   3.6148347e-01   3.8111825e-02  -4.6685901e-02   8.3003980e-01   1.8543376e+00   2.1338714e+00   7.7727428e-01   3.3337389e-01  -1.7007701e+00  -7.2977769e-01  -9.9281159e-01  -6.9310656e-02   3.6810532e-01   4.4490446e-02   3.5485664e-01
   2.0000000e+00   7.4786031e-02   1.5054552e+00  -2.3163243e-01  -2.4940740e-01  -9.9006979e-01   9.7224709e-01  -3.4672755e-01   4.0265034e-01  -8.7599253e-04  -4.2159700e-01  -2.9515628e+00  -3.7248219e-02   9.8123813e-02  -5.2092329e-01  -1.0139744e+00   1.0128833e+00  -3.6760261e-01  -1.2836865e+00
   2.0000000e+00   2.1650163e-01  -5.2500711e-01   2.3160694e-01  -4.7505439e-01   1.1654602e+00  -9.6201808e-01  -6.9831637e-01   9.8137925e-01  -8.7671138e-01   5.2840484e-01  -1.4201262e+00   1.6329389e+00   1.7903920e+00   9.5233532e-01   3.6733409e-01   1.4637427e+00   1.1045140e+00   3.2957532e-01
   2.0000000e+00  -4.3966559e-01   1.0527961e+00  -4.6075557e-01   1.1891743e+00  -3.3921348e-01  -5.1603513e-01   2.8671909e-01   5.4946654e-02   9.3661197e-01   1.6181108e+00   9.7567053e-01  -3.6208889e-01   5.3323657e-01  -1.8440849e+00  -1.9201203e+00   3.7054237e-01   9.7882456e-01   1.1575074e+00
   2.0000000e+00  -9.9108687e-01   5.1377398e-01   1.0676970e+00  -1.6329682e+00  -4.6188469e-01  -3.1410833e-02  -1.6624643e+00  -1.7506375e+00   1.5705983e+00  -1.4688948e+00  -1.5151711e-01  -1.6270010e-01   1.6714817e+00   2.7635900e-01   8.0547184e-01  -5.6434901e-03   2.3228796e-01   3.0558515e-01
   2.0000000e+00  -1.5390816e+00   1.8794621e+00   4.2580977e-01  -2.0086989e+00  -1.3247307e-01  -5.8201540e-03   2.8613379e-01  -6.9724910e-01  -2.1555671e-01   8.0252791e-01   1.0300976e+00   2.0345153e-01   8.4977611e-02   3.0138020e-01  -7.8465010e-01   7.1003702e-01  -1.4403859e+00  -5.8209657e-01
   2.0000000e+00   1.1198998e+00   1.6104671e+00   6.0867097e-01   1.8439433e-01  -1.3348920e-01   6.3772727e-02  -1.7543842e+00  -6.1646874e-01  -5.1468422e-01   3.0576398e-01  -5.4896538e-02   5.4350940e-01   4.0204940e-01  -6.8423497e-01  -5.7952614e-01   2.0264867e+00  -5.1861123e-03  -1.6196166e+00
   1.0000000e+00  -3.1373664e-01   9.0289283e-02   2.3841372e-01   3.9937551e-03  -1.3664348e+00  -7.3604101e-01  -1.9574894e-01   7.8225864e-01   1.4986931e+00  -7.9863749e-01   8.3930707e-01  -6.3986725e-01  -5.6462833e-01  -1.0152211e+00  -1.6012191e+00  -1.1355652e+00   4.6052556e-01   7.0861383e-01
   2.0000000e+00  -1.1460670e+00  -1.6180674e+00   1.2566469e+00   2.7350033e-01  -1.0821853e+00  -7.6020761e-01   4.1785660e-01  -1.0007831e+00   2.1804170e-01   8.6866279e-01   2.2371643e-01   1.5265868e+00   1.5970287e-01  -1.9710335e+00   4.6614804e-01  -4.2906945e-01  -2.6972826e-01   1.4476335e-01
   2.0000000e+00   1.0881045e+00  -8.3694195e-01   5.6209119e-01  -1.9126698e+00   4.1086607e-01   1.6477804e-01   4.4003167e-01  -8.0495762e-02  -4.0915158e-02  -2.8549781e-01  -1.9322515e+00   5.7542871e-01   1.0042303e+00   9.3978928e-01   7.4737594e-01  -4.6319760e-01  -2.7467599e-01  -7.7356382e-01
   2.0000000e+00  -2.5122094e-01  -1.3165941e+00   1.2348278e+00  -2.4168551e-01   7.1867241e-01  -2.6534272e-01  -8.2981078e-01   1.6165327e+00  -6.8363197e-02   1.9556373e-02   3.9704586e-01  -1.2544260e+00  -5.7687335e-01  -1.0050063e+00   2.9645238e-01  -7.9609834e-01  -2.1209994e+00   4.5820796e-01
   2.0000000e+00  -1.0924130e+00  -6.5165634e-01   1.2520652e+00   4.9623763e-01   8.0148308e-01  -3.5034828e-01   1.9061576e-02  -6.2910272e-01   9.2798186e-02  -5.9326506e-01   6.7776401e-01  -5.1932109e-01  -8.6234775e-01   1.3705340e+00  -8.6550374e-01   2.6921867e-01   4.2930818e-01   5.1606092e-01
   1.0000000e+00  -2.0759227e-01   3.6722479e-01   2.5137180e-01   1.6355855e+00   1.7807994e+00  -5.9097630e-01   6.6485100e-01  -8.1516092e-02  -4.0232384e-01  -3.0795531e-02   8.5398618e-01  -3.0449431e+00  -7.0608723e-01  -5.9304001e-01   3.2334107e-01  -8.5953653e-01   4.8656565e-01  -1.3353261e+00
   2.0000000e+00  -5.4036920e-01  -2.1181335e-01   4.1323859e-01   1.0828055e+00   1.3800669e-01   1.0250094e+00   3.8691591e-01   1.4843243e+00   9.3362210e-01   1.0224159e+00  -1.3405545e+00   1.1931808e+00   8.3614561e-01   2.0206299e+00  -6.1164078e-01  -1.8457581e-01  -2.5308406e-01   1.6697357e-01
   2.0000000e+00  -7.7864933e-02   1.5695501e+00  -8.5037157e-01  -1.2176799e-01   8.8910163e-01   7.9548110e-01  -6.0051369e-01   4.7587896e-01   2.9995930e-01   1.8763800e+00   1.9265120e-01  -1.2142778e-01   7.6458333e-01  -1.7804933e+00   1.1309514e+00  -1.5348026e+00  -4.5362827e-02   1.5703022e+00
   2.0000000e+00   5.2876634e-01  -3.0588333e-01  -9.6344058e-01   8.5749272e-01  -1.7688452e+00   5.6239160e-01  -6.7976092e-01   6.5010450e-01   5.7796108e-01  -1.3555260e+00   6.1282293e-01  -2.4407722e-01   7.4858418e-01   4.9883416e-01   1.0545691e+00  -1.1028165e+00   1.1489145e+00   1.4411751e-01
   2.0000000e+00   3.4182392e-01  -2.9966244e-02  -2.1261995e+00  -3.7158733e-01  -1.2135301e+00  -9.4539194e-01  -6.9003448e-01   1.1286317e+00  -8.3092969e-01   9.3342420e-01   1.5494971e+00  -6.7426964e-01  -1.2840163e+00  -1.1387659e+00  -2.3034612e+00  -2.0102092e+00  -2.4964378e-02  -1.4891201e+00
   1.0000000e+00   1.7348801e+00   1.4948816e-01   5.0433357e-01   9.6409859e-01   5.0451815e-02   3.5330376e-01  -4.4957522e-01  -8.3816460e-01  -1.0927285e+00   1.5492086e+00   1.3013307e+00   3.9793797e-01   4.3071897e-01   1.9498153e-01   4.6494511e-01   5.2575735e-01  -1.2242270e-01   5.7578303e-01
   2.0000000e+00   4.4015022e-01  -1.1263974e+00   2.1877601e-01   7.4901040e-01  -1.5334398e+00  -2.2293174e-01  -5.0244483e-01  -1.0203043e-01   1.3224644e+00  -1.3767874e+00  -1.2514430e-01   5.6010479e-01  -9.7186713e-01  -1.4787341e+00   2.6120466e+00   1.2799067e-01   8.0813210e-01   9.6692546e-01
   2.0000000e+00   1.2375171e+00  -1.0904483e+00  -8.9418097e-01   6.0799852e-01   3.8448366e-01   1.0236885e+00  -3.9106993e-01  -5.3115040e-01  -2.1493482e+00   1.3989886e+00   1.9480006e+00   1.6184151e-01  -5.0465780e-01   6.2889012e-01  -1.3836335e+00   9.1321352e-01   4.2414325e-01  -2.0891651e+00
   2.0000000e+00   1.1167984e-01  -9.0428920e-01  -2.8064604e-01  -2.9820157e-01   1.2150226e-01  -6.6260807e-01  -4.0423825e-01   6.2552407e-01   1.7407081e-01   4.9708464e-01  -2.1783932e+00  -5.3525807e-01   7.6163190e-01   3.1114519e-01   4.8234853e-01  -1.6926526e+00   1.0974509e+00   4.0604915e-01
   2.0000000e+00   1.1267680e+00  -1.1507872e+00   1.0077752e+00  -5.6738822e-01   3.8001091e-01   5.8006916e-02   1.1249862e+00   4.6452038e-01  -3.9729684e-01  -5.5093477e-01  -1.2384059e+00   1.3337303e+00  -1.0324759e+00  -9.9291711e-04   1.1415896e+00   4.5565643e-01   9.3303266e-01  -2.8333515e-01
   2.0000000e+00   1.5942517e+00  -1.3131274e+00  -7.0508917e-01   1.8875954e-01  -1.5272978e-01  -1.3738691e-01   1.5591630e+00  -1.6821826e-02   1.4221475e+00   1.3219072e+00  -1.2442675e+00  -7.6515302e-01  -8.6086182e-01  -1.1168056e-01  -4.2247667e-01  -2.7966773e-02   1.1520499e+00   7.9555735e-01
   2.0000000e+00   1.7329458e+00  -2.3290954e+00  -1.0447966e-01  -1.4536705e+00   4.7212617e-01  -1.2715392e+00   1.1874930e+00  -1.1643102e+00  -1.0699955e-02  -8.5173687e-02   3.9977300e-01  -2.1489614e-01  -7.7998753e-01  -1.7465274e+00  -6.7802151e-01   2.6080125e-01   4.1542051e-01   6.7372094e-01
   2.0000000e+00   4.2250139e-01   6.8956035e-01  -7.1396838e-01   3.4274242e-01  -1.1029163e+00   2.8682930e-01  -1.2165535e+00   1.0393390e+00   8.3118730e-01  -1.4335055e+00  -1.2405354e+00  -2.3931514e-01  -5.7143110e-01  -9.9086326e-01   8.6968194e-01   1.1783946e+00  -1.4744113e-01   1.2390035e+00
   2.0000000e+00   1.3879786e+00   6.7938325e-01  -1.8204689e-01  -4.2724794e-01   4.0711652e-01   2.0326090e-01  -1.2627596e+00  -2.5897814e-01   8.3303907e-01  -1.4055675e+00   7.5962502e-01  -8.1055985e-01  -5.7570839e-01   9.0905580e-01   1.4236272e+00   2.4885579e-02  -1.2081422e+00   3.3601177e-01
   2.0000000e+00   1.6973652e+00   1.3328644e-01  -8.8367023e-01   3.2298645e-01   3.0920510e-01  -1.4390540e+00   1.4018583e+00  -4.8976231e-01  -5.0598835e-01  -2.0642563e-01   9.2941333e-02   1.2624309e+00  -2.2203814e+00   1.6290877e+00   1.3194676e-01  -1.2616904e+00   8.8948194e-01  -8.3665639e-01
   2.0000000e+00   7.8939434e-01   2.0547121e+00  -3.1603967e-01  -6.3161140e-01  -1.5147262e+00   1.3612914e+00  -2.5843416e-01  -8.5862654e-01   2.8557601e-01   7.7387962e-01   2.6527249e-01  -1.6857693e-01   1.2624534e+00  -1.1514032e+00  -1.0901433e+00  -2.6168212e-01  -1.5714999e+00   6.5499546e-01
   1.0000000e+00  -1.7643998e+00   2.9934306e-01  -3.3925084e-01   5.1630238e-01   2.3040631e-01   6.0771924e-01   3.5291262e-01   9.7844102e-01  -1.8467133e-01   9.8973218e-01  -6.6891790e-01   1.9290329e+00  -3.9350562e-01   1.0366737e+00   1.2293871e+00  -1.2878275e+00   1.4795264e-01  -4.6003442e-01
   2.0000000e+00  -7.6627917e-01  -2.4796264e-01  -6.9233507e-01   1.7107332e+00  -1.9959231e+00   1.4968165e+00  -6.9369348e-01  -7.6464583e-01   4.4670418e-01   6.8104178e-01   4.7048186e-01   8.6127160e-01   1.8486142e-01   4.6603382e-03   1.5065907e+00  -7.7696894e-01   4.4842464e-01   9.1109524e-01
   2.0000000e+00  -1.5152465e-02  -1.9195582e+00  -2.6024150e-01  -3.1173400e-02  -1.4407247e-01  -7.1092266e-01  -9.3373442e-01   1.6766051e+00   8.3345439e-01  -9.4767959e-01   4.5230878e-01   3.0030043e-01   7.8864223e-01   1.0641906e+00  -1.6281719e-01  -7.9118285e-02   1.8473723e+00   9.5964221e-02
   2.0000000e+00   3.0580445e-01   1.2176862e+00   5.4441121e-02  -1.4091326e-01  -1.8431802e+00  -5.4342606e-01  -3.4065539e-01   4.1176499e-01   5.9203765e-01   8.6492162e-02  -2.0287855e-01   4.1091872e-02   2.1720187e-02   6.8398835e-01   1.7033058e+00   1.0140428e-01  -1.7618445e+00  -2.0414515e-01
   2.0000000e+00  -6.0464898e-01   9.6672212e-01   1.1678001e-01   1.2976326e-01   5.9792031e-01  -2.1143874e-01   1.1817629e+00  -1.0386051e+00   1.1956849e+00   1.1777846e+00  -8.7025823e-01  -6.7756661e-01  -5.2775894e-02   1.1791154e-01   1.3479017e+00  -2.5634762e-01  -1.0523079e+00   3.5609467e-01
   1.0000000e+00  -3.5593948e-01   3.3705846e-01   3.1446479e-01  -2.6943619e+00   1.1251796e+00   1.3836425e+00  -2.4784224e-01   7.3949426e-01   3.1559126e-01   1.0152842e+00  -1.5044745e+00  -1.0620938e+00  -1.0953398e-01   1.9849057e+00  -1.5808439e+00  -2.3506546e+00   4.8310718e-01  -4.3022778e-01
   2.0000000e+00  -1.4634319e-01  -1.3407957e+00  -3.1289958e-01  -1.4569701e+00  -5.6890095e-01  -1.8134496e+00  -1.7430246e+00  -2.3743404e-01   4.7785898e-01   1.1868121e+00  -1.2471163e-01   6.3035465e-01   1.2303992e+00   7.0327539e-01   6.9679489e-01   3.0992194e+00  -7.2781487e-01   7.4432383e-01
   1.0000000e+00   1.4441912e+00   1.7152025e-01   4.8309076e-01   9.4498502e-01   5.5534757e-01  -1.1744923e+00  -4.1724494e-01  -1.5558212e+00  -5.5620594e-01  -1.7562801e-02   2.3316905e-02   2.4633650e-02  -4.1807572e-01  -7.4098483e-01  -8.3460960e-01   1.4983775e-01   1.0241569e+00  -4.9493247e-02
   2.0000000e+00  -1.6861871e+00  -6.1096939e-01   1.5424927e+00   6.1474398e-01  -1.6678073e+00  -3.7468047e-01  -2.5014018e-01  -8.9568417e-01   1.4576151e-01   1.6077716e+00   2.3241749e-01   5.2045682e-02  -1.5993283e+00   3.3929062e-01   2.9304886e-01   2.8390269e+00   4.1981907e-01   1.5664753e+00
   2.0000000e+00  -1.2445827e+00  -1.6979824e+00   1.5140897e+00  -3.5757682e-01   1.1205412e+00   7.2796150e-01  -3.0289251e-01  -8.0471316e-01  -4.2379292e-01   4.9007385e-02   1.4973766e+00   5.3518522e-01   9.2216661e-01  -1.5295312e+00  -2.9992651e-01   7.8384911e-01  -4.0128834e-01   4.4489976e-01
   2.0000000e+00  -1.6150988e+00   2.0441027e+00   1.2940551e+00   1.6261089e-02   1.3813468e+00  -8.8003769e-01  -4.6050450e-01   1.3406129e-01  -7.3953908e-01  -1.4130202e+00   1.6670917e-01   5.5360020e-01   1.1051385e+00   1.1453893e+00   1.0024668e+00   7.1988000e-01   4.3949374e-02   7.5844317e-01
   2.0000000e+00   1.3039993e+00  -5.5501411e-01   1.3299489e+00   7.8186414e-01  -2.1121621e+00   1.9933396e-01   2.1354849e-01  -2.0221731e+00   2.6408471e-01   1.7087008e+00  -1.9665249e+00  -1.0233781e+00  -1.5764059e+00   4.1822586e-01  -6.1384284e-01   5.2445073e-01  -3.9546560e-01  -2.2189135e+00
   2.0000000e+00   1.0320751e+00  -5.1534308e-01   1.2546751e-02  -1.9985188e-02   6.8578718e-01   3.9169369e-01  -5.0609192e-01   1.2157822e+00  -1.6565275e+00  -8.8131306e-02  -9.0486007e-01  -2.0325590e-01  -5.6059380e-02  -7.3017935e-01   1.3164964e+00   2.9370973e-01   2.8800278e-01   6.7894182e-01
   2.0000000e+00   1.9847639e-01  -5.4220301e-01   1.1350870e+00  -1.9931370e-01   9.4901053e-01   2.7307122e-01  -1.1552981e+00  -2.5058885e-01   1.8401644e+00  -8.7363620e-02  -1.3270995e+00   1.3534817e-01  -1.5779772e-01   1.5143605e+00  -8.8867987e-01   3.1228192e-01  -2.5408594e-01   7.2042099e-01
   2.0000000e+00  -1.0329753e+00  -1.2195331e+00   5.6818452e-01  -3.1256242e-01   1.0138428e+00  -1.5035384e+00   3.5495808e-02   1.2583828e+00   2.5890513e-01  -2.0025427e-01   1.5191126e+00   1.2960070e-01  -1.4069134e+00   7.2488133e-01  -4.7987178e-01  -1.1362846e+00   1.3624956e+00  -3.0134029e-01
   2.0000000e+00   3.1140134e-01  -1.4767951e+00  -6.7206716e-01   2.9932345e-01   1.7631439e-01   3.6210372e-01  -1.1351373e+00   1.9869202e-01  -8.6760505e-01   7.3328127e-01  -1.6007902e+00   2.5943724e-01  -1.0366731e+00  -7.1889708e-01  -9.2261370e-02  -6.9267089e-01  -1.1693779e+00   1.0389072e+00
   2.0000000e+00   1.4395859e+00   1.9024097e-01  -9.7710985e-01  -2.6513636e-01   3.8813123e-01  -1.2819160e+00   1.5711636e+00  -2.0946001e-01  -1.4308988e+00  -5.6993060e-01  -3.2312006e-01   2.6332451e-01  -9.7553746e-01  -4.7705838e-01   4.9121552e-01   5.9035438e-01  -1.1101207e+00  -2.2342227e-01
   2.0000000e+00  -1.4035988e+00   1.0412801e+00  -1.6200944e+00  -1.1890437e+00   4.7474552e-01  -1.4792645e-01   7.1086836e-01   5.6521759e-01  -8.7739963e-01   5.1468588e-01  -9.2432512e-01   2.4274252e-01   6.9953511e-02   2.0124019e+00   4.1141315e-01  -2.3492461e-01   2.8731830e-01  -1.4554999e+00
   2.0000000e+00   1.0521429e+00   2.9320024e-01  -2.3795902e-01   5.9391183e-01  -2.6787513e-01   2.9530155e-01  -1.0250914e+00  -3.4809543e-01   2.2104340e+00   1.3532233e+00   8.0144236e-01  -4.4155695e-02  -3.9563522e-01   7.1562610e-01   1.8463984e+00   5.0583381e-01  -3.1913580e-01  -8.6119380e-01
   1.0000000e+00   4.9760708e-01   4.0316251e-01   2.5199401e-01  -1.4732990e-02  -4.9343832e-01   1.6615109e+00   6.6923117e-02  -2.6406413e-01  -5.3504730e-01  -6.8239811e-01  -6.8897252e-01  -1.8483186e+00   4.1669757e-01  -1.3873972e+00  -1.9225182e+00   8.3785575e-01   5.8909049e-01  -1.2848419e+00
   2.0000000e+00   2.4533009e-02  -3.5355544e-01   8.5904984e-01  -1.4724978e+00  -1.7244347e+00   4.8598533e-01   2.9762684e-02  -1.0823209e+00   1.4439543e-02   6.2989284e-01   8.1532173e-01  -7.2706936e-01  -2.4587257e+00   6.1528705e-01  -6.9870134e-03   1.0791747e+00  -8.8653871e-01  -2.1510922e+00
   2.0000000e+00  -2.3765373e+00   1.2378522e-02   1.7353080e+00   1.0494245e+00   1.1581944e+00   3.1818631e-01   1.2309525e+00   1.0201169e+00   1.0295938e+00   8.2992552e-01   9.2940667e-01  -4.7550657e-01  -6.4254323e-01   5.7005194e-01   1.8296523e+00  -2.5915896e+00   8.8685705e-01   8.2363519e-01
   2.0000000e+00  -3.6791655e-01  -6.1587895e-01  -1.8488063e+00  -1.7545658e-01   5.9189489e-01   1.5534024e-01  -5.8441505e-01   6.2861159e-01   1.4271275e+00  -4.0546403e-01  -4.1189159e-01  -2.8656062e-01  -6.8117003e-01  -2.1467136e+00  -1.6042283e+00   1.0296325e-01   5.5333523e-01  -9.7660486e-01
   2.0000000e+00   4.7002753e-01   7.1863548e-01   4.3165504e-01   9.6610863e-02  -2.8550920e-01  -1.2425042e+00  -9.7943542e-01   5.0935242e-01   4.5274517e-01  -6.1758460e-01   3.5675591e-01   7.4426402e-02   1.2112239e+00   4.6670724e-01   6.1756592e-02  -1.7213837e-01  -1.2640319e-01  -5.0022341e-01
   2.0000000e+00  -4.0839485e-01   1.1954385e+00  -5.6225027e-01   2.7473049e-01   3.5074134e-01   2.3505436e-01  -4.9010234e-01   9.8155101e-01   8.1457539e-01  -5.0671203e-02  -8.0696158e-01   1.9600527e+00   3.7396439e-01  -5.3649668e-01  -9.0966426e-01   9.0421748e-01   2.6756823e-01  -1.3381114e+00
   2.0000000e+00  -1.8453962e-01  -1.1224578e+00   4.9289933e-01  -7.1167205e-01  -8.2222654e-01  -3.4512991e-01  -9.8580818e-01  -9.6028265e-01  -6.8746101e-01  -8.5898632e-01   2.8297410e+00  -8.2696068e-01   5.1470472e-01   9.4225070e-02  -4.4217443e-03  -1.4110941e+00  -1.2395922e+00   5.3324822e-01
   2.0000000e+00  -5.5763306e-02  -7.7085659e-01  -5.8868553e-01   4.1879169e-01   1.0756979e+00   1.4459731e+00  -3.5090202e-01   7.8345320e-01   4.1435076e-01   2.1168858e+00   9.0636967e-01   3.9356587e-01   3.3332155e-01   6.4688283e-01  -2.1662563e+00   7.9037411e-01   8.5054437e-02  -1.0804821e+00
   2.0000000e+00  -1.1232574e-01   2.1583674e+00  -1.2378248e-01  -6.2929158e-01   4.7904934e-01  -3.3805748e-01  -1.5150173e+00   4.0370865e-01   1.1028252e-01   2.1177312e+00  -7.7468771e-01  -2.7925137e-01   4.9415830e-01   1.0806534e+00   4.4333516e-01   1.2723643e+00  -6.5011472e-01  -4.3840480e-01
   2.0000000e+00  -3.0080163e-01  -1.4327971e-01   6.1847780e-01  -9.7827507e-01   5.7910004e-02  -2.6427748e-01   9.7930583e-02  -2.3154901e+00   1.2764873e+00  -8.7621109e-01  -1.9788497e+00  -3.4263572e-01  -1.1546022e+00  -1.1090492e-01  -7.7672625e-01  -3.5025559e-01   2.0240407e-01  -8.8457424e-01
   2.0000000e+00   2.2949671e+00  -1.8013748e+00   1.2524899e+00   5.7558414e-01   9.3054691e-01   2.3636384e+00  -6.7834011e-01   5.6149462e-02   1.1054735e+00  -4.4358720e-01   5.7732732e-01   1.1939291e+00  -1.4296108e+00  -1.9348502e+00   1.5117353e+00   2.5185455e-01  -2.7872803e-01  -7.2216468e-01
   1.0000000e+00   6.7990688e-01   5.2546577e-01   1.4735235e+00  -1.2347311e-01  -2.1441705e-01  -4.5458469e-01  -4.8712804e-01   4.4867937e-01   1.6467730e+00  -1.8112358e+00  -1.9952473e+00   4.6060519e-01  -3.4459804e+00  -8.8621393e-01  -1.2982250e-01  -4.6607757e-01  -1.5532482e+00   6.5240475e-01
   2.0000000e+00  -6.4141957e-02   1.8606919e+00  -1.5008054e-02  -7.0855567e-01   3.7901297e-02  -8.2554071e-01  -1.0829203e+00   5.8603732e-01   9.8973639e-01  -2.8365847e-01   1.5931054e+00   1.2606838e+00  -7.4108770e-01  -8.8141879e-01   7.4380214e-01  -6.4671379e-01  -4.1543116e-01   5.6069654e-01
   1.0000000e+00  -1.4456712e-01   5.1424179e-01   1.9282698e-02  -2.3961853e-01  -1.9068220e-01  -4.6268317e-01  -3.3630216e-01   1.3937122e-01  -3.9267316e-01   6.1307134e-01   6.8706207e-01   3.7009089e-01  -3.6215667e-01  -6.9488356e-01   1.8826023e+00  -1.3645083e+00  -6.4244771e-02  -1.8104892e-01
   2.0000000e+00  -2.2262050e-01   3.0043921e-01  -1.5378554e+00  -1.1115008e+00   8.7672575e-01   7.7157890e-01  -9.8169298e-01   2.3764129e-01   1.8336954e-01  -7.2564869e-01  -1.1579127e+00   5.9749070e-01   1.4955610e+00  -5.5957879e-02  -5.0837947e-01  -2.9313188e-01   6.8641775e-01  -3.8997633e-01
   2.0000000e+00  -4.7928115e-01  -5.5357418e-01   8.3003973e-01  -5.8280772e-01  -1.0857693e+00   7.1560406e-01   1.4691175e+00   2.4205798e-01  -5.7959851e-01  -5.1832665e-02  -2.2115013e+00   1.3190074e+00  -1.0454101e+00   6.9311270e-01   1.8196586e-02  -1.5057366e+00  -6.1904675e-01  -1.2833613e+00
   2.0000000e+00  -4.9414445e-02  -6.2655568e-02   1.3320716e+00   4.3371579e-01   9.8232986e-01  -1.1603869e+00   1.3997233e+00  -1.1419072e+00   1.1131508e+00  -4.6626141e-01   1.8921171e+00   6.3419757e-03   6.5522319e-01  -8.7302919e-01   1.6119831e+00   2.0857546e+00   2.9475351e-01   2.6597556e+00
   2.0000000e+00   8.8393163e-01  -1.5901664e+00  -2.8765002e-01  -9.3097060e-01  -1.5869789e+00   8.7043072e-01   5.5573563e-01   1.0031594e+00  -1.9363125e-02  -1.0844365e+00   2.5903225e+00  -1.9497277e-02  -7.0704819e-01   1.6937387e+00   1.1323976e+00  -3.0578363e-01   1.1507657e-01  -5.6207652e-01
   2.0000000e+00   1.6290786e+00  -1.0572413e+00  -1.3709931e-02  -1.1914834e+00   9.9426981e-01  -1.5352235e-01   3.3616131e-01   6.6935248e-01  -5.9898330e-01  -2.3173997e-01   7.5644253e-01  -7.0975442e-01  -1.4670073e+00  -2.7760322e-01   1.7377761e+00  -1.0511731e+00  -3.0706822e-01   1.9819391e-01
   2.0000000e+00   1.4016134e+00  -5.6616292e-01   5.2377365e-01  -4.1770818e-01   7.5505362e-01   3.5342321e-01   5.1641538e-01   1.2472162e+00   3.1205601e-01  -3.1112754e-01   3.5484104e-01  -1.7817936e+00  -1.5037285e-01   9.7497714e-01  -7.6031042e-01   6.2837616e-01   7.0810209e-01   1.1196100e+00
   1.0000000e+00   1.6555802e+00   7.5288730e-02  -2.6156239e-02  -8.3220129e-01   9.9651830e-01  -2.5611179e-01   5.1903555e-01  -1.1573475e+00   1.1518494e+00  -6.2139439e-01   2.0090580e-02  -1.1332304e+00   2.6821130e-01   1.4373362e-01  -4.1864281e-01   8.4885483e-01  -1.2874879e+00   8.2671164e-01
   2.0000000e+00   3.3970941e-01  -8.4164415e-01   2.0491123e+00  -3.2016859e-01  -3.5174695e-01   8.8016723e-01  -8.1333134e-01  -3.6370745e-01   6.8859744e-02   1.3327435e+00  -2.1876443e-01  -5.0631662e-01   4.4702534e-01  -1.9168809e-01   2.7296069e-02  -1.5781985e+00   3.9774269e-01   1.7991398e-01
   2.0000000e+00   3.0274123e-01   5.0919329e-01   1.6193068e-01  -8.2681426e-01  -1.6902236e+00  -1.8634122e-01   9.5863967e-01  -5.0285502e-01  -1.0304091e+00  -8.0445479e-01   2.1772453e+00  -3.2681205e-01  -1.2787359e+00  -6.7678926e-01  -9.6726795e-01  -4.6763477e-01   6.9749134e-02   7.0851436e-01
   1.0000000e+00  -9.7514360e-01   5.3234827e-01  -6.4508516e-01   7.7425678e-01  -3.6195065e-01   8.9938097e-02  -6.6291114e-01   3.2872111e-01   7.8036118e-02   1.1088875e-01   9.3841495e-02   7.6245896e-01   1.0898776e+00   1.2899113e+00  -1.3616385e+00   5.8354431e-01   4.7728570e-01  -2.8807633e-01
   1.0000000e+00   1.0601203e+00   5.4485107e-01  -6.7936738e-01   1.4356398e+00  -9.7718356e-02   1.0451821e+00  -3.6334041e-01  -1.0040518e+00  -6.2432803e-02  -8.3386431e-01   8.2022658e-01   9.4152213e-01   1.4047845e-01  -6.2593675e-02  -1.6928042e-01   1.9131518e+00   2.2708900e-01   5.9397389e-01
   2.0000000e+00   1.4082201e+00  -1.8546333e+00   1.1473778e-01  -3.8832364e-02  -4.3824926e-02   5.7721020e-01   1.2596010e+00   1.0105766e-01   8.8641520e-01  -4.1169223e-01   1.6996864e+00  -7.0273547e-01   3.5760706e-01   1.2553899e+00  -1.5445172e+00  -1.6696726e+00   1.0668862e+00  -7.9853168e-01
   2.0000000e+00   1.4499520e+00  -1.7057843e+00   2.3099776e-01  -5.6769596e-01   1.9597109e+00  -1.0390732e+00   1.2720491e+00  -7.9837461e-01   3.8524729e-01  -9.5584740e-01  -8.1843221e-01   7.2639576e-01   3.3140613e-01   1.8386831e+00   1.4731860e+00   6.7440725e-01   8.8801060e-01  -3.1685067e-01
   2.0000000e+00   1.6023853e+00   9.3691091e-01  -6.9795628e-01   5.2712761e-01  -1.1710431e-01   8.8310766e-01  -4.1258068e-01  -7.9776026e-01  -1.4074823e+00   1.9512458e+00   1.6628651e+00  -7.0345136e-01  -1.4731738e+00  -1.0779037e+00  -1.7182228e+00  -1.1569407e-02  -1.5047779e+00   2.4468990e+00
   2.0000000e+00  -8.4561050e-01  -5.7806283e-01  -8.9407738e-01   8.2134229e-01  -2.8310498e-01  -1.3173842e+00  -5.0561545e-01  -6.9657267e-02  -2.7250862e-02  -1.3989173e+00   3.4421600e-02  -4.4962696e-02  -3.9297904e-01   5.0903616e-02   1.8402652e-01   1.0687144e+00   1.2492690e+00  -9.4891723e-01
   2.0000000e+00  -8.6377129e-01   1.2431244e+00  -2.3623445e-01  -6.3220737e-02   2.2751938e-01  -9.7220378e-01  -1.8475767e-01   6.4788345e-01  -1.3531859e+00  -4.5696229e-01   7.2976509e-02  -8.5205815e-01   1.0228930e+00  -2.6264207e-01  -3.1727776e-01   6.3496246e-01   1.0225230e+00  -1.5021089e+00
   2.0000000e+00   1.5219346e-01  -1.9328695e-01  -7.1525009e-01   4.8174324e-01  -1.6731595e+00  -1.3110400e+00   8.7719293e-01  -4.7436884e-01  -1.0647323e+00   8.8649983e-01   2.5664953e-01  -7.5229126e-01  -1.7940530e-01  -8.7490756e-01   7.9891233e-01  -4.2448036e-01  -1.1487514e+00   1.3361818e+00
   2.0000000e+00   7.4140720e-01   9.0627346e-01   3.1979536e-01   2.3653901e-01   2.4939414e+00  -1.4687895e-01   6.4403499e-01   7.0667894e-01   1.2389933e+00   1.5217427e+00   3.7370335e-01   6.3241129e-01   2.2389599e+00   9.4234772e-01  -1.3468486e+00   4.4970082e-01   1.0683484e+00   1.2909756e+00
   2.0000000e+00   6.5338172e-01   1.9775673e-01  -5.0771295e-01  -1.0392781e+00  -1.5695430e+00  -2.0869439e+00  -5.5857175e-01  -5.2229297e-03  -2.7658689e-01   1.4074893e+00   9.3892383e-01  -9.6811895e-01  -6.1856286e-01  -2.1557320e-01  -1.6285379e+00  -7.2947259e-01  -9.1192941e-01  -8.2383884e-01
   2.0000000e+00   1.5147916e-01  -2.4783133e+00  -1.9540856e+00   7.8067996e-01  -9.2946114e-01  -1.8568984e+00  -1.5725211e-01   1.9202998e+00   1.9856791e+00  -1.5572371e+00   2.6661305e-01   6.5087732e-01  -3.0608570e-02  -1.1238800e+00  -1.8513635e+00  -8.3792880e-01  -6.3652011e-01  -4.5871407e-01
   2.0000000e+00   4.0231022e-01  -2.6762480e-01  -5.8558017e-02  -1.1206974e+00  -2.9360859e-01  -5.8366504e-01   1.1680018e-01  -1.2063614e+00   9.4143012e-01  -1.0086546e+00  -3.1305636e+00   5.4037440e-01   4.3101035e-01   2.7448583e-01  -5.3305865e-02   1.4867862e+00  -5.0161033e-01   2.1328232e-01
   2.0000000e+00   6.6742162e-01  -4.2084555e-01  -1.1504978e+00  -1.6991445e+00  -8.6535773e-01  -3.5211264e-01   1.4473239e-01   9.3633182e-01   3.2662821e-01   8.1130066e-01  -1.0865162e-01  -2.0364614e+00  -3.4370579e-01  -1.6984124e+00   8.3003540e-01  -3.9902503e-01   1.3340427e+00   1.3113572e-01
   2.0000000e+00   1.3048050e-01   9.3648717e-01   1.1331645e+00   1.6091841e-01   1.9906389e+00  -1.9363225e+00  -6.5186613e-01   3.1242692e-01   3.8125501e+00  -7.9525250e-01   1.0443592e+00   1.9443054e+00  -2.4724370e-01  -1.1931199e-01  -3.1562279e-01  -1.7117772e+00   3.2929911e-01   2.7710196e-01
   1.0000000e+00  -1.0085423e+00   2.0296970e-01  -9.9723404e-01  -1.2301295e+00   2.3508758e+00  -8.7284185e-01  -3.9188315e-01   8.8041288e-01  -3.4864447e-01  -2.2465991e-03  -3.4384420e-01   7.5338825e-01   2.3691980e-01   7.4868059e-01  -5.9335563e-01  -6.1715767e-02  -1.7676762e-01   8.8115355e-01
   2.0000000e+00   4.3979237e-01  -8.9318067e-01  -6.4439585e-01   1.8161783e-01  -6.1326494e-01   1.0395603e+00  -2.0723787e-01   6.4175819e-01  -2.9042120e-01  -6.4015266e-01   8.6864058e-01   6.5800394e-01  -2.8260375e-01   4.0209810e-01  -3.8169633e-02   1.0845687e+00  -1.1824249e+00   2.4231140e+00
   1.0000000e+00  -7.6465360e-01   6.3812529e-02   1.3683636e+00  -7.7554796e-02   8.4786826e-01  -8.6741872e-01  -3.7315152e-02  -9.2797224e-01   6.1396936e-01  -1.3191780e+00   5.1535438e-01   6.2473863e-02  -1.0611273e+00   9.8702541e-01  -5.0517094e-01   1.3331240e+00  -6.1510501e-01  -3.5809254e-01
   2.0000000e+00  -1.7569879e+00  -4.4238159e-01   7.8941026e-01  -1.0924974e+00   8.9870538e-01  -1.0600323e-01  -5.1787953e-01   3.4828371e-01   7.9955979e-01  -5.1396547e-01  -6.9710200e-01   4.7866626e-01  -7.4346681e-02  -1.0076133e+00   1.0074414e+00  -4.5634881e-01  -3.6795296e-01   3.9852325e-01
   1.0000000e+00   2.5736974e-01   4.8482585e-01   1.6913792e+00  -1.4017763e+00  -1.3169977e+00  -1.7478468e+00  -5.8055111e-01  -5.9138197e-01  -3.6690001e-01   8.3652680e-01  -1.0321416e-01   2.1552496e-01   1.2678424e+00  -1.9610041e+00  -9.2134164e-01  -4.7839610e-01   9.7357113e-01  -1.8341416e+00
   2.0000000e+00   8.7990528e-01  -4.4041824e-01  -2.2826552e-01   1.7061655e+00  -5.9829970e-01   1.0683543e+00   8.5819352e-02   3.0338773e-01  -8.0015388e-01  -2.9512988e-01   1.4612170e-01   1.7771052e-01  -9.6267161e-02  -1.3515531e+00  -3.6167045e-02  -2.9086783e+00  -1.4680210e+00  -6.1388665e-01
   1.0000000e+00  -2.5044488e-01   7.5783367e-01  -1.6380980e+00   6.6770634e-01  -2.0221863e-01  -7.6071127e-01   5.6111631e-01  -6.5064877e-01  -2.2263754e+00   4.1238148e-01  -5.1914834e-01  -1.7021533e-01  -3.6479650e-01  -9.5370671e-01  -1.4091448e+00  -3.9634517e-01  -1.2614167e+00  -2.2371119e-01
   2.0000000e+00  -6.2466317e-01  -3.3033937e-01  -3.0244190e-02  -7.5757052e-01   6.8423338e-01  -1.2951407e+00  -6.4421559e-01  -9.8254387e-01   1.5664560e+00  -8.2899686e-01  -5.4636513e-01  -7.8074277e-01  -1.8175553e+00   8.9931934e-02   1.5412207e+00  -1.3484221e+00  -2.1744703e-02  -8.0942968e-01
   2.0000000e+00  -1.5693316e-01  -8.4239346e-01  -3.7832489e-02   2.3215842e-01  -1.6852473e+00   1.1696435e+00   5.2162204e-01  -1.8455888e+00   8.4096987e-01   4.2770318e-01  -4.3936401e-01  -6.5167481e-01   1.2527521e+00   1.8708022e+00  -3.8404705e-01  -1.6153929e-01  -1.3189948e+00  -6.3848845e-01
   2.0000000e+00  -1.1762497e+00  -2.2496199e-01   8.6823670e-01   1.1606598e+00  -9.1534842e-01  -1.4657326e-01   8.0072084e-02   2.2643026e-01   1.0463491e+00  -6.9516118e-02  -1.0056481e+00   1.1737949e+00   2.0515099e+00  -1.3592414e+00   2.9737399e+00   3.1256369e-01   2.9394575e-01   1.8300402e+00
   2.0000000e+00   7.7410085e-01  -1.4063035e+00  -6.8685316e-01  -7.7859449e-01  -8.5006629e-01   8.3691334e-01  -1.3690281e+00  -2.0581764e+00  -4.8297952e-01  -2.1403944e-01  -7.0455332e-01   2.2274319e+00  -6.5485228e-01  -2.2697547e+00   5.0659261e-01   1.4896002e-01   1.8328539e-01  -1.2005532e+00
   2.0000000e+00  -5.7118003e-01   2.0329856e+00   6.7205854e-01   8.7246656e-01   4.2448886e-01  -1.0873109e+00   1.7814751e-01   2.3648465e+00   8.8912003e-01  -2.2726254e+00   5.4445579e-01   7.6462349e-02  -2.3648339e-01   2.1878383e-01   1.8784633e+00  -5.1535819e-01  -3.3810298e-01   1.0132258e+00
   1.0000000e+00   2.5601931e-01   4.0640643e-01  -1.0454042e+00  -1.2907263e+00  -1.2203624e-01   5.2468597e-01  -7.6459221e-01  -8.3865899e-01   2.6982817e-01  -4.8409538e-01  -8.7498184e-01  -1.0040819e-01  -2.6150237e+00   9.9136740e-01  -1.8476985e-01  -3.1419562e-01   3.8861171e-01  -2.8983292e-01
   2.0000000e+00  -4.5656407e-01  -6.1427633e-01   4.2773325e-01  -1.3997185e+00  -9.5707623e-01   3.2999096e+00   5.0639924e-01   5.8741637e-01   1.3604554e+00  -1.3695338e-01   4.9698920e-01   4.6545233e-01   1.1314813e+00   7.6410077e-01   8.1851576e-01  -8.4310667e-01   1.5235543e+00  -8.3126910e-01
   2.0000000e+00  -1.1475250e+00   2.0446874e+00   1.8645357e+00   1.4786463e+00  -1.6691582e+00  -3.4300510e-01  -3.0669021e-02   6.7867080e-01   8.8072262e-01  -3.8618289e-01   5.6510909e-01  -8.3840955e-01   2.3909513e-01   3.8031045e-03  -1.5665744e-01  -2.8486900e-01  -7.7694509e-02  -3.6484772e-01
   1.0000000e+00   9.7038324e-01   2.8851864e-01   1.2558706e+00   6.9715726e-01   9.5516014e-01  -1.2557974e+00  -7.4332991e-01  -1.0116728e-01  -1.4216838e-01   3.8538938e-01   8.5463200e-01   1.1456806e+00   1.2918633e+00   8.6909345e-01  -1.4060241e+00   1.4294744e+00   9.5178545e-01  -1.1558430e+00
   1.0000000e+00   1.2172245e+00   9.9183684e-02  -1.8656924e-01  -1.2425217e+00  -9.6101443e-01   3.4021491e-01   2.4861076e-01   4.8736256e-01  -2.3576105e-01  -1.7834974e+00  -1.7077852e-01  -8.3983698e-01  -1.0460374e+00   1.3953690e+00  -1.1897420e-01   6.7665428e-01   6.0858866e-01  -9.7228391e-01
   1.0000000e+00   1.2065785e+00   5.5975967e-01   8.6284083e-02   1.4149730e+00  -9.7669237e-01   5.3126370e-01   7.2886813e-01  -1.0186566e+00   1.0974752e-01  -1.3580139e-01  -4.5522838e-01  -1.1786646e+00  -1.5593998e+00  -1.4895349e+00   8.2553510e-01   1.7758196e+00  -1.3597501e+00  -3.4764633e-01
   1.0000000e+00  -2.5341866e-01   4.6072955e-01  -1.1376374e+00  -4.9069559e-01  -2.5936917e+00  -7.2860882e-01   4.0891141e-02   1.3585403e+00  -1.0411299e+00   8.2070154e-01  -4.3150697e-01  -8.2136614e-01   5.0918196e-01   1.1357748e+00   2.1694243e-01  -1.1763148e+00  -1.6596488e+00  -2.7876455e-01
   2.0000000e+00  -3.7034937e-01  -1.0221909e+00  -1.2882455e+00  -1.2132801e+00  -2.3588066e-01  -6.9502426e-01  -3.1718342e-01   8.6795728e-01  -1.2690208e+00   8.4192015e-01   7.5759171e-02  -1.0993135e+00   1.3488114e+00  -2.1793480e+00  -8.9050960e-01   1.1832640e+00  -2.4907562e+00   5.6503885e-01
   2.0000000e+00   7.2245713e-01  -4.2886375e-01   1.4210818e+00   1.1601548e+00   4.8568571e-01  -7.8652647e-02  -4.1935924e-01  -9.2406547e-02  -1.2152169e+00  -8.8325788e-01  -6.0581240e-02   6.1092770e-01   7.2704119e-01   9.6987086e-01   1.1596029e+00  -2.5498905e+00  -4.2303998e-01  -4.7405033e-01
   2.0000000e+00   3.2137074e-02   2.0193785e+00   4.6601051e-01  -1.9602474e-01   1.0196740e+00  -6.0326879e-01   1.5511112e+00   7.1150764e-01  -6.3379264e-01   7.0604274e-01   4.8859861e-01   2.0111733e-01   8.4429965e-01   3.4773971e-01   4.7322167e-01   1.3058542e+00  -4.7671247e-01  -7.0133952e-01
   2.0000000e+00  -1.8584982e-01   1.9070403e-01  -1.4056400e+00   8.7665559e-02   2.4001318e+00  -1.1493095e+00  -1.6229238e+00   1.1827553e+00   6.6576191e-01  -2.9524030e-01   5.0577052e-01   1.4367177e+00  -6.6637746e-01   2.0631058e+00   6.9383373e-01   1.8089260e+00  -7.0913953e-01  -1.3110434e+00
   2.0000000e+00  -3.0088995e-01  -2.2905378e+00   1.8149009e-01   2.7900886e+00   9.3617227e-01   2.7759254e-01   3.2831625e-02  -1.2428661e+00   9.3484179e-01   2.1248492e-01   9.7112015e-02  -4.5716423e-01  -4.6041055e-01  -3.4500128e-02   1.9322381e-02   9.2804044e-01   1.0781407e-01   1.2224605e-01
   2.0000000e+00   1.0076475e+00   3.2659867e-01   2.0322173e-01   5.0704459e-01   1.0085960e+00   5.2742665e-01  -9.5308474e-01   3.8470729e-01   1.3120739e+00   3.5650207e-01   2.5978839e-01  -1.2692089e+00  -5.1796362e-01  -2.6520358e-01   7.1441351e-01  -7.5715588e-01   1.7099406e-01   1.5605377e+00
   2.0000000e+00   6.0601245e-01  -2.4140167e-01   1.0269776e+00   1.4654346e+00   4.3791811e-01  -8.7549284e-01  -1.7995558e-01  -8.4263093e-01   2.5962217e-01   2.0533665e+00  -3.0287952e-01   8.1459218e-01   1.0545958e+00   9.0116587e-01  -1.9708830e-01  -1.7261907e-01   1.2329924e+00   8.4818959e-01
   2.0000000e+00   2.1776980e-01  -2.3993137e-01   1.2379354e+00  -3.9942814e-01  -7.7714331e-01  -2.8193796e-01   8.1740448e-01   1.2358632e+00   3.2534449e-01  -1.7022634e-01  -1.6829908e+00  -3.8734838e-01   1.5023807e-01   2.0487811e+00  -3.7038334e-01   1.1915828e-01   7.2597659e-01   2.6206995e-01
   1.0000000e+00   6.4229709e-01   2.7480051e-01   1.2064280e+00  -1.0608808e+00   3.6577485e-01  -1.0800988e+00  -9.3669644e-01   1.1504164e-01   1.0838382e+00  -1.2139112e+00   2.0877190e-01   7.7666121e-01   5.5189323e-02   3.2994214e-01  -1.3972612e+00   1.8242336e-02   4.7581004e-01  -4.0065139e-01
   2.0000000e+00   3.1816157e-01   2.0759621e-01  -1.4276677e-01  -5.8216908e-01  -2.5554103e-01  -1.1872785e+00  -1.1252711e+00   3.0793506e-01   2.3311147e-01   5.5618161e-01   1.3685525e+00  -2.9062920e-01   6.8793368e-01   2.1398224e+00  -3.4003125e-01   5.4236964e-01   8.0941928e-01  -4.3362633e-01
   2.0000000e+00   2.5452978e-01  -3.3973787e-01   1.1933736e+00   2.8554373e-01  -4.9621999e-01  -9.6941429e-01  -2.2454641e+00  -1.5020905e-01   9.8792199e-02   8.7380869e-01  -9.9029303e-01  -3.5782652e-01   2.5538845e+00   5.0009912e-01  -1.0502047e+00  -6.4895816e-01   4.7037565e-01   3.1927799e-01
   1.0000000e+00  -6.9065094e-02   1.3329332e-02   2.3840476e-01  -4.3479682e-01  -5.8254081e-01  -1.0337917e+00   1.5809869e-01  -1.1636862e+00  -5.4745288e-01   8.6828767e-01  -4.9341497e-01   6.6105514e-01  -2.5341452e-01   7.1685925e-01   7.7542247e-01   5.6863024e-01  -3.7039058e-01   2.5601071e-01
   2.0000000e+00   3.5901976e-01   1.5298891e+00  -9.3579772e-01   1.8175266e-01   1.2654367e+00  -1.4483962e-01   7.3304981e-01   1.6519623e+00  -4.6310872e-01  -7.0339226e-01  -3.3321526e-01   1.7096589e+00  -6.9610363e-01  -5.2974027e-03  -1.1329411e+00  -2.0722979e+00  -1.0408265e+00  -5.1727781e-01
   2.0000000e+00   2.5502949e+00   2.8995602e+00  -1.3569715e-01  -5.5130961e-02  -2.3689473e-01  -1.4477661e+00   5.7255045e-01  -2.1604476e+00   1.0671532e+00  -4.8987863e-01   1.3081137e+00   2.2560211e-01   6.0425106e-01  -2.5235515e-01   1.0557054e+00  -5.0383473e-01   2.0458017e-01  -1.7126837e+00
   2.0000000e+00  -4.4191696e-01   1.5702725e+00  -1.3647645e+00  -1.2773658e+00  -5.3097263e-01  -3.2778691e-01   2.4741789e+00  -5.4358581e-01   1.0103973e+00  -5.5822422e-01   2.5018715e-01   1.6393466e+00   2.8353896e-01   1.0532468e+00  -8.8377806e-02  -1.9625952e+00   1.0472865e-01  -1.8749389e+00
   2.0000000e+00  -3.4021948e-01   1.7372237e+00   2.0404581e-01  -8.1200593e-02   1.1320294e+00   1.0368184e-01   8.8483187e-01  -1.2154693e+00   8.7875235e-01  -7.6799736e-01  -7.6526786e-01  -1.1205906e+00   7.0670830e-01  -1.3088757e+00   7.7211524e-01   7.7932493e-02  -1.1653982e+00   1.7690513e+00
   1.0000000e+00  -5.8445363e-01   3.4362315e-01  -5.8134331e-01   1.2414613e-01   1.0517600e+00   7.5482386e-01   3.1011660e-01  -1.0235806e+00   7.9553315e-01   1.1842189e+00  -1.7600112e-01  -1.0570986e+00  -1.9892822e+00  -1.0160134e-01  -8.6781339e-01  -2.0613436e+00   1.2544123e+00   2.8333833e-02
   2.0000000e+00  -1.4488863e+00   1.0878456e+00   2.1345386e+00   1.5918522e+00  -1.0643030e+00  -3.3720151e-01  -2.5815759e-01  -1.6981639e+00  -1.5692612e-01  -1.7272003e+00   2.0327990e-01   5.7031366e-01  -2.0320198e-01  -2.4915655e-01  -1.2184485e+00  -8.3074143e-01   4.6728215e-01  -9.4665385e-01
   2.0000000e+00  -2.2692472e-01  -2.0782136e-01  -6.6508844e-01   1.8264745e+00  -2.1701211e-01   7.2827711e-01  -1.0073090e+00  -3.0676155e-01  -4.9870675e-01  -3.0678543e-01  -7.5453725e-01   6.1116563e-01   1.9997064e+00  -3.5374079e-01   5.4767956e-01  -8.7919854e-01   6.8438955e-01  -2.2352395e-01
   2.0000000e+00  -6.6376305e-01   2.5941210e+00  -8.1376931e-01  -4.9089786e-01  -7.0796096e-01  -6.2039137e-02  -3.0878383e-01   6.5287750e-01   1.7682640e-01  -1.7019421e-01   6.4513667e-02   7.8189447e-01  -8.4179172e-01   1.9288318e-01  -9.7888743e-01  -1.5124028e+00  -1.2788393e+00  -1.0033063e+00
   1.0000000e+00  -8.1382058e-01   7.0921556e-02  -3.6135522e-01  -8.1288390e-01   1.1264701e+00   2.8161852e-01   2.9547864e-02   2.0819637e-01  -5.9171045e-01  -1.1948890e+00   1.7628837e+00   1.4269627e+00  -2.6614778e-01  -1.8199272e-01  -2.5077516e+00  -1.1498673e+00  -3.6587920e-01   1.4899259e-01
   1.0000000e+00  -3.5641952e-01   2.2601122e-01   8.2715343e-01  -1.9094542e-01  -2.2145441e-01   1.8872050e+00   6.6602780e-01  -1.3970822e+00   5.8261131e-01  -9.6073889e-01   6.8912802e-01   5.4636928e-01  -1.9673002e+00  -6.8063308e-02   5.2090898e-01  -1.2621505e+00   1.7645405e+00   7.2778124e-01
   1.0000000e+00  -1.4408522e+00   6.5024728e-01  -8.8678195e-01   2.1152886e+00  -1.3796844e+00  -9.5936715e-01  -6.3288338e-01  -2.7320312e-01  -6.9803448e-01  -1.3639801e+00   1.6483962e-01  -5.0025073e-01  -4.1627429e-01   4.7031786e-02   3.5980210e-01   1.0827172e+00   6.8396422e-01   2.1080168e+00
   1.0000000e+00  -1.6708837e+00   1.8924441e-01   9.2720861e-02   7.7054858e-01  -4.9398785e-01  -3.6911767e-01  -7.6912445e-01  -3.4285775e-01   1.3737198e-01   2.3439609e-01  -3.4541656e-01   1.4316616e+00  -2.2754855e-01  -5.0885066e-01  -2.8682153e-01   1.4007563e+00   4.6682228e-01   4.8173158e-01
   2.0000000e+00  -7.4224182e-01  -4.3701020e-01   1.1640819e+00  -1.8320229e+00   2.2032866e-01   4.0488907e-01   1.4650701e+00   7.4021411e-01  -2.3776364e+00   5.6139153e-01   4.6190498e-01   1.4270015e-01  -5.2176176e-01  -9.5814789e-01  -1.3043065e+00   2.6910979e-01  -9.0271626e-01   3.8186532e-02
   2.0000000e+00  -9.5394681e-01  -1.0732114e+00  -1.0217963e+00   1.0689349e+00  -5.4315779e-01   1.1084489e+00   9.5503602e-01  -8.6384731e-01   1.5305046e+00  -5.8302403e-01  -3.2457509e-01   1.0427480e+00  -8.8906198e-01  -4.8878994e-02  -1.9223648e-01  -6.3443292e-01   1.2248392e-02  -2.4163569e+00
   2.0000000e+00  -5.4822218e-01  -1.4549488e+00   1.1100083e+00   1.1914270e+00   6.7436820e-01   8.7446771e-01   9.0437474e-01   3.3336196e-01  -1.2095259e+00  -1.2403635e+00   8.1274695e-02   4.7788928e-01  -1.1750112e+00   8.1164995e-02   2.6454508e+00  -8.6245815e-01   5.5504563e-01   2.8574494e-01
   2.0000000e+00  -3.8855739e-01  -6.6505648e-01  -7.0290709e-01  -9.8060071e-01   7.3716502e-02  -2.3847211e-01  -9.5987315e-01   1.4849460e+00  -1.0827144e+00   1.6241902e+00  -1.3622773e-02  -6.3648467e-01   1.2444422e+00  -1.5305643e-01   1.0131667e-01  -1.5778322e+00  -1.0667919e+00   2.3477551e-01
   1.0000000e+00  -9.5069231e-01   7.1290925e-01  -3.7058916e-01   9.6818718e-04  -6.6896528e-02  -4.6603895e-01  -2.6772399e-01   3.5530958e-02  -1.0529410e+00  -4.6416557e-01   1.1453550e+00  -4.6480088e-02  -1.3096388e+00   1.0080196e+00  -8.2830789e-01   9.1920480e-01  -5.0926214e-01  -2.1489675e+00
   2.0000000e+00   1.0553773e+00  -1.2445721e+00  -6.5095537e-01   1.2353162e+00   5.8576690e-01  -2.7250049e-01  -2.2593476e-01   8.6832470e-01   2.3740445e-01   2.4533894e-01   1.5888088e+00  -8.0692672e-01   1.9407597e-01   1.4749335e+00   2.3734821e-01  -4.7777941e-01  -8.0327096e-01  -1.4315041e-01
   2.0000000e+00   7.8565455e-01   1.2455438e-01  -4.1062496e-01  -2.5140050e-01  -6.4421788e-01   7.8288950e-01  -1.8937910e+00   8.7021785e-01  -6.3544702e-02  -8.6007933e-01  -1.7994259e+00  -1.9621624e+00  -1.4323321e+00   6.4419164e-01   6.9644687e-01   5.8468876e-02   6.5462484e-01  -4.5318581e-01
   2.0000000e+00   2.9254871e+00   2.6375565e-01  -1.2387540e+00  -1.8617717e+00  -8.7386728e-01  -7.9412309e-01  -1.2956784e+00  -9.6174107e-01  -2.1216914e+00  -1.4818791e+00  -3.9098611e-01  -1.8343463e+00  -1.3214894e+00  -1.0759084e+00   9.7274206e-01  -5.6807570e-01   3.4648049e-01   7.8461350e-01
   2.0000000e+00  -2.1839875e-01  -9.7743626e-01  -1.2658662e+00  -1.4138944e+00   1.2071013e+00  -8.2426150e-01   9.0213609e-01  -1.5915043e+00   6.8969307e-02  -1.0646311e+00  -9.1362372e-01   5.9196559e-01  -5.2712836e-01  -1.5185960e+00   4.8510386e-01   1.4609230e+00   2.2093334e-01   1.7433595e-01
   2.0000000e+00   5.2171606e-01  -8.3637195e-01   6.1925085e-01   1.6110442e-01  -1.0074448e+00   1.8780575e-01   6.3318329e-01   3.6122758e-02   1.1798569e+00  -3.0650325e-03  -1.7773749e+00  -4.6440000e-01  -9.2983805e-03   1.3038937e+00  -1.1221182e+00  -6.8692052e-02  -1.3240777e-01   7.7282464e-01
   1.0000000e+00  -1.1474582e+00   3.3807691e-02  -7.0479952e-01   3.8369359e-01  -4.4802365e-01   2.7998470e-01  -1.1681046e-01   9.6367969e-01  -8.2233156e-01   3.2014675e-01   8.9228889e-02  -7.6984012e-02   1.5813888e+00  -2.9579877e-01   3.7040246e-01   8.2912841e-01  -1.7990421e+00  -1.5788341e+00
   2.0000000e+00  -1.0875577e+00  -5.8188765e-01  -4.8286393e-01   2.6647230e+00   5.8298677e-01  -4.6048538e-01   7.6956766e-01  -8.6694911e-01  -8.1325691e-01   7.6382486e-02  -9.2532394e-01   1.6383769e+00   9.2184998e-01  -1.6553281e-01   2.5444101e-01   3.0918095e-01   5.2416494e-01  -2.3019737e-01
   2.0000000e+00  -3.7685072e-01   4.2793018e-01   1.1887396e+00  -2.0225811e+00   1.8930412e+00   1.3033725e+00  -1.7427613e+00   4.7431232e-01  -5.9493842e-01  -1.5557415e+00   3.7353812e-01  -1.4018760e-01  -1.0919192e-01   8.0287357e-01  -5.3419537e-01   1.0334689e+00   1.1814378e+00   1.5161187e+00
   2.0000000e+00  -3.5303028e-01  -8.8231631e-01  -1.4969154e+00   7.3181376e-01   6.4331167e-01   1.3101384e+00   2.9492990e-02  -2.3672170e-01   2.3286582e+00  -1.7078930e-01  -5.6929329e-01   5.2825623e-01  -1.2079425e-01  -5.1159027e-01  -3.0360853e+00   2.1543511e-01   1.3085597e+00  -1.4182958e+00
   2.0000000e+00  -4.2887576e-01  -7.4360176e-01  -9.1282683e-01  -1.0508180e+00   1.5471294e-01  -6.1407811e-01  -7.8183495e-02   4.0591762e-01  -3.6839113e-01   7.1837385e-01   3.2595999e-01  -5.7175868e-01  -2.2243842e-01  -1.9587283e+00  -7.4942312e-01   3.0539498e-01  -5.4518491e-02  -1.4032996e+00
   2.0000000e+00  -3.9099196e-01  -1.9865222e-01   7.3982794e-01  -3.2795469e-01   4.0938698e-01  -1.0550384e+00   8.0332665e-01  -7.6145616e-01  -1.1400929e+00  -1.9448884e-01   5.2475736e-01  -1.4395836e+00   1.7042448e+00  -2.4734221e-01   4.3458704e-01  -1.1258061e+00  -1.9381347e+00   9.5190399e-01
   2.0000000e+00  -2.1861969e-01  -1.3740236e+00   4.6230870e-01   1.5426751e+00  -2.8795742e-01  -8.6353624e-02   1.2497507e+00  -2.0694837e-03  -1.3902093e-01   1.0325268e+00  -8.1438314e-01   4.4455306e-01  -5.9899629e-01   1.1429958e-02  -8.9249350e-01   1.6653516e+00   1.9691559e-01  -2.4207989e-01
   2.0000000e+00   1.0208273e-01  -4.9666128e-01   9.4199706e-01  -4.7018324e-01   3.5980443e-01   6.1947207e-01  -4.1664467e-01   1.2635076e+00   5.3204056e-02   2.2302048e-02   4.1347982e-02  -1.8965355e+00  -4.1670405e-01   5.8176403e-01   4.3523932e-01  -8.2247643e-01   1.3383932e+00   2.3192707e-01
   2.0000000e+00  -1.0740968e+00  -9.6253832e-01   7.6272101e-01  -1.4903124e+00   7.7859336e-02   4.2537893e-02  -9.8202417e-01  -5.3443161e-02   1.8128512e+00  -4.1322707e-01  -1.4055125e+00  -1.3859485e+00  -8.7451845e-01   2.5570198e-01   1.5674733e-02   2.8987960e-01  -1.6319921e-01   4.4875829e-01
   1.0000000e+00   5.1519774e-01   1.5553578e-01  -1.3161962e+00   8.1721939e-01  -2.1179357e+00  -1.5072982e-01  -4.1465882e-01  -2.1985470e+00   1.2341378e+00   3.5357207e-01   1.7361122e+00   4.4124606e-01  -7.4206137e-01  -4.1193290e-01   2.0000177e+00   3.4163552e-01   1.9079170e+00   8.0465168e-01
   2.0000000e+00  -2.8954090e-01  -1.3963789e-02   1.2145476e+00  -9.3024892e-01   5.6832317e-02   2.8754415e-01  -5.5202406e-01   4.1828944e-01   3.0057164e-01   5.3142350e-01   1.0792848e+00  -1.6316710e-01  -1.0837004e+00  -1.2566723e-01  -1.5533588e+00  -8.4628969e-01  -8.5107057e-01   1.4426098e+00
   2.0000000e+00  -7.0384703e-01   2.0681727e-01   1.3639316e+00  -7.8036677e-02  -8.3539151e-01  -1.2873197e+00  -1.1625738e+00   9.2192224e-02  -6.0578859e-01  -6.9819109e-01  -2.8475969e-01   2.9687936e-01  -7.1907003e-01  -3.4648888e-01   1.5006315e+00   6.0198824e-01  -1.4592433e+00   9.2387234e-01
   2.0000000e+00   6.1919393e-01  -7.0389695e-01   1.1934478e+00  -6.6404006e-01   6.1510016e-01   5.0046572e-01  -1.1528497e+00  -7.4514179e-02   9.4494320e-01   6.1795632e-01   2.5398475e-02  -2.1049360e+00   1.2691853e-01  -2.5395855e-01   1.5261005e+00   3.4430281e-02  -3.7578371e-01   1.2440148e+00
   2.0000000e+00  -1.3156021e+00   2.3188209e-01   1.8306940e+00   9.4245777e-01   1.7631074e+00   2.2789334e+00   1.5588458e+00   4.0718728e-01   2.1746285e-01   5.9577008e-01  -7.6971830e-01  -7.8678837e-01  -1.0578868e+00  -1.4416502e-01   6.3953067e-01   9.6741263e-01   1.8655826e+00   2.0837895e+00
   2.0000000e+00   1.3156110e+00  -1.1595382e+00   4.8849091e-02  -2.6367781e-01  -4.3771489e-01   1.4718010e+00   2.0987735e+00  -9.8252938e-01   6.6412639e-01  -3.4659525e-02   1.9139385e-01   1.3823363e-01   3.0885079e-01   2.0256044e-01  -7.3999500e-01  -1.7849945e+00  -1.1062083e+00  -5.5133059e-01
   2.0000000e+00   3.7809862e-01  -2.6216596e-02  -5.2841707e-01   3.6081140e-04   1.7569343e+00  -1.2973319e+00  -1.0106192e+00   9.9120517e-01   2.4857282e+00  -1.8001201e-02  -1.3369907e+00   2.3651078e+00   6.1145612e-01  -5.5335930e-01   7.1077472e-01  -9.6285564e-01   1.5471006e+00   1.1665350e+00
   2.0000000e+00  -3.1771552e-01  -4.4067481e-01   1.6075424e+00   7.9477196e-01  -6.1784212e-01  -7.9778652e-01  -1.0787035e+00  -1.4091529e+00  -1.1802572e+00   9.8196882e-01   1.7208408e+00  -1.9156287e+00   6.3044552e-01  -6.6449386e-01  -1.1655584e+00   5.9344090e-01  -1.6020843e+00   1.2862113e+00
   2.0000000e+00   6.2706374e-01   8.9698963e-01  -6.4333877e-01   6.0817312e-01  -1.3812874e-02  -2.9625881e-02   2.4928255e+00   1.1431564e+00  -1.4918763e-01  -1.6880439e+00   2.8619173e-01   1.2007253e+00  -5.7680640e-01  -7.2383746e-01  -1.0113325e+00  -7.5361473e-01   3.6973786e-01   5.9252947e-01
   2.0000000e+00  -3.7480960e-01  -3.3485418e-01   1.0426025e+00   1.5739815e+00  -3.6852122e-01  -9.8046493e-01  -8.0882325e-01   7.3316194e-01   2.4755342e+00   8.2123939e-01   8.9571044e-01  -1.1264739e+00  -2.6144518e+00  -4.8504996e-01  -1.2808201e-01  -4.4499378e-01  -9.4906206e-01  -1.8163857e-01
   1.0000000e+00   6.0177547e-01   1.0679922e-01   7.9515246e-01   7.1846351e-02  -3.3837322e-01  -8.5824018e-01  -9.7263162e-01   7.8027893e-02   3.1765569e-01   1.7817127e-01   1.4269426e+00  -2.2484571e-01  -1.0197370e+00  -2.6997584e+00  -1.4827082e+00   1.3550157e+00  -1.2516807e+00  -7.9250202e-01
   2.0000000e+00   3.4380405e-01   3.8153433e-01  -5.6444704e-01   1.7353507e+00  -1.9265404e+00  -8.7945300e-01   1.2257941e+00   5.5949065e-01  -9.0704763e-01   7.5865078e-01   8.3020950e-01  -1.3338741e-01  -1.8602274e+00  -8.0125408e-01  -1.3935077e+00  -7.4531030e-01   6.6602494e-01  -5.4068813e-01
   2.0000000e+00   1.8240323e+00  -7.5507491e-01   7.0108132e-02   1.7777904e+00  -6.0515671e-01  -2.5959692e-01   7.8687398e-01  -1.9954234e-01  -7.5920449e-01  -2.7644277e+00   3.2680528e-01   7.0777389e-01  -1.6679272e+00   6.8333047e-02  -6.5125519e-01  -1.1503085e+00   1.1973456e-01  -7.9596212e-02
   1.0000000e+00   1.1245577e+00   8.1829602e-01   8.3330916e-01   2.1814217e-01   3.1679974e+00   1.1087851e+00  -1.9495470e-01  -4.5626811e-01   9.5784331e-01   3.5305322e-01   2.4798692e-01  -1.5263252e+00  -7.3041475e-01   1.7245028e-01  -3.1120246e-01  -1.2412788e-01   8.6142121e-01   1.7339909e+00
   2.0000000e+00   6.5035053e-01   1.9385758e-01   1.1792112e+00  -1.4446918e-01   1.2229374e-01   2.0401823e-01  -1.5460698e+00   1.3147760e+00   1.4092951e-01   2.0588995e-01   7.5280012e-01   2.8019286e-01  -1.7551796e-01  -7.9404376e-01   1.4289473e+00   2.3518620e+00   9.2877346e-01  -1.9701440e+00
   2.0000000e+00  -3.9968485e-01  -1.0199960e+00   5.9211073e-01  -1.8634256e+00  -1.3816742e-02  -1.2442553e+00  -5.2159604e-01  -1.1714233e-02  -3.1680560e-01  -4.0909576e-01   1.1942481e-01  -8.2976446e-01  -1.0512478e-02  -1.1599555e+00  -7.7528288e-01   1.2777024e+00   3.6288643e-01  -9.8652765e-01
   2.0000000e+00  -3.2459898e-03  -6.9947877e-01   6.0691040e-01  -1.5548380e+00  -5.8174947e-01   7.0007338e-01   9.0831411e-02  -7.7537769e-01   6.1138240e-01   9.2023454e-01  -3.0434187e-01   1.2890795e+00  -5.0038744e-01   9.4120370e-01  -3.2617057e-02   6.0854574e-01  -2.0341385e+00  -4.7006421e-01
   2.0000000e+00   8.5106134e-01   2.0123911e-01  -1.0538440e+00   2.3506402e+00   2.2115463e-02   6.4140679e-01  -1.1741329e+00  -6.9350070e-02   1.6682319e+00   1.4393796e+00   5.6268491e-01  -8.1953157e-01  -1.5710944e-01  -4.4676367e-01  -1.0396554e+00   1.2547908e+00   1.4843035e+00   3.2364153e-01
   2.0000000e+00   8.8028410e-01  -1.2531352e+00   3.8932496e-01   1.0119741e-01  -1.6608761e+00   1.1277034e+00   2.6624087e-01  -4.7947333e-01   8.2607738e-01  -1.3634653e-01   6.5672710e-01   1.2948294e+00   2.5752244e-01  -3.6757776e-01   1.0500491e+00  -6.3373415e-01  -6.2050972e-01   4.0838644e-01
   2.0000000e+00   1.7323336e+00   2.9410773e+00  -1.8800335e+00   5.0803208e-01   1.1374362e+00  -1.3109130e+00  -6.4956757e-01   1.7407402e+00  -1.5392667e+00   1.4118289e+00   8.1286791e-01   5.1571842e-01  -9.8089520e-01   8.2475848e-01  -4.4845965e-01   1.4712338e+00   1.7102868e+00   4.4310094e-01
   2.0000000e+00  -1.1791553e+00  -6.2608563e-01   2.8368907e+00   1.2573367e+00   1.3189085e+00  -2.5145527e+00   7.2514688e-01  -7.2361353e-01   1.4216149e+00  -8.0228345e-02   2.3430611e+00  -1.2396329e+00   1.7481590e+00  -4.7031531e-01   4.3311167e-01   2.8999171e-01  -5.0447403e-01  -1.2623764e+00
   2.0000000e+00   7.6833327e-01  -1.8443017e-01  -3.9203425e-01  -1.8680323e-01   5.7529444e-01  -9.9015625e-01   1.2742106e+00  -3.8476883e-01   8.5019028e-01  -1.2108760e+00   1.0450631e+00   1.0952052e+00   1.1596721e+00   1.3413096e+00  -2.5539791e+00   9.5649102e-01   8.9051642e-01   4.9837122e-02
   2.0000000e+00   7.0452663e-01   2.2723829e-01  -3.0807659e-01  -6.3068456e-01   2.0148839e+00   8.7306072e-01   1.6015785e+00  -8.7792483e-01  -1.4284055e-01   2.9568186e-01  -1.8514085e+00  -1.4781398e+00   9.2316552e-01   4.9576152e-02   1.8489245e+00  -7.4305941e-01  -9.8870808e-01  -8.1163484e-01
   2.0000000e+00  -6.9151733e-02   5.5218449e-01   1.5807934e+00   1.0579874e+00  -5.8555534e-01   1.4500249e+00  -1.0619845e+00   5.8298534e-02   5.6340685e-01   1.5263800e-01  -1.1829009e+00  -9.1636094e-01   2.1797720e-01  -3.3065546e-01  -1.3512326e-04   1.2441258e+00  -1.6905310e+00   1.2980629e-01
   2.0000000e+00  -1.1771273e+00   5.8998690e-01  -6.7940416e-01   1.3941550e-01   1.4508450e+00   8.6221702e-02   1.4378198e+00  -1.6935932e-01   1.1208262e-01  -1.6916328e+00  -4.9542269e-01  -5.5721050e-01   1.7951065e-01  -1.0136473e-02   1.3069410e+00  -1.8788333e+00  -1.0681540e-01   4.8476898e-01
   2.0000000e+00   7.3440442e-01   1.7072504e+00   4.6977249e-02  -1.3660281e+00   8.2595977e-01  -1.3595964e+00   7.3563367e-01   1.1668579e-01  -1.5434305e+00   2.2964888e-01  -2.8072733e-01   1.0912687e+00   6.2445598e-01   1.8932190e-01   2.5543490e-01  -8.2494309e-01   3.3364805e-01  -6.0665498e-01
   2.0000000e+00  -1.4909036e+00   9.3845748e-01   9.6528233e-01   2.0286013e-02   7.6931387e-02   5.4498139e-01   1.9856309e+00   1.2618344e+00   5.9684862e-01   1.3462116e+00   8.6346210e-01  -7.6514109e-01   1.2352751e+00   1.8308899e-01   2.7090670e-01   9.8442603e-01   6.0835207e-01  -1.2390668e+00
   2.0000000e+00  -4.1073745e-01   9.8378407e-01  -1.6327730e+00   2.0153587e-01  -1.5759602e-01  -2.3385330e-01   3.4370656e-01   5.3254174e-01  -8.2583247e-01  -7.7849105e-01  -6.7684924e-01  -3.7834012e-01  -7.6101663e-01  -8.4718854e-01  -3.0035157e+00  -8.4675962e-01  -4.3889587e-01  -1.6418946e+00
   2.0000000e+00  -1.7002467e+00  -9.5681620e-01  -2.7507816e-01  -4.1312296e-01  -8.2642799e-01   7.8616004e-01  -5.5180018e-01   2.5786844e-01  -1.2120626e+00   2.9145210e-01  -2.4834407e-01  -1.3696299e+00   3.1265430e-01   4.3284710e-02   9.9985666e-01  -7.7939661e-01   5.1628904e-01   1.8037257e+00
   2.0000000e+00  -2.5756333e+00  -5.9958403e-01   2.6224596e-01  -8.6827813e-01  -7.1956162e-01   9.7419969e-01  -3.6318227e-01   6.2019392e-01   1.0013005e+00   4.9680592e-01  -2.8464995e-01  -6.9878131e-01  -6.9956704e-02  -1.0605943e+00   1.5550112e+00   2.5821017e-01   1.4802715e+00  -1.1263468e+00
   2.0000000e+00   4.5956153e-01  -6.5639649e-01   1.7574506e+00   1.1566975e+00   1.2352718e+00   5.6457729e-01   4.1943629e-01   8.0758813e-02   3.1873109e-01  -7.5591805e-01   9.0455442e-01  -8.7061923e-02   5.0253618e-01  -6.6945592e-01   7.9384920e-01  -5.1678708e-01   1.2583722e+00   6.3985073e-01
   2.0000000e+00  -1.7157020e+00  -1.6394179e+00  -3.2407695e-01   6.3752721e-01  -7.3785296e-01  -1.4655045e+00   5.6020858e-01   2.7232249e-01  -1.4901589e-01   2.1817951e+00  -7.3632948e-01  -1.5398840e+00  -1.9526139e+00   3.2380913e-01   7.6593629e-03  -1.3873687e+00   1.4319788e-01  -7.2685154e-02
   2.0000000e+00   1.7737903e+00   8.4560619e-01  -2.6796734e-02  -1.2715805e+00  -2.5684309e+00  -3.0615088e-01  -1.8608072e+00   9.1024153e-01   7.0982813e-01  -1.2897164e+00   2.6032742e-01   3.7221080e-02  -5.5979256e-01  -2.0586290e+00  -9.3591881e-03  -1.2515032e-01   4.3267371e-01   5.2050562e-01
   2.0000000e+00  -8.5812115e-01  -2.2849662e-01   6.3297701e-01  -1.0326243e+00   5.8897659e-01   8.6473736e-01  -3.1794625e-01  -5.0448539e-01   6.3280953e-01   1.7961537e+00   1.3644661e+00  -2.1445240e+00  -1.5213697e+00   2.2031251e-01  -5.9826253e-01   3.8317236e-01   4.3810371e-01   1.2627834e+00
   2.0000000e+00   1.9169598e+00   2.2831269e+00   2.0473821e-02  -1.1151069e+00   9.1203932e-02   1.3153573e+00  -7.4617860e-01   5.2572928e-01   7.3215232e-01   1.2415018e+00   1.6578959e+00   2.0832028e+00  -1.6722662e+00   2.4878321e-02  -1.3483628e+00  -3.0398579e-01  -1.0260905e+00   6.8266124e-01
   1.0000000e+00  -1.4247457e-01   3.2493990e-01  -7.5554528e-01   1.3911694e+00   1.1801890e+00   8.3942828e-01  -4.6819570e-02   1.1144630e+00  -9.3440173e-01  -3.3781085e-01   9.3527235e-01  -4.1598822e-01  -7.2691582e-01   3.4685146e-01   6.6650147e-01  -8.1345926e-01   3.0794762e-01   6.7910513e-01
   2.0000000e+00  -3.9358179e-01  -1.3365674e-01   3.3013879e-02  -1.8575525e+00  -2.2241903e+00  -4.0776434e-01  -7.8589987e-01   1.1398303e+00   1.2490233e+00   4.4736044e-01   7.4318659e-01   6.1488823e-02   1.7647053e-01   1.3158153e+00   4.3284276e-02   4.3016422e-01  -6.1425557e-01  -2.1600377e+00
   2.0000000e+00  -2.7455229e-01  -1.7572277e+00   4.8010970e-01  -2.9317513e-01   6.5611817e-01  -4.8783559e-01  -1.4168979e+00  -8.6553855e-01  -4.8597046e-01   1.2059278e+00  -1.7250818e+00   2.0785851e-01  -4.6046714e-01   2.0841871e+00   1.8330993e-02  -9.2677941e-01   8.5998303e-01   1.1065900e-01
   1.0000000e+00  -1.9376247e+00   1.0111049e-01   4.0296501e-01   1.3334012e+00   4.9667485e-02  -1.5286273e+00   7.1814043e-01   1.3161171e+00   1.3909179e+00   1.5858900e+00  -4.4674217e-01   6.9054647e-01   1.5090477e+00   2.3536710e+00   1.2011775e+00  -4.2943679e-01  -1.0989795e+00  -1.6887730e+00
   2.0000000e+00  -2.3753559e-01   1.3533388e+00  -5.6863044e-01   7.5351929e-01   9.6471590e-02  -1.3237551e-01   7.8445021e-01  -2.1070676e-01   1.5031611e+00  -2.9744200e-01   6.9188866e-03   3.7808054e-01   3.0900329e-01   1.1308381e+00   3.7817973e-01  -1.4269275e+00   1.6428199e+00   1.8704324e-01
   2.0000000e+00   9.5481820e-02  -1.1241049e+00  -1.6663242e+00  -1.1690362e-01   2.7580592e-01   3.7084473e-02  -4.7363725e-01   6.1712604e-01  -2.7402247e-01   6.7981190e-01   4.2103225e-01   1.2598620e+00  -3.1353800e-01   4.5302354e-01  -3.1288945e+00  -1.5767932e-01  -1.0493434e+00   7.4444300e-01
   2.0000000e+00  -1.2077122e-01   3.4905179e-01   9.2918456e-01   7.3100786e-02  -8.9150719e-01  -8.3416385e-01   1.4904484e+00  -1.4008181e-01   1.4289914e+00  -3.1285969e-01   1.2969289e+00   9.1920215e-01  -2.3557452e-01   1.3676010e+00   7.2202946e-01   1.3519657e+00  -9.5412587e-01   4.4082871e-01
   2.0000000e+00   9.6438930e-01  -9.3147118e-01  -5.8088828e-01  -1.2349546e+00   3.3448751e-01   3.3114131e-01   1.5246872e-01  -6.5216164e-01   7.2203791e-01   7.9549407e-01   3.5968683e-01   3.6925024e-02   1.1488293e-01   3.3339096e-01  -6.7134114e-01   1.1128125e+00   4.8779576e-01   8.6289302e-01
   2.0000000e+00   7.8188832e-01   1.0453762e+00  -1.4417346e+00  -1.1410058e+00   9.3469114e-01  -1.2340219e+00  -3.1374165e-01  -1.6284191e+00   2.6802306e-01   5.4239894e-01  -1.3000840e-01  -1.0374402e+00   1.7703835e-03  -6.5339702e-01  -1.6170046e+00   6.1007752e-01  -7.7788641e-01   1.1326838e+00
   2.0000000e+00   1.5069355e-01  -1.2192902e+00   1.1923291e+00  -9.6643113e-01   8.9694711e-02   1.4469886e-02  -7.4880701e-01  -5.8342448e-01  -1.3685247e-02   3.7584035e-01  -1.8959017e-01  -1.2709534e+00   2.4151293e-01  -1.0219412e+00  -1.4054574e+00   1.0802103e+00   7.2957883e-01  -5.9318186e-01
   2.0000000e+00   1.4723312e+00  -7.9434309e-01   2.0319573e+00  -1.6790342e+00  -9.2458164e-02   3.5776433e-01  -1.3334457e+00  -3.8704580e-02   2.0905968e-01   1.1228163e+00  -3.4235045e-01  -1.7236150e+00   5.0075426e-01   1.4216676e+00  -1.2657080e+00   1.0303919e+00  -1.6439614e-01   9.9290602e-01
   1.0000000e+00   1.0411587e-01   3.5371368e-01   1.4686754e+00   1.7204479e+00  -9.9271231e-01   4.2391687e-01   7.2624968e-01  -1.5211803e-01  -3.9321334e-01   2.3853667e-02   2.2353634e-01  -4.0829290e-01   1.4521303e+00   1.9970535e+00   1.2216787e+00   2.5619422e-01  -3.6964164e-02  -7.8289818e-02
   2.0000000e+00  -1.5470148e+00  -1.0401233e-01   7.9145643e-01  -3.1179105e-01  -5.7265282e-01   1.8600852e+00  -7.4087332e-01  -1.4900661e+00  -1.1599782e+00  -3.2391861e-01  -6.2067997e-01   7.5191524e-01  -2.6582160e-01  -9.7473151e-01   8.7744353e-01   7.3931579e-01   7.2525433e-01  -4.4006988e-01
   2.0000000e+00   1.0960888e+00   2.3981792e-01   3.7531268e-01  -6.7444612e-01  -9.5779507e-01  -7.1955108e-01  -1.0805620e+00  -1.2666946e-01   6.0601733e-01   2.0987396e+00  -7.1176105e-02   4.1423103e-02  -5.0802757e-01  -8.2300162e-01   6.3798145e-01   1.6186000e-01  -1.2807655e+00  -1.0615468e+00
   2.0000000e+00  -7.7608709e-02  -1.8486554e+00   1.0898900e+00   2.8834478e-01  -5.4633022e-01  -2.0248554e-01   6.4209014e-01  -9.7106611e-01  -1.1664549e+00   6.9500828e-02   2.5226253e-01   6.5716418e-01   3.0850606e-01  -4.2531685e-01  -1.5159833e+00  -1.0533363e+00  -2.5061904e+00  -9.9391397e-01
   2.0000000e+00   3.0145878e-01  -6.5273625e-01   2.4887108e-01  -6.6152125e-01  -1.4966649e+00   3.6100595e-01   1.5590440e+00  -4.3951778e-01  -2.8374930e-01  -4.9743107e-01  -7.0046298e-01  -7.8488768e-01   2.2827189e+00   4.4379294e-01  -1.3815289e+00  -5.5693401e-01   1.2737494e+00   5.3071913e-01
   2.0000000e+00  -1.6827999e-01   1.8098812e+00  -7.3484744e-01   5.6957814e-01  -1.3657745e+00   1.5457044e+00   6.9890215e-01   3.3783166e-01  -8.3267461e-01   9.8775085e-02  -2.7103903e-01  -1.0782669e+00   2.0206123e-01   2.0734700e+00  -1.5855459e+00   1.5620483e-01  -4.5244766e-01   1.5689557e-01
   2.0000000e+00   3.8958621e-01  -8.4958106e-01   6.5195425e-01  -2.1972217e-01   3.5564801e-01  -9.7829718e-01   1.0736610e+00   1.9638495e-02  -1.5263263e+00  -5.1759075e-03  -1.3167364e+00  -3.6602710e-01  -1.7014594e-01  -4.7516819e-01  -3.8196684e-01  -9.1613032e-01  -6.9211695e-01  -8.8893752e-01
   2.0000000e+00  -8.8327204e-01   9.2864717e-01   1.4618802e+00   5.6534353e-01  -1.3008530e+00   1.1998479e+00  -8.5981909e-01   6.9572085e-01   2.1919699e-01   4.4292616e-01   4.0394998e-02   7.7369993e-02   1.0323132e+00  -3.7477629e-01   6.2538934e-02  -2.5385463e-01   4.3660916e-01  -8.9249348e-01
   1.0000000e+00  -6.6726947e-01   5.0910022e-01   6.1118468e-04   6.9818981e-01  -2.7550393e-01  -7.5457876e-01   3.1498082e-01   1.4490981e-01   7.3037773e-01   6.9836563e-01   1.2112055e+00  -2.0183607e+00  -6.2020516e-01  -3.7787194e-01   1.2244637e+00  -5.4390132e-01   1.5833802e+00   6.5831822e-01
   2.0000000e+00  -4.7121088e-02  -4.3776714e-01   8.5371268e-01   9.7855136e-01   8.6470635e-01   8.0363961e-01  -1.2291543e+00  -3.3689796e-01   8.9947192e-01   6.6873017e-01  -9.0424326e-02   8.4077355e-01   2.0916375e-01  -2.1110717e+00   6.7787316e-01   1.6928677e-01   3.0450903e-01  -1.1794977e+00
   1.0000000e+00   8.0479026e-02   3.1913905e-01   4.7362710e-01  -1.0243493e+00  -7.1638402e-01  -1.5919265e-01   6.0605395e-01   2.7378482e-01   2.1493397e-01   1.1082805e-01   2.1096110e+00   4.6378486e-01   5.5086334e-01   7.3819920e-01  -2.4947487e-01   1.0115006e+00  -1.9345583e-01   4.5584073e-02
   2.0000000e+00   7.2253650e-01   1.4483444e+00  -5.0027213e-01   1.7344859e+00  -1.1750682e+00   1.1353665e+00   5.6531635e-01  -1.1345423e+00   5.3955197e-01   8.6839103e-01  -8.6970871e-01  -5.7625816e-01   1.3680474e-01   8.8544296e-01  -9.0186865e-01   9.4359702e-01   1.6204078e+00  -3.2886591e-02
   2.0000000e+00  -6.3150942e-02  -1.2824908e+00  -3.7686096e-01   4.3793003e-01  -2.4031659e+00  -1.7012692e-01  -4.9884136e-02  -1.1524846e+00  -1.7192546e+00   8.7187520e-02   4.7439921e-01   9.7948932e-01   9.7868853e-01   7.5629716e-01   9.3122279e-01   1.1622944e-02   1.1648297e+00   1.2278956e-01
   2.0000000e+00  -2.3207258e-01   1.0193516e+00  -9.1386212e-01  -1.0475907e+00   1.5589819e+00  -1.2560041e+00   1.6470726e-01  -1.5133170e+00   5.6247178e-01  -2.8361681e+00  -2.1178573e-01  -1.7138006e+00   1.4104515e+00   7.3138016e-01   4.6452727e-01   5.9961611e-01   9.9857590e-01  -7.2926880e-01
   2.0000000e+00   1.3064330e+00  -3.6927445e-01  -3.8002995e-01  -1.6329314e+00   1.5032632e+00  -1.0806453e-01  -3.6551919e-01   3.3174132e-01   1.2502354e+00   9.7755285e-01   3.2455395e-01   1.7240512e+00  -1.4719073e+00  -1.3687869e+00  -2.1124032e-01  -1.1218260e+00  -1.1267210e+00  -8.6341215e-01
   1.0000000e+00  -3.6314655e-01   3.2398135e-02   1.0108255e+00   1.5070578e+00   4.0720876e-01  -3.1156713e-01   2.7520979e-02   1.2650302e+00  -1.5072331e+00  -4.4575233e-01  -1.5980831e+00  -7.8172979e-01   1.4546858e+00   9.4076640e-01  -8.9088623e-02   7.9958886e-01   2.4757725e-01   1.6385110e+00
   2.0000000e+00  -1.7549912e+00   8.9522916e-01  -1.5264575e+00  -7.6183362e-01  -4.4140510e-01   6.7441309e-01   1.1233723e+00  -1.9252244e-01   3.7316180e-01   2.9647684e-01   3.5865219e-01   2.7456046e-01  -1.6539934e-01  -9.7390000e-01   7.1641524e-01   2.4058445e-02  -4.7120291e-01   1.3912317e+00
   2.0000000e+00  -1.0303876e-02  -2.0176084e-02   2.1876173e+00  -2.9028610e-01   1.3086863e-01   8.6631859e-01  -2.9558281e-01  -3.1809106e-01  -1.7377701e+00  -6.9927066e-01   4.8505341e-01   1.1024110e-01  -1.3916057e+00  -1.1728880e+00  -1.2184580e+00   2.4524896e-03  -5.2111556e-01   5.4832513e-02
   2.0000000e+00  -2.2744596e+00  -8.4761075e-01   3.4338187e-01   2.2011721e-01  -1.7818539e-01   8.4237302e-01   7.3044402e-03  -1.0523186e+00  -5.0269076e-01  -1.1243386e+00  -1.1389088e+00  -9.6548921e-01   1.0961348e+00  -2.9235764e-01   1.1259331e+00  -2.4533359e-01   1.0245651e-01   6.6279617e-01
   1.0000000e+00  -1.0727680e-01   3.7260880e-01  -5.5886811e-01  -1.0812442e+00   1.6197631e-01   5.7278371e-01  -5.1795772e-01   1.3204914e-01  -8.6637098e-01   1.2828530e+00  -1.1325026e+00  -2.1743235e-01   4.7939106e-01   9.7076002e-01   7.2335954e-01  -2.2747620e-01  -1.1851722e-01   2.0130060e-01
   2.0000000e+00   1.5958727e+00  -3.5012688e-01  -2.1717577e-01  -6.5606092e-01  -1.1199508e+00  -8.3769490e-01   2.5266388e-01   8.0818160e-01   1.1015343e-01  -7.8593217e-01  -4.7353985e-01   1.4674643e+00  -1.4353153e+00  -1.1474261e+00  -1.1745597e+00  -1.2522639e+00  -1.5950227e+00  -7.3231254e-01
   1.0000000e+00   2.2141147e-01   2.0019362e-01  -3.8644086e-01  -1.0823130e+00   9.0792640e-02   7.7332561e-01   5.0460692e-01  -1.0185156e+00  -1.3711304e+00  -2.3585754e-01  -1.8441659e+00   1.8519768e-01  -6.1823478e-01   5.6144427e-01   1.6449721e-01   1.3045264e+00  -6.9862438e-01   7.2340331e-01
   2.0000000e+00  -2.7292835e-01   9.5618344e-01  -3.0630882e-01  -4.8125227e-01  -1.2684789e+00   8.6535593e-01   7.1411882e-01  -1.6661793e-01   7.4095820e-01   4.5071476e-01   8.8066300e-01   4.8258515e-01   1.5621696e+00   7.6332288e-01   7.0562447e-01  -1.3866995e+00   9.8119598e-01  -2.3967751e-01
   1.0000000e+00  -2.5120978e-01   2.2482462e-01  -8.6234845e-01  -1.7167413e+00   3.5709321e-01  -3.2074593e-03   9.4813766e-01   2.2036371e-01   1.2836270e+00   3.1156717e-01  -9.4291407e-01  -1.9726326e+00  -1.0061723e+00   1.4936991e+00   1.4681615e+00   8.4325918e-01  -1.1277967e+00  -1.0804223e+00
   2.0000000e+00   6.1560918e-01  -1.3818787e-01   8.1094519e-01   1.3788282e+00  -1.5365708e+00   1.0014684e+00  -6.9777921e-02  -1.4264654e+00   6.8165177e-01  -1.9937263e+00  -5.9937423e-01   1.1136451e+00  -1.4678284e+00   2.2402446e-01   4.1801733e-02   1.4529132e+00   3.5992917e-01   6.6306702e-01
   2.0000000e+00  -1.3372435e-01  -5.7638771e-01  -1.3692270e+00  -2.6751656e-01   2.0586071e+00   1.6140276e+00  -1.8944193e-01   5.5019025e-03  -7.6652173e-01   9.4447139e-01  -6.5885196e-01  -3.4622911e-01  -1.3307961e+00  -1.7856212e-01   2.7856186e-01  -7.2843249e-01   9.1828010e-02  -5.0596348e-01
   2.0000000e+00  -1.4809348e-01  -1.2020456e+00  -3.4481557e-02   1.2816391e+00  -4.6386706e-01  -9.5369279e-01  -2.9643040e-01  -4.5789522e-01  -4.5161105e-01   3.2409667e-01   5.8195045e-01  -5.5469723e-01  -1.5063546e+00   1.1426470e-02   1.4089092e+00   8.0575569e-01  -8.0490823e-02  -7.5623488e-01
   2.0000000e+00   1.0567123e+00   3.1849341e-01  -6.2788919e-01  -7.7774350e-02  -1.0884808e+00   7.2408168e-01  -1.0379299e+00   9.7105323e-01   8.8699026e-02  -6.4137786e-01  -6.6394792e-01  -1.5412716e+00   9.4152627e-01   6.6731264e-01   2.0042419e-01  -7.5938275e-01   3.5893081e-01  -7.0696983e-01
   2.0000000e+00   5.4071666e-02  -1.2839901e+00   5.2697130e-01  -2.9163248e-01   3.4024083e-01  -3.1618327e-02  -4.0811329e-03  -1.8556466e+00  -1.2786730e-01  -2.3433067e+00   1.5440218e+00  -8.0038736e-02  -1.1451132e+00   1.6335929e-01   6.8770349e-01  -4.4978358e-01   5.5025394e-01  -1.7291579e-01
   2.0000000e+00   1.6715280e+00  -2.0668632e+00  -4.5266281e-01  -1.9654366e+00  -1.2262329e-01   2.9392488e+00  -5.2226322e-01   1.1004880e+00  -7.5819117e-01   8.0314189e-01  -4.8470694e-01   1.0074304e+00  -2.0792875e+00   2.6484746e-01   1.0061350e+00  -3.2254546e-01   6.3704551e-01   7.3249148e-01
   2.0000000e+00   5.2582918e-01  -3.8822761e-01  -3.6880666e-01  -5.1817819e-01   6.5099507e-02   1.0193363e+00  -1.2275194e+00   1.0716943e-01  -6.4057958e-01  -1.7377271e+00   2.4085601e+00  -1.8865224e-01  -4.4937364e-01  -2.0285841e-01   1.3311507e+00   9.6738050e-01   1.5157583e+00   1.1810537e+00
   2.0000000e+00  -1.6756754e+00  -1.0720567e+00  -4.6100721e-01   5.5187415e-02  -5.4514418e-01  -1.3643977e+00  -8.1766448e-01   5.6570018e-02   4.9442959e-01  -2.4126210e-01   1.1473942e+00  -9.0896584e-01  -2.2940374e+00  -1.2850335e+00   1.5578510e+00  -1.2631172e+00  -1.1152097e+00  -3.6110903e-01
   2.0000000e+00  -2.1483300e-01  -7.3019453e-01   2.5007218e-01  -1.4623962e+00  -6.8136639e-02  -5.4364961e-01   4.9263094e-01  -1.1166896e+00  -1.9742972e+00  -5.9325427e-01   1.6778297e+00   1.8520975e+00  -9.3395119e-01   7.7806495e-01   1.1386924e-01  -4.4680898e-01   7.1668728e-01  -1.8927917e+00
   1.0000000e+00   7.0189152e-01   8.2147252e-01  -1.6230791e-01   1.4916599e-01   1.9372333e+00  -4.6173507e-01  -3.1298258e-01  -2.2409895e-01   3.2432436e-01  -1.3058395e+00  -9.5865452e-01  -1.0411961e+00  -1.7550777e+00   1.8899420e+00   4.4732460e-01   1.0149299e+00  -2.1643969e+00   2.5500971e-01
   1.0000000e+00  -2.2877624e-01   4.4025118e-01  -1.3861070e+00   1.2852770e+00  -4.8049868e-01   8.2855703e-01  -8.1490073e-01  -5.9231052e-01   3.0694040e-01   1.1522035e+00  -6.8886925e-01   5.8092692e-02   1.6278086e+00   1.8534415e+00  -1.3847023e+00  -1.2711984e-01   1.6040466e+00  -1.2390550e+00
   2.0000000e+00   3.6629976e-01   5.0332734e-01  -5.6275833e-02   3.3756646e-01  -2.7146539e+00   5.4983490e-01   9.7071830e-01   1.0168731e-01   4.3600271e-01  -1.1492801e+00   2.1455007e+00  -4.6019830e-02  -1.9960890e+00   6.0158233e-01  -1.0774816e+00  -4.7732542e-01  -1.0518863e+00  -1.4346894e-01
   2.0000000e+00  -3.7574373e-01   2.6032443e-02  -2.1005790e-01  -5.7788037e-01  -1.3155132e+00   1.4695766e+00  -1.8061791e+00   2.6670922e-01  -4.9653157e-01   3.0950067e-01  -4.5870533e-02   7.7938005e-01  -2.5265161e-02  -1.6641832e+00   4.6825143e-01  -7.8927008e-01   7.5151654e-01  -1.2040891e+00
   1.0000000e+00   1.4288039e+00   2.0443045e-01  -2.4772724e+00   4.7105160e-01  -5.7085074e-01   2.4533965e-01  -1.0183890e-01   6.3606488e-01   1.3567899e+00   1.1967123e+00  -5.9871209e-01   5.4304340e-01   2.0028970e+00  -1.0838032e+00  -5.1863971e-01  -1.1141046e+00  -8.2568504e-01  -2.7269444e-01
   2.0000000e+00  -1.7582267e+00  -4.9485638e-01   1.9787943e+00   8.5378768e-01   6.6042514e-01  -2.6759228e-03   1.3157637e+00  -9.2809155e-01   2.2195273e-02   1.5431901e+00   9.8144735e-01   3.3629691e-01  -7.4379412e-01  -2.4909084e-01  -1.6783763e-01   1.5337925e+00  -4.9683302e-02  -2.6238619e-01
   2.0000000e+00   1.0717437e-01   2.4674060e-01   2.2869965e-01   6.5138282e-01   9.7803984e-01  -9.4467374e-01  -1.4596592e+00   8.7601944e-01  -6.9646061e-01   1.2454219e+00   5.9409369e-01   1.0667854e+00  -6.2087300e-01   5.7054497e-01   1.1000775e+00   4.1664141e-01   9.1153284e-02  -1.2233293e+00
   1.0000000e+00   1.4420028e+00   3.4229870e-01   1.5005811e-01  -1.4088864e+00   9.4005821e-01  -1.3198518e+00   3.8105218e-01  -5.1558232e-02  -1.5405643e+00  -3.6510045e-01  -1.0310632e+00  -1.1405268e-01  -3.0456405e-01   1.7343978e-01  -5.8003432e-01   1.2690476e+00  -7.4378261e-01  -4.9241058e-01
   2.0000000e+00  -1.4333178e-01  -8.1650812e-01   1.6974765e+00  -1.6133154e+00   7.3503453e-01  -1.0131256e+00  -6.2992414e-01  -1.4232435e+00   1.1102974e+00   4.1994068e-01   4.8709299e-01   1.2867108e+00  -6.8335826e-01   7.5364433e-01   1.6138028e+00   1.7830965e+00  -1.0906063e+00   4.9700887e-01
   1.0000000e+00   1.1970409e+00   9.6937179e-01  -1.5567345e+00   4.8198357e-02  -2.2453236e+00   7.0720736e-02   7.1731706e-02  -2.3904179e+00  -3.3688128e-01  -7.4740384e-01   4.8561738e-01   1.2676411e+00  -1.0985611e+00   1.2735500e+00   1.4201295e-01  -4.0903410e-01  -5.2366259e-01   1.1555515e+00
   2.0000000e+00  -1.0134372e+00   9.1827570e-01   2.5436162e-01   2.0954092e-01  -1.4345681e+00   1.0218738e-01  -4.6175654e-01  -3.6023185e-01  -2.9099571e-01   1.4407332e+00  -8.3995427e-01   3.2097974e-01  -1.2188057e+00  -8.8973355e-01   5.9659538e-01  -1.2300422e+00   8.1358444e-01   6.8426361e-01
   2.0000000e+00  -9.3127049e-02  -1.8078137e+00   8.3194520e-01  -3.7366223e-01  -7.0899745e-01   9.3683037e-02   1.8425063e+00  -8.9790351e-01   3.2948275e-01   1.8833735e+00   8.1915136e-01  -2.5191509e+00   2.8989340e-01   6.6684072e-01   1.5383119e+00   4.3115284e-01   1.8325285e+00   1.8767348e+00
   2.0000000e+00   1.2272811e+00  -2.8453033e-01  -1.1012825e-01   1.3941274e+00  -7.7757574e-01  -1.2028571e-02  -3.9906532e-01   6.6058033e-01  -3.1620566e-01   9.4292827e-01  -4.2832245e-01  -5.6810325e-01  -1.8294216e+00   1.1957881e+00   1.0907199e+00  -2.1970335e-01   1.8128856e+00   1.0902870e+00
   2.0000000e+00  -9.3234354e-01  -1.7658740e-02  -2.5634872e-01   8.0841930e-01  -7.6783393e-01  -6.7147409e-01  -6.8625638e-01   3.3800737e-01   1.4385141e-01  -9.9739690e-01  -2.2715734e-01   5.2241974e-01  -1.9155809e+00  -2.2118122e+00   6.7587569e-01  -3.1667045e-01   6.0083405e-01  -1.8371752e+00
   2.0000000e+00   2.4934807e-01   8.7239398e-01  -2.9775867e-01   1.2624565e+00   1.9084143e+00   6.2703558e-01   1.7573839e+00  -6.1559982e-01   6.5067534e-02   1.6250264e+00   6.8399292e-01  -1.2439234e+00  -2.1679256e-02  -1.2845792e+00  -2.6653702e-03   4.4265766e-01  -1.3321900e+00   8.3954102e-01
   2.0000000e+00  -2.9565899e-01  -7.5272096e-01  -2.6988652e-01   5.5990002e-01  -6.8436792e-01   9.0447842e-01   7.8030569e-04   4.1764076e-01  -8.7154893e-02  -4.1743193e-01   1.4472867e+00   4.4691731e-02  -1.0002161e+00   4.9573772e-02   1.3410965e+00   6.0424035e-01  -1.6052947e+00   3.3402460e-01
   2.0000000e+00  -1.0245803e+00   1.8292913e+00   6.3069037e-01  -3.9884801e-01  -5.6355992e-02   2.2402029e-01  -1.3281789e+00   4.6933568e-01   3.5453578e-02   7.8919523e-01   1.3303902e+00  -4.4481327e-01  -8.3359544e-01  -1.2165592e-01   1.1988431e+00  -3.4410124e-01  -5.3519834e-01  -2.7316627e-01
   2.0000000e+00  -1.6950875e+00  -5.9216059e-01   2.2695488e+00  -4.0214157e-01   6.4583979e-01   8.2517971e-01  -1.4325066e+00  -1.2122736e+00   2.6245201e-01  -2.4090078e+00   1.7059014e-01  -2.3516291e-01  -8.2572940e-01  -5.2251713e-01   9.8763284e-01   5.3164466e-01  -1.2974919e+00  -2.5255468e-01
   2.0000000e+00   1.0100435e+00  -3.5301069e-01   6.6445299e-01  -6.9881433e-01   7.8859620e-01  -1.4565151e+00  -5.6397125e-01   8.1676882e-01  -1.6644297e+00   7.6004878e-01  -1.3949048e+00   1.2856367e+00  -1.7619024e-01   5.7534589e-01  -6.7537128e-01   1.5582476e+00  -2.3829974e-01   1.1832000e-01
   2.0000000e+00  -8.8479467e-01   8.7083275e-01   5.3438261e-01  -1.2170592e+00  -1.1754936e-01   1.8958626e+00   1.4936599e+00  -1.4937770e+00   2.0247071e-01   1.0383924e+00   7.2932762e-01   7.1243786e-01   4.9938696e-01  -7.4481735e-01  -6.5931126e-01   1.4115113e-01  -9.7582230e-01   8.4335797e-02
   2.0000000e+00   3.1919374e-01  -4.0375383e-01   4.3813557e-01   1.0202803e+00   1.1752100e+00  -2.9713949e-01  -1.3221851e+00   1.2990015e+00   8.1140748e-02   1.3506677e+00   1.2906766e+00  -5.9098340e-01   1.3044176e+00   1.1458877e-01  -5.3329837e-02   1.5070570e+00  -2.1323109e+00   1.6610411e+00
   2.0000000e+00   5.0053450e-02   6.0436371e-01   6.5402059e-01  -2.3784235e+00  -5.3556059e-01  -2.5848739e-01  -9.0178152e-01   7.5090075e-01  -2.0611341e-01   7.0522750e-01  -8.0779657e-01   1.2022370e+00   4.8146783e-01   1.0010799e-01   1.0191720e-01  -9.0231737e-01   4.9714744e-01  -6.6361923e-01
   2.0000000e+00  -1.4452408e+00   1.0853429e+00  -1.3572963e+00  -4.1663811e-01   6.3843689e-01  -1.0960414e+00  -6.4230705e-01   1.4687842e+00   1.4824343e+00   4.0358998e-01   1.2859449e+00   6.8844878e-01  -9.3588099e-01  -4.1876247e-01  -8.0292132e-01   1.5591477e+00   4.7421244e-02  -5.7360891e-01
   2.0000000e+00   4.5286218e-01   2.3891163e+00   8.9769107e-01   8.1468835e-01  -1.4823477e+00  -1.0609352e+00   1.0275965e-01  -3.2378570e-01  -2.0315731e+00   8.8085288e-01   1.0718473e+00  -7.3975989e-01  -2.0993179e-01   2.2539136e-01   6.4775898e-01   1.3208526e+00   4.6076133e-01   6.1516013e-01
   2.0000000e+00   4.1836969e-01  -5.3745157e-01   9.7228060e-01  -2.3208170e-01  -3.8422293e-01  -7.6475423e-01   1.1873103e+00  -1.4960915e+00  -2.8816851e-01  -3.5727429e-01   1.4226690e-01   4.1533733e-01  -4.4191063e-01  -3.1440638e-01  -5.4390768e-01  -1.6851499e-01   9.1202712e-02   6.5792333e-01
   2.0000000e+00  -4.3728805e-01  -3.1939365e-01  -1.7444995e+00   1.4251280e-01   3.0705817e-01  -1.1127602e+00  -8.0837004e-02   2.7108293e-01   4.6148626e-01  -6.5298961e-01   4.2693291e-01   6.1192744e-01   9.9576746e-01   6.5825011e-01  -8.0875604e-01  -6.3740381e-01  -2.0139402e-01   1.3407997e+00
   2.0000000e+00   4.5439331e-01  -7.6980882e-01  -6.6435875e-01  -3.3967516e-01  -1.3912449e+00  -9.2125055e-01   7.0207851e-01  -6.4867992e-01   1.2020248e+00   1.6597919e-01  -5.0851756e-01  -1.9657976e+00   3.9627487e-01   6.5395758e-01   6.3876303e-01  -1.4057607e+00   5.0611849e-01   1.3243886e+00
   2.0000000e+00   1.0172751e-01  -1.1697246e+00   4.1449196e-01   4.5276257e-01   7.0261045e-01   1.9734593e+00   1.8737705e-01   9.5291676e-01   7.3945223e-01  -4.5425075e-01  -8.7591782e-01   3.5481758e-01   2.2910964e-01   4.4189995e-01   8.2555898e-01   1.6934504e+00  -1.4720534e+00  -8.7935726e-01
   1.0000000e+00   4.5190278e-01   3.1258051e-01   3.3447528e-01   1.6459328e-02  -2.5319241e-01  -4.3106143e-01  -6.2140785e-01   5.0749313e-01   6.6728330e-02  -1.0567563e+00   1.6673164e-01   1.7173289e+00  -1.5397461e+00   1.5431747e-01   3.2059919e-01  -9.9645642e-01   1.3631928e+00   6.8287770e-01
   2.0000000e+00   1.0042410e+00   2.0096048e+00  -8.0937701e-01  -5.0153345e-01  -1.3303765e+00   3.7614479e-01   1.7065860e+00  -6.3265455e-01   3.8009969e-01  -1.1842319e+00   1.2138304e+00  -1.5458072e+00   1.2533093e+00   1.9394862e+00   1.4238556e-01  -6.1399781e-01   2.3329536e+00   1.1569901e+00
   2.0000000e+00  -9.0649999e-03  -5.9249537e-01   2.9764200e-01   4.7500377e-01  -3.5280972e-01  -6.9163061e-01  -1.0064755e+00   1.1032513e+00   3.0131419e-01   1.1342215e+00  -1.2840604e+00  -1.9790963e+00  -4.4306522e-01   4.4541580e-01  -9.0348414e-01   7.1550450e-02   1.8993844e+00  -2.5180049e+00
   1.0000000e+00  -1.1753870e+00   7.7574605e-01   5.1082755e-02   1.8074695e+00  -1.3921714e+00   9.7108236e-01   3.6004237e-01   2.2369282e+00   8.3497212e-01  -1.2404355e+00  -2.1596477e+00  -5.9855373e-02  -1.3844943e-01  -1.2924304e+00   6.3023289e-01  -5.7409605e-01   2.9335378e-01  -2.7125205e-01
   2.0000000e+00  -5.3939744e-01  -3.0929851e-02   3.5070335e-01   5.7113601e-01  -1.1483730e+00  -4.8356357e-01   6.9351201e-01  -5.8994557e-01   1.4256053e+00  -7.9547731e-01   1.0684198e-01   8.9304185e-01   2.6648114e-01  -1.1257767e+00  -9.7470208e-01   1.8660899e+00  -5.8960426e-01  -2.6368336e+00
   2.0000000e+00   7.8522876e-02  -1.0015204e+00  -1.1337967e+00   1.1887842e+00  -2.1720890e-01   1.4443706e+00   1.5605408e-01  -5.8644497e-01  -1.2748327e+00  -1.3260526e+00   9.5518787e-02  -8.9409073e-01   5.1588981e-01   1.3280154e+00   2.9823246e-01  -4.6883440e-01  -5.6900410e-01   9.2901547e-01
   2.0000000e+00   2.5192151e+00  -1.3401771e+00  -2.5344577e+00   1.1422111e+00   1.9881438e+00   2.9832255e-01   7.4301268e-01   2.0990383e-01  -1.9678428e+00   1.8084973e+00  -8.0782547e-01   8.3427119e-02   2.1884686e+00   5.7695294e-01   4.9818023e-01   7.7379402e-01   3.8683686e-01   1.1686754e-01
   2.0000000e+00   2.2633686e+00  -2.1706944e-01  -5.4106388e-01   1.4682923e+00   5.1773244e-01   9.9523380e-01  -2.1834543e-01  -6.2006345e-01   7.0481482e-01   1.8502824e+00   5.2833458e-01  -2.7815405e-01   1.8385501e+00  -1.7518684e+00  -7.4362110e-01   8.0582193e-01   2.8040033e-01  -1.2735633e+00
   2.0000000e+00   1.0958335e+00   1.4051082e-01   4.8420736e-01   8.3292394e-01  -1.8349441e-01   1.6250947e-01  -1.5727896e+00   1.2763607e+00  -2.3119716e-01  -1.4573597e+00   3.9442493e-01   9.9159181e-02   2.6770431e-01   8.1044953e-01   5.0144554e-01  -7.7866231e-01  -1.2176427e-02   1.2895469e-01
   2.0000000e+00  -1.4091221e+00   2.5207932e+00   2.4843035e-01  -5.8726345e-01   3.3978845e-01   2.3721976e-01  -7.9490849e-01  -3.6110195e-01  -4.1705902e-01   2.4087909e-01  -1.2546015e+00   4.1423558e-01   1.1145335e+00  -1.4838917e+00  -1.4462913e+00   1.8506152e+00  -1.1025811e+00   9.5216216e-01
   2.0000000e+00  -1.6777080e+00  -5.5916538e-01  -6.7229401e-01   1.1688294e-01  -9.7945956e-01  -8.7254270e-01  -1.3197955e-01   1.4411547e+00   8.0603710e-01   1.3029195e+00  -9.5412645e-01   1.1133877e+00   1.4496479e+00  -1.5047458e+00   9.9541493e-01  -2.3588064e-01   1.0268176e+00  -3.5001569e-01
   2.0000000e+00  -2.5994939e-01  -6.1877393e-01   1.3851828e-01  -1.0823157e+00  -1.1512100e+00   1.0533843e+00  -2.6098554e-01   7.2573588e-01   1.5861874e-01  -1.9286049e+00  -5.9525286e-02   1.5466982e-02  -1.5059599e-01  -6.1437500e-01   1.3789320e+00   5.4920321e-02  -6.7236003e-01  -4.6388954e-01
   1.0000000e+00  -3.1542106e-02   4.7261832e-02   6.2703644e-01  -1.0013073e+00   1.4017533e+00   1.4018755e-01   5.9389135e-01   5.1908028e-02   2.1363682e+00  -7.9086664e-01   2.8315027e-01   8.3062674e-01   2.6259302e-02  -2.6007430e-01  -2.4162173e-01  -9.9326579e-01   1.0513373e+00  -1.5798085e+00
   2.0000000e+00   7.9725758e-01   1.8325427e+00   7.9327415e-02   2.1860763e+00  -9.4242865e-01   7.0712654e-01  -1.2347074e+00   5.9478966e-01  -1.1515027e+00   1.7990841e+00   7.0673755e-02   3.3571161e-01   1.4334272e+00  -8.3692626e-01  -1.7122075e-01   5.8650776e-01  -1.3879974e-01   1.4240158e+00
   1.0000000e+00   1.3468284e+00   6.6994697e-01  -2.6671762e-01   1.4315873e+00  -1.6626371e+00   1.3165762e+00   4.8708308e-01   2.2759783e-01  -1.0392977e+00   1.5484268e-01  -8.7528432e-02  -1.7610644e+00   1.4048490e-01  -4.7120747e-01   1.1711249e+00  -2.0146817e-01  -5.4502341e-01  -2.2756751e+00
   2.0000000e+00   3.8175067e-01   1.5402326e+00  -8.2692821e-02   1.5883905e+00  -6.3243374e-01  -1.2073360e-01   1.2200273e+00   4.3160058e-01  -2.4234483e-01   3.9070431e-01  -1.0264541e+00  -2.4909409e-01  -2.2100897e-02   2.2233910e-01  -2.2489193e-01  -3.5820891e-02   2.2022466e-01  -1.5636426e+00
   2.0000000e+00  -5.3985805e-01   1.1093221e+00   1.4002148e+00  -1.1513359e-01  -1.4532072e+00  -4.6077028e-01   1.1995797e+00  -3.0203746e-01   3.2412724e-01   7.9486402e-01  -9.4875504e-02  -1.0524284e+00   3.4418865e-01   2.4914485e+00  -1.5617851e+00   1.3019405e-01   2.9584403e-01  -2.4184454e+00
   2.0000000e+00   1.1982784e+00   1.0619501e+00   7.3256618e-01  -4.5994880e-01   6.6661708e-01  -6.5376555e-01  -7.0044806e-02  -1.3257840e+00   1.8060750e+00  -4.8671383e-01  -1.7106948e+00   1.1541080e-01   5.0697738e-01   1.5520639e+00  -5.7015313e-01   1.0165458e+00  -1.2742112e+00  -1.6895778e-01
   2.0000000e+00  -1.0961917e+00  -1.3211196e+00  -1.4882405e+00   2.0839994e-01   1.2660875e+00  -7.8778834e-01  -2.4756356e+00  -1.0591558e+00   2.5844138e-01   1.3240760e+00  -1.0616614e+00  -1.2208694e+00  -3.3364950e-01  -1.5154032e+00  -6.0841909e-01   1.0121542e+00  -1.4180579e+00  -4.2471396e-01
   2.0000000e+00   3.8184442e-01  -2.9052219e-01  -1.8559952e+00   7.2524496e-01   1.0307935e+00  -1.4590876e+00  -1.1747394e+00   7.8128428e-01   4.1894170e-01   1.1127600e+00   1.7550328e+00   5.2351285e-01   8.1212601e-01  -1.2855526e+00   9.1794446e-01   2.0466549e+00  -6.1482126e-01   1.1812260e+00
   2.0000000e+00   2.4647133e+00   2.3299692e-01   3.5315821e+00  -1.1662604e-01  -1.1701686e+00   4.7456404e-01   1.5305753e+00   8.8503660e-01   1.3836063e-03  -1.0794681e-01   5.5296679e-01  -1.2050713e-01  -3.5281986e-01   8.1820559e-01  -4.5600508e-01   1.1883923e+00  -2.1052534e+00  -1.9477957e+00
   2.0000000e+00   4.0051183e-01   1.7376931e+00   7.3813901e-02   1.9999630e+00  -3.1223633e-01  -1.9671328e+00   4.5809514e-01  -1.8146819e-01  -1.5378520e+00  -2.3587309e+00   6.4110956e-01   1.9186567e-01  -3.3186552e-01  -9.4663119e-01   3.2245245e-01   4.5548532e-01  -9.0337097e-01  -1.1161545e+00
   1.0000000e+00   4.0883906e-01   6.9316810e-01   1.9357632e+00  -2.5115991e-01  -1.6037009e+00  -3.1763988e-01   5.3760332e-02  -7.4589692e-01  -1.0537645e+00  -4.4432028e-01   8.4515296e-01  -3.7426980e-01  -6.8762643e-01   9.4983840e-01   1.1452666e+00   9.6296477e-01   2.0065002e+00   4.0455479e-01
   2.0000000e+00   1.2436699e+00  -1.2920744e+00  -8.9852392e-01   7.6201807e-01  -1.7462854e-01  -4.1472589e-01  -1.4321757e-01  -2.6421628e-01   4.4713818e-01   7.9346519e-01   1.3618808e+00  -3.9677674e-01  -4.0109458e-01  -8.7121476e-01   4.0899884e-01   5.5503600e-01   5.2572419e-01  -4.6247468e-01
   2.0000000e+00  -4.1853386e-01   9.0209245e-01   6.5956861e-01   1.1354619e+00  -8.4477766e-01  -1.6068781e+00  -1.6988774e+00   8.7683523e-01   1.2292720e-01  -1.5133482e-04  -6.7361970e-01   2.4317001e-01   8.9150776e-01   5.3359199e-01   9.4260146e-01   1.3828376e-01   6.4539369e-01  -2.1624531e-01
   2.0000000e+00   1.0542074e-01  -8.6902914e-01   3.0525753e-01   3.9784719e-01  -2.9971952e-01  -7.2255002e-01  -9.4294466e-01   5.7397106e-02  -8.0190701e-01  -1.6815331e+00  -9.8947982e-01   6.8084538e-01   4.9354390e-01  -8.0894902e-01  -1.2211644e+00   1.2257140e+00  -5.8155748e-02  -1.2384486e+00
   2.0000000e+00   5.8311321e-02   9.1559601e-01   1.2865883e+00   5.5293531e-01   5.9350522e-01   7.7692739e-01   4.5693015e-01   1.3408336e+00  -1.6532228e-01   3.8808398e-01   9.7297037e-01   1.6346417e+00   5.5335521e-01   2.5919315e-01   4.0092256e-01   1.7375997e+00   4.7438922e-01  -6.9151522e-02
   2.0000000e+00   4.1860848e-01  -1.3345168e+00  -1.5656714e+00   3.1765626e-01   4.0867641e-01   6.3825957e-01   1.4585662e+00  -7.0338429e-01  -1.4283867e-01  -1.2590777e-02  -6.3990889e-01   9.4004921e-01   1.0012978e-01  -8.1262050e-01   8.0261147e-01  -3.8485520e-01  -4.7747790e-01   3.0166813e-01
   2.0000000e+00   5.8713374e-01   1.5417438e-01   7.1047773e-01   7.9246109e-01  -1.9443849e+00  -1.0603044e+00  -9.9220461e-01   2.7905202e-01  -3.0135742e-01   1.1833862e+00   5.0860406e-01   3.0210787e-01  -2.0651733e-01   8.6499202e-02  -2.4598556e-01   1.4588095e+00   8.6540070e-01   9.2053605e-01
   2.0000000e+00  -1.0933951e+00   7.5426238e-02   3.4617523e-01  -1.2462558e+00  -2.3312812e+00  -7.2492797e-01  -1.3340843e+00   4.0443827e-01   3.6948286e-01   3.3415973e+00  -2.2080723e-01   9.0904814e-01  -2.5109197e-01  -1.8954573e-01  -9.9065088e-01  -1.5094261e+00  -1.3696003e-01  -5.8912684e-01
   2.0000000e+00  -1.6099125e+00   1.5749620e+00   1.5681164e+00   9.3012820e-02  -1.3339054e+00   8.3096416e-01   1.7649093e-01   7.4203182e-01   7.8164460e-01  -7.9275126e-01   3.4795714e-01   1.8307284e+00  -3.9896070e-01  -1.6322867e+00  -7.5534647e-01  -1.2945538e+00  -2.8060014e-02   1.2469028e+00
   2.0000000e+00   5.1381609e-02  -7.7682743e-01  -1.3851953e+00   6.8730281e-01   1.3126440e+00   6.2957549e-01  -2.5523565e-01  -5.7060082e-01  -2.2892450e+00  -3.5418365e-01  -3.1857403e-01  -3.4221606e+00  -5.1769933e-01  -4.2203889e-01  -6.2385071e-01  -1.3107781e+00   1.7012405e+00  -8.4601422e-01
   1.0000000e+00  -2.1886952e-01   1.9822047e-01   7.4437327e-01   1.0846244e+00  -4.5109128e-01   5.1004547e-01   2.4633120e-01   4.1995944e-01   4.2187066e-01  -1.0128307e+00  -1.1735538e+00   4.2897476e-01   1.7206066e-01  -1.0654530e+00  -6.2801903e-01   1.0648605e+00   5.3656761e-01  -1.2974573e+00
   2.0000000e+00   2.7364663e-01   1.8049226e+00  -1.1798359e-01  -1.0031405e+00  -2.4982601e-01   2.6236054e-01  -9.5384423e-01   8.6262366e-01   8.2257076e-02  -1.8350467e-01  -1.7830489e+00   3.8269023e-01   8.0841661e-01  -1.6713411e+00  -1.0997579e+00  -5.3742216e-01   1.8773701e-01  -9.6670733e-01
   2.0000000e+00   1.0637430e+00  -6.6475104e-02  -1.5439575e-02  -1.2190323e+00   5.0494419e-01  -2.3152541e-01   5.0433480e-01   1.7743393e+00  -1.0712768e+00   3.5936443e-01   3.0128328e-01   1.6443113e+00  -2.4012951e-01  -1.0832943e+00  -4.0768383e-01  -3.6970818e-01   6.6275063e-01   5.1175009e-01
   1.0000000e+00  -8.5609888e-01   5.2053225e-01  -2.3017487e-01   3.7469064e-01  -1.8150991e-01  -8.5146676e-01  -8.2181179e-01   8.8185693e-01   6.8308617e-01  -8.6737997e-02   6.5329708e-01  -1.2782589e+00  -2.3513351e-02  -1.9739167e+00  -7.8956709e-01  -3.5834071e-01  -5.3758056e-01   1.2396907e+00
   2.0000000e+00  -1.1399580e+00   7.9354471e-01  -3.4332825e-01   7.2904334e-01   7.3895120e-01  -1.5200159e+00   2.2356227e+00  -3.0111580e-01  -7.4417073e-01  -1.3598657e+00  -3.5588872e-01   3.6246580e-01  -9.2127114e-01   5.4947842e-01   5.5139276e-03  -1.0884520e+00  -4.9852341e-01   1.7460931e+00
   2.0000000e+00   5.2210646e-02  -6.7705914e-01   2.2922963e-02  -3.2504459e-01   1.6105409e+00   2.1948506e-01   2.7085209e-01   4.9765531e-01   1.7500666e+00  -4.2951357e-01   2.0778353e-01  -1.1859563e+00  -9.9693041e-01   3.0162536e-01  -4.4384043e-01  -4.5465372e-01   2.1801852e+00  -5.7199136e-01
   2.0000000e+00   6.9301587e-01   1.5864449e+00  -1.1286268e+00   9.9596096e-01   1.1478800e+00  -2.2698163e+00  -8.7722174e-01   4.9130835e-01  -9.7475871e-01  -7.1056052e-01   8.0221378e-01   4.1887253e-01   3.6507828e-01  -5.9886813e-01   7.1155028e-01   1.0075798e+00   6.0344040e-01  -5.3670590e-01
   1.0000000e+00  -2.3589533e-01   3.4836811e-02   8.1772263e-01   1.2906264e-01  -1.0644144e+00   1.4422330e+00   5.6929769e-01   2.2562008e+00   1.0097283e+00  -1.0529464e+00  -4.2926295e-01   6.8306416e-01   7.6134814e-01   5.1601078e-01   1.0093652e+00  -1.2161268e-02   4.3960558e-01   2.0773131e+00
   2.0000000e+00  -4.6631845e-01  -1.8083845e+00  -6.9288182e-01  -2.2284469e-01  -3.5671908e-01   3.6262792e-01  -5.2505834e-01  -9.9094208e-01   1.2849638e+00  -2.6198291e+00  -1.5810596e+00  -4.3597633e-01  -7.7916248e-01  -3.1137393e-01   1.6588687e-01   1.6049625e+00  -8.8261212e-01   9.2375917e-02
   1.0000000e+00   1.7741558e+00   8.8226564e-01   3.4019258e-01   9.1319761e-02  -1.5567223e+00   1.6961627e+00  -2.7983252e-01  -1.0772227e-01   8.3406466e-01  -1.7957821e+00  -4.8642550e-01  -1.0857003e+00  -9.0274314e-01   1.3371313e+00   2.5694574e-01  -1.7172605e+00  -1.1309327e+00  -1.3926144e+00
   2.0000000e+00   2.3826655e-01  -1.6391905e+00  -1.6673650e+00  -7.8305785e-01   2.2921383e-01  -3.3733354e-01   4.6241675e-01   6.9463574e-01   4.0816873e-01   5.2131760e-01   5.2905501e-01  -2.9142958e-01  -5.9379708e-01   3.2320296e+00  -1.3500463e-02  -6.3677257e-01   1.2643194e+00   3.1002255e-01
   1.0000000e+00   1.2996539e+00   4.5609930e-01   5.8996367e-03  -9.3771277e-01  -1.5580010e-01  -4.2870253e-01   6.3786927e-01  -1.9596861e+00  -6.1455855e-01  -1.8042267e-02  -1.0848492e-01  -9.4784493e-02   4.2251946e-01   7.8661012e-01  -3.8670382e-01   6.8013722e-01   2.3748412e-02   6.7454260e-01
   2.0000000e+00  -2.5932055e-01   5.0875120e-01   1.0366000e+00   6.5921911e-01   3.6921847e-01   6.0243919e-01   1.4677430e+00  -6.4226699e-02   5.2520505e-01   7.8007759e-01  -3.0501889e-01   1.4375848e+00  -4.9479785e-01   8.3816527e-01   6.7005331e-01  -4.5021381e-01   7.5059365e-01   1.0263180e+00
   1.0000000e+00   3.8156999e-01   3.9154544e-02  -6.7083134e-01   8.1678656e-01   4.1554444e-01   3.6748848e-01   1.1777571e-01  -2.0051791e+00   9.1428100e-01  -4.3731122e-01  -7.9390941e-01  -2.3446733e+00   6.6044767e-01   1.8536158e+00   5.7205733e-01   1.1302957e+00   1.1336092e+00   8.5885542e-01
   1.0000000e+00  -7.0827188e-01   3.3441795e-01  -2.3293898e-01  -5.7872133e-01   1.1883218e+00  -5.3133398e-01   4.9130754e-01   2.7176551e+00   5.7369723e-01   6.5953039e-01  -1.5533410e-01   6.7301856e-01  -4.1535725e-01  -2.9896085e-01  -6.8959822e-01  -1.0657440e+00   7.4913488e-01  -8.3562818e-01
   1.0000000e+00   1.0555011e+00   2.8369797e-01  -1.0612232e+00   3.8683934e-02   3.2992617e-02   4.0235982e-01  -6.0109545e-01  -6.9878842e-01  -4.4082786e-01   2.0057687e+00   1.1123586e+00   2.5366855e+00  -8.9362906e-01  -5.4874244e-01   1.4746611e-01   7.9643662e-01  -3.5351850e-01  -4.0963208e-01
   2.0000000e+00   2.1675021e+00   4.6086086e-01  -2.0817185e+00   7.2157995e-01  -1.6852748e+00   4.7122812e-01   1.2927981e+00  -1.9943201e+00  -4.8095149e-01  -5.3031208e-01  -5.5189897e-01  -9.5642150e-02  -4.4976980e-01   8.2854452e-01  -1.2173304e-01  -4.3897592e-01  -1.4515563e+00  -5.9669244e-01
   2.0000000e+00  -3.2505505e-01  -1.6674783e+00   1.0542575e+00  -9.7147896e-01  -3.5092784e-01   7.3146966e-01   1.2130464e+00   6.7789042e-01  -1.3433735e+00   5.1190702e-01  -5.4432407e-01   3.0704111e-01   7.6775486e-01  -2.8404648e+00  -9.2075765e-01  -2.7490667e-01  -1.0813668e-01   1.0984230e+00
   1.0000000e+00  -4.3407413e-01   2.7061076e-01  -1.4200640e+00   1.1818127e+00  -1.1874243e-02   3.4171371e-01   4.3112489e-01   2.9425114e-02  -3.1833134e-01   2.4910823e-01   2.3571536e+00   8.0160599e-02   1.9339882e+00  -1.9732975e-01   1.4199349e+00  -1.9504431e+00   1.1135078e+00  -2.2591979e-01
   2.0000000e+00  -1.4270981e-01   1.8828596e+00   9.7885510e-01   9.3714135e-01   3.6089617e-01  -1.0362701e-01   9.9375082e-01  -6.0316117e-01  -3.8506707e-01   7.9156894e-01   6.6742524e-01   4.2222884e-01   4.3367651e-01   4.2924325e-02  -2.0791536e+00  -6.4021786e-01   7.8591094e-01   1.2239638e+00
   2.0000000e+00   9.8844814e-01  -6.6036452e-01   9.1616900e-01  -5.5766422e-01  -8.7129783e-02  -1.5919134e+00   3.7547153e-01   2.1120428e+00  -8.4750764e-01  -1.3312425e+00  -4.6225941e-01   1.0727026e+00   6.8702848e-01  -1.0240856e+00  -8.4450928e-01  -1.2283354e+00  -7.3046918e-01   3.7662365e-01
   2.0000000e+00   2.0908807e+00   2.1595666e+00  -1.6825404e+00  -1.3081421e+00   1.1760794e+00  -1.7710805e+00   2.0265101e-01   3.8403902e-01  -5.2456098e-01  -1.5583782e+00  -5.5682392e-02  -4.0668929e-01   5.9536086e-01  -3.6014950e-01  -3.2497645e-01   6.0336965e-01   8.2467514e-01   2.7373506e-02
   2.0000000e+00   1.2839930e-01  -3.4156791e-01   2.1943548e-01  -1.4894268e+00   1.0316540e+00  -1.6334790e+00  -7.1682623e-01   2.0310581e+00   5.8180778e-01  -5.7515469e-01  -4.9854716e-01   6.7763023e-01  -1.4487925e+00   8.9031935e-01   1.0951228e+00  -1.1144692e+00   1.3865991e+00   9.7039996e-01
   1.0000000e+00  -2.7484813e-01   3.3437835e-01  -9.9682341e-01   1.0971208e+00  -9.6042848e-01  -7.8291588e-01  -2.0430716e-01  -1.8422992e+00  -4.1383585e-01  -7.0149348e-01   2.7448227e-01   1.2416348e+00   8.5304760e-01  -1.5281914e+00   2.4114759e-01  -5.7319354e-01   1.9205741e+00  -3.0774477e-01
   2.0000000e+00  -1.5721980e+00   2.5046694e-01  -2.4487536e-01  -1.2134585e+00   1.4757838e+00  -8.4895948e-01  -1.1075428e+00   3.8334239e-01  -1.0043336e+00  -1.1681876e+00  -3.6521013e-01  -1.4325241e+00   3.1923605e-01  -1.7263559e-01  -1.4311782e-01   1.6474567e+00  -1.2725955e-02  -2.9588257e-01
   2.0000000e+00   1.5035800e+00   9.1153871e-01   4.6531996e-02  -2.1495039e+00   2.7203584e-01  -1.6879566e+00   1.3068955e+00   2.6319452e-01  -4.6899773e-02   3.8681796e-01  -2.4104560e-01   1.3380535e+00   3.9915382e-01   1.3084208e+00   7.1954963e-01  -1.2110432e-02   3.8059111e-01  -7.8491686e-02
   1.0000000e+00   1.2591771e-01   9.1327816e-01  -5.0604541e-01   6.1004182e-02   6.2660109e-01  -2.4999978e-01  -1.0844531e-03   1.9109630e-01  -4.4899795e-01  -1.3080570e+00   1.0408223e-01  -8.0573369e-01  -2.9691512e-01   9.8745877e-01   8.8175500e-01  -2.0937008e-01  -1.8406978e+00   6.5570522e-01
   1.0000000e+00   8.8807988e-01   4.9752175e-01   3.7543544e-01  -3.3049171e-01   7.6113694e-01  -6.0143212e-01   3.5945745e-01   2.2556554e-01  -8.3138447e-02  -1.3295637e-01  -1.4428566e+00   1.7910072e+00   1.3701992e+00   3.8722621e-01  -5.0614722e-01  -7.1092542e-01  -6.1285184e-01   3.3471585e-01
   2.0000000e+00   8.6336860e-01   3.4798136e+00   6.4800669e-01   9.8406132e-01  -2.0283173e+00   7.0780962e-01   3.7185270e-01  -2.8194202e-01   6.1311890e-02  -1.2675377e+00  -2.1915653e-01  -1.7472105e+00   6.0512997e-01  -8.4248082e-01   2.4944374e-01  -7.5982802e-01   1.8467467e+00  -5.0107051e-02
   1.0000000e+00   6.1285662e-01   3.6690261e-01   2.1285540e+00  -4.5157626e-01   5.3072648e-01   3.5125546e-01   9.2918422e-02  -1.1590309e+00  -4.1603321e-01  -1.7956927e+00  -8.6975126e-01   1.2545119e+00   1.6438915e+00  -1.6873879e-01  -7.1828518e-01   1.0929784e+00  -1.3912682e-01  -1.5259763e+00
   2.0000000e+00  -1.5102704e+00  -2.0760477e-01   1.1171476e+00  -9.3075982e-01   2.8294335e-01   4.0893119e-01   1.2900180e-01  -1.0196588e+00   1.3238786e+00   1.3679902e-01  -1.4589831e-01  -5.7226962e-02   8.3271648e-01  -2.6831724e-01   1.9305875e-03   2.2516374e-01   1.5632580e+00  -3.6184439e-01
   2.0000000e+00  -5.1453149e-01  -8.1126201e-01   3.9075368e-01   1.5647766e+00   7.4151782e-01  -1.0731451e-01  -1.2963617e+00   6.2227957e-01  -1.4737197e+00   1.9488957e+00   7.7982698e-01   7.6837943e-01   5.2699802e-01   4.9843603e-01  -1.4914379e+00  -5.5736306e-01   1.8258760e-01   3.5704208e-02
   2.0000000e+00  -3.6025123e-01   9.8394677e-01   2.0873834e+00  -4.8400192e-01   1.5342672e-01   1.9454251e+00  -4.4544452e-01   4.5263462e-01   1.2924882e-01   3.1067572e-01  -7.5468098e-01   5.3331393e-01  -6.1622777e-01   1.9043293e-01   1.2705709e+00  -9.9464454e-02  -4.7765846e-01  -5.4500805e-01
   2.0000000e+00   8.2091671e-01   6.3980483e-01  -7.4681610e-02   1.3202605e-01   1.0015762e+00   9.4861588e-01   2.1135886e+00  -3.8642145e-01  -6.7553020e-01  -3.4029572e-01  -1.1498994e-01   8.6441464e-01  -7.6097537e-02   3.3404907e-01  -2.0704364e+00   3.0359038e-01   4.7174983e-01   1.7459533e+00
   2.0000000e+00   7.5921771e-02  -8.1091331e-01  -7.3615799e-01  -5.8023357e-01  -4.4483905e-01  -8.5635292e-01   1.1990549e+00   2.1666778e+00  -1.2355829e+00   9.2739025e-01   1.0645275e+00   1.3318908e+00  -2.3403864e-01  -1.1886281e+00   4.8901310e-01   8.7448688e-02   6.4588107e-01  -9.0911561e-01
   1.0000000e+00   8.5647615e-01   5.5542145e-01  -4.4361649e-01   1.5066300e+00   3.4159844e-01  -3.6079292e-01  -6.1763148e-02  -2.3334769e-01  -1.9371161e+00   6.2351377e-01  -1.2980372e-01   2.0541418e+00  -3.7592702e-01  -2.2798171e-01   1.2670506e+00   5.4338738e-01  -1.3764880e+00  -1.8198744e+00
   2.0000000e+00  -8.9866404e-01  -1.9570514e+00   3.2446835e-01  -7.5964927e-01  -1.1862299e+00  -9.7479418e-01  -5.3889009e-01   3.1772131e-01   2.6906745e-01   2.5436245e-01  -3.6412100e-01   8.9292403e-01   8.3622028e-01   3.6766619e-01  -1.1483606e+00  -2.1028122e+00  -9.1128643e-01   2.5223722e+00
   2.0000000e+00   1.5448844e+00   4.6763639e-01   5.1960514e-02   1.2839100e-02  -1.9251344e+00   6.3495331e-01   1.4269793e+00  -2.9319122e-01   5.8953356e-01  -4.5707162e-01   1.5073813e+00  -1.2198121e-02   5.5016838e-02  -4.2243026e-02   9.8984761e-01   9.0186087e-01  -3.0573670e-02   4.2720287e-01
   2.0000000e+00  -1.1094526e+00  -8.8846573e-01  -3.2248448e-01   3.0047599e-01  -2.4663308e+00   7.6789468e-01   2.0659740e+00  -3.1203012e-01  -5.8212897e-01   1.0171024e+00   1.3991326e+00   2.1554072e-01   1.7684706e-01  -3.4142367e-01   3.8582560e-01  -9.5136029e-01  -1.1095048e+00  -6.3240394e-01
   2.0000000e+00   5.2767247e-01  -5.4221818e-01   5.9710875e-01   1.6336356e+00  -6.7756792e-01  -2.1242709e-01  -1.0260802e+00   8.3366926e-01  -9.8201856e-02   2.1968022e-01  -2.6066354e-02   1.0403407e+00  -1.1333410e+00  -8.1145169e-03   3.2835173e-01   1.4630811e-02  -9.6297199e-01  -6.2174421e-01
   1.0000000e+00   1.0018969e+00   5.7731581e-01  -2.2639709e-01   1.2870186e+00  -1.9946784e-01  -1.2173190e+00   9.4572654e-02   7.8461564e-01  -4.8957035e-02   6.3362730e-01  -1.8827713e+00   9.3902418e-01  -1.1842134e-01  -8.7513676e-01   3.3759290e-01  -1.5272690e+00  -6.8863752e-01   8.6428609e-01
   2.0000000e+00   1.7015930e+00   3.7534231e-01   1.8836447e+00  -3.1505760e-01   6.1205012e-01  -6.2810826e-02  -1.4727583e+00  -1.3996911e+00  -1.6017043e+00  -1.4442254e+00   6.6494195e-01   2.2442540e-01  -5.5666961e-01  -6.8812937e-01   3.1890172e-01   2.6694074e-01   4.8887836e-01  -1.1943041e+00
   2.0000000e+00   1.6694536e+00   3.6764067e-01   9.5148073e-01   3.7291487e-01   1.2607349e+00  -1.2447979e+00   1.0582866e+00   1.2393837e+00   8.3786548e-02   7.7058858e-01  -9.6151533e-01   2.2592969e-01  -2.9194239e-01  -6.3025493e-01   1.2535378e+00  -1.7689912e+00  -2.5493999e-01  -3.6395069e-02
   2.0000000e+00   1.1381794e+00  -2.0034789e-01  -1.4528080e+00   1.1808935e-01  -2.0272775e-01   9.0190637e-01  -3.0867043e-01   1.2690097e+00   2.5779546e-01   1.4113005e+00  -8.9425230e-02   1.0299861e+00  -7.0100565e-01  -1.8231266e+00  -1.5506768e+00   1.3638483e+00   6.9082979e-01   7.4958713e-01
   2.0000000e+00  -9.8746210e-01  -5.4742334e-01   1.5653031e+00   1.9009509e+00  -6.9465061e-01   4.6776750e-01   3.1313494e-03   1.4346495e+00   3.5390518e-01  -1.9895777e-01  -6.8212518e-02   1.1951121e-01   1.3709529e-01   1.8063267e-01   5.3824586e-01   7.1975214e-01  -1.0882384e+00  -1.7935489e+00
   2.0000000e+00  -1.6773807e+00  -1.4149717e+00   3.3410782e-01  -1.1181354e+00   9.6338565e-01   1.5133817e+00   1.2707871e+00   3.7752874e-01   5.5853165e-01  -2.1637129e+00  -2.0082674e-02  -1.2854345e+00   1.9620353e+00  -1.2906027e-01  -6.7139317e-01   9.9405468e-01   3.9069423e-02   1.6372583e-02
   2.0000000e+00  -1.4561083e-01  -9.7437208e-01  -1.2834807e-01   4.8502040e-01  -2.1227316e+00  -1.4685150e+00   3.4809467e-01   9.1376756e-01  -1.2433850e+00   6.1016949e-01   1.0759849e+00   1.0453800e+00   3.5205692e-01   1.4377998e+00  -6.8076873e-01  -1.3559131e+00   1.6220548e+00  -1.1143070e+00
   2.0000000e+00   7.6628916e-01  -1.2730992e+00  -1.4869839e-01   1.1140575e+00  -1.2914651e+00   1.5333813e+00  -8.2646212e-01   1.5912984e+00  -9.4165651e-01   4.2674565e-01  -4.3352232e-01   6.8297902e-01  -5.4342334e-01  -2.9427997e-01   7.8982782e-01  -1.6684677e-01   1.1067408e+00   1.2047399e+00
   2.0000000e+00   1.1905364e+00  -5.2985923e-01  -2.0429563e-01  -8.7831460e-01  -1.3552087e+00  -1.6754640e-01  -1.4031540e+00  -5.5553347e-01  -1.3800240e+00   3.0063553e-01   9.5796340e-01   1.0684307e+00   4.7196202e-02   6.4350313e-01   1.2863969e+00  -1.3795260e+00  -6.1194050e-01  -9.7172610e-01
   1.0000000e+00   4.1776359e-01   4.8240056e-01   1.2070030e+00   1.3447303e+00  -5.5816859e-01   8.4725632e-01  -3.7702495e-01  -2.7574686e+00  -6.0208574e-02  -1.6556263e+00   4.5254101e-02  -1.1167256e+00  -6.2325101e-01   1.3504569e+00  -6.1438340e-02  -8.5211979e-01  -1.2899633e+00   1.1516081e+00
   2.0000000e+00   1.0061047e+00  -4.3369689e-01  -9.6195433e-01   1.0046684e+00  -9.0434276e-01   1.1681831e+00   2.2294062e+00  -1.7930266e+00  -4.4331034e-01   1.1391754e-01  -9.3605469e-01  -2.2033178e+00   4.2358092e-01  -2.3187708e-01   1.0293928e+00  -7.6234664e-01  -1.9314842e+00  -2.5438620e-01
   2.0000000e+00   6.4517858e-01   1.2865780e+00  -9.3020645e-01  -1.8511316e+00  -1.2952671e-01  -1.7492760e-01   1.9754052e+00   1.2362108e+00   9.6635171e-01   1.0805236e+00  -1.0635764e-01   2.3879106e+00  -1.6517289e+00  -1.5350299e+00  -6.6711920e-01  -1.3021962e+00   6.2671098e-01  -2.7017875e+00
   2.0000000e+00   1.1210443e+00  -2.6020185e+00   5.0380203e-01  -4.6348315e-01  -2.5918314e-01   1.9746375e-01   2.4321371e-01  -3.0809040e-01  -4.8927936e-01   6.1507540e-02  -1.9029333e-01   9.5383387e-02   1.0506348e-01  -2.1891929e+00   1.4751931e+00  -7.8386323e-01   2.2186285e+00  -3.0170161e-01
   2.0000000e+00  -2.0137249e+00  -1.3998151e-01  -8.7752301e-01   2.2991852e-01  -8.8880847e-01   3.4149054e-02  -2.1913961e+00   1.6127389e+00  -2.5826203e-01  -3.4634717e-01  -1.4529099e-02  -2.3778449e-01   3.8039144e-01   1.2616978e+00  -1.2406241e-01  -5.2463346e-01  -3.0175735e-01  -9.9232055e-01
   2.0000000e+00   4.9275627e-01   1.4739070e+00   1.4139982e+00   1.0047066e-02  -1.1990108e+00  -3.0396878e-01   1.8184736e+00   5.0106494e-01   1.6797748e+00  -1.3921158e+00  -1.0200632e+00   2.9224685e-01  -3.3613620e-01   3.7735211e-01   1.7281896e+00   3.3429733e-01  -3.4772200e-01   2.1920663e-01
   1.0000000e+00  -1.3582686e-01   4.5138702e-01  -1.3432984e+00  -1.1736177e+00  -7.8389626e-01   7.1197016e-01  -6.2011618e-01   1.5213669e+00  -4.3689136e-01  -1.6732328e+00   6.1229712e-02   7.6396097e-01  -1.7584496e-01  -7.1957603e-01  -1.1125913e+00  -3.7118300e-01  -8.2710374e-01   1.8728005e+00
   2.0000000e+00   1.4412893e+00  -2.1048714e-01  -2.5689421e-01   1.8100550e+00  -4.9611749e-01  -1.1029407e+00   4.2587446e-01   2.4944804e-01   1.7427983e+00   1.4145398e+00  -1.5477002e-01  -1.6531332e-01   3.5331187e-01   4.9052172e-01  -1.8638987e+00   4.8504256e-01  -7.6195635e-02  -6.6000350e-01
   1.0000000e+00  -1.1884893e+00   4.2154812e-01   2.8069693e-01   5.4571838e-01  -1.0030765e+00   1.1441714e+00   5.9417673e-01   1.0119459e+00  -1.2660064e+00  -4.5874599e-01   2.1387237e-01   1.5270626e+00  -1.0262241e+00   4.0626489e-01  -4.2392758e-02  -1.0477239e+00   1.2970696e-01  -2.3999388e-01
   1.0000000e+00  -5.4532460e-01   3.8847779e-01   4.6395336e-01  -1.1978802e+00   1.6426814e-01  -6.8675128e-01   2.6768581e-01  -3.9481632e-01  -3.5899363e-01  -1.3380574e-01  -2.0206476e+00  -6.7062200e-01  -1.4483309e-01  -7.7966447e-01  -1.4229892e+00   6.3318771e-01   4.3721056e-01   7.8121416e-01
   2.0000000e+00  -5.9703593e-02   1.3672778e+00  -7.0396873e-01  -5.4483526e-01  -6.7258982e-01  -2.9661335e-02   1.5058840e-02   8.6787696e-01  -5.6166978e-02   2.3106842e+00  -3.5288750e-02   1.4784750e+00   2.4275984e-01  -3.4569324e-01   1.2964628e-01   1.5489386e-01  -1.3925876e+00   3.5025333e-01
   2.0000000e+00   4.1749958e-01  -1.0794507e+00  -9.2343445e-02  -9.2810556e-01  -1.3813311e+00   1.9716455e+00  -1.7826632e+00  -8.3759850e-01   7.7252348e-01  -2.9956521e-02  -1.2411866e+00  -9.4065397e-01  -1.4184808e+00  -4.9688577e-01   2.7367196e-01  -1.5324518e+00  -1.9880707e+00  -1.7232855e+00
   2.0000000e+00  -4.0541209e-01  -5.1870513e-02   4.4110547e-02  -7.4672517e-01  -1.4550078e-01  -6.2235751e-01  -1.1452525e+00  -2.3709640e-01  -2.5211401e-01   1.1613282e+00   3.6010709e-02  -4.9680954e-01   1.5619241e+00  -6.2257309e-01  -4.5873773e-01  -6.1884684e-01   5.7700164e-02  -4.3633867e-01
   2.0000000e+00   2.4405392e-01  -2.4059694e-01  -6.3875252e-01  -3.9312940e-01   1.2600547e-01   8.0996972e-01  -7.5205676e-01  -2.1359073e+00  -9.9323650e-04  -5.8171464e-01   5.1156707e-01  -9.9619326e-01   1.1541250e+00  -1.2606109e-01  -1.2625624e+00   8.1543288e-01  -9.1569641e-02   1.0612496e+00
   2.0000000e+00  -1.3508254e+00   7.6708048e-01   5.8356963e-01   1.9877950e+00  -1.2752865e+00  -1.1132909e-01   1.2266645e+00   1.1547085e+00  -7.4844718e-01   1.1569350e-02  -9.0894915e-01   1.2757939e+00   4.7804793e-01  -1.5155066e-01   1.1973740e+00   2.5320006e-01   1.3463021e+00   2.3048336e-01
   2.0000000e+00  -2.4072381e-01  -6.2338457e-01   1.5155179e+00   1.6736720e+00  -1.2920669e+00  -1.7491845e-01  -3.9542890e-01  -2.6378190e-01   6.2939909e-01   3.2151764e-03  -3.5681714e-01  -2.2748874e-01   5.7116030e-02   6.3863952e-01  -4.7482920e-01   3.4908212e-02  -4.5199501e-02  -2.5393342e-01
   1.0000000e+00  -3.1048793e-02   4.8460567e-01  -5.3321767e-01   1.0065235e+00  -5.2355151e-01   1.1861852e-01   5.9923539e-01  -3.8793353e-01  -1.8642269e+00  -2.7905125e+00  -1.2084643e+00  -1.7704987e+00   1.2124844e+00   1.0052223e-01   1.3760109e-01   9.1193170e-01   3.0107405e-01   1.2173178e+00
   1.0000000e+00  -9.6246814e-01   7.4791389e-01  -2.7647454e+00  -2.8157042e+00  -8.5478332e-01  -4.2989015e-01   6.2386032e-01   1.2639531e+00  -1.0418364e+00   8.6920236e-01  -9.6490284e-01  -7.2086731e-01  -1.4094037e+00  -4.1005102e-01   3.6921109e-01  -1.2577245e+00   1.7655029e-02   1.5249760e+00
   1.0000000e+00  -6.8391187e-01   6.4943327e-01   4.0054047e-01   1.6572090e-01   7.1156803e-01  -1.3460854e+00  -3.2532430e-01   1.9384563e+00  -9.3866958e-01   1.5305122e+00   1.6659866e+00   4.2748504e-01   3.4090174e-01   4.3438574e-01   3.8627594e-01  -2.8745892e-01   4.6803289e-01  -1.2797702e+00
   2.0000000e+00  -4.5077171e-01  -3.0996850e-01  -2.5761877e-01   2.9829693e-01  -2.0040756e+00  -1.2265059e+00   1.0847084e+00  -8.1376435e-01  -7.8158113e-01   1.2428730e-01   1.1118256e+00   4.3551736e-01  -1.1555829e+00   4.0608587e-02  -1.6819646e+00  -1.2198140e+00  -6.9563893e-01   3.8853142e-01
   2.0000000e+00  -7.8339159e-01   1.8057055e-01   8.8624232e-01  -1.4231709e+00   5.0464923e-01   1.1656995e+00  -9.9480433e-01   3.6463503e-01   7.7506673e-01   4.2993205e-01   5.5579320e-01   6.6645784e-01  -2.8676859e-01  -1.6489128e-01   1.4347052e+00  -1.0639482e+00   3.7922932e-01  -2.2414258e-01
   2.0000000e+00   3.4357378e-01  -3.2393191e-02  -4.1654174e-01   2.0946423e-01   8.6638571e-01   1.4529471e-01  -1.6238321e+00  -1.5087926e+00  -5.2797019e-01   1.5748321e+00  -1.4761832e+00   1.0028378e+00  -1.3132060e+00  -1.2192137e-01  -1.2326250e+00  -6.4089893e-01  -4.8433700e-02   1.8661800e+00
   2.0000000e+00   1.0310465e+00   2.2484648e+00   7.8602346e-01  -3.4075028e-01   1.0011429e+00   1.2382810e+00  -7.1185264e-01  -1.5275405e-01  -6.7639449e-01   1.6628506e+00   6.8821465e-01   8.1247877e-01  -9.5855218e-01  -3.2725674e-01  -8.2720277e-01  -1.2870083e+00   8.2483547e-01   3.1457209e+00
   2.0000000e+00  -4.8503897e-01   6.8719034e-01  -5.1037200e-01   1.0534639e+00  -1.1526558e+00  -4.4163230e-01   1.0477125e+00   6.5716308e-01   1.0150474e+00  -1.8615196e+00   1.0873692e-01  -1.3034604e+00   7.0775124e-01  -5.4344510e-01   1.2962512e+00   2.1291830e+00   8.1149308e-01  -1.1873618e+00
   2.0000000e+00   1.1316726e+00  -9.7027087e-01   8.5016975e-01   2.0960500e-01  -5.7102604e-01   4.8550232e-01   2.8458175e-01  -4.3204375e-01  -1.8767100e+00  -6.1280118e-01   7.2183655e-01  -2.3024464e+00  -1.7457850e-01  -1.0321276e+00   2.1599246e-01   8.0527106e-01   4.1268110e-01  -3.2800718e-01
   2.0000000e+00   1.3510837e-01  -1.2529307e+00   1.2912328e+00  -6.4190720e-01  -1.7266865e+00  -1.3001047e+00   2.0128147e+00   2.0464025e+00  -1.4564687e-01  -9.4406063e-01  -1.8697810e+00  -5.8357902e-01   5.7529097e-01  -1.3019960e-01   4.9065761e-01   6.7296038e-01  -1.1516948e+00  -1.9105246e-01
   2.0000000e+00   9.8820842e-02  -1.3708479e-01   8.2326790e-01   3.0281828e+00   2.9723396e-01  -7.2078123e-01  -1.3015049e+00  -1.6562822e+00   2.7337251e-01   4.3793985e-02   2.7452761e-01   1.8302431e-01   4.5801691e-01   2.0173934e+00   7.2433138e-01  -7.0810553e-01   1.5577447e+00  -9.4131818e-01
   2.0000000e+00  -5.3595771e-02  -2.3468792e+00   5.6970618e-01   1.2862217e+00  -1.2499877e+00   2.1104384e-01  -1.2602714e+00   1.6581808e+00  -9.6413160e-01  -8.9536354e-01  -6.1713377e-01   1.5888888e+00   7.0553080e-01   1.3851980e+00   3.3422241e-02   8.4495355e-01   1.1393805e-02  -3.2250498e-01
   1.0000000e+00   8.9663197e-01   3.5398987e-01  -6.9852770e-01  -4.2228356e-01  -3.7828309e-01  -1.0921353e+00   5.3868907e-01   9.5213240e-01   1.2326552e+00  -1.2776201e+00  -1.4779956e+00   3.8975555e-02   2.9118737e-01   5.3095808e-01   1.5713969e+00   1.5139821e+00   1.9605523e-01  -4.3925203e-01
   1.0000000e+00  -1.1749060e+00   8.9510101e-01  -6.7700331e-01  -1.1855718e+00  -2.5194559e-01  -1.7983796e-01   3.8746650e-01  -7.0934917e-01   9.7504410e-01   4.9976493e-01  -1.0903980e-01   3.1979779e-01  -2.1760576e-01  -4.4564815e-01   1.2302909e+00  -1.0254254e-02   1.5097089e+00  -1.1734848e-01
   2.0000000e+00  -1.6465268e-01   1.6252486e+00  -2.7432770e-01   7.5867161e-02  -6.3587846e-01   5.6609027e-01   3.5437316e-02  -5.1781304e-01  -3.7105730e-01   6.7608912e-01  -1.3449188e+00  -3.6848461e-01  -9.9513958e-01  -1.6300717e-01   2.7075795e-01   1.5708635e+00  -8.1628294e-01  -4.1487724e-01
   2.0000000e+00   1.3761594e-01   1.3751521e+00   3.0442803e-01  -2.1433327e+00   2.8682257e-02  -8.9546817e-03  -9.1501668e-02   6.5687453e-01   4.0181244e-01  -2.0714686e+00   2.6417486e+00  -2.8524102e+00   1.0260352e+00  -2.8588659e-01  -1.7518118e-01  -2.5481989e-01  -1.0715705e+00  -5.4672422e-01
   1.0000000e+00   1.7419116e+00   3.4807180e-01   1.1140922e+00  -2.5415567e-02   7.6887963e-01  -1.4674507e-02   2.1722486e-03   1.7697778e+00  -1.8852861e-01  -9.1028003e-01  -5.1589394e-01   1.7056460e+00  -6.4995232e-01   5.0338194e-01   1.4796181e+00   2.6214817e+00   7.1177687e-01   7.1521979e-01
   2.0000000e+00   3.9979789e-01   3.7214457e-01   4.4055074e-01   2.1451949e-01   4.4716506e-01   4.6652471e-02  -1.7627651e+00  -8.5880808e-01   5.5008010e-01  -3.6520334e-01  -1.8590861e+00   1.3483475e+00  -1.4150509e+00   1.3918405e+00   7.4991348e-01   4.2204854e-01   1.2052341e+00  -3.5354316e-01
   2.0000000e+00  -3.6062176e-01   1.8841312e+00   1.2707737e-01   4.5276749e-01  -5.2318459e-01  -1.6829871e-01   4.5212985e-01  -3.4109007e-01   6.2543315e-01   1.7382937e-02  -4.4330332e-01   1.1602910e+00   7.3760735e-02  -4.5629794e-01   7.9314695e-01   1.7333368e-01   8.3774518e-01   4.3878262e-01
   2.0000000e+00  -1.6619824e+00  -1.2434388e+00  -6.0924903e-01  -1.4680577e+00  -9.4149167e-01  -6.1256553e-01  -7.4353858e-01  -1.7599167e-01   7.2915543e-01  -7.8195445e-02  -2.0224536e+00  -6.5413216e-01  -8.7905524e-01   2.2789279e-01   1.4404681e-01  -4.2340748e-01  -1.0735657e+00   4.3550963e-01
   2.0000000e+00   6.5202175e-01   2.2868413e+00   7.2737390e-01   3.1918122e-01   2.1074924e-01   5.7330838e-01   3.1956333e-01  -2.1937745e-01   1.3633886e+00  -7.1297930e-02  -3.6607135e-01  -3.5136853e-01  -1.4208427e-01  -5.4230232e-01   1.2400380e+00  -2.1933169e-01   7.8514055e-01   1.9655635e+00
   2.0000000e+00   4.7598137e-01  -1.3907457e+00  -1.5608397e-01   1.3928181e-01   2.6454827e-01  -1.0474525e+00   2.0092984e+00   1.0281865e+00  -7.6935792e-01  -1.8488054e+00   1.9830808e-01   4.5235151e-01   1.2733497e+00  -1.0071076e+00   6.1159588e-01   3.4096531e-01   5.8729865e-01   2.8256348e-01
   2.0000000e+00   3.4954409e-01  -6.6955575e-01   1.2435908e+00   5.9906803e-01   1.0292895e+00  -9.1793939e-01  -4.1812177e-01   9.0433973e-02  -5.2841151e-02   3.0702916e-01  -2.9248010e-01   1.3767442e+00   6.8715668e-01   1.2683729e+00  -7.3188820e-01  -6.2966177e-01  -1.2045701e-01  -3.7126837e-01
   2.0000000e+00  -6.7776802e-01  -7.8210942e-01   2.7243610e-01  -4.6240101e-01  -6.7357360e-01   1.0277160e+00  -1.7010265e-01  -7.0152876e-01  -2.8380004e-01  -9.6171105e-01   7.4992433e-01   1.5248274e+00  -5.7816850e-02  -2.7915485e-02   2.2363838e-01   7.8373318e-01  -9.0696610e-01  -2.2441296e-01
   2.0000000e+00  -7.5686672e-01   5.3017378e-01   4.0619083e-01  -1.5709540e+00  -7.1262224e-01   1.4432428e+00   1.3292888e+00  -5.5205206e-01   9.3032712e-01  -8.8991871e-01  -4.0417195e-01   7.9779156e-01   7.6312794e-01   9.2117331e-01   6.7665601e-01  -1.9942030e+00   7.5127488e-01  -1.1516671e+00
   2.0000000e+00  -8.3272556e-01  -1.5379584e+00  -3.4151674e-01  -2.0067255e-01   2.2747609e+00   4.1372186e-02   5.9290697e-01  -5.2070287e-01  -2.4310487e+00   1.3267209e+00  -4.7841005e-01  -1.2839033e+00  -8.3675842e-02  -6.4886428e-02  -2.2172417e-01   2.9268840e-01  -6.0650866e-01  -1.8363004e+00
   1.0000000e+00  -8.1257451e-01   1.3280980e-01  -4.6381802e-01  -9.9955452e-01   1.0374156e+00   5.2741488e-01   6.2584487e-02  -2.0198360e+00  -2.3684836e-01  -1.6901237e+00  -2.0394267e+00  -3.2868236e-01  -4.7128941e-01  -3.9268651e-01  -6.2512361e-01   2.4509085e-01   3.5066660e-01   1.2194153e+00
   2.0000000e+00   3.5358096e-01   5.5793170e-01   8.1592494e-01   2.3191823e-01   9.3356826e-01  -1.0690315e+00   1.7246665e+00   4.0418786e-02   7.5760920e-02   2.4732429e-01   1.6634367e-01   6.5387439e-01   6.8291580e-01  -6.3450189e-01  -6.9508485e-01   5.0338806e-02   3.2219923e-01  -1.2447033e-01
   2.0000000e+00   8.7965056e-01  -1.3124081e+00   1.1348206e+00  -8.1277306e-01  -1.1223652e+00   5.1234657e-02   2.5268927e-01   9.9072572e-01  -1.5364286e+00  -4.1331811e-01  -1.7761113e+00   1.8332840e-01  -2.9358270e+00  -9.5763225e-02  -4.1369425e-01   1.5942183e+00  -1.6971262e-01   4.2906664e-01
   2.0000000e+00   5.9915123e-02  -1.5562083e+00  -6.1911326e-02  -8.5499537e-01  -6.0461628e-01  -5.4355731e-01   1.3265082e+00  -1.7038865e+00   3.4158249e-01  -6.1821032e-01   2.5274223e-01  -4.4663303e-01   1.0398343e-01   1.1276219e+00  -2.5249291e+00   2.0331318e-01   7.6392000e-01  -3.2658235e-01
   2.0000000e+00  -1.3623524e+00  -7.6827589e-01  -2.6047912e+00   1.2422427e+00   3.1683713e-01   2.5566388e-01  -9.6892713e-03  -7.3032461e-01  -3.6748503e-01   7.1200057e-01   1.1709333e-02   2.9179261e-01   1.3998125e-01   1.4219190e+00   1.2348934e-01  -5.2714479e-01   4.9165137e-01   2.1034809e+00
   2.0000000e+00  -2.2103204e-01  -1.0856605e+00   3.3546406e-01   1.2939177e+00  -1.8695451e+00  -1.4355767e+00   7.7820039e-01  -1.1197260e+00   1.3900296e+00  -1.1383493e+00  -2.4139756e-01   1.1075744e+00  -5.3947837e-01  -4.7418451e-01  -1.0885461e+00  -1.4071478e+00   6.0063297e-01   6.4007245e-01
   1.0000000e+00  -1.9798994e+00   6.3156584e-01   1.5127177e+00   3.1937121e-02  -1.3761187e+00   1.8296124e-01  -3.2421324e-01   1.0584735e-01   1.3141816e+00   8.2212186e-01   1.1045599e+00   1.2374845e+00  -8.0769939e-02  -2.7339807e-01   1.2464426e+00  -3.8547653e-01  -7.1773079e-01   4.1169704e-01
   1.0000000e+00   2.1437381e+00   4.2618404e-01   2.1547020e-01  -2.0885921e+00  -7.4099369e-01  -1.6918958e+00  -8.4500473e-01   4.2066643e-01   2.6207285e-01  -5.5060654e-02   6.0854129e-02  -1.1275122e-01  -3.5929445e-02   1.3716337e+00  -9.5153122e-02   8.4825689e-01   5.3719305e-01  -6.6649074e-02
   2.0000000e+00   6.8125554e-01  -1.7277399e+00  -4.7768270e-01  -2.2582142e-01  -1.5257755e+00  -1.3449874e+00   3.1398041e-01  -7.2123184e-01   1.9753780e+00  -8.9261134e-01  -9.3529335e-01  -7.4193602e-01  -4.6734154e-01   9.0219380e-01   6.2820039e-01   1.3272703e+00   1.6301134e-01   3.8603918e-01
   1.0000000e+00   4.6281883e-01   6.6190052e-01   1.7887116e+00   5.4886435e-01   1.1706908e+00   9.6654282e-01   3.5755900e-01   1.7844984e+00   3.9411389e-02  -4.8604323e-01  -6.5363705e-02   2.9838443e-01  -6.6775159e-01  -7.2459846e-01   3.1696354e+00  -1.0308534e+00  -1.8652599e+00  -1.2372983e+00
   2.0000000e+00  -1.2793793e+00  -4.2369402e-01   4.9039154e-01   4.1837391e-01  -2.5589277e-01  -2.0857386e-01   7.9662774e-02   3.8132745e-01   6.3483499e-01  -8.7311154e-01  -1.1326482e+00  -7.6169994e-01   1.0668420e+00  -8.7747424e-01   8.1285890e-01   9.4584800e-01  -1.0307607e+00  -2.3535290e-01
   2.0000000e+00   4.3324457e-01  -9.0108024e-01  -2.3457038e-01   3.3394365e-01  -7.9376706e-01  -2.0828236e+00   1.8913724e-01  -1.3876714e+00  -9.1364628e-01  -1.8329046e+00  -1.6968801e+00  -9.2784703e-01  -6.8441744e-01   3.4905354e-01   5.5662405e-01  -9.7086153e-01  -3.2556909e+00  -2.6765345e-01
   2.0000000e+00   4.4870853e-01  -9.1540281e-01  -1.0747745e-01  -2.0652943e+00   7.6688364e-02   1.0938275e+00  -2.2146631e+00   6.3782530e-01  -1.1920650e-01  -1.5389697e-01   2.3203901e-01  -1.6818889e+00  -2.4508563e-01  -8.3254019e-01  -4.0218823e-01  -2.0791848e+00   1.0488298e+00  -9.8896536e-02
   2.0000000e+00  -9.4726168e-01  -1.8437432e+00   6.3256317e-01   1.5456121e+00   1.0652360e+00   1.6163648e+00  -4.6920481e-01   1.6428356e+00   8.3012138e-01  -5.0350481e-01   4.3762147e-01   4.5828713e-02  -1.7644803e+00  -7.6490182e-01  -1.7534235e+00  -8.8319797e-01  -1.4026390e+00   8.3806154e-01
   1.0000000e+00  -1.5881173e+00   7.2093334e-01  -1.0860187e+00   7.8829530e-02  -8.1319692e-01   7.9035092e-01   3.5732848e-01   3.3685235e-01   1.6422899e-01   1.1178383e-01   2.0522751e+00   1.4223714e+00  -3.4987673e-01   3.3189758e-01  -2.4219711e-01  -1.5494110e+00  -4.9470829e-01  -1.0791232e-01
   1.0000000e+00   4.5498730e-01   6.1247511e-01  -1.6644242e-01  -1.8624311e+00   6.5759908e-02  -1.8687511e-02  -1.4219492e-01  -1.7052964e+00   5.8138499e-01   8.7410163e-01  -5.0436081e-01   2.0399251e-03   1.0624113e+00   6.9688589e-01  -4.4324250e-01  -1.8856381e+00  -2.7121374e+00  -7.3419684e-01
   2.0000000e+00   2.1876964e+00   1.0330468e+00  -5.8087858e-01   1.0970180e+00  -7.3571255e-01   2.4161908e-01  -6.2824347e-01  -9.9137890e-01   1.4645744e-01  -1.4107329e+00   2.4050661e-01  -3.3979065e-01  -6.4617449e-01   2.5590411e-01  -2.8301963e-01  -5.5982070e-01   9.5720848e-01   7.5203062e-01
   2.0000000e+00   7.0661533e-01   1.4497019e+00  -1.2643722e+00   2.8827363e-01   2.8819003e-01  -1.0355056e+00  -9.1298962e-01  -8.5879831e-01   2.4087510e-01  -1.1495219e+00  -1.2086670e+00  -2.3033622e-01   9.0050528e-02  -1.7540620e-01  -1.3131334e-01  -1.7271196e+00   1.5704492e+00   2.0493522e+00
   2.0000000e+00  -2.5026370e+00   2.9972171e+00  -2.0488067e-02   4.1358167e-01   1.8698578e-01   1.0258815e+00   2.5565285e+00   1.2606939e+00  -1.3523775e+00  -3.1439079e-01   2.3139269e+00   2.1742268e-01  -2.4689433e-01  -2.7251261e-01  -7.1858376e-02   4.7541144e-01  -8.9192636e-01   1.9744526e+00
   2.0000000e+00   2.6043161e+00   1.4537741e+00   4.1813823e-01   6.1707812e-03  -1.5703595e-01   1.1273277e+00   1.2667304e+00  -3.5789395e-01   9.1580930e-01  -3.0240554e-01   5.2330305e-01   6.8476196e-01  -1.4079852e-01  -1.9927203e-02  -2.0254130e+00  -1.0924455e+00   5.6551584e-03   6.7605712e-01
   2.0000000e+00   2.7328115e-02  -1.2392730e+00   4.0144215e-01   6.6256600e-01   8.8957234e-01   2.7872854e-01  -1.2657634e+00  -1.6365733e-01   1.0494772e+00  -3.2110591e-01   1.1391518e+00   8.0144186e-02   3.0076162e+00   9.0928148e-01   8.6547888e-01   1.1608901e+00  -6.2005782e-01   3.7366317e-01
   1.0000000e+00   2.9357793e-01   3.2108793e-02   7.9978636e-02  -3.3878800e-01  -4.5627399e-01  -1.0348625e+00   6.9263840e-01   2.8107869e-01   1.5278957e+00  -1.1381437e-01  -1.5035817e+00  -1.3280711e+00  -4.0936831e-01   4.5495228e-01  -3.1347268e-01  -1.7335927e-01  -4.4007504e-01   1.1031701e-01
   2.0000000e+00   1.2142440e+00   1.5291938e-01   1.6683360e-01  -1.4308028e-01  -1.3484485e+00   1.5361616e+00  -1.0715779e+00   7.3520966e-01  -7.1918258e-01   6.1283872e-01  -1.1722823e+00   4.7910543e-01  -1.1998547e+00  -1.8565243e+00   2.8738898e-01   3.0764532e-01   4.9033408e-01   9.6864356e-01
   2.0000000e+00  -1.2898317e-01  -9.6689964e-01  -1.4493091e+00   1.1228320e+00   6.4455622e-01  -2.3032390e+00  -5.7051775e-02  -1.2031257e+00  -7.0077992e-01  -5.3565833e-01   1.6124950e+00  -5.3851757e-01  -4.8758135e-01  -1.7932219e-01  -5.9952522e-01   9.8354057e-03  -5.0954145e-01  -3.8946594e-01
   2.0000000e+00  -1.6590075e-01   5.4852060e-01   1.4765744e-01   1.0998043e+00   2.7748841e-01   2.7920436e+00   1.5511308e+00   4.1325265e-01  -7.1694352e-01  -4.5775188e-02  -8.4558071e-01   7.4323267e-01   8.9910029e-01  -5.0940247e-01  -2.9050810e-01   2.1471159e-01  -7.9888780e-01   8.2146273e-01
   2.0000000e+00   1.2168158e+00  -9.7394607e-01   7.9097199e-01   1.0218400e-01   7.3014212e-01   7.2346680e-01   5.6628195e-01   2.6762411e-01   7.6039167e-02  -7.4936148e-01   7.1323870e-02  -1.3230671e-02   3.0696096e+00  -4.0077854e-02   1.6475463e+00   1.2721127e+00  -2.9515532e-01   9.6384504e-01
   2.0000000e+00   1.2202017e+00   1.1341209e+00   1.0438428e+00   4.5028446e-02  -3.4723151e-01  -3.0878106e-02  -1.0042914e+00   3.7614362e-01   4.6984256e-01   4.7874619e-01   1.7861324e+00   4.7877946e-01   9.8468803e-01   5.2031832e-02   9.1087676e-01  -4.6960943e-01   7.3225964e-01   1.9734478e-01
   1.0000000e+00  -6.9771310e-01   2.5893150e-01   9.2284182e-01  -2.4517977e-02   1.4289465e-01   7.4798094e-01  -4.1867781e-01  -3.3560979e-01  -5.6999135e-01   1.7759678e-01   7.6057385e-01  -8.7030262e-01   7.3328426e-01   9.0723447e-01  -1.5370847e+00  -8.3943311e-02   4.3039208e-01   9.0187805e-01
   2.0000000e+00   2.7270129e-01  -1.6931722e+00  -1.1529569e+00  -1.1199926e+00  -8.3169948e-01   3.3376541e-01  -7.6001693e-01  -2.4608572e-01   1.3988357e-01  -8.8428431e-01   1.0014829e-01  -3.8031251e-01   9.7176881e-01  -7.1826052e-01  -2.6078367e-01   1.9950534e+00  -6.6686565e-01  -1.8336597e-01
   2.0000000e+00  -7.4735004e-01  -4.3486826e-01   5.9883549e-01   9.2064103e-01   1.4045377e+00  -1.1212994e+00  -9.8978315e-01   4.8080700e-02   1.2495210e+00  -1.8147198e-01   5.6738555e-02   6.7038875e-01   6.5831410e-02   2.0683925e-01   1.2649006e+00   8.4864262e-01   9.8400765e-01  -1.3796899e-01
   2.0000000e+00  -1.2119248e+00  -1.0827983e+00   8.5842363e-01  -3.6826796e-01  -1.3681951e+00   6.6246080e-01   6.9035890e-01   6.3419574e-01   4.6810815e-01   1.6646805e+00  -2.8883407e-01  -6.5352094e-01   9.3820003e-02   9.5864772e-01  -4.7486298e-02   9.4876683e-01  -1.4256619e-01  -1.8794740e-01
   1.0000000e+00  -2.0139031e+00   6.8745171e-01  -1.4209589e+00  -1.5242673e+00  -1.4812968e+00   1.7995351e+00  -7.2262802e-01   1.8253849e+00  -1.7011704e+00   8.1166191e-01  -6.0684855e-01   1.4001521e-01   2.4653099e+00   1.7704131e+00   3.0793838e-02   8.4970889e-01   7.2644625e-01   4.1130797e-01
   2.0000000e+00   1.2094261e+00   1.1487220e+00  -1.3876489e+00  -6.0487376e-01   6.2775335e-01   7.6325545e-01  -5.4201853e-01  -1.2361410e+00  -3.3978589e-01  -3.3171657e-01   6.4155381e-01   6.7631738e-01  -5.3433333e-01   9.4488693e-01  -4.2169252e-01  -1.7848241e-01   1.9774488e-02  -9.2246185e-01
   2.0000000e+00  -2.6534440e-01   3.5880722e-01  -1.4104736e+00   2.3553361e-01  -1.4848859e+00  -2.2554012e-02  -1.4879064e+00   1.2557741e+00  -3.2986523e-01   1.2989920e+00   9.4324329e-01   1.5968757e-01  -1.0053483e+00   4.2165726e-01  -2.1053836e-01  -7.8949008e-01   8.0176332e-01  -1.6159958e-01
   1.0000000e+00   7.5820286e-01   9.2890693e-01   1.0866936e+00  -2.3772593e-01   1.3599790e+00  -1.1457947e+00  -1.5500100e-01   6.5653577e-01  -4.4612450e-01  -4.3572436e-01   2.6907530e+00   1.3191690e+00  -3.4871103e-01   1.4835253e+00  -8.2815551e-01  -1.5251891e+00  -1.0587205e+00  -1.4759792e+00
   2.0000000e+00   4.5757490e-01   8.2818549e-02  -9.9241179e-01  -1.3589164e+00  -1.2960850e+00  -2.4850277e+00   8.6496323e-01  -1.1280764e+00   1.1214892e-01   3.3139516e-01   7.5040324e-02   7.7439608e-01  -6.4330982e-01   3.4112262e-01   1.2241745e-02   2.4782617e-01   2.6285641e-01  -1.5673171e+00
   2.0000000e+00   8.7887149e-01   1.1570345e+00  -1.2478899e-01  -8.8192593e-01  -1.1532473e+00   1.1015942e+00  -4.8736172e-02   3.9948697e-01  -1.3198292e+00   6.7691216e-01  -7.4297126e-01  -1.4932010e+00  -7.7152680e-01  -2.2154730e+00   9.7581998e-02  -8.5210744e-01   1.3442730e+00   3.0650308e-01
   2.0000000e+00   1.8538481e-01   1.6759978e-01  -1.3898857e-01   2.5075322e+00   1.8836712e-01   2.2306430e+00  -9.1476300e-01  -4.5195465e-03  -1.7867299e+00  -2.3542416e-02   9.9718676e-01   9.5858738e-01   1.0534459e+00  -5.7601977e-01  -3.8976441e-01   7.2510472e-01  -8.5672952e-01  -8.0110294e-01
   2.0000000e+00  -8.2513679e-01  -1.5173384e-01   8.5276101e-01   1.6610091e+00  -2.9152728e-01   1.7713341e+00  -6.0538982e-01  -8.1538484e-01  -1.7885929e+00  -5.2535536e-01   2.3265567e-01   1.0299635e+00   1.8327145e+00   1.2430633e+00  -3.3203103e-01  -1.4503553e+00   9.5092304e-01   4.7521609e-01
   1.0000000e+00  -7.5174648e-01   4.1036120e-01   1.6370018e+00  -4.3959030e-01   2.3867193e-01   2.3049970e-01   8.6253974e-02   1.6090913e+00  -4.2094422e-01   1.0876789e+00  -7.5568832e-02  -7.7629116e-01  -2.9017858e-01   1.2037570e+00  -1.8606179e+00   7.4014409e-01   5.4289184e-01  -2.7358746e-01
   2.0000000e+00  -8.5465670e-01  -2.4958688e+00   5.8102518e-01   1.0810831e+00  -1.7339318e-01   1.1028600e+00  -8.9399624e-01  -1.5558579e-01   1.8665457e+00  -5.9472643e-01   6.0277638e-01  -1.0839172e-01   5.5385280e-01   1.8672793e+00   2.0501915e+00  -6.0704342e-01  -1.0054632e-01   6.3256412e-01
   1.0000000e+00   1.8686132e+00   9.1601582e-01  -2.3718342e-01  -2.3143146e-01   4.9502040e-01  -6.3863385e-02   2.2611640e-01  -6.3624425e-03  -8.3529949e-01  -1.3367268e+00   6.1156929e-01   1.6085108e-01   4.6213538e-01   1.4614961e-02  -1.3101407e+00  -5.4149656e-01  -6.7926484e-01   7.3877012e-01
   2.0000000e+00   8.1534264e-01   1.5918701e+00   1.3294387e-01  -3.1373060e-01  -1.9262401e+00  -6.0222883e-01  -3.3050091e-01  -3.0835919e-01  -6.7221499e-02  -5.4711493e-01  -2.6089835e-01  -1.8637390e-01  -3.8861825e-01   8.6898106e-01  -3.3894329e-01   6.6263965e-01  -1.1151755e+00   3.5506568e-02
   2.0000000e+00  -1.4056234e+00   4.2660793e-02  -7.3707213e-02   2.8596185e+00  -8.5604715e-01  -6.2130740e-01   1.4196065e+00   8.4173923e-01   1.6949184e+00  -8.4949646e-01  -4.8384934e-01   1.3108209e+00  -1.1354267e+00   1.8409803e+00   4.9448303e-01   9.1555490e-01   7.5105325e-01  -8.7742000e-02
   2.0000000e+00   1.0102305e-01  -4.5546123e-01  -5.0699530e-02  -7.2924302e-01  -1.0557428e-01   7.2704253e-01  -1.2566251e+00  -8.3581413e-01  -3.3062706e-01  -1.2289494e-01  -4.6164154e-01   8.0881705e-01  -1.0069588e+00   3.0536044e-01  -1.8148925e-01  -1.7504554e+00  -8.3647286e-01  -1.1814195e+00
   2.0000000e+00   3.7710795e-01  -3.6387091e-01  -4.0819604e-01  -8.1674917e-01   8.6135516e-01   1.0586767e+00  -2.2539014e-01  -3.3907784e-01   3.7002963e-01  -1.4014410e+00  -1.5861891e+00   5.3273877e-01  -1.3092743e+00  -9.0974394e-01  -4.3553912e-01  -9.2784014e-01  -6.6640336e-01  -3.5684354e-01
   2.0000000e+00  -1.9487636e-01   7.8609567e-01   2.0797109e-01  -2.1717789e-01  -1.7490867e+00   5.1034693e-01   7.6518692e-01   9.6769802e-01  -9.1587968e-02   2.7185352e-01  -8.7065903e-01   4.0861738e-01   5.6965426e-01   9.0370602e-02   6.0697433e-01   1.8216324e-01   4.7178111e-01   6.0791938e-01
   2.0000000e+00   2.9440608e-01   7.6439372e-01   1.3634414e+00  -1.1340611e+00  -3.5736911e-01  -5.5700337e-01  -1.6643905e+00  -1.3357701e+00   7.5369375e-01   1.2185537e-01   1.1495487e-01   1.4087708e+00   1.3080153e+00  -5.2108123e-01   5.2969406e-02   1.2709238e-01  -7.4826927e-01  -4.4311307e-01
   2.0000000e+00   1.2904421e+00  -7.7014914e-01   5.1249833e-01   5.7455320e-01   3.6989156e-01  -6.2429560e-01  -1.5004750e+00  -1.1905589e+00   5.7537050e-01  -2.2012539e-03  -9.0058708e-01  -2.2014242e-01  -1.6369284e-01  -7.6852847e-01  -9.4735132e-02  -3.5061926e-01  -6.2111482e-01   1.7797416e+00
   2.0000000e+00  -1.0626745e-01  -9.8238523e-02   1.0773507e+00  -2.1456455e-01  -7.0703476e-01   2.2628655e+00  -2.0793304e-01  -1.9795989e+00  -6.3224363e-02  -2.4093517e-01  -3.8572780e-01   2.4575667e-01  -4.5764226e-01  -1.7160042e+00  -9.8558410e-01   1.1395730e+00  -5.3937839e-01  -1.1397540e+00
   2.0000000e+00  -8.3113383e-01  -3.0403870e-01   5.2752922e-01   2.0142428e+00   7.1614839e-01   9.5225554e-01  -3.0321868e-01  -1.9102003e+00   1.0408778e+00  -3.6257951e-01   6.5856316e-02   2.1427862e+00  -2.1270557e+00   7.9497399e-01   3.4613238e-01  -4.2417455e-01  -1.9164279e-01  -3.1831468e-01
   2.0000000e+00  -8.1157110e-01  -8.4901804e-01  -1.6654572e+00   2.1421441e-01  -6.2663348e-01   3.8162375e-01   8.4458155e-02  -1.2116635e+00   1.2024872e+00   1.3889084e+00  -1.1955491e+00   1.6901193e-01  -1.0838304e+00   1.1730839e+00   9.1654804e-01  -1.1721903e+00   1.7658449e+00  -1.7851363e-01
   2.0000000e+00  -1.7723840e+00   7.4980897e-01   1.5108736e+00   1.3064578e+00   3.8266079e-01   1.0288264e+00   1.5180248e+00   3.5008171e-01   1.9309491e-01  -9.4242178e-01  -1.1753455e+00   1.0789870e+00   1.2428685e+00   1.5005730e+00  -5.1198499e-01  -1.0920194e+00   8.6022333e-01   3.6383024e-02
   2.0000000e+00   3.9976983e-01  -8.5821334e-02  -6.2466324e-01   3.9272329e-01  -2.6100706e-01   1.2052013e+00  -4.4807992e-01   4.0153529e-01   4.8532593e-01   7.6017206e-01   5.0464253e-02   4.3684936e-01  -1.2505514e+00  -1.8844400e+00   9.6714932e-01  -5.6986107e-01   1.2694711e-01  -1.5458131e+00
   2.0000000e+00  -4.5631372e-01   2.3413239e+00  -5.9666417e-01   1.1099225e+00   1.3616609e+00   2.1722107e-01   1.0304446e+00  -9.1856896e-01  -1.8372009e+00  -3.7887829e-02   7.6601222e-01  -5.7457785e-01   8.0248743e-01  -5.4260476e-01  -7.1249946e-01   6.4067613e-02  -1.0215615e+00  -5.7791106e-01
   2.0000000e+00   1.6860393e+00   1.3345976e+00  -3.3957617e-01  -4.9124647e-02   3.1364498e-01  -1.2124774e+00  -1.4046289e+00  -1.4008471e-01   9.0647138e-01   1.2167060e-01   8.7647148e-01   2.1482673e-01   1.3018708e+00  -7.4918898e-02  -1.0199812e+00  -1.7662945e+00  -5.2870253e-01   3.3048026e-02
   2.0000000e+00  -9.2951610e-01  -7.9548649e-01  -1.5223532e+00   1.4234085e+00  -1.4146006e-01   3.9003088e-01   3.1764641e+00   7.7000745e-01  -1.2984694e+00  -1.0158411e+00   1.2391631e+00   6.4679832e-01   4.4201525e-01  -1.1208779e+00  -9.2327760e-01  -5.4116069e-01   1.0532565e+00  -2.3290379e-01
   1.0000000e+00   2.0618079e-01   1.9039294e-01   6.0030541e-01   1.1094819e-01   3.2975212e-01  -2.7844847e-01  -1.1272040e-01  -2.3046635e-02   4.8038119e-01   6.0353520e-01  -1.9562152e-01  -5.3250431e-01  -6.1496384e-02  -1.3264340e+00   1.9444477e+00   2.4296107e+00  -1.6384797e+00   1.2348920e+00
   1.0000000e+00  -1.1062485e+00   4.5655103e-01  -4.3741094e-01  -2.2081145e+00  -4.0462673e-01   1.9179420e-01   4.0352936e-01   2.8988426e+00  -1.2322437e-01  -8.9727526e-01  -5.5188239e-01   6.8563403e-01  -4.0548049e-02  -1.2372169e-01  -1.1602964e+00  -2.8459430e-01   1.6726723e+00  -5.9386682e-01
   2.0000000e+00  -8.9370979e-01   1.1531239e+00  -2.7663337e-01  -3.8501286e-01  -2.2610507e+00   2.1255742e+00  -5.1927887e-01   1.5586139e+00  -1.1476288e+00   1.9991189e+00  -3.7942053e-01   7.1528532e-01  -1.8580369e+00  -7.6934633e-01  -1.0504037e+00   1.0568214e+00   3.6437236e-01  -5.7755400e-01
   1.0000000e+00  -4.6012454e-01   5.5026137e-01   2.6498340e+00   1.3599961e-01   3.5135213e-01  -3.5448049e-03  -1.6822387e-02  -4.2537923e-02  -1.5377818e+00   3.9084810e-01  -1.6789295e+00  -1.5757950e+00  -7.3314139e-01  -3.7950116e-01  -1.2533524e-01   8.7639040e-01  -1.1914168e+00   3.7658872e-01
   2.0000000e+00   1.0825327e+00   1.0811776e+00   9.3231103e-01  -5.4398196e-01  -1.1094983e+00   1.4201304e-01  -1.8044321e+00   6.0682029e-01  -4.0761584e-01   2.6464322e-01   4.7907776e-01   5.4780913e-01  -3.6905417e-01  -7.3024998e-01   5.2413383e-01   1.3460917e-01   6.7876930e-03  -8.8191158e-01
   2.0000000e+00   7.3938476e-01  -4.9081886e-01  -1.4171864e+00   4.5388823e-01   8.0439099e-01  -4.9377047e-01   2.2682101e-01   9.6766746e-01   3.1367027e-01  -2.1966203e+00   7.1854942e-01  -6.7068705e-01  -6.0743530e-01   1.4714021e+00   1.4137107e+00  -4.6798300e-01  -2.2900076e-01  -5.2723089e-01
   2.0000000e+00  -1.6239100e+00   1.4121086e+00  -1.4818426e+00   1.4165141e+00   4.0351339e-01   1.3384070e+00  -1.8033020e+00  -1.4711809e+00   9.6433283e-01   4.3133913e-01  -7.6821501e-01  -6.5816847e-02  -4.8044172e-01  -3.3396844e-01   5.3171195e-01   1.2150811e+00   8.2208806e-02   1.1110723e+00
   2.0000000e+00  -1.3932966e+00  -1.0198418e+00  -2.8505650e-01  -1.8854017e-01  -4.8513338e-01  -5.9568204e-01  -4.2051782e-01  -2.9944963e-01   9.6460518e-01   1.2256465e+00   4.0406380e-01   2.8963224e-01  -5.2604292e-01  -6.1778949e-01   1.0264881e-02   1.2685305e+00  -2.1333481e+00  -3.4962918e-01
   2.0000000e+00  -9.1006046e-01  -6.3221011e-02  -5.1299711e-01  -1.2143232e-01   1.1071737e+00   1.8605155e-01  -2.7863945e+00  -2.2023638e-01   7.6708621e-01   6.4617015e-01   2.9078837e-01  -1.6777326e+00  -2.1445886e+00   1.1071408e+00  -9.7966595e-01  -2.3527021e-01  -8.2647285e-01  -7.3833110e-01
   1.0000000e+00  -1.5293874e+00   4.4540201e-02  -1.3797916e-01  -3.5782363e-01  -4.3131102e-01  -1.6296686e+00   9.0809234e-01   4.6011910e-01   1.4250718e-01  -5.8281693e-01  -1.9155914e+00  -4.9600111e-01   1.2258004e+00  -1.4552787e+00  -1.6377442e+00   2.2441871e-01   1.1055895e+00  -1.7130618e+00
   2.0000000e+00   9.3183065e-01   1.3370483e+00  -7.8308369e-01   1.7356894e+00   7.5323150e-01  -7.4003314e-01  -7.0734376e-01   6.1645287e-01  -1.2017705e+00  -1.4787166e+00  -5.3409084e-01  -9.2476826e-02   1.3889152e+00   9.6409845e-01   2.8783567e-01   6.2329555e-01   6.6205404e-01   1.5821592e+00
   1.0000000e+00  -7.0257775e-01   2.0661744e-01  -1.7693798e-01  -8.5468789e-01   7.9698775e-01   3.7286210e-01  -2.3367562e-01  -7.6630004e-01  -5.5881322e-01   2.8879083e-01  -4.4984055e-01   2.6415956e+00   9.6964014e-01  -6.4443617e-01   2.2396677e+00   8.3345804e-01   3.4397058e-01   1.2905807e+00
   2.0000000e+00   6.2875160e-01  -2.7566524e-01   5.1019969e-02  -1.4560724e+00   1.5535580e+00  -1.0351221e+00  -5.0212000e-02   3.0821387e-02  -1.8118043e-02   1.7005360e+00   7.2197904e-01  -8.6167712e-01   7.1350497e-01   8.3939163e-01  -6.0215463e-01   7.5559939e-01  -1.2352874e+00  -3.8034137e-01
   2.0000000e+00   3.0122603e-01  -6.8709596e-01  -9.5313644e-01   3.5037808e-01   1.4873880e+00  -1.5778113e-01  -8.8609104e-01  -1.0413767e+00  -2.8472703e-01  -1.8948330e-01  -2.0937854e+00  -2.4466262e-01   8.0623161e-01  -8.7062293e-03  -4.7756913e-01   1.6196357e+00  -1.3579932e+00   4.8452444e-01
   2.0000000e+00  -5.7406124e-01  -6.9427622e-01  -1.4379916e+00  -3.7150187e-01   6.9617104e-01  -1.3006603e+00   2.5114726e-01  -4.4465465e-02  -1.3497435e+00   1.7754306e+00  -6.2290854e-02   1.2694964e+00   7.1799906e-01   3.8180651e-01  -4.3877474e-01  -2.0753885e+00   1.2287767e+00  -1.0967440e+00
   2.0000000e+00   1.0265014e-01  -4.8805405e-01  -4.3959931e-01   1.4915746e+00  -5.2736094e-01  -3.1866115e-01  -1.5307624e-01  -7.8588620e-01  -2.3346500e+00  -6.9369623e-01  -7.5380699e-01  -7.5063986e-02   5.2523601e-01  -8.6017176e-01  -2.6173846e-01  -1.6655731e+00  -1.0359130e+00  -7.2123133e-01
   2.0000000e+00   8.1479704e-01   1.1351202e+00   2.4555104e+00   1.2787135e-01   1.5942139e+00  -4.2489308e-01   1.5027218e-01   2.1067955e-01   1.0179755e+00   1.0314989e+00   5.2934323e-01  -7.3028558e-01  -1.3607711e+00   1.5110969e-01   2.7289811e-01  -1.3480008e-01  -1.0791604e+00  -6.2741232e-01
   2.0000000e+00  -6.3269419e-01  -3.6700006e-01   1.3883574e+00  -1.1818565e-01   1.2770738e+00   1.1694232e+00   9.1886514e-01   9.3405717e-01  -1.1340471e+00   1.6388056e+00   3.2789773e-01  -8.1726371e-01   1.3025817e-01  -5.5199352e-01  -2.5265709e-01  -2.8486461e-01   2.1796757e-01  -1.3388111e+00
   2.0000000e+00  -1.2278192e+00   6.0787273e-01  -1.7752051e+00  -8.4850861e-01   6.6171088e-02   1.5065720e+00  -1.0999597e+00  -5.0434978e-01   2.6751212e-01  -1.3829947e+00  -9.5015576e-01  -3.0519349e-02  -2.6664315e-02   1.1228466e+00  -3.4744702e-01  -2.9255143e-01   1.1968072e-01   3.9868608e-01
   2.0000000e+00  -9.6120822e-02  -1.3450849e+00  -2.6044031e-01   3.9486287e-01   1.8810448e+00  -9.2636700e-01  -1.3307862e+00   7.6060302e-01   4.1574022e-01  -1.0179502e+00  -3.0951686e-01  -2.9800512e-02   5.5382822e-02  -5.0097442e-01   3.5182931e-01   1.8541841e+00   2.2594282e-02   7.3084238e-01
   2.0000000e+00   5.1540471e-01  -9.9274843e-01  -7.5448382e-01   1.8445278e-01   2.5519055e-02   4.4503270e-02   8.8110863e-02   1.8541141e-02  -5.9569315e-02   8.8298472e-01  -6.8633852e-01   1.3419074e+00   3.8936791e-01   2.0679032e+00  -5.1936838e-01  -6.6732266e-01  -5.4942644e-01  -8.5110869e-01
   2.0000000e+00  -8.9678523e-03  -4.5130099e-01   1.9290000e+00   6.9792544e-01  -1.6838024e+00   1.3567612e+00   1.0886293e+00  -9.8424213e-01  -9.4913026e-01   5.9678043e-01   1.2663261e+00  -8.2257854e-01   2.5987889e-01  -2.4132762e+00   1.1487373e+00  -2.2021756e-01  -1.0606053e+00  -1.4891677e+00
   1.0000000e+00  -2.0757655e-01   2.1516786e-01   4.8332555e-01  -1.2346513e-01   1.4859741e+00  -2.6132613e-01   1.1036031e-01  -8.7180757e-01  -1.3382197e+00  -2.9958261e-01   4.3317363e-01  -5.3189806e-01  -1.0252393e-01   7.0838750e-01  -5.3661810e-01   2.4276552e-01  -1.2233762e+00  -8.2557810e-01
   2.0000000e+00  -1.1608564e-02   1.7862225e+00  -1.1246955e+00   2.5753136e-01   1.6904667e+00   1.1201446e+00  -3.1676947e-01   1.0130984e+00  -5.7839176e-01  -6.2491692e-01   1.4856685e+00   4.3777130e-01  -9.0153355e-01   1.5325364e+00  -2.9533453e+00  -1.4136336e+00   6.0395024e-01  -3.6177284e-01
   2.0000000e+00   3.1428968e-01  -1.3391844e+00  -2.4863937e+00   2.9556625e-01  -1.9229238e+00  -1.9254511e-01  -6.8157731e-01   4.5274196e-01   1.3042139e+00   5.7603836e-01  -2.2314349e-01  -1.4988044e+00  -9.5178810e-01   8.9411062e-01  -1.5274644e-01  -1.4786681e+00   1.0828589e+00  -1.5440605e+00
   2.0000000e+00  -6.2876234e-01  -1.0966810e+00  -1.4956365e-01   9.1148023e-01   2.0718914e-02   1.1408103e-01   6.1821838e-01   4.7802695e-01   4.6054906e-01   1.1847924e+00   2.0363330e-01   9.5730475e-03  -5.1196199e-01  -1.4685639e-01  -3.1179769e-01   1.1571321e+00   2.5301521e-01   8.3602656e-01
   2.0000000e+00   1.1006918e+00  -1.6971353e+00  -6.0678803e-02   8.2701442e-01  -8.6330577e-01   1.3446439e-01   6.4070745e-01  -6.8426044e-01  -9.0351542e-01   1.1219500e+00   1.8854397e+00  -5.4137625e-01  -8.5680265e-01  -1.1231332e+00   6.0518926e-02  -4.9536420e-01  -5.2434983e-01  -1.0430714e+00
   2.0000000e+00  -1.7138877e+00   6.0665162e-01  -1.0399826e+00  -2.1654469e+00   5.9817536e-01   2.6555861e-01  -1.0839096e+00  -1.5949508e-01  -1.6906748e-01   5.1444180e-01   5.7894521e-01  -1.0587682e+00   1.5485476e+00  -2.4022681e-01   3.4889907e-01  -8.9719871e-02  -1.0240518e+00   3.3882437e-01
   2.0000000e+00  -3.3762727e-01  -1.3219127e-01   1.2046609e+00   9.3159517e-01  -3.0053374e-01   4.7928033e-01   7.7186593e-01  -1.4586392e+00   1.6962493e+00   1.4676207e+00  -5.3288815e-02   2.0854963e+00   3.8418138e-01  -3.0161789e-01  -8.8003318e-01   9.4432699e-01   6.0463094e-01  -8.4593915e-01
   2.0000000e+00  -1.6322387e+00  -7.6844527e-01   1.6202986e-02  -1.0276085e+00  -4.2405535e-01   1.2530607e+00  -9.5343119e-01   3.3750723e-01  -6.9800596e-02  -1.2120778e+00  -1.4263866e+00   1.4147352e+00  -8.9876696e-01   1.0658272e+00  -7.2400682e-01   5.1870336e-01   1.3805661e-01  -1.4474443e+00
   2.0000000e+00   1.2778726e+00   3.8494811e-01  -6.4237800e-01  -1.5169883e+00   2.6752676e+00   1.3980831e+00  -1.0737095e+00  -5.0807060e-01   1.3364992e+00   3.9754823e-01  -8.2154019e-01   1.1875742e-02  -4.6769368e-01   1.1151073e+00  -1.5470177e+00   5.6042629e-02  -9.0216691e-01  -8.6924580e-01
   2.0000000e+00   3.4216055e-01  -7.0381428e-01   7.7899747e-02  -7.3631205e-01   7.6123283e-01  -2.3043906e-02   3.9436490e-01   1.0717545e+00  -1.0081457e+00   1.6349904e+00  -1.2496894e-01  -1.1511225e+00   1.1139772e-01  -2.5628944e-01  -4.5938132e-02  -1.1523611e+00   1.6593506e+00  -9.1131721e-01
   2.0000000e+00   1.1834587e+00  -1.6016567e+00   1.7828160e+00  -1.4698000e+00  -5.8512115e-01   5.1008048e-01   3.0214564e-01  -1.3308063e+00   8.0059088e-01   7.2456845e-01   4.5940156e-01   7.3387116e-01  -4.0811064e-01  -9.1932953e-01  -2.2226384e+00   1.5728883e-01   1.8118825e+00   9.7350842e-01
   1.0000000e+00  -7.2178201e-02   4.0846362e-01   3.4167094e-01  -6.0714628e-01   1.4744486e+00  -8.2420256e-01   7.4302146e-01  -4.8982910e-01   6.8209263e-01  -7.1521384e-01  -7.1510206e-01   1.8242490e+00  -2.1741042e-01   1.5475587e+00   1.1657108e+00   9.8437821e-02  -4.0380023e-01  -6.2139712e-01
   2.0000000e+00   8.7860024e-01  -3.7708256e-01   1.6340980e+00  -4.4374098e-01  -1.4723673e+00   4.0219230e-01  -1.3777792e+00   5.5293151e-01  -2.3686102e+00   1.1830108e+00   1.7229574e+00  -7.3390056e-01  -6.7911483e-01  -2.3291288e-01   1.2098792e+00   7.2254643e-01   3.4503844e-01   1.8086577e-01
   1.0000000e+00   7.4631836e-01   4.0630727e-01  -9.5109975e-01  -3.0091974e+00   8.9160599e-01  -1.3904501e+00   4.8632305e-01   2.0247477e+00   4.2632582e-02  -8.0015388e-01   8.0632797e-01   1.2260284e+00  -1.6099063e+00  -2.6200372e+00   1.5019833e+00  -1.2505857e+00  -2.4751249e-01   7.4247384e-01
   2.0000000e+00   5.5453273e-01   2.8503571e+00   1.0531184e+00   1.1538824e-01   2.0430872e+00  -3.1208429e-02  -1.9591648e-01  -2.6829135e-01   7.1654784e-01  -1.0987683e-01   1.2419399e+00   3.8764833e-01  -1.5238602e-01  -8.1730539e-01   9.1854463e-03   2.2268300e-01   2.3984004e-01   5.5276291e-01
   2.0000000e+00   1.4693869e+00  -9.2898512e-01   4.1886422e-02  -7.9623966e-01  -4.1041761e-01  -3.4171172e-01  -3.3859396e-01   1.6117295e+00  -1.3067145e+00  -7.9596610e-01  -7.3357137e-01   1.2933264e+00  -1.1412238e+00  -1.3007965e-01   7.1278934e-01   2.6752871e-01  -2.5958220e-01  -3.8778365e-01
   1.0000000e+00  -7.5013658e-01   7.1568782e-01   9.9247301e-01   2.6348018e-01   5.2047049e-01   2.3630963e-01  -1.8960845e-01  -5.2739949e-01   1.2841378e+00   1.5500447e-02   6.3019910e-01  -5.7332334e-01   5.9935333e-01  -2.1254489e-01  -1.5247587e+00   1.2061968e+00   2.8894253e-01   2.8633038e-01
   2.0000000e+00   8.0208111e-01   1.6031264e+00   1.5204743e+00  -7.2813130e-01  -9.0270068e-01  -2.8466682e-02  -7.7183173e-01   8.2195736e-01  -8.9326383e-01   5.6632739e-01   3.5521411e-01  -1.4413755e+00   2.5002072e+00  -6.3396023e-01   1.1107417e+00  -4.6236229e-01  -1.7896674e+00   8.1999389e-01
   2.0000000e+00  -1.5187123e+00   3.3304213e-01  -1.2354336e+00   4.6892949e-01   4.4675723e-01  -6.3110342e-01   1.0281577e+00  -9.4715917e-01   2.1165784e-01   1.0909735e+00   2.3985744e+00  -3.3611402e-01  -2.6664287e-01  -4.6244685e-01   5.5221656e-01  -3.5451290e-01   3.4377260e-01  -4.1750114e-02
   2.0000000e+00   6.9407578e-01   9.4004632e-01   1.3019330e+00  -1.5626644e+00  -4.4183732e-01  -6.7817728e-01  -3.6681245e-01   3.0062906e-01  -6.3068834e-01   7.6962147e-01   1.9744677e+00  -9.1042480e-01   6.0481964e-02  -1.2036436e+00   7.3848994e-02  -3.6897323e-01   1.3539234e+00  -1.7699878e-01
   2.0000000e+00   1.3284303e+00  -7.8668894e-01   9.5933403e-01   1.4485798e-01  -5.8806668e-01  -4.5836710e-01  -2.1542934e-01   2.2471544e-01   5.9633152e-01   4.2860368e-01   1.2905812e+00  -7.8378149e-01   1.5575258e+00   4.8066909e-01  -7.2444928e-01   1.1530080e+00  -1.2783330e+00  -5.2319477e-01
   2.0000000e+00   6.9911188e-01   8.2961818e-01   9.9658721e-02  -2.2497800e-01   2.2084361e+00  -4.6264915e-01  -2.4184290e+00  -3.8791867e-01  -2.0132634e+00  -6.1619842e-01   7.2116247e-01   1.1378366e+00  -7.9112142e-01   8.4234407e-02  -3.0238947e+00  -1.9167638e+00   9.2591945e-01   4.4800686e-01
   2.0000000e+00  -1.0581895e+00   4.5136944e-01  -5.0999868e-01   3.8609752e-01   1.1447905e+00  -3.6522188e-01   1.0092488e+00  -6.3665952e-01   1.2616331e+00   2.9416684e-01   3.0314265e-01  -1.8212270e-01  -1.5180796e+00   1.0849265e+00  -1.2282590e+00   5.1396165e-01   1.6822207e-01   2.8208396e-01
   2.0000000e+00  -3.8371038e-01   6.3728103e-01   2.3101465e+00   5.2194842e-01  -6.0356504e-01   3.5976879e-01  -1.1950404e+00  -8.2523985e-01  -4.6001925e-01   9.3890637e-01   9.1719412e-02   8.3577602e-02   3.6436601e+00  -1.8918361e+00  -2.1935709e+00   1.9667942e+00  -1.7885041e+00  -1.0560640e+00
   2.0000000e+00  -1.8427000e+00  -1.2975398e+00   3.0234950e-02   5.9248042e-01  -1.2392695e+00  -5.6747489e-01  -9.4508487e-01  -8.0265607e-01   1.3720245e+00   1.3904637e-01  -5.9993548e-01   5.4002962e-01   2.0447489e-03   1.2400074e-01  -1.6206055e+00   2.1332667e-01   7.1003388e-02   5.3228653e-01
   1.0000000e+00  -1.5790369e+00   3.7013340e-01   3.8216514e-01  -1.1483673e+00   1.9809958e-01  -6.2404183e-01   4.0444334e-01   6.8114893e-01   1.7052807e+00   1.5997625e+00  -5.8554165e-01   1.0241881e+00   5.5239444e-01   6.3539095e-01  -9.3069300e-01   1.0640249e+00  -9.0033194e-01   1.2089429e+00
   2.0000000e+00  -6.5926684e-01  -1.3992993e+00   1.5406500e+00   6.7012195e-01   8.4184593e-01   1.7546707e+00   1.1318875e+00  -1.5383888e+00  -2.2533223e-01   8.7021014e-02   6.4750760e-01  -2.3496259e-01  -8.3914818e-01   1.9792785e-01  -1.2549150e+00  -1.2800861e+00   3.9575470e-01   1.3788867e-01
   2.0000000e+00   1.0579278e+00  -1.5414651e+00   1.7451398e+00  -9.2874814e-01  -5.9430109e-01   4.8303547e-01  -1.4009707e+00  -8.2253282e-01  -1.2967635e+00  -4.4439776e-01   2.7502475e-01   1.0109290e+00  -3.1358011e-01  -5.3630546e-01   4.3974507e-01  -1.6385314e+00  -9.0390923e-02  -6.5915051e-01
   2.0000000e+00  -3.3121288e-01   5.5804294e-01   1.7095470e+00   7.7408395e-01   1.0106225e+00   6.0789273e-01  -9.6833673e-01   9.0769877e-01  -9.2625314e-01   5.3238346e-01  -7.5224797e-01  -3.8329323e-01   2.6482154e-02  -1.2077334e+00   1.5882191e+00   1.9905824e-01   1.0815253e+00   5.1117639e-01
   2.0000000e+00  -6.7212796e-01  -1.6575694e-01  -1.2016758e-01  -2.8550468e-01  -3.4385592e-01   8.8877274e-02   2.3850199e-01  -1.2203296e+00  -8.2022367e-01   1.1850380e+00   4.8775969e-01   2.3929876e-01   6.7973207e-01  -1.1463388e-01  -4.2641168e-01  -9.7331621e-01  -7.1764771e-01  -7.9473998e-01
   2.0000000e+00   5.4197428e-01  -2.5018292e-01  -3.6697145e-01   7.3508395e-01  -1.0293959e+00  -7.8996161e-02   3.1539181e-01  -1.1568112e+00  -1.3056029e+00  -3.5503270e-01  -1.6283749e+00  -7.3935419e-01   1.1232262e+00  -9.5068645e-01   1.8335724e+00   1.0089576e+00  -5.9477003e-01  -5.7217263e-01
   2.0000000e+00   5.9715000e-01  -1.6076156e+00   1.9611522e+00  -1.0292499e+00  -1.7298272e-01   4.7775333e-01   4.5735650e-01   2.8769569e-01   1.6369188e-02  -6.1167626e-01  -7.2153892e-01   6.3601698e-01   6.1386260e-01  -1.0791273e+00  -5.6263749e-01  -1.7350186e-01   9.0979667e-01   6.2114326e-01
   1.0000000e+00   7.9576014e-01   9.0047332e-01   6.7938491e-01  -1.0646878e+00   2.5135740e-01   2.1957492e-02   4.2885948e-02  -3.9934135e-01  -1.6035787e-01  -3.5409341e-01   4.5108148e-01  -7.0190591e-01   3.0475913e-01   4.7191031e-01   2.8325943e-02   8.1031605e-02  -1.7411583e+00   4.3078103e-01
   2.0000000e+00  -6.5715702e-01  -4.6664416e-02   5.4348210e-01  -5.1106652e-01   9.2709768e-01   9.1922503e-01  -1.4133597e+00  -4.1681850e-01  -8.2357666e-01  -2.3883474e-01  -1.8135330e+00  -1.1302967e+00  -2.1024037e-02   7.1273204e-01   1.2974174e+00   1.6482426e-01  -9.5676446e-03   4.6875924e-01
   1.0000000e+00   2.0136790e-01   2.7407714e-01  -1.2911124e+00   3.1099777e-01  -2.5633417e-01   1.0203782e+00  -3.3149772e-01  -6.6239626e-01   2.2166929e+00  -1.1688873e-01   1.3347307e+00   1.1975341e+00  -6.4871342e-01  -2.6796420e-01  -5.9052048e-02  -1.2283008e+00  -1.8104500e+00  -7.8105077e-01
   2.0000000e+00   4.6085249e-01  -8.5515272e-01  -7.2122674e-01  -7.1592068e-01  -4.4700591e-02  -1.8044798e+00  -4.7465053e-01   7.2146411e-01  -1.5197769e-01  -8.0015154e-01  -1.1721733e+00   1.9798825e+00   6.7840276e-01   4.6127760e-01   1.3270272e+00   1.5248497e+00   1.2186077e+00  -6.9155563e-01
   2.0000000e+00   4.5366531e-01  -1.1774628e-01  -1.2433138e+00   2.5573670e-01  -8.6525677e-01  -4.1880920e-02  -1.6779543e-01  -6.8164256e-01  -5.9961981e-01  -5.3013766e-01  -1.1113010e+00   4.4703902e-01   1.5881712e-01   2.0499712e+00   3.5790202e-01   7.9098473e-02  -7.3757732e-01  -4.5316855e-01
   2.0000000e+00   1.0588983e+00  -2.2805331e+00  -1.3961483e+00  -3.2912760e-01   7.2162653e-01   8.5606750e-01  -4.4527954e-01  -8.3879033e-02   1.0288819e+00  -4.4444008e-01  -1.5576615e+00  -8.2295345e-01   1.0000378e+00   1.5972253e+00   2.0964038e-01  -1.5925570e+00   5.3538514e-01  -2.5174428e-01
   2.0000000e+00  -6.9907166e-01  -6.6420070e-01  -6.1689461e-02   4.3661761e-01  -1.3960880e+00  -3.1717808e-01   1.3000767e+00  -1.3478035e+00  -1.6956186e-01  -7.6159858e-01  -6.4642300e-01   5.2902429e-01   5.0861631e-01   7.8550243e-01   9.3506991e-01  -9.1117326e-01   1.0144366e+00   1.4252344e+00
   1.0000000e+00   2.4336714e-01   4.2411037e-01   1.6398545e-01  -2.3021471e+00  -1.1674900e+00  -1.5589132e+00  -7.4978745e-01   1.7404874e+00  -2.4039723e+00   6.7797245e-01   7.2230847e-01  -1.0029573e+00  -1.8340291e+00   2.0966021e+00   6.8966602e-01   7.3030135e-01   1.1018714e+00  -5.5330637e-01
   2.0000000e+00  -9.5418549e-01   1.6970811e-01   3.8961522e-01   9.7732003e-01  -1.4066384e+00   2.1967162e+00  -8.2977703e-01  -2.8773580e-01   1.4341346e-01  -3.2470977e-01   9.0695564e-01  -5.6778023e-01  -3.8734621e-02  -8.3244482e-02   2.2228937e-01  -3.6606660e-01   1.5110543e+00   1.4645619e-02
   2.0000000e+00  -1.4998936e+00   2.2790116e+00   1.1208923e+00  -1.0502276e+00   4.6063088e-01  -4.6457212e-01   9.9185019e-01  -1.6736478e-01   1.8000227e+00   1.7620490e+00  -1.5070612e+00   2.9098838e-01   2.4502740e-01  -2.1922085e-01  -7.4605742e-02  -2.1503081e-01   7.7617084e-01   6.9693223e-02
   1.0000000e+00  -1.1152453e-01   3.5764456e-02   2.1560135e-01   4.2543774e-01   1.6255799e-01  -1.3161924e+00   6.1653751e-01  -2.8310184e-01  -1.2267961e+00   2.7631270e-01   4.9266683e-01  -4.4100992e-01  -1.8945665e+00   7.4250161e-01   3.6045522e-01  -3.3210498e-01  -1.0772832e+00   6.2423914e-01
   1.0000000e+00   8.3352814e-01   6.7236902e-01   1.2610939e+00   2.2498433e-01  -1.7460759e+00  -1.2419755e+00  -3.2990740e-01  -1.7298307e-01  -7.2507166e-01   1.8724477e-01  -9.6175446e-01  -5.4134066e-01  -9.5552911e-01  -3.8151541e-01   1.8431172e+00  -3.2588563e-01  -1.0068851e+00  -1.2797420e+00
   2.0000000e+00  -2.9968449e-01  -1.5125989e-01   5.7228997e-01  -1.3284832e+00   5.0195334e-01  -2.6315531e-01  -2.3273092e+00  -8.2651842e-01   4.2576684e-01  -6.4673462e-01   1.4002764e+00  -6.9038410e-01   5.6671407e-01  -1.4283942e+00   1.3123249e+00  -3.5396608e-01   3.4316486e-01   5.3933093e-02
   2.0000000e+00   5.6845374e-01  -9.9947580e-01   3.1480935e-01  -1.6826404e+00  -1.4627080e+00  -3.5021374e-01   4.4993110e-01   6.7491854e-01   1.3007242e-01  -6.9031282e-01   1.0797516e+00   2.9102661e-01   1.4454844e+00   1.1020757e+00   6.9505490e-01   4.1853833e-01  -1.1517583e+00   1.7324569e+00
   2.0000000e+00   1.3167296e+00  -8.6204613e-02  -9.0814540e-01  -6.2085970e-01   1.7042121e+00   4.2339955e-01  -8.6772059e-03   6.3355123e-01  -1.1713895e+00  -3.2784978e-01   6.8737510e-01  -5.7903754e-01   6.1574056e-01   7.2609699e-01   2.7173897e-01  -8.8205629e-01   1.0750801e-01  -8.9389978e-02
   2.0000000e+00   1.7260107e-01  -1.8315535e+00  -8.5439512e-01   1.6481656e+00   9.7681343e-01   1.3692688e+00  -7.0692241e-01  -1.4951556e+00   2.0420777e+00   2.1727487e+00  -1.9830148e-01  -2.9372593e-01   9.2732379e-01  -1.0427858e+00  -2.1253410e-01   6.9393313e-01  -1.4623239e+00  -1.2293288e+00
   2.0000000e+00   7.9196936e-01  -1.5275060e+00   5.8617042e-01   1.0752265e+00   1.2503440e+00  -1.1711434e+00  -9.1404460e-01   7.7242774e-01   5.3421105e-01   1.0512477e+00  -1.1495615e+00   1.1900030e+00   8.4252800e-01   4.7827154e-01   3.5410162e-01  -3.1444071e-01  -3.3018575e-01   1.3285147e+00
   2.0000000e+00  -1.3569514e+00  -3.1712677e-01  -1.3145424e+00   3.8162916e-01   1.0925671e+00   3.0001796e-01  -1.9028075e-01  -2.6300130e+00  -1.7959958e+00  -7.0482260e-01  -8.2877215e-01  -3.1597814e-02   6.7129456e-01   5.1368240e-01   5.0546318e-01   6.0870753e-01  -1.6979624e+00  -2.1898998e+00
   2.0000000e+00   1.2969824e+00   5.6900209e-01   1.0620545e+00   5.7314901e-01   1.4722839e-02  -1.5061251e+00   1.5323929e+00   6.0770764e-01   1.0825521e+00  -2.4832180e-02  -3.5149865e-01  -2.8406080e+00  -1.1851919e+00   4.1449450e-01   4.7858122e-01   8.4778338e-01   1.2702393e+00  -1.1475167e+00
   2.0000000e+00   1.4068337e+00   1.1507937e+00  -3.4952241e-01   4.6510521e-01   1.2827964e+00  -1.0473168e+00  -4.5728469e-01   1.0970390e+00   2.4063579e-01  -7.7602548e-01   3.6167721e-01   4.4198901e-01  -1.3168682e+00   5.5118224e-01   1.2063692e+00   4.1144525e-01   5.0437849e-01  -1.2317322e+00
   1.0000000e+00   4.6747339e-01   4.2575753e-01   1.0646438e+00   3.0715029e-01   1.9084745e+00  -8.8379101e-01   2.6727711e-02  -3.9578916e-01   1.0603783e+00  -1.5650099e+00  -1.6608090e+00  -1.1296525e+00   1.9192677e-01  -5.1657727e-01  -2.4600866e-01  -1.6947855e-01  -5.1729843e-01  -5.4364315e-01
   2.0000000e+00  -1.1157265e+00  -7.1762373e-01  -4.3624625e-01   1.9717234e+00   2.6099670e+00  -2.7693052e+00   6.0645073e-01   3.0397627e-01  -5.3370130e-01   9.8229818e-01  -9.7359383e-01   2.5283549e+00  -1.8010009e-01   6.4988459e-01   1.5964706e+00  -2.7474583e-01   1.7161479e+00   1.1176349e+00
   2.0000000e+00  -1.8209951e-01  -6.7161141e-02   6.7806739e-01   7.6833960e-01  -1.0335818e+00   1.5867400e+00   6.6158846e-03   7.0210832e-01   8.1656725e-01  -2.5940236e-01   1.0294070e+00   3.9418567e-01   2.1036089e+00   2.4522601e-01   2.6231385e+00  -1.5725718e+00   5.5934491e-01  -3.1158549e-01
   2.0000000e+00   5.4000629e-01  -3.6777780e-01   1.0573663e+00   1.6639778e-01  -4.3529521e-01  -1.2994252e-01   3.0790905e-01   1.8016953e+00  -2.2637315e+00   3.9380896e-01   1.3404898e+00  -1.5196093e+00   1.0109656e+00  -1.8377464e+00   1.3269590e+00  -1.0864484e+00  -5.3616363e-01   3.8118545e-01
   2.0000000e+00  -1.1559529e+00  -3.1670826e-01  -4.3233233e-01   3.2632512e-01  -1.7408514e+00   1.0155962e+00  -1.8257543e+00  -1.6463651e+00  -2.0464787e-01  -5.3755990e-01  -3.6900667e-03   4.8683461e-01   1.7469777e-01  -4.2875331e-01   1.8271386e+00   5.0961323e-01   1.9243777e+00  -4.3473273e-01
   2.0000000e+00  -2.8599609e-01   5.8515253e-01  -5.7591697e-01   6.9776648e-01   1.2509279e+00   2.0017152e+00   1.7848442e-01  -1.4204569e+00   1.3037023e+00   5.2263049e-01  -2.1813829e-01   1.6631176e+00   1.4805251e+00   4.8583046e-01   7.0278167e-02  -1.1862656e+00  -1.1459938e+00  -9.1905223e-01
   2.0000000e+00   2.1759481e+00  -5.3321661e-01  -1.0644039e+00   4.9589237e-01  -9.2992814e-01   1.7043223e-02   5.3250457e-01  -1.9120573e+00  -6.2343126e-01   1.0328646e-01  -8.8161686e-01  -3.0873598e-02   5.6328461e-02  -9.9324330e-01   4.3014450e-01   1.5874337e+00  -3.1970915e-01  -1.6965717e-01
   2.0000000e+00  -6.6789320e-01  -6.3572188e-01   2.8693510e+00   1.6377092e-01  -9.6108938e-01   1.1325596e+00  -2.2425257e+00   1.3284554e+00  -8.2029101e-01   1.0863668e+00   8.8976687e-01   1.0266259e+00   2.6205978e-02   2.9194071e-01   8.3175813e-01  -2.7549686e-01  -1.1831253e+00  -1.4572760e-01
   1.0000000e+00   1.3151801e-01   6.4239451e-02  -2.4363566e-01  -1.4112462e+00  -4.7741419e-01   7.4409812e-01   1.4021595e-01  -1.6078525e+00   1.2471385e-01  -3.7462235e-01   1.1497029e-02   4.6529178e-01   8.0529064e-02   7.0520201e-01  -5.1515924e-01  -9.4812308e-01   6.4254342e-01  -3.6515529e-02
   1.0000000e+00   1.3739819e+00   2.3475493e-01  -8.4051251e-01   2.2741058e-01  -2.8426938e-01  -4.0935399e-02  -2.9926545e-02   2.8244768e-01  -2.7882714e+00   2.9208783e-01  -4.2100350e-01   8.9661918e-01  -1.2281380e-01  -5.4689372e-01  -1.3186541e-01  -1.1755667e-01  -2.3939043e-01  -1.4761162e+00
   2.0000000e+00   1.1301028e+00   6.7874822e-01   1.5498983e+00   2.9713897e-01   1.4873174e-01   8.3072187e-01  -2.4598537e+00  -4.0345367e-01   7.2573751e-01  -7.1537379e-01  -5.9468671e-01   8.8425057e-01  -1.7971248e-01   7.0848516e-01   4.4565171e-01  -4.1016373e-02   7.0832541e-01  -4.3879969e-01
   2.0000000e+00  -2.6133313e-01  -3.1258710e-01   9.6936342e-01   4.0944613e-01  -6.8135072e-01  -4.6144543e-01  -1.0104048e+00  -3.7013857e-01  -4.1532084e-02   5.3953205e-01   8.1921326e-01  -9.3124118e-01  -1.3634836e+00  -8.2412439e-01   9.0923557e-01  -4.4608111e-01   1.4019223e+00  -1.3938050e+00
   1.0000000e+00   1.6893292e-01   2.3098541e-01   6.1054185e-01   2.3434899e-01   1.6166712e+00  -1.4851931e+00   5.6916076e-01  -1.5395382e+00  -2.0791520e+00  -1.0379048e+00  -4.5182017e-01  -7.9928566e-01  -1.2965392e+00  -6.3611950e-01   2.4998324e-01  -2.2441432e-01   7.6399272e-01  -1.9434387e+00
   2.0000000e+00   1.7184657e+00  -1.8367749e-01   9.9971429e-01   4.2865481e-01  -5.5304437e-01   2.3425374e-01  -2.0529959e+00  -4.2198006e-01  -8.7832741e-01  -2.6938715e-01   6.3134265e-01  -6.0044402e-01  -6.9867163e-01   9.5415975e-01  -2.5895473e-01   2.3178093e+00   3.2714429e-01   6.5868243e-01
   2.0000000e+00  -1.6268881e+00   1.2797005e+00   3.8894593e-01   9.7400551e-01  -9.8987812e-02  -3.5067721e-01   1.5648431e+00   2.6420704e-01   1.2523059e+00  -1.5952193e+00  -9.2635380e-01   1.6480502e+00  -1.9303519e-01   3.3923982e-01   1.3939507e-01  -7.6793976e-01   5.5390884e-02  -5.3427051e-01
   2.0000000e+00  -2.1214288e+00  -6.4004078e-01  -6.5522696e-02  -1.3287511e+00  -1.7605762e-01   1.1352979e+00   1.9447595e-01   1.9861885e+00   4.0411709e-01  -1.2464981e+00  -1.0948422e+00  -2.0416642e+00   2.3220841e-01   9.1276898e-01   9.3278364e-01   5.8735877e-02  -2.3123904e-01   4.1190682e-01
   2.0000000e+00   2.4467703e+00  -7.0804213e-01  -1.2818925e+00  -3.7969649e-02   1.4748778e-01  -4.7119387e-01   6.3316738e-01  -1.0163159e+00   1.0867625e+00  -8.9216545e-01  -8.2759851e-01   1.2000584e+00  -9.0554304e-01   2.8996094e-01   1.4195920e+00  -7.6965596e-01   2.7419667e-02   5.7226892e-01
   2.0000000e+00  -3.5897171e-01  -6.7795792e-01  -9.4387096e-01   1.7023481e-01   6.3728406e-01   3.6551363e-01   2.0774553e+00  -1.0003841e+00  -5.5472844e-02  -2.0144955e-01  -1.2287551e+00   4.3010647e-02   4.9713197e-02  -1.1552452e+00  -7.3870905e-01   1.0555247e+00   1.0618856e+00  -1.5748624e+00
   2.0000000e+00  -1.1955241e+00  -3.5310084e-02   4.1169907e-02  -8.8556704e-01  -2.1955485e-02   7.6896994e-01   8.3767863e-01  -2.2438409e-01  -9.0614160e-01  -1.4008904e-01  -1.4752582e+00  -5.1053017e-02   9.7581648e-01  -1.2550143e+00   5.0065287e-01  -1.5618734e-02  -1.4458770e+00   4.6442305e-02
   2.0000000e+00   8.7529750e-01   4.0413076e-01   1.5019881e+00   1.2599049e+00   1.1961065e+00   1.1800511e+00  -1.6742919e+00  -2.2247779e-01  -3.9787247e-01   2.8900252e-02   7.4410146e-01   1.3685662e+00  -1.0433254e+00  -1.1506349e+00  -1.2796101e+00  -1.1780799e+00   1.9837099e+00   2.4362681e+00
   2.0000000e+00  -5.9304710e-01   2.6060340e-01   4.1428495e+00  -1.0514247e-02  -6.4856655e-01   1.6572421e-01  -1.1508521e+00   2.9246548e-01  -1.6791013e+00  -4.9035190e-01   1.1742007e+00   7.6808961e-01  -9.5346127e-01  -4.0193510e-01   3.1745311e-01  -6.5020501e-01  -1.9485931e+00   2.2556486e-02
   2.0000000e+00   1.4293900e+00   3.1569908e+00  -2.5387280e-01   2.3853180e-01   7.3343770e-01   3.7110286e-01   2.9001107e-02  -6.6997885e-01   3.8077714e-01  -1.6901845e+00  -1.2450280e+00  -1.8631362e-01  -5.4723211e-01  -1.9945451e+00  -2.0066451e+00  -2.4647736e+00   1.1870245e+00   9.1490102e-02
   1.0000000e+00   1.1003475e+00   8.3374165e-01   3.2989299e-01   5.6039744e-01  -9.6861890e-03   8.7135624e-01   3.0150672e-01  -1.2129761e-02   1.6445543e+00  -7.1391937e-01  -7.4063753e-01  -1.4273395e+00  -1.2642148e-01   3.9256576e-01  -4.2565047e-01  -1.4677378e-01   4.1243329e-02   4.4495154e-02
   2.0000000e+00  -8.2608160e-01  -1.2908063e+00   1.5453338e+00   6.5982124e-01   7.0244822e-01  -1.9445964e-01   2.1701135e+00  -2.2179186e+00   1.6641287e+00  -4.4726828e-01   5.2612965e-01   1.2242985e+00  -1.3755152e+00   2.8501156e-01   9.4544945e-01  -1.0093631e+00   1.1848137e+00   7.1813274e-01
   2.0000000e+00  -6.6797550e-01   5.2026514e-02   7.1362801e-01  -3.7533842e-01   7.6058481e-02  -3.8668920e-01  -1.3413121e+00  -1.0778549e+00  -1.0048171e-01  -1.4410610e+00   7.7428178e-01  -1.2269637e+00   1.3837027e+00   4.8548719e-01   7.3882675e-01   2.3133586e-01   4.7562119e-01   5.5205704e-01
   2.0000000e+00   1.2526708e+00  -1.4268950e+00  -6.5876527e-01  -6.2036167e-01  -9.5784954e-01   1.0204968e+00   6.0484119e-03   7.2004224e-04  -1.7113230e+00   7.5588656e-01  -4.3794151e-01  -1.4009937e+00   5.7369245e-01  -1.1912751e+00  -6.6531359e-01   5.9682325e-01   1.1408548e+00   5.4192016e-01
   2.0000000e+00  -3.3598625e-01  -1.9377992e+00  -2.5195285e-01   1.3527782e+00  -1.1513937e+00  -2.4236852e-01   3.8082219e-01   3.4270896e-01  -1.1616747e+00   2.1556414e-01   4.6454063e-01  -4.2090186e-01   4.9897408e-01   9.2439995e-01  -1.4036547e-01   6.7118881e-01   2.2050615e+00   2.1164849e+00
   2.0000000e+00   1.1312474e+00  -1.0515281e+00  -1.7151802e-01  -8.3426774e-01  -7.7090185e-01  -1.0036687e-01   1.0781766e+00  -2.3332721e-01  -3.8109420e-01   1.3901908e+00  -1.0677971e+00  -1.0145629e+00   6.0012027e-02   5.8132021e-01   2.0503475e+00  -8.0761382e-01  -2.3049356e-01   1.1792015e+00
   2.0000000e+00  -1.1143210e+00   9.6991839e-01  -8.2629544e-01   2.2987655e+00  -1.0357204e+00   5.6622924e-01   9.3474137e-01   1.5063307e+00  -7.9070245e-01  -2.1023134e-01  -2.3468737e-01   8.9649759e-01   5.9815029e-01  -8.1989526e-01   1.1543463e+00  -1.0781773e+00  -4.9652561e-01  -1.5284388e+00
   2.0000000e+00  -2.6442353e-01   1.0957534e+00  -6.4973033e-01  -1.5815635e+00   3.6647622e-01  -1.4142903e+00  -8.6320410e-01  -1.4903421e+00   3.3069960e-01   1.2769992e+00  -5.3449288e-01   4.8246707e-02   8.3870434e-01  -1.8210839e+00  -1.4655623e-01   2.6545139e-01  -2.5423349e-01   1.1902953e+00
   2.0000000e+00   6.4142498e-01  -3.4598643e-01   6.0023744e-01   2.2325572e+00  -9.2356417e-01   1.9006645e-01   1.5410682e+00   1.1095742e+00  -1.7293666e-01  -5.1404715e-01   5.8185828e-01  -9.5469334e-01   9.3383705e-01  -1.0229362e+00   4.5281250e-01   6.8213209e-01   1.5831957e-01  -4.6633379e-01
   2.0000000e+00   1.1159269e-02   4.0079606e-02   6.3943554e-01   2.2431286e-01   3.6001757e-01   4.7324726e-01   1.7017528e+00   1.0592894e+00  -1.2932445e+00   4.4104844e-01  -2.3510545e-01  -5.6678081e-01  -4.6605002e-01  -1.1136181e-01   1.3375589e+00   1.4657025e-01  -3.7313879e-02  -1.0898114e+00
   2.0000000e+00  -1.9604096e+00  -2.4268109e+00  -1.0591991e+00   4.6521396e-01  -1.9187095e+00  -5.0346620e-01   1.2583884e+00   2.1729376e+00   3.7086380e-02   4.6197317e-01   4.9390395e-02   6.1682728e-02  -1.0223619e+00   1.2985905e+00  -1.8444732e+00  -9.3826743e-01   1.1396648e+00  -5.6076416e-01
   2.0000000e+00   4.9749001e-01  -7.6274900e-01   1.4337062e-01   6.1843180e-01   1.9542097e+00  -2.4251155e-01  -1.4672784e+00  -1.9274955e+00   7.5959537e-01   5.1142871e-01   9.6898861e-01  -4.3044224e-02  -9.3441781e-01   5.1723514e-01  -2.4955325e-01   3.8966225e-01  -1.3614376e+00   2.5563055e-01
   2.0000000e+00  -3.5708225e-01  -8.2459358e-01  -5.9682186e-01   1.4182398e+00   1.5075305e+00   4.3618481e-02  -1.1143709e+00   1.7515962e+00   3.1604794e-01  -8.3616406e-01   9.0371421e-01  -9.0587654e-01   7.2145207e-01  -8.1371653e-02   2.6437028e-01   1.6531365e+00  -1.0779867e+00   7.8743122e-01
   2.0000000e+00   5.8653529e-02  -9.5678275e-01  -2.0365020e-01   9.4565550e-02   2.2443258e+00   1.0031174e+00  -1.2768653e+00  -5.9940093e-01   1.6352165e+00   4.4210118e-01   1.3280167e+00  -1.8641935e+00  -9.3489497e-02  -1.1933252e+00   2.2022836e-01  -3.1122617e-01  -4.9436678e-01  -1.2064496e+00
   2.0000000e+00   6.6332766e-01  -1.3554785e-01  -1.3688718e+00  -7.4973346e-01   1.7553460e+00   5.7452399e-01   9.3549282e-01  -1.6683200e-01  -1.0801189e+00  -1.4075489e-01   2.2533513e-02   1.8921593e+00  -1.1040723e+00  -1.5150165e-01   9.7514809e-01  -4.7300896e-01  -2.3943960e+00  -6.2597769e-01
   2.0000000e+00   4.7427712e-01  -9.1056469e-01   9.8745794e-01   1.0299024e+00  -7.5520455e-01   3.6556405e-01  -1.6416873e+00   1.6008875e+00  -5.2810885e-01   1.0237226e+00  -1.7902867e+00   5.3631689e-01   1.0819631e-01   8.0945837e-01  -5.1188783e-01  -2.1273745e+00  -3.7442587e-01   7.8294225e-01
   2.0000000e+00   2.1243256e+00   1.6481077e+00   8.7165521e-01   8.7284851e-01  -2.1452954e+00   2.4200934e+00  -2.5871498e+00  -3.0450042e-01   4.9353570e-01   3.0531988e-01  -1.0345899e+00  -4.2902980e-02  -1.2649737e+00  -4.8472186e-01   3.3292849e-01  -5.3459326e-01   1.3800939e-01  -2.0793649e-01
   2.0000000e+00   4.6411532e-01  -5.2748347e-01  -1.9817417e+00  -2.0052329e+00  -1.0077299e+00   9.6932180e-01   1.5912771e-02  -1.5528673e+00  -4.3271333e-01   4.6029918e-01  -7.0984215e-01  -2.2194698e+00   1.1561110e+00   1.6444772e+00   1.9775948e+00  -1.9316136e-02   4.9967486e-01   7.4005763e-02
   2.0000000e+00  -8.3288247e-01  -4.0888673e-01  -9.5734063e-01   1.2144814e+00  -6.8562842e-01   4.8856678e-01  -2.8177714e-01  -2.2837073e-01   1.4533958e+00   1.1877157e-01  -3.3068134e-01  -2.8552059e-01   2.3521848e+00   1.4366622e+00  -8.1383697e-01  -8.3549293e-01  -8.3407897e-01  -6.0927457e-02
   2.0000000e+00  -6.0449335e-01  -1.2790367e+00   1.7575393e-02  -7.1223219e-01   8.6818532e-01   1.1413911e+00   1.1121484e+00  -1.2301803e+00  -2.1880391e+00  -6.9590517e-01  -2.0909853e-01  -1.4224517e+00   8.2687956e-01   9.4453573e-01   6.8604652e-01  -8.0637426e-01  -1.0252078e+00  -8.1983590e-02
   2.0000000e+00  -8.3102765e-01   1.2551089e-01   1.3771985e+00   1.1295639e+00   2.6859723e-01   8.6679901e-01  -1.0275302e+00   4.3260952e-01   1.3477507e+00   5.0498812e-02   1.8192956e+00  -7.1798178e-01  -1.6924910e-01   7.9634639e-02  -2.0794275e+00   5.6475148e-02   1.8341128e+00  -1.1816809e+00
   2.0000000e+00   1.3811347e+00  -1.2129700e+00   1.8790887e-02  -1.7354279e+00  -1.1523765e+00   1.5364591e-01   1.3792993e-01   6.6966786e-01  -9.0760864e-01  -7.5577065e-02  -3.2367761e-03  -6.4412994e-01   3.1780219e-01  -7.4077275e-01   6.0178134e-01  -1.5617492e+00  -6.2910628e-01   1.4425882e+00
   2.0000000e+00   8.5877668e-01   5.4189705e-02  -7.2038397e-01   2.3895747e+00  -9.0992210e-01   1.8335965e+00  -1.3620117e+00  -8.3824827e-01  -7.9283922e-01  -1.7018794e+00  -6.3767843e-02   7.4381595e-01  -1.0855317e+00   2.0624693e-01  -1.3850625e+00  -1.4317354e+00  -6.8436735e-01  -2.2070979e-01
   2.0000000e+00  -1.5339264e+00  -5.8695417e-01   1.8457324e-01  -4.4349692e-01   4.1875072e-01  -3.1100981e-01   1.4617752e+00  -1.7579259e+00   9.4282240e-01   8.1108730e-01   1.2494377e+00  -4.1083276e-01  -6.8801769e-01  -1.0508077e+00   4.2088576e-01  -5.4304728e-01   1.4944227e+00   9.3269129e-01
   2.0000000e+00  -3.0086272e-01  -2.0493180e-01   1.3710065e+00  -9.1700129e-02   1.3318047e+00  -6.9519145e-01   3.3574493e-01   7.7532867e-01   1.2283336e+00  -1.5918330e-01  -3.5187558e-01  -9.2298717e-01   2.6559912e-01   1.4150440e+00  -1.4543346e-01  -1.4142299e+00   1.3782767e+00  -2.4424470e-01
   2.0000000e+00   4.6955552e-02  -1.6580594e+00   1.7199388e+00   1.0731246e+00  -4.4156077e-01   5.7913043e-02   4.8149011e-01  -7.9393533e-01   5.8240180e-01  -4.5672475e-02  -2.1391339e-01  -1.7196548e+00  -1.6916012e+00   6.7455154e-01   1.2741919e+00  -9.7241993e-01  -1.5743866e+00   4.4706704e-01
   2.0000000e+00  -5.8728348e-02  -2.6566117e-01   1.6978121e+00   1.1935436e+00  -2.9691356e-01   1.4833938e+00  -9.7935109e-01   4.2424823e-01  -1.3609342e+00  -4.4810152e-01   2.0974611e-01   2.6364267e-01  -2.2401023e+00   5.3061160e-01   5.1931283e-01   3.0086666e-01   1.3550565e+00  -1.1474052e-01
   2.0000000e+00  -9.0450365e-01  -6.7795460e-01  -1.1686067e+00   9.2597223e-02  -1.1624314e+00  -1.8949987e-01   4.3322713e-01   1.3039381e-01  -6.1634195e-01   2.3724323e-01   7.3615141e-01   1.9702347e+00   5.8138972e-01  -1.4392991e+00  -6.9443003e-01   1.8738366e-01  -4.6719333e-01   9.7033351e-01
   2.0000000e+00   1.4342206e+00  -1.2148486e+00  -1.6942560e+00   7.0626854e-03  -1.0597887e+00   9.2964759e-01  -1.0260802e+00   3.0387764e-01   3.4172950e-01  -1.6320798e+00   1.8390394e+00   2.8399347e-02   8.2637267e-01  -9.0618233e-01  -7.0419278e-02  -1.2806737e+00   4.3270785e-01  -7.7810674e-01
   2.0000000e+00   1.2985077e+00  -2.9509054e-01   3.2257750e-01  -9.9155590e-01  -3.9196584e-01  -4.6361090e-01  -7.1341694e-01  -4.1570608e-01   5.5585388e-01  -5.2166021e-01  -9.3579315e-02  -4.4205088e-01   1.3932513e-01  -1.2908707e+00   1.1678834e+00   4.6017857e-01  -1.7939657e-01  -3.3438058e-01
   2.0000000e+00  -4.6479297e-01   5.2062500e-01  -5.9089774e-01   2.1344417e+00  -3.7499860e-01   9.2859037e-01   1.7394565e+00   2.0567654e+00   1.4100296e+00   1.3923703e+00  -2.7827625e-01   1.7741748e+00   1.8259163e-01  -1.4071180e+00   1.1278060e+00  -1.4724325e+00   7.0445983e-01  -1.7220248e-01
   2.0000000e+00  -9.3670906e-01  -2.4944872e+00   8.5758769e-01  -1.0344424e+00   2.0835431e-01   1.2809943e+00   1.0541152e+00   6.3299881e-01   1.5505265e+00  -3.7681604e-02   4.3012530e-01   3.0250242e+00  -1.2971565e+00  -6.2755511e-01   1.6322362e+00   8.5333597e-01   7.8127666e-01  -1.2392532e+00
   2.0000000e+00  -3.1675715e-01   9.4387024e-01  -4.7099569e-01   1.0430091e+00   1.2126447e+00   3.4126750e-01   6.8104310e-01  -8.5737481e-01  -5.1192179e-01  -8.2591879e-01  -8.6120694e-01  -1.0695367e+00   3.1384026e-01  -1.0192540e+00   1.7365881e+00   6.6585001e-01  -1.7780172e+00   1.8821070e+00
   2.0000000e+00   3.9367218e-01  -4.6172988e-01  -3.9380003e-01   4.8229380e-01  -5.4083255e-01  -4.1805614e-01   3.9613073e-02   6.6350394e-01   8.7465505e-01  -2.9876571e-01  -8.9107957e-01   1.1914037e+00  -1.2048455e-01   7.4180442e-01   8.9820172e-01  -1.8734284e+00  -3.8660924e-02  -4.0425438e-01
   2.0000000e+00  -1.9408662e+00   4.8409404e-01   8.3836274e-01   4.0989104e-01  -9.2670815e-01   1.2591833e+00   2.5770473e+00   1.0640686e+00   2.8889671e-01  -6.8177752e-01   1.7398305e-02   8.9455001e-01  -1.4097626e+00  -3.4595508e-02   7.5046669e-01   4.3099791e-01   1.4323766e+00   1.6255577e-01
   2.0000000e+00   8.3011334e-01  -2.4047485e+00  -1.4823318e+00  -1.8905463e+00   4.1422156e-01   1.6097274e-01   2.6215439e-01  -7.1543910e-01   1.7208950e-01  -1.6658921e+00  -1.0449085e-01   1.2992265e+00  -6.7477316e-01   4.9739133e-01   1.6200235e+00  -4.4579098e-01  -3.9461258e-01  -6.3441863e-01
   2.0000000e+00   7.7069454e-01   3.5996525e-01  -1.2085501e-01  -3.6282252e-01   1.5240967e+00  -4.2480617e-01  -1.3101609e+00   4.3051752e-01   1.4393333e+00  -1.8894201e+00   5.2520432e-01   5.1340493e-01  -2.6241329e+00  -1.4737355e+00  -1.1506778e-01  -1.1715379e+00   4.0395956e-01   8.1751502e-01
   1.0000000e+00  -1.1450729e+00   3.6588352e-05   1.5012592e-01  -1.6416583e-01   8.7419376e-01   1.8391473e+00   2.0554086e-01   5.4907445e-01   2.4318291e-01   1.0222848e-01  -1.6601561e+00  -6.7660094e-01   1.9724922e-01  -9.0553771e-02   9.7252607e-01  -6.0843795e-01   1.7360709e+00  -6.7909501e-01
   2.0000000e+00  -2.7393988e-01  -9.5830451e-01   2.9142507e-01   2.2676686e-01  -1.6873887e-03  -3.6270972e-01   1.3040093e+00  -1.5134330e+00  -2.0038556e-01   3.8975259e-01  -8.9208838e-01  -4.8088990e-01   4.4071044e-01  -6.0041711e-02   2.1280563e-01  -6.1372022e-01   4.5566593e-01  -8.8207385e-01
   1.0000000e+00  -1.3708350e+00   1.6704058e-01  -1.4259611e+00   6.5265968e-01   2.0454275e-01   9.0114419e-01   9.3601190e-01  -9.3719139e-02  -1.9145892e-01  -2.0961498e+00  -6.4773766e-01  -1.7179127e+00  -8.5939274e-01  -4.1559775e-01  -4.2726991e-01  -4.2152225e-01  -1.1990853e+00   1.5617490e+00
   2.0000000e+00  -1.5732069e+00  -7.2251251e-01  -1.0433710e+00  -3.7965231e-01   3.1834156e-01  -5.6508158e-01  -2.8611420e+00  -2.7856037e-01  -1.1329466e+00  -7.5315915e-01   4.7170000e-01  -6.5931005e-01  -1.0201575e+00   7.1779721e-01   4.9360122e-01  -1.2566933e+00  -2.5982164e-01   7.0635969e-01
   2.0000000e+00  -6.7511497e-01   6.4604958e-01  -1.3731927e+00   1.2520779e+00   8.8971724e-01  -7.8920306e-01  -2.0814443e+00  -1.4946203e+00  -4.6898571e-01   1.0313713e-01  -1.4064952e+00   1.4850792e+00   1.7787798e+00  -1.4795692e+00  -1.1477050e+00   2.5670701e-01  -2.6120537e-01   1.0673080e+00
   1.0000000e+00  -1.2165544e+00   7.1079726e-02  -6.3686540e-01  -1.1932204e+00  -1.9398048e-01   1.1519992e+00  -6.4908186e-01   1.7712867e+00   1.7052650e+00  -2.2681703e-01   1.8814942e-01  -4.1906896e-01   2.2130113e-01  -1.1609229e+00  -1.5002026e+00   1.2793624e-01  -2.1651596e-01  -9.0987946e-02
   2.0000000e+00  -2.2668645e-01  -1.7345489e+00  -7.1398509e-02  -1.4864281e+00   1.9754100e+00   9.2125631e-01  -4.3986381e-01  -1.3486222e+00  -5.3486458e-01  -2.5597046e+00  -1.3859841e+00  -1.1589134e+00  -5.6816867e-01  -1.4089295e-01  -3.6605084e-01   1.0553127e+00  -1.0430904e+00   1.0864754e+00
   2.0000000e+00  -9.5236318e-02  -1.4758418e-01   1.0749795e+00   2.4502576e-01   1.5233824e+00  -6.4989282e-01   9.3244098e-01  -2.4351902e-01   7.6912690e-01  -7.4329785e-01  -3.2658482e-01   5.1152578e-01  -8.9537966e-02  -1.5612152e-01  -2.0417347e+00   1.1049378e+00  -6.0109330e-01  -1.6351399e-01
   1.0000000e+00   6.3433680e-01   4.2011759e-01   1.6180534e+00   6.4480446e-02  -5.5969011e-01  -9.0651564e-01  -1.3158139e-01  -7.1321759e-04  -1.1704223e+00   9.0563086e-01   4.0477816e-01  -6.8891152e-01  -4.0598777e-01   2.2570877e+00   6.2922082e-01  -2.3280540e-01   4.6998641e-01   1.0073811e+00
   2.0000000e+00   6.9204410e-01  -4.0945610e-01   2.2808342e+00  -1.1896734e+00   1.0318393e+00   6.0485537e-02  -1.3670088e+00   1.3447216e+00  -1.1057101e+00  -8.0635897e-01   2.4534602e+00   4.0186898e-01   2.9033632e-01   4.9984919e-02   2.3473181e-01  -1.0998554e+00  -9.2174502e-01  -4.1165506e-01
   2.0000000e+00  -1.2743889e+00  -2.2806317e+00   3.2196924e-02  -5.7414428e-01  -1.0521286e+00   3.5249818e+00   5.2660203e-01  -1.7279693e+00   7.6621189e-01   6.6301957e-01  -1.7777407e+00   1.8607636e-01   1.0043742e+00  -1.4424095e+00  -5.6557139e-01  -2.8667353e+00   1.4210860e-01  -1.3581381e+00
   2.0000000e+00  -4.5993607e-01  -2.6902169e-01  -1.3936832e+00   5.2659698e-01  -1.0141956e+00  -2.0379095e+00  -1.2908393e+00  -3.0443024e+00  -5.4188500e-02  -5.1817297e-01   8.9137793e-01  -2.8959761e-01   1.6393037e+00   1.6033942e+00  -4.2411265e-01  -1.9316742e+00  -5.0191799e-01  -1.0447119e+00
   2.0000000e+00  -2.8680030e+00   1.3169123e+00  -2.0632303e-01  -6.4666069e-01   4.5415176e-01   3.7993343e-02   1.7940923e-01  -2.2236288e-01   6.7620228e-01   2.1979236e+00   7.1227752e-01  -6.6433152e-02   1.1698199e-01   2.0882359e-01  -1.8463437e+00  -1.1656557e+00  -3.1150359e-01  -2.9404571e-01
   2.0000000e+00  -2.7855625e+00   8.1011211e-01   3.1104092e-01  -1.1670950e+00   3.0567549e-01   7.9886958e-02   9.9943015e-01   1.6134122e+00  -1.1205296e+00   1.5100308e-01   1.3742751e+00   1.4989958e+00   5.9869549e-02  -1.6901758e+00   6.4036963e-01  -8.4155227e-01   4.9984290e-02   9.6484272e-01
   2.0000000e+00   1.7370281e+00  -2.2697099e-02  -7.4247065e-01   1.0791294e+00   5.5295090e-01  -1.1422536e+00  -8.4473595e-01  -6.2679881e-01   2.5234580e+00  -1.2619318e-01  -1.8405833e+00   2.8128244e-01   2.5645776e-01   3.7692180e-01  -7.2040582e-01  -1.2020498e+00   4.5736561e-01   8.1733133e-01
   1.0000000e+00   7.0252421e-01   1.7335140e-01  -1.4773693e-01   4.2535094e-01  -3.0760012e-01   5.2001744e-01   4.8180917e-01  -6.4913121e-01   1.0856306e+00   3.5184377e-01  -4.7425459e-01  -8.7193944e-01  -8.7141844e-02  -5.2800807e-01   1.1889566e+00  -2.2510453e-01   4.9972336e-01  -4.6941824e-02
   2.0000000e+00  -1.5956937e+00  -2.8854776e-01  -9.1904416e-01  -1.0009357e-01  -9.4661077e-01   3.3925175e-01  -2.1890404e-01  -1.1354967e+00   7.4438402e-01   2.2226771e-02  -2.6976227e-01  -1.4615609e-01   2.6735846e-01  -1.7660292e+00   2.6193748e-01  -1.6088907e-01  -1.3259840e+00   2.0508609e-01
   2.0000000e+00  -1.1672739e+00   2.0957490e+00   1.3470867e+00   2.1864375e+00   6.4624627e-01   1.0237086e+00   1.3825331e+00  -5.6834145e-01   1.2810366e-01   7.3981799e-01  -9.2940529e-01  -7.0814528e-01   3.0343513e+00  -1.6337421e+00  -5.9609216e-01   1.4023122e+00   1.0293363e+00   1.3013254e-01
   1.0000000e+00   7.7592752e-02   3.4286310e-02  -1.6322623e+00   3.8702141e-01  -2.0804152e-01   7.4666048e-01   5.7930391e-01   1.0313384e+00   1.1734114e+00  -3.4740032e-01  -1.5186001e-01   5.5862825e-01  -1.4731030e+00  -8.1123335e-01   5.7671199e-01   1.0426793e+00  -6.6018724e-01   8.4397831e-02
   2.0000000e+00   1.1798276e+00  -1.9493449e+00  -6.2487274e-01   1.0071654e+00   6.0589709e-01   3.5489450e-01   6.9118455e-01  -8.9945762e-02  -1.2511067e+00   1.5068863e+00   3.3492862e-01  -1.7360994e+00  -4.2182014e-01   1.6398805e+00  -6.5732264e-01   1.0980694e+00   1.0599682e-01   8.0322992e-01
   2.0000000e+00  -1.1605967e+00  -1.0362341e+00  -6.6478402e-02  -3.6373824e+00   2.4791247e-01  -3.6077597e-01   1.2755524e+00  -1.2934626e+00   3.8959569e-01  -6.9470866e-01  -1.7781896e-01  -3.9758788e-01  -6.0869594e-01   2.2085090e-01  -3.2614692e-01  -5.0641783e-01  -2.5978156e-01   4.7789284e-01
   1.0000000e+00  -1.1009968e+00   2.4123323e-01  -1.2157475e+00   1.6124869e+00  -6.3866893e-01   3.9875269e-01   5.7680232e-01  -1.0158030e+00   4.8338798e-02  -7.1254301e-01  -5.6184738e-01   1.1624357e-01  -1.1564588e+00   3.4229989e-01  -6.9441057e-01  -1.7707932e-02  -2.0738905e-01  -5.3354211e-02
   2.0000000e+00  -6.1565973e-01  -1.2918657e-01   1.4629172e+00   3.6198130e-01  -5.4547972e-01   1.8611105e+00   1.3846305e-01  -6.7899985e-01   9.9100709e-01   3.2570835e-01   1.0066062e+00  -2.5360401e+00  -8.8327366e-02   6.1721719e-01   1.6496206e+00   1.0902109e+00   1.3606506e+00   2.5353807e-02
   2.0000000e+00   9.6445981e-01   1.0518679e+00  -6.4182502e-01   2.3385272e-01  -2.6341129e-01  -3.7979200e-01  -6.2714567e-01   3.9997147e-01  -4.7133132e-01   3.1445437e-03  -5.5164759e-01  -1.2958746e+00  -3.1613615e-01  -8.9112483e-01  -2.0291674e-01   4.1418242e-02   8.5057406e-02  -1.4105375e+00
   2.0000000e+00  -6.2072033e-01   1.7039390e+00   1.2978062e+00  -2.8406765e-01   7.6103707e-01  -1.7854892e+00  -1.0819517e+00   1.6049841e+00  -2.2364391e+00  -1.0064492e+00   1.1360066e+00  -5.3951854e-02  -5.5927556e-01   8.5157893e-01   1.0316224e+00  -1.5636670e+00   3.3917988e-01  -5.2039676e-01
   2.0000000e+00   2.1630271e+00  -6.5860182e-01   1.2609892e+00   8.7587211e-01   4.4172171e-01  -2.4369373e-02  -3.5756568e-01  -3.1117712e-01   6.9082236e-01  -1.3918825e+00  -4.3270633e-01   9.3944389e-01   4.5589558e-01   1.7367982e-01   4.7727645e-01   1.3864419e+00   5.5951198e-01  -4.2339431e-01
   2.0000000e+00  -2.3852689e-01   1.4922865e+00   1.4469421e+00  -2.5882266e+00  -3.0417593e-01  -2.0772186e+00  -9.9387653e-01   6.8206242e-01   1.1475294e+00   6.5147093e-01  -1.7340339e+00   1.3541034e+00  -1.2979642e+00   4.6027733e-02   4.8995014e-01  -7.7261500e-01   1.4752932e+00   6.2582232e-01
   2.0000000e+00   7.9979885e-01   1.6619894e+00   4.7464847e-02  -2.6422867e-01   5.3798454e-01   1.7957898e+00   3.8806229e-01  -8.9127995e-01  -1.2967640e+00   1.1860785e+00  -7.5036612e-01  -1.6815730e+00   1.4316023e-01   1.1257225e+00  -2.6595905e-01   1.0434116e+00   5.4146419e-01   9.5404211e-01
   2.0000000e+00   3.1192944e-01   1.4717284e+00  -3.5879892e-01  -1.0054646e-01  -5.8302084e-01   1.0403897e+00  -1.7817644e+00   8.7489709e-01   1.1008695e+00   6.9105150e-01   7.8504809e-01   3.3135228e-01  -1.0683213e+00   6.7623533e-01   8.2833133e-01  -2.5693421e-01  -2.2182301e-01  -1.5052061e+00
   2.0000000e+00  -9.7162731e-01  -9.9128215e-01   2.5311043e-01  -1.2232966e-01   5.6282914e-01  -3.3011071e-02  -8.9435335e-01   1.2655751e+00   6.0815647e-01   5.5077665e-02  -1.0313356e+00  -1.9665598e-02   1.7852882e+00   1.3588298e-01   7.9740177e-01  -1.0811200e+00  -2.1839693e-01   4.4866134e-01
   2.0000000e+00   4.4376969e-01   1.6100712e+00   3.4738580e-01  -3.7005752e-01   3.1318796e-02  -6.7279141e-01  -2.0682612e+00   5.8678650e-01   7.5336565e-01   3.0265921e-01   5.7983842e-01  -1.7579816e-01   1.4491736e+00   2.5862865e-01   1.5895488e+00   6.3579641e-01   3.3438092e-01  -1.7559777e+00
   2.0000000e+00  -8.4518273e-01  -9.8821521e-02  -4.2051658e-01   1.5365131e-01   5.1867755e-01   9.1272949e-01   1.4610171e+00  -2.0249850e-02   2.8005536e-01  -8.8650165e-01  -6.8362745e-01   1.0704877e-01   9.1814172e-01   5.6771726e-01  -8.6013556e-01  -4.5119005e-01   2.6882455e+00  -3.8139458e-01
   2.0000000e+00  -1.3322064e+00   1.7862726e+00   1.9927592e+00   4.5502572e-01   3.5328877e-01  -6.9533496e-01  -7.3821000e-01  -4.7739415e-01  -1.8675483e-01   2.0400034e+00   6.7214485e-01  -9.9839690e-01  -1.8390711e-01  -1.7460833e+00   5.3356122e-01  -4.5957467e-01  -3.3954455e-01  -1.8992571e+00
   2.0000000e+00   1.3252421e+00  -2.0902366e+00  -7.7949143e-01  -1.5245970e-01  -9.6840024e-01   4.5196389e-01   6.4519146e-02  -4.5522157e-01  -2.0006435e+00   4.0389114e-01   1.4609497e-01  -1.6312150e-01   1.4371389e-01   7.7902799e-03  -6.4292030e-01  -1.8927002e-01   5.9176887e-02  -1.6394565e+00
   2.0000000e+00  -9.2805736e-01   1.0865705e+00   3.9029712e-01   2.2837196e+00  -8.9637398e-01   7.5419262e-01   1.6612226e-01   1.0138284e-01   5.2451356e-01   1.0792965e+00  -1.1773418e+00  -4.1565400e-01   2.0562606e-01   2.3485820e-02  -5.5935810e-01  -1.2061949e+00  -1.8501560e+00   1.7607209e+00
   2.0000000e+00   2.7898516e-01  -1.7793026e-01   1.6063391e+00  -5.1542659e-01  -1.9660743e+00  -1.8380828e+00   1.1419840e+00  -8.1269409e-01  -1.8674193e-01  -7.7915035e-02   3.1708969e-01   2.7121418e-01  -9.3603192e-01  -2.7954063e-01   6.8208012e-01  -2.9175068e-01   5.9446658e-01  -7.7643171e-01
   2.0000000e+00   1.4497142e+00  -4.4231105e-01   3.9456673e-03   8.1952560e-01  -1.0894624e-01  -1.4006443e-01  -3.1150573e-01   9.3958212e-01   1.0695958e+00   4.2056511e-01   3.0386845e-01  -4.1030730e-01   1.3857096e-01  -2.5473681e+00   1.1855542e-01   1.5474506e+00  -1.5919655e+00  -3.2417109e-01
   2.0000000e+00  -7.1769348e-01   8.0724261e-01   3.1197670e-01   6.8375687e-01  -1.1762995e+00   6.4849607e-01   7.0817042e-01  -5.2853209e-01   3.5170342e-01  -6.3045447e-01   1.2713235e+00  -1.2227965e+00   1.9495620e-02  -1.1306627e-02   1.9958331e+00   1.6115787e-02   5.6330493e-01   3.3991376e-01
   1.0000000e+00   1.5153639e-01   7.8881775e-01  -5.9514441e-01  -3.7200372e-01   1.0024869e+00  -1.7992204e-01  -5.2289217e-01  -2.7317637e-01   7.1257517e-01  -1.7029720e+00  -1.9366260e+00   3.1805971e-01  -8.2803328e-01  -1.0545810e-01  -2.2849233e-01   7.7796448e-01   2.5827583e-01  -1.5523215e-01
   2.0000000e+00  -1.0557983e+00  -2.7149663e-01  -2.8196708e+00  -1.7324588e-01   5.3995094e-01   4.5944266e-01  -6.9404183e-01   1.3951647e-01  -3.5829057e-01   1.4525730e+00  -6.9377489e-01   1.3247802e+00   8.5698403e-01  -2.9222649e+00  -1.4782220e+00   1.7405610e-01  -3.9727698e-01   6.5038063e-01
   2.0000000e+00  -6.3593380e-02  -8.5771853e-02   1.7808385e-01   6.3753393e-01   1.9429562e+00   8.8563538e-01  -9.5173650e-02   5.1874689e-01  -1.7522378e+00  -1.1001856e+00   1.4690310e+00   1.1910572e+00  -1.5843117e-01   8.4944107e-01   1.4113383e-01  -1.4834937e-02   2.2904426e-01  -4.2604955e-01
   2.0000000e+00   3.2261791e-01  -1.0221283e+00  -1.0396857e+00   6.8372935e-01   1.3630010e+00   1.2353392e+00  -1.1670600e+00  -9.8131671e-01  -4.7122831e-01  -9.5290582e-01  -4.2770228e-01   5.7500094e-01   4.6362929e-01   1.6321315e+00  -6.3001859e-01  -7.8317639e-01  -8.1004555e-01  -2.8915166e-01
   2.0000000e+00  -3.2999526e-01  -4.8438052e-01  -9.7895608e-01   2.3054221e+00  -2.2762542e+00  -7.9110290e-01   1.2868658e+00   6.5538858e-02   9.7803879e-01   1.0441342e+00   7.3818298e-01  -6.0001358e-01  -1.5828289e+00   2.1165115e+00   4.9406651e-01  -8.9981089e-01  -1.9371808e-01   1.1048653e+00
   2.0000000e+00   6.6642718e-01  -1.0613465e+00   5.3422916e-01   1.3588992e-01  -1.0716255e+00  -6.7489923e-01   3.7028873e-01   6.9784504e-01   3.6427430e-01  -1.8331770e-01   3.3931188e-01   6.1255036e-01   6.1095821e-01  -2.8989994e-01  -8.2185255e-01   5.5004355e-01  -7.1122547e-01   1.2927462e+00
   2.0000000e+00  -2.4267612e+00   1.9592498e+00   4.1461332e+00   6.9350489e-01   2.2475233e-01   1.7802632e-01   1.0837066e+00  -1.0980185e-01   1.2033603e+00  -8.8036505e-01   4.8570762e-01   3.5982393e-01   5.2621133e-01   1.2960890e+00   3.3973643e-01   1.9668429e+00  -1.6218178e+00  -1.7798575e+00
   2.0000000e+00   2.8989307e-01  -1.4020548e+00   7.9843442e-01  -1.2770849e-01  -1.6974738e+00   4.2570743e-02  -1.6193203e-01   1.0063723e+00  -1.9454005e+00   3.2958050e-01   4.0572499e-01  -1.6302010e+00   2.3893437e-01  -4.4675053e-01  -1.4616955e+00   4.9343304e-01  -9.2754926e-01  -3.7891809e-01
   2.0000000e+00   5.2870117e-01  -4.0237302e-01  -1.0973362e+00   1.9104071e+00  -2.2777299e-01  -6.9317489e-01  -2.9626321e-01  -5.6388663e-02  -1.3944218e+00  -6.4650874e-01  -2.9651186e-01   1.3468645e+00  -7.8065011e-01  -7.4213515e-03   3.9926220e-01  -2.7066638e-01   7.2534694e-02  -1.0800638e+00
   2.0000000e+00  -3.5704600e-01   1.5377789e-01   1.2646046e+00  -6.0932753e-01  -6.8047206e-02   1.5420353e-02  -1.6941622e+00   1.4076970e+00   3.4983800e-01  -7.5038995e-01   9.9253490e-01   1.8544227e+00  -7.6454292e-02   1.0968159e+00   7.0719049e-01  -6.1826358e-01  -1.5281342e+00   5.4507850e-02
   2.0000000e+00   7.2276050e-01   4.4601438e-01   1.4589325e+00   8.8619460e-01   5.3085981e-01   6.1742957e-01   1.1044012e+00   3.6529291e-01  -1.0718190e+00   5.7447673e-01  -2.3870569e+00  -1.5493850e+00  -1.7717010e-01   1.0020640e+00   6.7166404e-01   1.3984455e+00   3.0376222e-02   2.0978207e-01
   2.0000000e+00  -1.3457356e+00  -8.9894349e-01  -1.0859307e+00  -6.4040144e-01   4.2486694e-01  -1.4806188e+00  -1.4691898e+00   2.4286775e+00   2.3586359e+00   1.8194573e+00   6.4426755e-01  -1.3002513e+00   1.4120481e+00  -5.8338477e-01   6.9202415e-01   6.5593898e-01   7.2954616e-01  -2.3723935e-02
   2.0000000e+00  -6.0935013e-01   1.0988898e+00   2.8413320e-01   9.0791508e-01   1.1899254e+00   4.6254078e-01  -1.2975353e+00   3.2006871e-01  -5.3300570e-01  -1.5919912e-01  -9.7596633e-01   6.9630402e-01   9.0591113e-01  -2.5129602e-01  -2.0531616e-01  -6.1688786e-01  -1.7507612e-01  -7.5872510e-01
   1.0000000e+00   1.1392668e+00   6.2738388e-01   1.4554560e-01  -3.8488856e-01  -6.2946058e-01   2.4588547e-01  -6.4771427e-02   4.7683000e-01  -1.3865045e-01   3.5760001e-01   5.6191187e-01   3.4878525e-01   9.6313195e-02   6.1495080e-01   1.4509301e+00   3.7522993e-01   1.3734667e+00  -2.1596058e+00
   1.0000000e+00  -1.0894221e+00   5.9228295e-03  -9.3424324e-02   6.3818594e-01   8.5242967e-01   7.7331231e-01  -9.0777811e-01   2.7052814e-01   2.6093205e-01  -4.7629149e-01  -3.1930817e-01  -3.8297124e-01   8.4658775e-01   5.5796320e-01  -2.6676464e-02   1.3183641e-01   1.3811838e+00   5.4789020e-01
   2.0000000e+00  -2.0564524e+00   1.1694613e+00  -1.0337369e-01   1.0066011e+00   1.8794801e+00   1.3179877e+00  -4.5217571e-01  -1.2908278e+00  -6.9956961e-01   1.6030806e+00   4.7089836e-01   1.2361489e+00  -1.3932550e-01   7.5255806e-02   3.3916286e-01   5.4315313e-01  -1.2210091e+00   4.0400439e-01
   2.0000000e+00   8.5547340e-01  -1.9235094e-01  -1.6173813e+00   5.9068744e-01  -7.0190478e-02  -2.9054061e-01  -1.1406589e-01  -1.2693084e-01  -1.1982522e+00  -5.7150685e-02   4.9440423e-02   6.1988778e-01  -7.8662759e-01   2.4163760e+00  -5.9841304e-01  -9.2783653e-01   3.8841548e-01  -9.9916379e-01
   1.0000000e+00   8.5501031e-01   5.0719275e-01  -2.2921806e-01  -2.1898257e+00   9.6743952e-01  -6.2091798e-02  -1.2550892e-01  -2.6657316e-01  -9.4905956e-01  -4.0980965e-01  -7.7635562e-02  -1.6996173e+00  -6.4420580e-01  -1.4315388e+00  -5.3220443e-01  -9.6345340e-01  -1.1642853e+00  -3.0160284e+00
   2.0000000e+00  -7.9685969e-01  -3.7048951e-01  -6.2417974e-01  -1.1972914e-01  -3.1774648e-01   2.8692862e-01  -2.3025977e-01  -3.6263167e-01  -9.2761390e-01   1.0868470e-01   5.4881265e-01   1.6097650e+00  -1.9915028e+00   1.1412507e+00   9.3774633e-01  -3.5561843e-01  -1.1439897e+00  -1.1668680e+00
   2.0000000e+00   3.6487919e-01  -3.6177964e-01   1.9871128e+00  -1.8539054e+00  -3.6989010e-01   1.0780810e+00   1.2817296e+00  -2.5647590e-01  -7.1208919e-01   2.2141139e-01  -7.9203675e-02   1.5778766e+00  -2.7542962e-01   9.0391697e-01  -7.9696881e-01  -8.4364803e-01  -5.8389240e-01  -6.3045917e-01
   2.0000000e+00   8.2421572e-01  -5.0671590e-01   1.0922745e+00  -8.2198930e-01   7.8207909e-01   1.1908806e-01   6.1644653e-01   6.6575887e-01  -1.9427254e-01   4.4230471e-02  -6.2320991e-01   4.8726928e-01   2.4011856e+00   1.9400240e+00  -6.2223970e-01   1.8364384e-01   7.9794880e-01   3.8952395e-01
   2.0000000e+00   2.0146611e-02   1.9124315e+00  -1.0707632e+00   9.6162378e-02   8.6521613e-02  -2.3261180e+00   1.6763133e-01   6.0018486e-01   1.1577428e+00   8.8295135e-01   1.5000589e-01   1.3937095e+00   1.4559631e-01  -1.9412534e-01   3.8383691e-01  -1.4835874e+00   2.3561012e+00  -3.2330679e-01
   2.0000000e+00  -3.4023321e-01   2.9556791e-01  -3.0744232e+00  -4.4815292e-01  -4.9241699e-02  -1.2233729e+00  -1.0494265e+00   1.3919641e+00   2.2113033e-01   2.1900744e-01  -3.9383336e-01   1.9683606e+00   9.4088014e-01  -1.1143296e+00   1.6973585e+00  -6.5113349e-01   2.3512855e-02   1.9521579e-01
   2.0000000e+00  -2.3997287e-01  -1.3380717e-01   3.3514359e-02   1.0925748e-01  -1.0510715e+00  -1.1847771e-01  -1.7768957e-01  -5.6833631e-01  -3.7349448e-01   4.0254473e-01   5.3291226e-01   4.8730044e-01   9.9894922e-01   8.9665735e-01   4.4878651e-01  -1.5792644e-01  -1.7762342e+00   1.6223868e-01
   1.0000000e+00  -4.8202043e-01   2.3634509e-01   2.3754478e-01   3.8543257e-02   3.3291571e+00  -1.4941100e+00   5.2385472e-01  -1.5955267e-01  -1.5325470e+00   3.5814948e-01   1.7619682e+00  -2.2023716e+00   1.8837695e-01   2.2580573e-01  -6.4402945e-01  -3.0346899e-01   3.3225318e-01   1.2648295e-01
   2.0000000e+00  -1.2723396e-01   6.9637620e-01  -4.3216561e-01  -1.4655562e+00   1.4630793e-01  -5.3009372e-01   1.0571877e+00  -1.3503140e+00  -9.9914530e-02   5.0664095e-01  -4.1991802e-01   9.6860487e-01  -4.2240105e-01   5.8035858e-01  -1.2004503e+00  -1.0142627e+00  -9.4076957e-01   1.1415042e+00
   2.0000000e+00   3.1830972e-01  -7.9014956e-01   4.8789411e-01   3.3998426e-01  -2.9462312e-01   2.7853785e-01  -1.0069276e+00   1.5849566e+00   5.1605393e-01   7.5356034e-01  -9.7682143e-01   1.4947710e+00  -8.0800030e-01   9.6809783e-01   1.1584173e+00  -1.7950703e-01  -8.6742957e-03   2.5784935e-01
   2.0000000e+00  -7.4072662e-01  -8.1753658e-01   2.0198954e+00   1.3696976e+00   7.3031039e-01  -1.2665776e+00  -9.2592648e-01  -1.6088301e+00  -7.1904125e-01   7.7062657e-01   4.9828054e-02   1.0336757e+00  -3.7821772e-01   2.6469232e+00   5.1871377e-01  -4.7212123e-02  -7.1306185e-01   1.4793660e+00
   1.0000000e+00  -2.2241154e+00   3.0993743e-01  -2.3459934e+00  -1.5286624e+00   2.6557520e-01   6.3729993e-03   9.3600188e-01   9.0338584e-02   8.3986260e-01   2.5244704e-01   1.7649293e-02  -2.8064101e-01   9.4086835e-01  -1.9129233e-01   1.0011230e+00  -4.7583104e-01  -1.1602834e+00   5.1416385e-01
   2.0000000e+00  -1.2003169e+00  -1.1220033e+00  -9.4152534e-01  -8.5268092e-01  -3.9673762e-01   1.1148450e+00  -5.1368384e-01  -9.3595803e-01  -1.3638613e+00  -3.4166123e-01   2.8640291e-04   7.7255090e-01  -1.9648491e+00  -5.6180615e-01  -2.6159429e-01  -7.8963840e-01   1.1860818e+00  -9.4952983e-02
   2.0000000e+00  -5.1227826e-01   1.9773123e+00   4.5878112e-01   4.0623732e-01   7.0817497e-01  -8.3127189e-02   4.0341939e-01  -1.0936083e+00   7.1943252e-01  -9.8932721e-01   4.8499775e-01   1.6774124e+00   1.2024459e+00  -4.5838134e-01  -6.0027983e-01   1.5131811e+00  -1.8445371e+00  -1.2848212e-01
   2.0000000e+00   1.9528351e+00  -1.1543993e+00  -2.6716905e+00  -4.1617631e-01   4.4136215e-01  -5.2644837e-01  -1.0573720e+00   1.3675645e+00   3.8201911e-01   7.8925803e-01   8.9684104e-01  -4.1650168e-01   1.3659607e+00  -8.6088286e-01   1.2740452e-01   9.6258288e-01  -5.7706957e-01  -1.3442230e+00
   2.0000000e+00   2.0126711e-01  -7.0644237e-01   7.2054119e-02  -2.3219449e-02  -7.1300454e-01   1.2313589e+00  -1.1119359e+00   8.6336368e-03  -1.8626172e+00  -9.2973292e-01   5.1107891e-01  -1.6107556e-01  -4.7181947e-01  -8.8919482e-01   9.3526701e-01   4.1164245e-01   5.4503013e-02  -1.2684293e-01
   2.0000000e+00   1.4116383e+00  -6.3525261e-01  -3.9976042e-01   1.0543637e+00   7.4635221e-01  -1.2348514e+00   2.6193303e-01  -4.1254089e-01   5.7760070e-01   1.1284749e+00  -6.6145635e-01  -9.0379052e-01   2.0495693e-01  -1.1052247e-01   4.4973516e-01   2.2045865e+00  -1.0562389e+00   1.1976351e+00
   2.0000000e+00   2.4465204e-01   1.5258950e-02   1.5866621e+00   1.1077171e+00  -1.6206344e+00   1.4621075e-01  -1.7140807e+00   8.8816391e-01   1.5864181e+00   4.6965263e-01   8.4717196e-01   7.4430770e-01   1.7194182e+00  -5.6920017e-01   6.6811174e-01   9.0363914e-01  -1.3749971e+00   3.7098971e-01
   2.0000000e+00  -1.3296170e+00  -1.5952559e+00   4.3273301e-01  -2.5901821e-01   1.0032487e+00  -2.2096530e-01   1.6582217e+00   2.7047839e-01  -6.1241071e-01   1.2391410e-01  -4.3124366e-01   2.9765321e-01   3.5237146e-01   7.7457787e-01  -8.1075453e-01   6.7956442e-01   3.7040844e-01   7.2292586e-01
   2.0000000e+00  -8.5709572e-01   1.3559550e+00   6.4366314e-02   1.8553192e-01  -7.1300689e-01  -1.8033182e+00  -7.1365295e-01  -3.7193330e-01  -2.8962195e-01   3.9108772e-01   8.3324914e-01   1.9695006e+00   1.0032067e+00  -2.4945125e-01   6.9782431e-01  -2.8435852e-01  -2.4362397e+00   1.2232976e+00
   2.0000000e+00  -4.2935508e-01   5.7799639e-01  -3.2822276e-01  -1.1038027e+00  -1.2003974e+00  -1.6033159e-01   1.2646813e+00  -1.1324494e+00   6.9566229e-01  -1.3377271e+00  -2.6982676e-01  -2.8266789e-01  -9.9431513e-01   1.2292023e+00  -1.3770616e-01  -5.0008749e-02  -8.7730255e-01  -9.3832382e-01
   2.0000000e+00   1.2304842e+00   1.1599290e+00   1.7806247e+00   1.1255764e+00  -1.1427303e+00  -8.3674763e-01  -2.0243922e-01   6.2749464e-01   9.6089859e-01   3.1998998e-01  -2.7397697e-01   1.4339526e+00   9.4982254e-02  -1.0386194e+00   1.1613784e+00  -2.5580787e-01   5.1016955e-01  -3.1808246e-01
   2.0000000e+00   3.1663794e-01  -2.8111745e-01   8.0203976e-01  -1.1318143e+00   6.3532607e-01   2.2053825e+00  -5.4477130e-01   1.5543975e+00  -1.8400778e-01   1.2786262e+00   5.6143161e-01   1.6034244e-01  -7.0415933e-01  -3.5255529e-01   5.0906308e-01   1.5991051e+00  -1.1787479e+00  -1.9638937e-01
   1.0000000e+00  -6.3507009e-01   3.0338871e-01  -1.1258197e+00   9.7011872e-01   1.4478726e+00  -8.7949738e-01  -6.0813199e-01  -8.2878427e-01  -1.2126719e+00   9.6196818e-01   4.5899418e-01  -7.9425200e-01   1.4816351e+00   3.2931923e-01   4.2764410e-01   1.3585280e+00   1.7895584e+00   3.4003951e+00
   2.0000000e+00  -9.1850324e-01  -7.2522388e-01   1.9169498e+00  -5.5676594e-01  -1.0537815e+00  -1.0204138e+00  -7.5951354e-01  -2.8262305e-01  -3.5231977e-01  -1.9114209e-01   1.5448917e+00  -6.6176956e-02   1.5539091e+00  -6.1553123e-02  -1.9836355e+00  -2.3938223e-01   5.8205664e-01  -1.7918475e+00
   2.0000000e+00  -1.5262114e+00  -3.2498176e+00   1.3226725e+00   2.1992317e-01  -4.6962372e-01  -1.1019028e+00   2.1431810e-01   1.4739260e+00   1.1997740e+00  -1.3315341e+00  -1.6929837e+00  -1.2287214e+00   8.4328932e-01   1.0752603e+00   8.0198055e-01   7.0672483e-01  -1.9138181e+00   9.2864097e-01
   2.0000000e+00  -1.3559175e+00  -8.0443822e-01  -4.4385511e-01  -2.3372216e-01   2.2031862e+00  -2.2487963e-01   4.5522122e-01  -3.2999721e-01   8.7977300e-01  -2.7077595e-01   1.5329475e+00  -4.7886456e-01   5.2251675e-01   1.0693665e+00  -1.2569329e-01   5.4250515e-01   1.1094442e+00  -1.5521747e-01
   2.0000000e+00   1.0104183e+00   8.0771648e-01  -7.2999631e-01   8.7963961e-01  -1.6815590e+00   3.6435168e-01  -7.0671948e-01   2.3317759e+00  -2.9675688e-01  -4.2405339e-01   9.4365025e-01  -1.0105153e-01  -6.7576461e-01  -7.8136120e-01   7.0872561e-01   1.0733552e-01  -2.2297697e+00   8.8674915e-01
   2.0000000e+00   6.5173230e-01  -6.1365617e-01  -1.4516182e+00   3.8047329e-01   8.6193001e-01  -2.4721741e-01   1.3840360e+00  -1.3979253e+00   6.9960817e-01  -1.0271445e+00  -1.2191195e+00   1.6640572e+00   1.9694400e-01  -6.7470285e-02  -1.2368360e-01  -8.3789776e-01   1.0958784e+00   2.2912834e-01
   1.0000000e+00  -1.5837027e+00   2.3282009e-01   7.6839066e-01   3.4076189e-01   1.1117433e+00  -3.3740612e-01   4.9190891e-01  -5.0885722e-01   8.0037682e-01  -4.8582538e-01   2.6849248e-02  -1.3201460e+00  -7.1549529e-01   3.9533127e-01   2.3596842e+00   1.0672917e+00  -6.2151853e-01   9.2072581e-01
   1.0000000e+00   4.3138265e-01   5.7423477e-01   8.7077327e-01  -8.6576228e-02  -4.0473857e-01   1.1843250e+00   8.9753226e-02   8.6306160e-01  -2.7028969e-01  -1.6370306e+00  -5.2139441e-01   5.2712999e-01   1.9127348e+00   5.6882276e-02   4.4707599e-01  -5.3930782e-01   2.5280389e+00  -5.2652066e-01
   1.0000000e+00   6.0401883e-01   6.3047056e-01   6.3632627e-02  -1.4755522e+00   7.1994483e-01   1.0271809e-01  -1.9764058e-01  -1.0466490e-03  -4.8768304e-01   1.4720429e+00  -2.2947341e+00   5.6074665e-01  -6.5213458e-01   4.3408262e-01   8.3143237e-01   1.0707184e+00   6.7037126e-01  -8.1860391e-01
   2.0000000e+00   3.8754309e-01  -4.4359581e-01  -3.4618533e-01   1.0027936e+00   1.2385568e+00   1.5080711e+00   6.7650723e-01   1.6815210e+00  -1.2661634e-01  -1.3395161e-01  -9.0719251e-01  -1.5847027e+00   1.7418441e+00  -1.5953604e+00  -2.1281525e+00  -4.5204860e-01  -5.3997524e-01   1.9036280e+00
   2.0000000e+00  -4.0490069e-01  -8.3372851e-01  -1.0558489e+00  -1.2900452e+00  -6.9000897e-01  -2.0654399e+00  -1.4278836e-02   5.0473728e-02  -5.2686054e-01   2.7954353e-01   4.5916832e-02   1.5432196e+00  -7.2946622e-01  -5.8694641e-01  -1.3124275e-01   6.3952074e-01  -4.2741813e-01   7.4422155e-01
   2.0000000e+00  -2.6094796e-01  -1.0460709e-01  -6.3375481e-01  -9.7648480e-03  -6.1116190e-01   6.3632310e-01   6.8233381e-01  -5.7290769e-01  -1.3902373e+00   2.7348055e-01  -2.2879674e+00  -2.8961690e-01   8.8699439e-02   7.0422404e-01  -2.3177270e+00  -7.2252533e-01   4.5683474e-01   1.8255658e+00
   2.0000000e+00   8.4261235e-01  -9.0883183e-02  -6.4139795e-01   1.7261627e+00  -1.0813501e+00   1.0203318e+00  -7.5240533e-01  -3.4067260e-01   1.1500414e+00  -5.4411107e-01  -7.5124689e-01   1.0517999e+00   7.2058608e-01   2.1753280e+00  -1.0122172e+00  -1.0908104e+00  -9.0166688e-02   5.5066140e-01
   2.0000000e+00   1.5648261e+00   1.3832061e-01  -9.2896312e-01   1.0105398e+00  -9.8068865e-01  -6.3750496e-01  -1.3159956e+00   5.3033218e-01   6.7242503e-01  -8.0739274e-02  -1.9455565e-01  -3.4738176e-01  -1.3752997e+00  -2.1888122e-02   1.2225353e+00  -3.2429316e-01  -5.2876062e-01  -3.8205673e-01
   2.0000000e+00   1.1867587e-01   9.3583197e-01  -9.9674896e-01   1.6432469e+00   9.1864632e-01   2.2246752e-01  -4.6682060e-01  -1.6548098e-01  -6.3087319e-01  -1.5286156e+00  -7.3263454e-01   2.5984876e-01  -1.0790142e-01  -3.6981157e-01  -7.4939076e-01  -6.7648294e-01  -6.0803364e-01   1.1569658e+00
   1.0000000e+00   8.0911138e-01   1.9320432e-01   2.1116527e-01  -5.6905147e-01  -1.1348632e+00   7.0825130e-01   2.5622005e-01   4.7553002e-01   1.3101754e+00  -8.7145047e-01  -1.5230660e+00  -1.8822150e-01  -9.2722179e-02  -6.0757317e-01  -6.7501040e-02  -8.3040998e-01   1.5373317e+00  -1.2621428e+00
   2.0000000e+00   6.6385088e-01  -9.3831124e-01   5.1081847e-01   9.2809149e-01  -5.3789741e-02  -7.0768112e-01   1.7521472e+00  -1.2318544e+00   6.5489454e-01   1.8702981e+00   1.5187805e+00   4.5940770e-01   1.9363343e-01   1.4218857e+00   1.0621666e+00  -1.1348397e+00  -1.1428833e+00   7.8071097e-01
   2.0000000e+00  -3.9231808e-01  -1.4599309e+00   1.1487505e-01  -4.8814670e-01   9.6078445e-01  -6.2886880e-01   1.4114975e+00  -6.1858718e-01  -1.0377418e+00   1.4822566e+00  -9.9553486e-01  -1.0820940e-01   9.5409443e-01   2.2473619e-01   6.9526487e-01   7.0484177e-01  -1.7161322e+00   2.0334706e+00
   2.0000000e+00  -5.0696661e-01  -6.8362313e-01  -3.0739328e-01  -3.3231095e-01   1.0130073e+00   1.4018404e+00   2.9045780e-01  -1.4861762e+00  -2.5200594e-01   2.4826361e-01   2.8630133e-01  -5.1353450e-01  -5.5184127e-01   2.1683747e+00  -2.1360495e-01  -1.2890333e+00  -1.3726194e+00  -4.1246044e-01
   2.0000000e+00   4.9232438e-01  -5.1747541e-01  -7.5475710e-01   6.8991995e-01   3.3334490e-01  -1.0357926e-01  -1.3882452e+00  -4.8632046e-01  -1.3510366e+00  -1.2701125e+00   9.6771694e-01   5.8036595e-01   9.4164123e-02   9.0920507e-01  -9.8369787e-01  -1.1611218e+00  -3.5435855e-01   2.8737333e-01
   2.0000000e+00   2.2857717e+00   8.7947706e-01  -9.0091791e-01  -6.9455921e-01  -8.9362802e-01  -2.2627842e+00  -2.0057889e-01  -1.9782378e+00   2.3331527e-01   9.6214961e-01  -1.1653802e+00  -1.4117384e-01  -9.3722132e-02   9.0089800e-02   1.3979361e+00   1.6950565e+00  -7.4279727e-01   2.9162189e-01
   2.0000000e+00   2.3654505e-01   5.7005548e-02   1.8178675e-01  -2.7815170e-01  -6.8439253e-01   1.5419396e+00  -1.6434612e+00  -1.5187529e+00  -6.2208072e-01   3.1850354e-01  -4.6225757e-01   1.4468311e-01  -3.0799370e-01   3.4003859e-01   1.3664368e+00  -6.6517298e-01  -8.1947477e-01  -9.7657606e-01
   2.0000000e+00  -1.5101970e+00   2.8236212e-01  -2.4190221e-01  -2.0999943e+00   1.4355864e+00  -9.5556037e-02   2.2936167e+00   1.2267939e+00  -1.1301711e+00  -8.9941853e-01   3.6545414e-01   5.2639185e-01  -3.4478672e-01   1.6303828e-01   8.3956477e-01  -9.2446249e-01  -1.4418939e+00  -1.3111994e+00
   2.0000000e+00  -1.2839680e+00  -2.2857833e+00  -6.1483962e-01   1.5526471e-01  -2.2452101e+00   2.0815663e+00   7.3308055e-01   1.3971509e-01   1.7583683e+00  -6.0186016e-01   2.3838749e-01  -3.3628845e-01   1.7453030e+00  -8.7727085e-01   1.4226402e+00   9.4139058e-01  -3.7326743e-01  -7.9751691e-01
   2.0000000e+00   4.8956519e-01  -1.5729885e-01   2.3193767e-01  -1.6202155e+00   1.2312398e+00   5.6163245e-01   1.3628110e+00   3.6057146e-01   4.6080852e-01   1.3536557e+00  -4.9314097e-01  -8.3143781e-02  -7.3114587e-01   9.3189600e-02  -1.5156894e+00  -6.4076283e-01  -2.4556736e+00  -8.5291290e-01
   2.0000000e+00  -6.1819974e-01  -9.5163611e-02  -1.6896188e+00   1.5045759e+00  -5.5947845e-01   1.5963528e+00   7.4004934e-01   9.2992678e-02  -1.0310841e-01   8.1117423e-01  -4.1522783e-01   1.8030552e+00  -3.3620340e-01  -5.6811629e-01   4.6745590e-01   3.7385432e-01  -1.9102763e+00   8.0938374e-01
   2.0000000e+00  -1.4501044e+00  -1.0230145e+00  -1.1006048e+00  -1.7103736e+00   7.4946667e-01  -1.4317914e+00   7.3469423e-01  -8.4067756e-01  -2.0903319e+00  -3.0495731e-01   1.0350724e+00  -5.2577364e-01  -5.9851788e-01   3.9084359e-01   3.7341115e-01  -5.2882727e-01   9.2923515e-02   2.4325319e-01
   2.0000000e+00  -8.0249422e-01   2.5522917e-01  -7.9230751e-01  -1.1299475e+00   7.6870455e-01  -4.8514069e-01   1.4559555e+00   1.0947487e-01   1.8897032e+00   1.1388283e+00  -1.8609730e+00   3.5509038e-01   5.9586631e-01   1.2353586e+00  -6.8219104e-01   1.0278785e+00  -1.9173967e-01   3.8936545e-01
   2.0000000e+00  -6.9354548e-02  -1.0748435e+00   2.9067557e-01   1.8002781e+00  -2.0980403e-01   2.0814126e+00  -8.8591191e-01  -1.5538514e+00  -1.5536404e-01   2.7526794e-02   4.7580229e-01  -8.6985634e-01   1.0785374e+00   1.8517538e+00  -5.5961078e-01   1.0117586e+00  -1.5783462e+00   1.2579746e+00
   1.0000000e+00   1.6968822e+00   9.2511108e-01   4.9809237e-01   9.5249294e-01  -1.2811804e+00  -1.1309041e+00   7.6693164e-02   1.2925522e+00  -5.5146479e-01   1.2962187e+00   3.1810556e-01   1.9086147e-01  -1.6673569e+00   1.8603420e-01   7.5552482e-02   1.5979193e-01   2.2108170e-01   3.1162626e-01
   1.0000000e+00  -6.3939984e-01   6.6853635e-01  -7.0754316e-01   1.5183135e+00  -1.7963812e+00   1.9378613e-01  -6.1147910e-01   9.7071526e-01  -9.9747506e-01  -7.2035131e-01  -1.3912653e+00  -4.1411587e-01  -5.4839016e-01  -6.6899328e-01  -2.9818153e-03  -2.3730895e-01  -1.7722159e+00  -1.0631555e+00
   2.0000000e+00  -6.9872011e-02   2.2824251e-01  -1.7178286e+00  -1.5241860e+00   9.4241133e-01  -6.6525561e-01  -1.4254918e+00  -2.4818509e-01  -9.0524854e-01  -1.7145712e+00  -9.1927924e-01  -5.0502431e-01  -1.0369530e-01   2.1083925e+00  -6.5817022e-01   1.0591093e+00  -4.5353338e-01   7.4720519e-02
   2.0000000e+00  -1.2671937e-01  -9.4720424e-01  -7.6271283e-01  -6.6569956e-01   4.6561031e-01   1.6050665e+00  -1.0629706e+00  -4.2265462e-01  -1.4313936e-01  -1.0436749e+00   1.1605458e+00   6.0163361e-01  -1.0680637e+00   1.4318532e+00   4.4463489e-01   1.1484459e+00  -7.6049333e-01  -6.9264291e-01
   2.0000000e+00   2.6937692e-02  -4.3649879e-01   6.1958725e-01  -1.0076810e-01  -1.2531001e-01   7.8307038e-01   1.2963141e+00   5.2623391e-01   9.6583903e-01  -1.6151117e-01   1.1423039e+00  -7.4470159e-01   5.2749836e-03   8.9704853e-01   7.8422648e-01   6.6216775e-01  -7.9991730e-01   1.1677483e+00
   2.0000000e+00  -7.1527796e-01   1.1006185e+00   4.6751247e-01  -2.0397185e-01   5.2493359e-01   9.7409321e-01  -1.0018920e+00   2.5108863e-01   1.0167725e+00  -7.9136858e-02   1.1025591e+00   6.2656745e-01   2.1762188e-01  -1.4841724e+00   1.4716549e+00   2.5518473e-02   6.7599030e-01   7.9854115e-01
   2.0000000e+00   4.3358470e-01   1.5743029e+00   8.6047225e-01   7.0043747e-01  -9.2322730e-01  -1.4777480e-01  -5.2611879e-01   1.9424011e+00  -1.6186666e+00  -1.0898259e+00  -1.5050770e+00   2.3232452e+00   1.2134492e+00   8.9742126e-01   8.5707353e-01  -1.1845090e+00   1.4479138e+00   9.2596829e-01
   2.0000000e+00   7.9947145e-01  -1.0025483e-01  -5.8686010e-01  -3.0906256e-01   2.2176779e+00  -1.1097694e+00   1.9558205e+00   1.1913645e+00  -8.0689825e-01  -3.3167547e+00   1.8117230e+00  -5.0443980e-02   2.1834463e-01   1.0341221e+00  -6.6106628e-01   1.2772942e+00   2.8927200e-01  -7.2749844e-01
   1.0000000e+00  -1.3827661e+00   2.5151788e-01   4.1726341e-01   8.9266555e-01  -1.1287521e+00  -6.5810390e-01   3.2135463e-01  -1.4805707e-01   1.3982337e-01   1.2336108e+00   1.0626319e+00   8.6606760e-01  -1.1880582e+00  -1.1542267e+00  -1.1808826e+00   2.1529005e+00  -1.0359688e+00  -1.9071125e-01
   1.0000000e+00   7.9777217e-01   6.0326368e-01  -1.1234213e+00   3.8118724e-01  -3.0415630e-02  -6.7911686e-02  -7.2867682e-01   2.5472318e-01  -1.0658945e+00  -2.8184788e-02   8.9048258e-01   2.2751986e-01   9.7396837e-02  -1.2583931e+00  -6.4919135e-02   1.6933588e+00  -1.0356302e+00  -3.4386574e-01
   2.0000000e+00  -1.0051147e-01   9.4416928e-01  -4.6483677e-01  -2.9833993e+00   1.2140580e+00   5.0299883e-01  -8.5566823e-01  -5.3637078e-01   2.7324696e-01  -1.1297709e-01  -4.2076824e-01  -4.7661303e-01  -6.5020483e-01  -5.7193334e-01   3.3297634e-01   4.7611191e-01   1.1652727e+00   2.3043983e+00
   2.0000000e+00   6.6431996e-01  -4.7982629e-01  -1.1072722e+00   9.4016220e-01   7.4225839e-01   4.6898800e-01  -9.0096960e-02  -7.5714522e-01  -3.1934150e-01   7.0712971e-01  -6.2275197e-01   3.2648780e-01   3.5362500e-01   4.7515386e-01  -1.5337594e+00  -3.2093003e-01  -1.6339583e-01  -2.4054695e-02
   2.0000000e+00   2.4045519e+00  -4.1163080e-02  -3.0245985e-01   2.6481879e+00  -8.1097776e-03   1.3310992e+00   3.6401515e-02   2.9183318e-01  -5.1622373e-01  -7.1664142e-01  -1.1706682e+00   8.8071647e-01   5.6306951e-01   3.4531862e-01   7.4479738e-01   1.3509073e+00   1.0281853e+00   2.0237844e+00
   2.0000000e+00  -2.9120346e-01  -8.9442556e-03  -7.6044416e-01   2.6644240e-02  -1.1598806e+00  -1.1752829e-01  -5.1368107e-01  -1.4818418e+00   7.3799503e-01  -7.8993890e-01  -3.5310141e-01  -1.0246596e+00  -9.0285317e-01   1.3069021e+00   3.7108017e-01   5.4017183e-01  -1.0618519e+00  -1.2670886e+00
   1.0000000e+00  -3.1573634e-01   7.7828638e-01  -5.2800433e-01   8.8654973e-01  -7.7152844e-01   6.2616739e-01   1.3405426e-01  -5.1671841e-01   2.0889136e-02   1.0404775e+00  -4.5007862e-03   2.0876866e-01   1.7485306e+00   2.4346429e-01  -3.2693347e-01   5.3457883e-03   1.5630475e+00  -1.5478157e+00
   2.0000000e+00   1.0369636e+00  -7.8744431e-02  -6.7723656e-01   2.0789560e-01   4.1034998e-01  -8.6720310e-01   1.6228621e+00   2.0628692e+00   1.4542327e-01  -1.0685086e-01  -1.4339932e-01   8.2689792e-01   3.2585849e-01   9.7662119e-01  -1.4201155e+00  -5.1457466e-01   4.4118035e-01   5.6377762e-01
   2.0000000e+00   1.3837244e+00   5.1565529e-01  -5.5581706e-01  -8.9073920e-01  -1.1382524e+00  -3.2268535e-01   1.2454482e+00  -3.9425187e-01  -1.3552062e-01  -1.0739579e+00  -6.5942708e-01   5.9338472e-02  -2.1236808e+00  -2.5548855e-01   3.8348018e-01   1.7083459e+00   4.2391290e-01  -1.3906824e+00
   2.0000000e+00  -1.8031111e-01  -1.5579998e-01   5.6822629e-01   2.7445721e-02   8.8706784e-01   5.4844052e-01  -5.6628606e-01   7.0693660e-01   3.8758734e-01   2.1767111e+00   1.1848518e+00  -2.0326420e+00  -2.6846446e-01   1.2797162e+00   1.3879514e+00  -4.3755661e-01   4.8263462e-01  -4.6107623e-01
   2.0000000e+00  -1.0171341e+00  -1.2845107e+00   6.7201660e-02  -9.0188285e-01  -5.6167255e-01   5.4887119e-01   2.5381402e-01  -3.1407807e+00   4.4408464e-01   5.3921858e-02  -3.4381335e-01   1.0066110e+00   8.6072274e-02  -1.8150693e+00   7.4780080e-02  -4.3241435e-02   6.4807522e-01  -3.4200942e-01
   1.0000000e+00   2.9373298e-03   1.2038384e-01  -9.0048535e-02   4.1033998e-03  -1.3722664e+00  -1.6256422e-01   4.8967807e-01   8.5344310e-01   5.6648322e-02  -4.6259139e-01  -4.9390136e-01   2.1590254e-01  -9.0077959e-01  -8.4836997e-01   1.4429529e+00   5.2265813e-01   1.1613272e+00  -1.3706828e+00
   2.0000000e+00  -1.1877956e+00   1.6937798e-01  -3.6430727e-01   1.1995528e+00   5.0855523e-01   1.6038259e+00  -9.9127320e-01   2.8544425e-01   1.2283176e+00  -1.1879153e+00   7.8756994e-01  -3.2130615e-01  -1.9157404e+00   1.6508524e+00  -6.8724218e-01   4.2624828e-01  -7.4747555e-01   1.4389247e+00
   2.0000000e+00  -9.0894226e-01  -7.4871158e-01  -6.7575877e-01  -1.9696663e+00   2.0586119e-01   4.0636412e-01   1.5605845e+00   7.3722438e-01  -1.0395035e+00  -1.7615335e+00   6.5442460e-02   2.9846078e-02   5.2324707e-01   7.9685317e-01  -4.9811413e-01  -6.3689861e-01  -5.1032283e-01  -2.0245362e-01
   2.0000000e+00  -2.3205704e-01   5.5159111e-01   1.9485505e-02  -5.4387067e-02  -8.2907291e-01   6.7398603e-01   1.8153759e+00  -5.1841124e-01   8.0734938e-01  -1.8456704e-01  -1.5455355e+00   1.1387193e+00  -5.5410735e-01  -6.8909394e-01  -1.7877392e+00  -6.4067395e-01   6.5727553e-01   8.7821519e-01
   2.0000000e+00  -7.7539156e-01   8.6774590e-01  -1.8200404e+00  -1.2405871e-01  -3.6337808e-01   6.2119882e-01  -1.2071253e+00  -1.2903952e+00  -5.5289968e-02  -3.5633005e-01   4.8204458e-01   3.5950967e-01  -1.9492846e-01   1.4543451e+00   3.8194025e-01   2.0309695e-01  -1.5700874e+00   6.3799492e-01
   2.0000000e+00  -1.1168458e+00  -9.2449018e-01   3.8174999e-01  -9.6261212e-01  -1.3078814e+00   1.2011559e+00   1.7037217e-01  -3.3689559e-01   5.8332271e-01   2.0026201e+00  -1.1961809e+00  -1.1397029e+00  -8.8223366e-01   6.3207938e-01  -1.3269150e+00   2.3004930e-01   7.5144620e-01   3.9445159e-01
   2.0000000e+00   1.5296799e+00   3.8115069e-01  -6.0004739e-01  -5.5984103e-01  -1.3369387e+00   7.4258339e-01  -1.2757651e+00   2.8771562e-01  -4.2816000e-01  -1.4195751e+00   2.2358282e-01  -1.1762983e+00   1.0034960e+00  -7.9810726e-01  -1.6532995e+00   7.9810638e-01  -1.1970429e+00   4.8781930e-01
   2.0000000e+00  -1.6690820e+00   1.2547227e+00  -5.4504324e-02   1.9394398e-01   4.4133230e-01  -6.1630747e-01   1.7637767e-01   1.5581779e+00   1.0078136e+00  -1.2370010e+00   8.8502719e-02  -4.6660564e-01  -1.1408597e+00  -9.0647632e-01  -7.9002298e-01   7.9104538e-01  -5.8593994e-01  -1.7343261e+00
   2.0000000e+00   4.9870948e-01  -8.7245932e-01   2.4342744e+00   9.8142900e-02   4.0961346e-02  -6.4995392e-01  -1.0837485e+00  -6.8148894e-01   8.3233342e-01  -2.8851464e-01   4.8201216e-01   1.2850166e+00   8.5906732e-01   1.8313317e+00  -4.0403936e-01   8.7981318e-02  -7.5381025e-01   9.2016682e-01
   2.0000000e+00  -4.9707110e-01  -8.3729381e-01  -2.3347122e-01  -1.0445166e+00  -6.3442030e-01   5.5470411e-01  -3.3347888e-01  -1.0648739e+00   7.9020874e-01  -2.6223439e-01   1.1600730e+00  -4.3780560e-01   5.2624248e-01  -3.0480546e-02  -7.6183365e-01  -1.5634944e+00  -4.9418025e-01   3.4948801e-01
   2.0000000e+00  -7.2997546e-01   8.9523828e-01  -3.4730466e-01  -7.6981131e-01  -2.9258747e-01  -3.6580402e-01  -9.2950061e-01   1.2317111e+00   1.1214157e+00  -1.8785778e-01   2.3136462e+00   6.3369415e-01   8.7126150e-01   7.7305403e-02   9.8518389e-01  -1.5247394e-02  -1.9533128e+00  -8.7365557e-01
   2.0000000e+00  -9.0192475e-01   1.0414131e+00  -3.3373538e-01  -3.2160815e-01  -1.4401464e+00   6.9278854e-01   1.6568783e-01   1.2308913e+00   1.2764466e-01  -1.7662499e+00   9.3792255e-01  -7.8931504e-01   1.8317606e+00   2.1004101e-02   2.6640818e-01   1.4639061e+00  -5.3869785e-01  -2.4342639e+00
   1.0000000e+00   9.3680718e-01   2.2437762e-01   6.4103536e-01  -8.2632277e-01   4.5082239e-02   1.3196202e+00   4.2298264e-01   5.2091633e-01   7.8452455e-01   4.2077461e-01  -3.7220962e-01  -7.7956834e-01  -3.1887935e-02  -5.9457296e-02   7.4360291e-01   2.3802720e+00  -5.6409615e-01   6.4062126e-01
   2.0000000e+00   8.7168166e-01  -4.3994726e-01   3.4392632e-01   1.0409149e+00   3.0714046e-01   6.0077777e-01  -2.8204233e-01   2.7757608e-01   1.4666302e+00   1.0086724e+00   1.1781954e+00   4.9910942e-01  -2.6262689e+00   4.3423026e-01   6.8717883e-01  -9.6431272e-01  -2.7782997e-01  -3.8408819e-02
   2.0000000e+00  -4.6849424e-01   6.3337258e-01   1.7435668e+00  -9.8783519e-01   1.6332978e+00   2.6070483e-01   7.8330543e-01   2.0876018e-01   1.7967781e+00   8.3390670e-01   4.8215705e-01  -3.4347381e-01  -3.3183815e-01  -1.7959918e+00   9.6030213e-01  -5.6843124e-01   5.9992975e-01   7.7290176e-02
   2.0000000e+00  -2.1873642e+00  -1.7607467e+00   6.5987447e-01   6.1555994e-01  -5.3621270e-01  -6.2430065e-01  -1.1359435e+00  -7.1162338e-01  -6.5794180e-01  -6.5853967e-02  -2.4203164e-01  -1.3715089e+00   2.0934233e-01  -1.4152499e-01  -4.3842815e-01  -1.5583158e+00  -9.9727245e-01  -4.8695677e-02
   2.0000000e+00  -2.6844902e-01  -9.3888092e-01   8.9663976e-01  -5.3815229e-01  -7.0408332e-01  -5.1414758e-01   1.2628459e+00  -1.7815686e-01  -1.1938930e-01  -2.5298587e+00   1.8027847e+00  -1.2570564e+00  -1.5600591e-01  -1.7786818e+00   6.0347651e-01  -6.1138187e-01   8.2370048e-01   3.0579204e-01
   2.0000000e+00   3.7024836e-02  -2.2418089e-01   8.3434412e-01   4.4014086e-01  -6.6270627e-01   1.0334396e+00   8.7375621e-01  -4.1764847e-01   9.1761347e-01   1.4441999e-01  -3.1222685e-01  -1.9835949e-01   1.3125273e+00  -1.5311540e+00   1.1820398e+00   7.7700692e-01   1.2299719e+00  -1.7002322e-01
   2.0000000e+00  -9.2454809e-01  -5.2051661e-01   2.8876635e-01  -2.5689753e-01  -7.8101098e-01   6.8495143e-01  -1.1310874e+00  -2.2827107e-01  -8.7483230e-02   8.7071168e-01  -1.6365067e+00  -9.2989420e-01  -1.3605006e+00  -1.0815083e+00   2.2242784e+00  -4.1963842e-02   1.0264364e-01   7.6522579e-01
   2.0000000e+00  -5.5288034e-02  -1.3536599e-01   1.2364645e+00  -1.1891571e+00  -1.2415853e-01   1.1563067e+00   1.3411654e+00  -1.2209173e+00  -7.7694782e-01   8.6539388e-01   4.6962747e-01   2.5761738e-01  -1.6666925e-01   8.2722693e-02  -8.0059918e-01  -1.1310016e+00  -8.1289786e-01   9.9883400e-02
   2.0000000e+00   5.5681893e-02   9.1623330e-01  -3.2595086e+00   1.3280466e+00   5.9975324e-01  -6.2816584e-01   2.1120273e+00   1.2392737e+00   1.4252458e+00  -1.8517753e+00   8.7804993e-01  -1.0341871e-01  -1.4029791e-01   9.8374028e-01   6.5676422e-01  -2.2253783e+00  -1.6003029e+00  -5.6283654e-01
   2.0000000e+00  -8.6990729e-01  -5.1616912e-01   1.2940974e+00   4.7752440e-01   6.5448078e-01   5.0595225e-01  -4.0872198e-01  -1.5170133e+00   5.4971288e-01  -1.5598459e+00   3.4724716e-01   2.1013311e+00   5.9421222e-01  -5.3713140e-02  -1.6994386e-01  -8.1133657e-01  -1.5353394e-01  -1.7944420e-02
   2.0000000e+00   3.7493978e-01  -6.2703369e-01   8.3125819e-01  -1.4541807e+00   1.7661248e+00  -1.3269949e-01  -5.8186069e-01  -1.5273818e-01  -4.7647176e-01   1.2378685e+00   2.0117431e-01  -4.9544332e-01   5.7275608e-01   7.1175891e-01   2.2848560e-01   2.7210019e-01   1.6863974e+00   1.0707603e+00
   1.0000000e+00   1.9639161e+00   6.5534361e-01   7.2225623e-01  -3.7097279e-01   2.1967912e-01  -1.5329067e-01   6.0000223e-01   1.3471646e-01   8.5658165e-01   6.2327424e-01   1.0887632e+00  -3.1118420e-01  -1.1230164e+00   2.0796578e+00  -2.8443101e-01   1.4569507e+00   2.3853190e+00   1.0539364e-01
   1.0000000e+00  -2.8005570e-01   7.4325529e-01   1.1916547e+00  -4.0905599e-01  -2.4175736e-01  -9.0038671e-01  -3.2140090e-01   1.6891335e-01  -9.4100043e-01  -3.7308762e-01  -5.3958850e-01   5.9840768e-02  -1.8905304e-01  -6.9810108e-01   1.1430606e+00   1.5575246e+00   6.3458355e-02   1.4182682e+00
   2.0000000e+00  -1.8460015e+00  -1.3744905e+00   2.1031191e+00  -8.2466692e-01  -1.7262556e+00  -2.9515428e-01   3.9490985e-01  -4.1360485e-01   1.9881596e-01   2.9384111e-01   5.6155013e-02  -3.4861839e-01   2.1148922e+00  -3.0642152e-01  -5.8773311e-02   1.0245663e+00  -1.3088988e+00   7.4710416e-01
   2.0000000e+00  -3.6812750e-01  -5.9575683e-03   3.0381561e-01  -7.2428816e-01   1.5307788e-01   1.2920706e+00  -8.1165338e-01   2.9148773e-02  -7.0759394e-02   1.8645782e+00   3.9847309e-01   1.6084059e+00   9.7537788e-01   7.8173482e-02   6.6181172e-01  -8.3136196e-01  -1.8394738e+00  -1.2957886e+00
   1.0000000e+00   5.6389152e-01   7.0601060e-01  -3.1828125e-01   7.5029866e-01   6.1700103e-01  -1.0309228e+00  -2.8695962e-01   1.8273867e-01  -2.5446415e+00   1.8434819e-01  -7.9263182e-01  -2.2265637e-01  -2.1424512e-01  -4.2345141e-01   6.8992073e-01   3.3405552e-01  -1.2112129e+00  -1.4770259e-01
   1.0000000e+00   1.3395399e+00   3.3525304e-01  -5.3568219e-01  -7.9601253e-01   8.2917120e-01   5.7822381e-01   4.1417825e-01  -4.4665629e-01   1.3107630e+00   3.5232625e-01  -1.1199347e+00  -1.7967168e-01  -7.6475631e-01  -1.6285245e+00   8.7757493e-01  -2.3515553e-01   3.9778078e-01  -1.2510514e-01
   1.0000000e+00   1.3992782e+00   9.3165834e-01  -5.9893117e-01  -3.7737110e-01  -2.2718365e-01   8.3470860e-01   2.4227463e-01  -4.4421918e-01  -1.3647687e+00   1.2817149e-01   2.6725857e-02   1.1849597e+00   8.6930281e-01   9.9599937e-01   1.3088326e+00  -5.2313339e-01  -3.7410275e-01   8.1106340e-01
   2.0000000e+00   2.9275192e-02  -1.9970153e+00  -1.3496358e+00   2.4734610e-02  -9.8986496e-01   9.0879383e-01  -1.1847582e+00   6.8528619e-01   2.4500977e+00   6.8854097e-01   7.9027098e-01   1.5772708e+00   2.4217913e+00  -6.6390885e-01   8.6921458e-01   9.2937969e-01   1.3585512e+00   9.8081099e-01
   2.0000000e+00   3.1423268e-01   1.6463717e+00   4.4977834e-01   1.5492820e-01   1.9171892e+00  -1.1636835e+00  -6.8018241e-01   5.5416482e-01   1.1015043e+00  -1.1234470e+00  -4.2960405e-01   2.2486427e+00   1.8593950e-01  -6.0659722e-01  -9.7567015e-01  -5.1715789e-01  -1.0113941e+00  -5.8892537e-01
   1.0000000e+00  -9.0959063e-02   3.5693534e-01   1.3671573e+00  -1.9547119e-01   8.8142364e-01   2.6495785e-02   3.1245968e-01   4.2435365e-01   2.4688190e-01  -7.7113599e-01   1.0477943e+00  -8.2762584e-01  -6.6808443e-01  -1.8975749e-01   7.3765356e-01  -9.9470364e-01   1.0392664e+00   2.4216224e+00
   2.0000000e+00   4.3509430e-01  -4.4720576e-01  -1.2664201e+00   8.0967449e-01   5.9279724e-01   4.1607194e-01   6.0202381e-01  -1.6856379e+00   3.6391159e-01  -3.7281925e-01   9.6123542e-01  -1.1933889e+00   1.0010179e+00  -5.3755407e-01  -6.0853951e-01   1.1086733e+00   1.8953417e+00  -2.7821049e-01
   1.0000000e+00  -9.8849201e-01   3.2399679e-02   4.0741670e-01  -8.5170796e-02  -1.0282777e+00  -5.3682289e-01  -3.5473309e-02   2.9591627e-01  -4.1274502e-01   1.7111568e-01   2.2385118e+00   8.7738859e-01  -1.0837378e-01  -1.2660229e+00   1.8040151e+00  -3.0051800e+00  -3.9991892e-01   7.7857486e-01
   2.0000000e+00   4.9714669e-01  -1.7312159e-02  -9.2250732e-01  -4.1484550e-01   1.3269512e-01  -9.9009584e-02  -9.2189700e-01  -2.8471339e-02  -2.5478832e+00   8.6550288e-01  -4.1894673e-01  -1.3154434e+00  -2.1751470e-01   3.4717951e-01  -1.1077891e-01   6.9366803e-01  -4.8857757e-01  -2.7787719e+00
   1.0000000e+00  -1.7230017e-01   4.5130079e-01   8.2868508e-01  -4.8369486e-01  -1.3955444e+00   2.4653585e-01   1.4605818e-01   1.3702230e+00  -3.1859425e-01   5.1550823e-01  -2.7824715e-01  -4.4623594e-01   2.4924516e-02  -4.6250579e-01  -8.2860199e-01   5.7644362e-01  -5.0746114e-01  -6.4431990e-01
   2.0000000e+00   5.1829345e-01  -1.5407324e+00   1.4516064e-01   1.4173140e+00  -9.1649237e-02  -7.5451843e-01  -1.2606487e+00   4.1559903e-01   1.5913959e+00   1.2144472e-01   1.4408304e-01   6.5010428e-01  -8.2142936e-01  -3.8009338e-01  -1.2470647e+00  -4.5733656e-01   5.8171083e-01  -1.0473349e+00
   1.0000000e+00  -2.1383100e-01   1.0832265e-01   4.5109304e-01  -1.5407112e+00  -7.7521412e-01  -1.0470661e+00   4.3130789e-01  -3.1317196e-01  -1.0195813e+00  -1.7711145e+00  -2.4656980e+00   7.4494793e-01  -8.7707780e-01  -1.2688169e-01  -1.5048600e+00  -1.2567091e+00  -2.7122532e-01   1.3341481e-01
   2.0000000e+00   7.4576276e-01   8.2522776e-01   6.6847165e-02   3.2699496e-01   1.3414469e+00  -1.9903037e+00   3.6037903e-01  -1.1063617e+00   5.6148007e-01   4.0045853e-02  -1.9810988e-01  -1.8649495e+00  -2.9423206e-01   1.7043885e+00   9.2123116e-01   7.2308043e-02   1.6355805e-01  -3.3000942e-01
   2.0000000e+00  -3.0359343e-01   1.0943147e+00  -2.1808876e-01   6.3008952e-01  -1.0495462e+00  -5.1841909e-01   1.7220939e-01   1.0398666e+00   1.1335114e+00   1.6339551e-01  -1.3124303e+00  -1.8069045e-01  -8.7170679e-01   1.0032302e+00   1.4885715e+00   3.6179895e-01  -7.4482591e-01  -7.0688733e-01
   2.0000000e+00   8.9697828e-01   8.1994532e-01   5.9170345e-03  -1.4317831e+00   9.2732937e-01   2.1345392e+00  -4.1771246e-01   6.3473647e-02  -1.5297938e+00   2.1658979e+00   4.7296623e-01  -2.8086917e-02  -1.5703901e+00   1.5943440e+00  -7.7682357e-01   1.1183258e+00  -2.1468487e-01   1.5288503e+00
   2.0000000e+00   1.8105492e+00  -2.1023206e+00  -1.1846264e+00   5.4765764e-01  -2.0936488e+00  -9.4495119e-01   3.1252118e-01   1.2561435e-01  -2.8585493e-01  -1.8900459e+00  -1.0369701e+00   1.0730179e+00   1.6837789e+00   6.1581676e-01  -1.2763466e+00   1.1206377e+00   5.7896718e-01   1.8523855e+00
   2.0000000e+00  -1.3817278e+00  -6.7235458e-01  -2.4544638e-03  -8.2841357e-01  -1.1296019e+00   8.5751106e-01  -1.1236335e+00   6.1053957e-01   4.5021877e-01   1.0726387e+00   1.8347620e+00  -1.1300589e+00   5.9677098e-01   7.8966612e-01   4.6151855e-01  -3.2455433e-01   1.2966928e+00  -1.1790847e-02
   2.0000000e+00  -1.4271921e+00  -5.0897158e-01  -9.3821869e-01  -1.9908127e+00   4.2038682e-01   7.3300370e-01   4.5467031e-01  -7.9963134e-01  -3.5262685e-01  -2.2643038e+00  -8.4542508e-01  -7.9755195e-02  -1.5483250e+00   3.7774080e-01   1.0453575e+00  -8.4743270e-01   5.5107268e-01   1.7432985e+00
   2.0000000e+00   3.6967907e-01   6.3532996e-01   8.3178423e-01   1.1489347e+00   1.5152802e-01  -2.7354760e-01  -9.6009320e-01   4.1389737e-01  -1.2045592e+00   7.7757320e-01   3.4007346e-01  -1.0780852e+00   1.4274477e+00   3.4117437e-01   1.7814776e+00  -8.1645099e-01  -8.1552778e-01   2.5631763e+00
   2.0000000e+00   3.7628350e-01  -9.4133090e-01  -8.3224369e-01   5.7341188e-01  -7.4901226e-01   5.8999488e-01  -1.2729346e+00  -1.6500146e-01   1.0988008e+00  -6.1689719e-01   1.0098964e+00   8.5602937e-01   1.4526566e+00  -1.8113043e+00   4.9856795e-02   1.0312644e+00   1.8380098e+00  -1.2942218e+00
   1.0000000e+00   1.6899358e+00   6.7454951e-01  -2.8001088e-01   4.1760030e-01  -1.1601306e+00  -5.2028270e-01  -7.0272578e-01   4.4075924e-01   1.3841080e+00   2.3273875e-01   9.6293644e-01  -8.8357453e-01   2.8577662e+00   4.8823841e-01  -6.1852449e-01   1.3500036e+00   2.3536955e+00  -3.8608354e-01
   2.0000000e+00  -7.5699080e-01  -1.4925397e+00   4.5274063e-01   3.5101056e-01  -5.8076620e-01   8.6885307e-01   2.1739548e-01  -8.1458998e-02  -8.4263849e-01  -4.5176910e-01  -1.4521019e+00  -8.8894469e-01   1.1087198e+00  -8.5889038e-01  -1.8532130e-01   1.5367058e-01  -1.2492439e+00  -9.4645027e-01
   2.0000000e+00  -1.0851107e+00  -4.2047649e-01  -2.9165720e-01   8.4682143e-02  -8.3073416e-01   5.9074094e-02  -3.9018203e-01   1.5562778e+00   1.9315828e-01  -1.2694095e+00   1.4564946e+00   1.9766650e+00  -6.5044374e-01  -1.1920371e+00   4.3626404e-01  -1.0414213e+00   2.1619427e+00   2.0739140e+00
   1.0000000e+00   2.3309427e-01   2.8051061e-01   4.7545237e-01  -5.1941951e-01  -2.3446562e-02  -4.7980236e-01   1.9409274e-01   1.3336173e+00   1.5697492e+00   5.6758895e-01   6.8284592e-01  -5.2224585e-01   1.2497376e+00   3.8339858e-02  -1.2238738e-01   7.6206358e-01   1.9710659e+00  -1.4886793e+00
   2.0000000e+00   1.9301454e+00  -6.9495893e-01   4.9227128e-01  -5.4909010e-01   1.7000517e+00   5.2032174e-01   3.0026655e-01   5.0232081e-01   1.6879409e+00   2.4907996e-01  -1.0518386e+00   1.6252773e+00  -1.2431262e+00   8.6987756e-01  -1.1270795e-01  -4.8636959e-01  -6.7790906e-01   1.4991717e+00
   2.0000000e+00   1.1866739e+00  -4.4157436e-02  -4.1783042e-01   2.2895445e+00   4.7890002e-01   3.8490593e-01   1.2066531e+00   1.2114023e+00   1.2470602e-01  -3.4626106e+00   2.1551142e+00  -6.0976829e-01   5.0679639e-01  -1.2251506e+00   8.9341951e-01   1.1031499e+00   9.3248929e-01   2.7473930e-01
   2.0000000e+00   1.5271059e+00  -7.4177486e-01   1.8107799e-01  -8.2038800e-01  -5.6157776e-01  -6.7009761e-01   7.7819983e-01  -1.1236878e+00   1.4442496e+00   1.2989424e+00   1.2314885e+00  -1.3720206e+00  -3.0373522e-01  -5.0714585e-01   1.7352592e+00  -1.6064469e+00  -6.2368535e-01  -6.7978905e-01
   2.0000000e+00   1.7264400e+00   2.2799529e-01   1.2479204e+00   8.0319313e-01   1.6241782e-01  -3.0567569e+00   6.8059031e-01  -4.0145763e-01   1.2938243e-01  -1.0676568e+00   3.6063725e-01   2.2208856e+00   1.0049262e+00  -1.0642515e+00  -9.8274509e-02  -3.5655858e-02  -6.5019159e-01  -1.6188667e+00
   2.0000000e+00   6.9613619e-02  -4.7952789e-01  -4.6313413e-01   8.0634368e-01   1.2690614e+00  -1.7580260e-01  -4.6762653e-01  -2.0265098e+00  -1.6044370e+00   9.2441933e-01  -6.9152396e-01  -1.5551714e+00  -1.6635573e-01  -1.1492679e-02  -1.4997085e+00   1.3216756e+00   1.1745589e+00  -7.1447349e-01
   2.0000000e+00   1.0941991e+00  -1.0141178e+00   4.9801751e-01  -7.7220314e-01  -9.1728446e-02   3.6582212e-01   3.4959362e-01   2.9966677e-02   2.9162329e-01   7.2587329e-01   3.3304359e-02  -4.7523199e-01  -7.8476638e-01  -8.0384187e-01   4.5422694e-01  -3.5580776e-01   4.8437275e-01   3.4353741e-01
   2.0000000e+00   1.6671820e+00   1.1737260e+00   3.8227312e-02  -3.8355842e-01  -1.3941389e+00   9.5583702e-01   9.6848273e-01  -9.2593469e-01  -3.9162942e-01   2.8098667e-01  -9.0437038e-01   7.5960156e-01   1.5034071e+00  -4.9243990e-01   4.1066691e-01   1.6422099e+00   6.4146895e-01   2.7383145e-01
   2.0000000e+00   2.5893912e-01  -9.4644972e-01   1.0170829e+00  -2.9770051e-01   4.4271323e-01   7.3891727e-01   7.7243207e-01   5.6631040e-01   4.0329125e-02  -5.0086366e-01   9.1912016e-01   1.2961703e-01   1.6746097e+00   6.7465340e-01  -1.4076557e+00   7.6704157e-01   3.3033116e-01  -8.5061105e-02
   2.0000000e+00   6.0894099e-01   1.2181582e-01   6.6936257e-01   4.7078459e-01  -2.9879271e-01  -1.0497279e-01  -1.4720972e+00  -1.9944418e-01  -8.3342374e-01   8.9596022e-01  -8.0543686e-01   1.9225302e+00   3.4487909e-01  -1.1792066e+00   2.1579028e+00   6.5223817e-01  -4.8707914e-01   1.8287272e-01
   2.0000000e+00  -8.2796501e-01   1.1334407e+00   6.8808373e-01   1.7447246e+00   3.8693498e-01   4.1189943e-01   6.2105987e-01  -3.8057145e-01   3.1287338e-02   7.3987381e-01   8.6310326e-01   1.6586215e+00   6.2586277e-01  -1.0684314e+00  -6.7479134e-01   1.7644749e-01  -4.7187518e-01   1.5704414e+00
   2.0000000e+00  -3.3668487e-02   1.6097034e+00   1.8857049e+00   4.4269330e-01  -8.6632025e-01  -1.0012453e+00  -5.3625411e-01   1.1891177e+00   1.3322280e-01   2.0130622e-01  -1.4303689e-01  -1.4872792e-01   7.2631324e-01   3.6943170e-01   1.0644198e+00   3.0659831e-01   8.8329181e-01   6.7843170e-01
   2.0000000e+00   3.0017725e+00   2.7023935e+00  -1.8774929e-01   5.5018386e-01  -3.1342142e-01   1.0397756e-01  -1.0916229e+00  -1.1794433e+00   2.0482987e-01   4.4996830e-01   2.5882898e-01   3.8264053e-01   2.9649073e-01  -2.9694116e-01  -1.5443796e+00   1.4915459e+00  -4.2861415e-01  -1.1180223e+00
   2.0000000e+00   1.8473362e+00   1.5731503e+00   7.1295995e-01  -9.5611685e-01   4.7892783e-01  -7.0898086e-01  -4.1362800e-01   9.6902865e-01  -4.4777554e-01  -8.8581202e-01   6.0029062e-01  -1.0778272e+00  -6.6374799e-01   4.0261385e-01  -5.9297691e-02  -9.6331725e-01   5.8401110e-01  -2.3377789e-01
   1.0000000e+00  -1.0946534e+00   8.9820255e-02   1.3364837e+00  -6.9034751e-01  -1.3962892e-01  -4.0549082e-02  -7.1723226e-01  -1.1951366e+00  -7.3670351e-01  -9.5169931e-01   8.1529599e-01  -3.0922685e-01  -4.1142468e-01   6.0516739e-01   8.0161637e-01   4.4363629e-01  -8.0490670e-01   5.0796635e-01
   2.0000000e+00  -3.1273971e-01  -1.7346313e+00  -5.9283670e-01   1.0754968e+00  -2.8801199e-01   7.2128249e-01  -1.1166536e-02   1.3052410e+00   1.1645161e+00  -1.4861476e-01   8.2269525e-01   6.9877652e-01  -1.3115140e-01   7.4327645e-01   6.7635007e-01   8.3920556e-02  -6.2505935e-01  -8.3598284e-02
   2.0000000e+00   1.7800758e-01   1.8364665e+00   9.4789080e-01   1.4308941e-03   2.0924697e+00   6.5041067e-01  -1.3159271e+00  -1.0014178e+00  -1.5045332e+00  -4.8902086e-01   1.6341726e-01   6.6734170e-01   1.5684953e+00  -9.5940492e-02  -2.8703430e-01  -2.9285040e-01  -3.1768469e-01   3.7663011e-01
   2.0000000e+00  -3.5778321e-01  -3.0598549e-01   2.9405971e-01   9.0287474e-01  -5.3005330e-01  -3.6000586e-01   1.2963090e-01  -7.7440429e-01  -5.3459832e-02   1.9998537e+00   1.0020368e+00  -9.7750529e-01   1.7289879e+00  -5.5237980e-01  -1.6927320e+00   5.4181556e-01  -1.6373735e-01  -1.0090764e+00
   2.0000000e+00  -3.9369439e-01  -1.1317360e+00  -7.6545702e-01  -1.9380910e-01  -4.6343525e-01   7.8847373e-01  -1.4642416e+00  -2.9210374e-01   1.0520984e-01  -7.7875871e-01  -9.3445480e-01  -1.6160181e+00   7.1369084e-01  -6.8662617e-01   1.4653189e+00  -5.7276330e-01   2.0968338e+00  -4.2282113e-01
   2.0000000e+00   2.2772944e-01   5.2131657e-02  -6.3593145e-01  -7.5970278e-01   1.5771930e-01  -2.9536510e+00  -4.5231585e-01  -2.0145093e-01   4.1637369e-02   1.5001935e+00   3.2235315e-01   4.1384720e-01   2.7095046e-01  -9.0752267e-01  -2.8586298e-01  -1.9373488e-01  -3.7008293e-01   5.6627126e-01
   2.0000000e+00  -3.4500403e-01   9.6650791e-01   1.5249400e-01   8.4756129e-01  -2.2360973e-01   1.5221737e+00   7.7869464e-01  -4.1802340e-01   4.7550064e-01   1.1163982e+00   6.9917993e-01  -7.7510823e-01  -9.2056891e-01   9.9336625e-01   2.2154088e-01   2.1759941e+00   9.8802656e-01   3.9524809e-01
   2.0000000e+00   4.6370901e-01   1.9509278e+00   1.3762373e+00  -1.0203054e+00   4.0509989e-01  -1.8008696e-01   7.2260023e-01  -2.4917688e+00  -6.7880087e-01   7.8400362e-01   2.6105297e-01   7.3277632e-01   1.7081370e+00   9.9332125e-01   9.2744936e-02  -6.2722691e-02   3.7624491e-01   4.4789757e-01
   2.0000000e+00   1.4691177e+00   1.4802582e+00   5.9876590e-01  -1.0023783e+00   1.1943000e-01   1.7328896e-01  -4.0505171e-01  -5.3722482e-01   6.2995400e-01   2.1841192e+00   1.7981427e+00   1.4118313e+00   3.8425386e-01   6.3759395e-01  -5.4449044e-01   1.2152626e+00   4.8745650e-01   1.1036461e+00
   2.0000000e+00  -1.7622620e+00  -8.7677853e-01  -3.8288085e-01   4.4256874e-04  -2.8289480e-01  -1.3772854e+00   7.5540331e-01  -8.7286010e-01  -1.3793103e+00   7.7053079e-01   7.9845544e-01  -3.9163604e-01  -1.4230576e+00  -6.7445991e-01  -1.0589197e+00   4.2228156e-01   1.1452794e+00  -1.7914946e+00
   2.0000000e+00  -2.0605453e+00  -5.9668795e-01   5.2625288e-03   2.0796349e-01  -9.3102533e-01   8.6871171e-01   7.1253605e-01   3.1028989e-01  -2.8766987e-01  -2.0942714e-01   7.3833072e-01   1.8200828e+00   1.0056027e+00  -9.0675084e-02   9.1294181e-03   2.4116950e-01   2.9455569e-02   1.4812245e-01
   1.0000000e+00   7.5816553e-01   5.3211520e-01  -1.1218298e-01  -2.0629982e-01   1.3113152e+00  -1.6009485e+00   7.9981063e-01   2.4122575e-01  -1.8625259e+00  -3.5084359e-01   8.2987968e-01  -6.6926294e-01   2.9279023e-01   2.4357134e-01   1.5738556e+00   2.3054959e-03   5.6772272e-01  -6.0331622e-01
   2.0000000e+00  -2.8712483e+00  -4.7526330e-01  -4.8795034e-01  -4.3625158e-01  -7.0643514e-01   1.2558414e-01  -1.5609434e+00   1.6813449e+00   2.6608751e+00  -1.7034083e+00  -1.2195865e-01  -6.5721504e-01  -3.3615949e-01  -2.5897222e-01   5.7570735e-01   6.4767083e-01  -2.0961694e-01  -4.8304759e-02
   2.0000000e+00  -2.6811726e-01  -1.2038034e+00  -7.9711435e-01  -9.6294758e-01   1.2464212e-01   2.0996637e+00  -8.5699745e-01  -9.6491172e-01   1.2944738e+00   4.6858417e-01   6.2116307e-01  -1.9068620e+00  -5.4056914e-02   1.5458809e+00  -2.2005527e-01   8.3554508e-01   1.6400504e+00  -3.3542165e-01
   2.0000000e+00  -4.1623874e-02   1.1114643e+00  -2.2572931e+00   8.0733579e-02   1.2587306e+00  -7.2271323e-02  -1.5843257e-01  -7.4010093e-01   5.9150956e-02   1.6453385e-01   3.6009497e-03  -3.5693514e-01  -1.4297027e+00   1.0047850e+00   1.6645678e+00  -3.5066558e-01   1.1881893e+00   7.1147480e-01
   2.0000000e+00   7.0727727e-02  -1.3956079e-02  -1.4352847e+00  -1.2058343e-02   1.2379098e+00  -2.1374122e+00  -7.9260249e-01   1.2182768e+00  -9.8886732e-01   7.9492436e-01   6.8975804e-01   1.6551444e+00   3.5301239e-01  -2.8553699e-02  -1.6428338e+00   1.6477752e+00   6.0965635e-01  -5.0902422e-01
   2.0000000e+00  -1.8464234e+00   1.2826324e+00   2.0982186e+00   6.9108802e-01   6.4526283e-01  -1.0649648e+00  -7.6268611e-01  -2.6220098e+00   1.5541974e+00   7.5902845e-01   1.0408566e+00   1.3857704e-01  -5.4736746e-02   2.5959962e-01  -5.4629765e-01   2.1103764e+00   8.4334066e-01   6.9699196e-01
   2.0000000e+00   1.3256682e+00  -1.6451995e-01  -3.8647028e-01  -3.3029615e-01   7.9377365e-01   1.1740725e+00  -4.1675856e-01  -5.8075847e-01   8.3136311e-01   1.3884718e+00  -1.8766795e-01   4.6502959e-01   2.6711535e+00  -1.3527566e+00  -1.2056312e-01   6.4001393e-02   8.5419981e-01  -4.5442590e-01
   1.0000000e+00  -1.5915028e+00   5.5057435e-01   7.4604645e-01   3.8647161e-01  -1.9244571e-02  -2.0307716e-01   1.8969359e-01  -8.4754845e-02  -2.3633562e+00   4.9621985e-01  -7.0117410e-01   1.7411558e+00  -7.8221816e-01  -6.6705124e-02   2.1473231e+00  -3.6854437e-01   2.9410389e-01   1.7164807e-02
   2.0000000e+00   1.6573001e+00  -1.5506286e+00   1.2786900e+00  -1.5533742e+00   4.7340216e-01  -2.8263672e-01   1.0371207e+00  -3.7932084e-01   3.9428840e-01  -1.9977688e-01   1.0252210e+00   2.2665031e-01   1.3305169e+00   1.5689228e+00  -1.2201630e+00   1.3107881e+00  -1.1828856e+00   8.3717555e-02
   2.0000000e+00   4.9878481e-01   8.3133445e-02   4.2061969e-01  -1.3266059e+00  -1.4001992e+00  -2.6840597e-01   1.3770856e+00  -1.3075274e+00   3.4719113e-01  -2.0463920e-01   8.4101258e-02  -1.1578067e+00   1.2896634e-01  -1.0605914e+00  -2.6762330e+00  -1.0949443e+00  -1.7683932e-01   1.3955359e+00
   2.0000000e+00   1.8328470e+00   1.2452042e+00  -3.4640621e-01  -6.9975861e-01  -8.1987902e-01  -3.9731122e-01   5.3549984e-01   4.4424633e-01  -2.5367756e-01  -8.3414441e-01  -2.6803151e-01   1.0042641e+00  -1.4835220e+00   9.6899409e-01   4.6115842e-01   9.5411629e-01   3.8023304e-01   1.0219832e+00
   2.0000000e+00   2.8797266e-01   6.2333903e-01  -3.9642117e-01   7.0904685e-01  -4.0358968e-01   5.1963416e-01   8.9239067e-01   1.9089309e+00   2.9930587e+00   2.3315045e-01  -1.2865999e+00   1.9281248e-01  -1.7512215e+00  -4.9723174e-01   1.1991660e-01  -1.1654466e-01  -1.3506457e+00  -1.7502654e-01
   2.0000000e+00   1.0013280e+00   4.3088102e-01  -1.8608690e+00   1.2948214e+00  -7.6651143e-01   5.0226587e-01   1.1868162e+00   1.6225236e+00   8.0817853e-01   3.3706715e-01   2.7264339e-01  -1.8159801e+00  -1.7634303e-01  -5.3375435e-01  -9.6734833e-02  -2.7744536e-01   8.9558551e-01  -4.9022381e-01
   1.0000000e+00   2.3600731e-01   8.4961865e-01  -5.7622782e-01   4.7648721e-02  -2.9570652e-01  -3.2420868e-01  -1.2261285e-01  -1.4494219e+00   2.0724646e+00   1.6470666e+00  -2.9050049e-01   3.7962329e-01  -5.9218069e-01   1.2180099e+00   5.6141606e-01   5.0513275e-01  -2.3049476e-01   1.5116400e+00
   2.0000000e+00   6.5540933e-01   1.1860299e+00  -3.1023312e-01   4.8369923e-01   9.6765862e-01  -1.7550640e-01   7.4060288e-02   7.2532480e-01  -5.6318964e-01   1.5729522e+00   1.3888549e+00  -5.3685217e-01   2.2609879e-01   4.1379396e-01   9.4413261e-01   1.2681525e-01  -1.2393141e-01   4.5240696e-01
   1.0000000e+00  -1.8674197e-01   8.0419753e-01   1.0848976e+00   1.7734278e+00  -5.7310596e-01   7.3934886e-01   3.6193508e-01  -8.4217999e-01   3.3045812e-01  -1.5809372e+00   1.1520008e+00  -3.6212670e-01  -8.8206998e-01   6.6886653e-01   2.5358589e-01   1.4031847e+00   3.5160401e-01  -3.1904022e-01
   2.0000000e+00   1.1113488e+00  -7.8347278e-01  -1.9042434e-01  -5.9160664e-01  -3.7940081e-02  -1.3327358e+00   1.7336750e+00   6.8255435e-01  -4.3826082e-01   8.9531601e-01   8.6692170e-01   6.1811487e-01   3.4919325e-01   6.6955982e-01   7.4335441e-01   9.9161761e-01   4.5827308e-02  -5.1756798e-01
   1.0000000e+00  -2.1112484e+00   2.0001598e-01  -2.2339538e-01   7.8848314e-01   7.8584768e-01   1.8450619e+00  -6.6117427e-01  -8.0808423e-01  -1.4037120e+00  -2.2762346e-01   8.0082688e-01  -1.1657617e-01  -1.6015053e-01  -5.4468534e-01  -3.9247716e-02  -1.8308602e-01   6.6855919e-01  -2.2531931e-01
   2.0000000e+00   4.4086039e-01  -7.0065461e-01   5.4454628e-01   1.8322683e+00   1.4395288e+00  -1.1160082e+00   4.1942233e-01  -4.6872480e-01  -1.8264435e+00  -2.5939466e+00  -1.6931928e+00  -2.6415773e-01  -5.6201021e-01   2.3107759e-01  -2.7577395e+00  -2.8499483e-01  -3.8346319e-01  -2.6926664e-01
   2.0000000e+00   2.5359376e-01   9.4806750e-01  -4.8236482e-02   4.9850826e-01   5.0236827e-01   3.4198458e-01   7.8348194e-01   1.0076128e+00   1.0136296e+00  -1.0632673e+00   6.5781459e-02   1.9115352e+00  -2.6511724e-01   2.0042161e+00  -1.6511818e+00  -1.5703231e-02  -1.8125335e-01   6.3411333e-03
   2.0000000e+00   4.9646867e-01   3.9971181e-01  -9.6250111e-01  -6.6086530e-01   5.5971118e-01   5.8967940e-01  -1.2406058e+00   1.3630891e-01   2.1547758e-01   2.2226963e+00   2.1734225e+00  -1.7240557e+00   3.0844042e-01   1.3673987e+00   7.8401727e-01   7.6544119e-01   1.9018010e-01   1.0416067e+00
   2.0000000e+00  -4.6559273e-02  -1.3065467e+00  -4.7193959e-01   2.2996692e-01  -5.5274309e-01   4.5001298e-01  -7.5273110e-01  -9.9199216e-02  -4.4351846e-02  -1.8915871e+00  -9.6034850e-01  -2.2763483e-01   6.4869338e-01  -1.2814801e+00   1.2863914e+00  -3.7470153e-01  -5.0954685e-01   2.9315769e-01
   2.0000000e+00   4.8114250e-01  -2.6786174e-01   1.3564359e+00   4.6996728e-01   9.1317230e-01  -6.2946602e-01  -6.1570252e-01  -2.5443007e+00   1.9884150e+00   1.0292842e+00  -8.5569751e-02  -1.0261127e+00  -1.4986038e+00  -6.4551667e-01   1.3258264e+00   4.6836198e-01   4.5270200e-01  -7.4496079e-01
   2.0000000e+00   7.3584799e-01  -6.7872469e-01   1.0650246e+00  -6.6475232e-01   5.9435743e-01  -1.1523709e+00  -1.2427501e+00  -4.1034778e-01   1.2730780e+00  -3.6564853e-01   7.3879791e-01   3.2872066e-02   6.8333477e-01   4.5632591e-01   3.5440963e-01   8.8875453e-01  -1.2322722e+00  -4.5584420e-02
   1.0000000e+00   1.4330152e+00   1.9400819e-01   6.0117106e-01   2.3914153e-01   1.0818380e-01   3.7604400e-01   1.1190295e-01  -4.0062985e-01  -6.3806706e-01   5.5172683e-01  -4.4749143e-01   1.1265544e-01  -7.3526528e-01  -1.1459428e+00  -1.8158952e+00  -3.9990030e-01  -7.6248241e-01   3.0588436e-01
   2.0000000e+00  -1.4011743e-02   2.4870387e+00  -3.4845822e-01   8.9419678e-01   1.7420035e+00  -5.5578312e-01  -4.1024358e-01   5.6884674e-01  -2.3210570e-01  -8.5989872e-01   4.3929592e-01   2.1769557e+00   1.6374375e+00  -8.9352696e-01   4.0348740e-01   2.2128170e+00   1.5801424e+00  -1.1764032e+00
   1.0000000e+00   1.1926645e+00   3.8585843e-01   1.5522522e+00  -1.6059089e-01  -2.2226643e+00   4.8268397e-01   4.4124722e-01  -1.4945115e-01   6.5997447e-01  -1.2460232e+00   6.8725208e-01  -3.7249358e-01   1.2707149e+00   1.4519971e-01  -3.6173263e-01  -6.7189961e-01   1.1143188e+00  -1.0485713e+00
   2.0000000e+00  -9.4857693e-01  -9.2838971e-01  -2.2665287e+00  -5.9472554e-01  -1.1218173e+00   4.2885939e-01   1.0459210e+00  -5.5171968e-01  -1.0375223e+00   3.9284091e-01   1.6799064e+00   1.5652488e-01  -1.4629130e+00   1.7755631e-01  -1.6131265e+00  -3.6680391e-01  -1.9405515e-01  -5.5401594e-01
   2.0000000e+00  -3.1794794e-01  -1.7426571e+00  -4.5884710e-01   3.8473677e-01  -2.7242313e-01  -6.6328288e-01   6.2678998e-01  -4.5702071e-01  -2.0659121e+00  -1.3124967e+00  -2.9419411e-01   1.8719370e+00   1.8460665e+00   3.8682802e-01   3.5570697e-01  -3.7107824e-01  -2.4474045e+00   1.0719524e+00
   2.0000000e+00  -9.0296867e-01  -3.7119170e-01   1.2345236e+00  -2.0823296e+00  -1.6040842e-01   5.4684034e-01   2.2730386e-01   8.7238312e-01  -3.0973560e-01  -8.4821157e-01   1.0083707e-01   1.4773212e+00   2.5175937e-02   1.0100532e-01   6.6254425e-02   7.3409482e-01   5.9148659e-01  -9.6931391e-01
   2.0000000e+00   6.5136712e-01  -9.7432865e-01   6.9773303e-01  -2.8501864e-01   9.1797671e-01  -7.0549319e-01   2.8248074e-01  -4.4167808e-01  -1.3826122e+00   1.2374140e+00  -5.9618770e-01   8.7099286e-01  -1.3045686e-01   1.8822790e-01  -1.1951415e+00  -4.6091914e-01   1.2045740e+00   8.7989472e-01
   2.0000000e+00  -3.7081729e-01  -2.0594237e-01   1.3097227e+00   4.6053788e-02  -1.3084017e+00   5.0557870e-01  -9.5776232e-01  -5.6040078e-01  -6.0959913e-01  -2.0433663e+00   1.2678449e+00  -4.4463751e-02   1.6326858e+00  -3.0334464e-01   1.7358735e+00   2.9662971e+00  -2.4065436e-03  -8.5508076e-02
   2.0000000e+00  -1.4281384e+00  -1.2966359e-01   6.3264589e-01  -3.3744811e-01  -7.8495023e-01  -1.3366965e-01   5.9639497e-01  -5.1811090e-01  -7.9844196e-01  -1.0978511e+00   4.2912615e-02  -5.2290573e-01   6.9084166e-01  -1.0044559e+00  -6.0946888e-02  -1.1551831e+00   7.8054144e-02  -4.3811635e-01
   2.0000000e+00  -1.0974161e+00   7.4890460e-01  -4.9145165e-01  -1.0884605e-01   9.6010445e-01  -4.2087088e-02  -1.8558685e+00  -7.3710218e-01  -3.0979917e-01   4.6395628e-01   2.9718297e-01  -1.1840243e+00   6.5204951e-01   1.0124994e+00   1.5338327e+00   6.6081009e-01   1.0410950e+00   1.1122939e+00
   2.0000000e+00   2.2163305e+00  -1.3959019e+00   4.0891123e-01   2.1584438e+00  -2.8591977e-01   8.0665518e-01   5.8893123e-01   3.3035343e-01  -3.5460379e-01   2.8749034e-01  -1.1195873e+00  -1.8868001e-01   6.6621364e-01   7.0150603e-01   3.9665743e-01   1.0556928e+00  -9.0301883e-01   1.0518531e+00
   1.0000000e+00  -1.3337912e+00   5.9789701e-02  -4.2775390e-01  -2.0697732e+00  -7.8411950e-01   1.8917423e+00   6.1818547e-01  -1.8772394e+00  -7.9406303e-01  -3.8431259e-01   1.0693712e+00   6.2223013e-01  -1.1955183e+00  -1.0382661e+00  -5.6505307e-01  -3.9858923e-01  -2.1667785e-02  -1.2935171e+00
   2.0000000e+00  -9.7896205e-01   1.5737693e-01  -5.6433015e-01   9.6974405e-01  -3.6884812e-01   8.5463965e-01   1.3021559e+00   3.8843265e-01  -1.1514942e+00   1.0573208e-01  -1.4471465e-01   7.3625370e-01   1.6287668e-01  -8.6798852e-01  -1.2651486e+00   1.6901711e+00  -7.6645062e-01   5.8035081e-01
   2.0000000e+00  -1.8315244e-01  -4.2758449e-02   2.1575877e-01   1.2085088e+00   1.1022497e+00  -2.9759823e-01  -9.6200427e-01   1.0016775e+00   8.4499050e-01  -2.7407333e-01  -1.2166106e+00  -1.5681123e+00  -8.5619480e-01  -7.8027916e-01   1.5795493e+00  -2.3723618e-01  -2.3831125e-01   1.1067120e+00
   2.0000000e+00  -1.9785207e-01   9.1103460e-01  -1.0774818e+00  -1.0272267e+00  -7.9470973e-01   8.7337054e-01   6.7661469e-01   3.9815524e-01  -2.0947419e+00  -6.5114015e-01   1.4832540e+00  -1.0571453e+00  -1.1647210e+00  -5.1282133e-01  -7.9776708e-01   1.2588981e+00  -4.2880949e-01   1.5646768e+00
   2.0000000e+00  -6.3332794e-01   1.0838362e-01   8.4357871e-02   3.1629774e-01  -1.1275541e-01  -2.4336456e+00   3.6152505e-01   7.8097739e-01  -1.4981972e+00  -6.5422644e-01   3.2345386e+00  -4.5539480e-01  -6.8544890e-01   5.6186534e-01   1.1083075e-01  -1.2362930e+00   1.8611392e+00   2.2791724e-01
   2.0000000e+00   3.5366684e-01   6.3562317e-01  -1.1116904e+00   1.2432131e+00  -1.0654835e+00   1.3009655e+00   1.8493366e+00   1.0813947e+00  -1.5926261e+00  -5.7033562e-01  -2.8850506e-03  -7.0147574e-01   1.4704607e+00   1.2212276e+00   1.4780346e+00  -2.0229877e+00  -2.7078956e-01   3.0717906e-02
   2.0000000e+00   3.4533773e-01   1.9224648e+00   7.0145510e-01  -1.4829341e+00  -5.0881157e-01  -2.0186622e+00   5.1743474e-01  -1.1547063e+00  -7.5620999e-01   9.7596545e-02  -2.9628572e-01   1.5050356e+00   7.1643346e-01  -1.8288767e-01   6.2866723e-01   4.3992137e-01  -5.8155995e-01  -6.0962557e-01
   2.0000000e+00   2.1179081e+00   1.6336654e+00  -2.3398157e-01   1.6516055e+00   7.3836482e-01  -5.9113957e-01   1.5410215e+00   1.2114176e+00  -5.2954080e-01  -3.5997880e-01   4.1743286e-01  -1.6461536e-01  -1.6395813e+00  -7.2946091e-01   1.1667147e+00  -1.2567366e+00  -1.3899213e-01   1.2814165e+00
   2.0000000e+00   2.2665402e+00  -8.2874241e-01   6.7206400e-01   1.8274781e+00   4.9446586e-01  -2.9277695e-01   2.4487337e+00  -6.4951948e-01   7.3823465e-01   9.8456264e-01   1.4847382e+00   1.2877039e-01   1.3572172e+00  -8.1961565e-01  -1.4909919e-01  -1.0080336e+00  -8.0216239e-01  -1.1375915e+00
   2.0000000e+00  -4.6217090e-01  -1.2114979e+00   4.6475056e-01  -6.0837820e-01  -7.9828130e-01  -2.1015435e+00  -1.3556458e+00   9.5861706e-01  -3.8994065e-01   7.0321603e-01   1.5853146e-02   2.9647111e-01  -5.3569706e-02   1.7535197e+00  -4.0571184e-01  -2.2979257e-01  -3.1956859e-01   8.9961999e-01
   2.0000000e+00  -1.4666267e+00   9.6748499e-01   2.1890577e+00  -5.6308074e-01  -7.1821506e-01   2.5639707e+00  -8.7541294e-01  -1.9159512e-01   8.6354849e-03   7.7156386e-01  -1.3896098e+00   2.2398504e-02   9.3719846e-01   9.6209472e-01   8.3142969e-01  -5.7808290e-01  -2.4324033e-01  -1.1237677e-01
   2.0000000e+00  -7.3280522e-01   5.7542856e-01   8.2226568e-01  -7.5608160e-01   9.5724596e-01  -1.4159210e+00   1.3204208e+00   1.1115580e-01  -1.3844282e+00  -2.4151022e-01  -1.2436616e-01  -1.4252761e-01   1.0891864e+00  -2.8183892e+00  -1.4428862e+00  -1.0249500e+00  -9.2035599e-02   3.4648955e-01
   2.0000000e+00   1.1503376e+00  -5.6492806e-01  -1.6885567e+00  -1.4026171e+00  -9.8859415e-02  -1.8055988e-01   3.6614337e-02  -1.2835882e-01   1.7644378e+00   5.4667006e-01  -7.7513306e-02  -9.0792959e-01   2.4024877e-02  -1.8330295e+00  -1.2964070e+00  -2.8730842e-01  -1.4532252e+00   1.1516629e+00
   2.0000000e+00  -5.8665604e-01   1.1898312e+00   3.2487633e-02  -1.8078093e-01   5.4729515e-01   1.6427037e+00   1.1447256e+00   1.3508687e-01   4.1027863e-01   2.7373677e-01  -1.8095206e-02  -1.0763115e+00   1.4444209e+00   8.2988556e-01  -1.6279822e+00  -1.0451838e+00   1.7370833e+00   1.1267237e+00
   1.0000000e+00   1.3640089e+00   5.6997665e-01  -1.3511291e+00  -7.8362462e-01  -4.5552369e-02   3.9977909e-01   2.2895971e-01  -1.5457907e-01   4.6108584e-01   5.6623718e-01  -7.3040337e-01   6.5646633e-02   3.2114719e+00  -8.4502011e-01   6.3081818e-01   6.1125567e-01  -1.5035581e-01   3.1804185e-01
   1.0000000e+00   3.6501804e-01   2.2067436e-01   1.4548681e-01  -7.2071267e-02  -2.3005642e-02   1.6665367e+00   5.3700869e-01   7.5527507e-01   1.5437594e+00  -4.3317527e-01   1.7982806e-01  -1.1975559e+00   2.8758000e-01  -3.7070196e-01   4.4620877e-01  -6.1138387e-02   1.8603263e+00  -3.7886383e-01
   2.0000000e+00  -2.1800145e-01  -1.1374188e+00   1.7269220e+00  -8.0232095e-01   4.6341597e-01   2.0607091e-02   1.1812252e+00   1.3736444e+00  -7.5743837e-01   1.5954274e-01  -1.0157706e+00   1.5466167e-01   5.9572903e-01   4.3177641e-01   1.0463234e+00   1.3981465e+00  -3.5995258e-01  -1.6498872e+00
   2.0000000e+00  -1.2166491e+00   9.6413565e-01  -1.1907296e-01  -3.0813268e-01   8.9120356e-01  -1.0172391e+00   3.7302451e-01  -6.4419346e-01   1.4532892e+00   1.0422536e+00   8.5306609e-01  -6.9219945e-01   8.7717420e-02   2.6823617e+00  -6.3587599e-01  -7.4481003e-01   1.7458438e-01   6.4429950e-02
   2.0000000e+00   1.2712998e+00  -2.8091371e-01   5.7991879e-01   3.3875814e-01   1.8151700e-01   1.0116279e+00   7.7369095e-02   1.8170032e+00  -1.7402790e+00  -1.5081562e-02   1.8466415e+00   8.4033494e-01  -6.6326790e-01  -2.0450116e-01   1.5313530e+00  -1.7253453e-01  -1.1738262e+00  -2.3582524e+00
   1.0000000e+00  -1.5446825e+00   2.8613469e-01  -1.1456727e+00  -8.1691558e-01   9.2231070e-01  -1.1017849e+00   5.2411869e-01  -1.2296553e+00   1.0832485e+00   1.2728447e+00   2.8821715e-01  -7.7521850e-01  -1.1349088e+00  -7.1636008e-01  -9.1990344e-01  -1.0505851e+00   1.7462965e+00   1.3091867e+00
   2.0000000e+00   2.2561970e-01   4.5630119e-01   1.4254259e-01   1.3690452e-01   7.7994490e-01  -2.3910777e-01   1.8125165e+00   3.3119617e-01  -2.7616922e-01   1.6259574e+00  -1.0799795e+00   3.1262432e-01  -1.3799197e+00  -1.0218783e+00  -2.7644109e-02   4.6265974e-02  -4.8534287e-01   8.4744430e-01
   2.0000000e+00  -7.9990710e-01  -9.7709219e-01   3.9912474e-01  -1.7589855e+00  -6.1259614e-01   2.5336913e-01  -1.6331123e-01   5.2558098e-01   1.6988305e-01   1.6302779e-01   8.8090243e-01   8.2478563e-01   1.0698992e+00   1.0013282e+00  -5.6669521e-01  -8.4205759e-02  -6.2482643e-01   9.8282026e-01
   2.0000000e+00  -1.8778912e+00   1.1289437e+00  -7.6305332e-01   7.2392747e-01   5.9363281e-01  -3.3056031e-02   3.0094279e-01   9.5504423e-02   2.1272468e+00   4.5739926e-01   7.8897395e-01  -1.6766597e+00  -6.3036983e-01   1.9353080e-01   2.1171343e+00   2.4735250e+00  -8.0331643e-01  -5.8227205e-02
   1.0000000e+00  -8.0037002e-02   4.5359688e-01  -1.8116384e+00   7.9576318e-01   9.6799376e-01  -1.4422850e+00   5.0316664e-01  -4.9257271e-03   3.9728866e-01   5.2803003e-01   4.3007387e-01  -2.2284762e-01   1.0402292e+00  -1.8650871e+00   1.7176140e-01   1.6574665e-01  -2.5502358e-01  -1.9174282e+00
   2.0000000e+00   9.5574459e-01  -6.3980048e-01   1.5600629e+00   4.6329772e-01   5.5441078e-01  -2.9867008e-01  -6.8470791e-01   9.6561258e-01   3.3070020e-01  -1.1404532e+00  -2.5730668e-01  -1.4435523e+00  -2.6449014e-01   6.1385208e-01   1.0354310e+00  -2.2872596e-02  -8.0273149e-02   1.2118818e+00
   2.0000000e+00   5.0638461e-01  -7.1614440e-01  -2.7714179e+00  -3.0412708e-01   1.1671464e+00  -7.8665563e-01  -3.9357064e-01  -1.5564694e+00   2.2805377e+00  -2.2215606e+00   4.6744101e-02  -5.0363563e-01   1.0693692e+00  -1.9595970e+00  -1.7739513e-01  -1.0010728e+00   1.6665667e-01  -5.5583676e-01
   2.0000000e+00  -1.9167767e-01  -1.3687168e+00  -1.6234695e+00   1.3089535e+00  -5.0229488e-02  -3.7306258e-01  -6.6850804e-01  -1.6743312e+00   2.3238633e-01  -1.0304433e+00   2.1052853e+00  -1.1375126e+00  -2.3301412e-01   2.2033465e-01   5.5560382e-02  -2.6782473e-01  -2.6322526e-01  -5.0761826e-01
   2.0000000e+00   1.2812029e+00  -1.9270210e-01   7.3856861e-01  -2.2651062e-01  -1.8619204e+00  -7.3085779e-01   8.7602605e-02  -2.0464148e-01  -1.0703780e+00  -1.1257871e+00  -9.6185881e-01   1.0528432e+00  -8.9115799e-01  -2.2372221e+00  -2.0323006e+00   1.1049998e-01  -1.3156968e+00   1.7877583e-01
   2.0000000e+00  -1.1089967e-02   1.1641676e+00  -6.7292971e-01  -9.9910615e-02   6.0419041e-01  -2.0091947e+00  -8.8893957e-01  -1.0011548e-01   4.1481779e-01   1.0016614e+00  -7.9227503e-01   9.8252413e-01  -9.2145937e-01  -1.1064761e+00  -6.3439417e-01   1.4515832e-01   1.3646688e+00   1.1039898e+00
   1.0000000e+00  -6.7323886e-01   5.8038934e-01  -3.6815215e-01  -5.2113245e-02  -6.1783869e-01   1.5399221e+00   7.3197102e-01  -8.0129181e-01   1.6398045e-01   1.3209241e+00  -1.6583878e+00  -1.0678854e-01   1.6055674e+00  -2.3346538e-01   3.8145368e-02  -8.0959270e-01  -1.9325016e-01  -1.2970594e+00
   2.0000000e+00  -4.6967212e-02  -8.9378877e-01   1.9979609e+00  -1.2010662e+00  -8.3317475e-01   9.4393406e-01  -1.2018408e-01  -7.6500058e-01   7.8093305e-01   1.0401762e+00   1.7423492e+00   2.0503956e+00   8.7435777e-01  -2.0260266e+00   1.6201322e+00   9.2892266e-01   2.9149905e-01  -2.9214642e-01
   2.0000000e+00   2.4360873e-01  -1.8731106e+00  -1.9546897e-01   1.9130282e+00   1.0977314e+00   7.7303394e-01  -4.9293514e-01  -1.2380143e+00  -2.5982460e-01  -3.2571631e-01  -1.3616603e+00  -1.0023850e-01   4.1629147e-02   5.8620919e-01   1.0281549e+00   1.1452616e+00   2.5514962e+00   1.1698686e+00
   2.0000000e+00   3.9027238e-01   1.0249407e+00   1.6516045e+00  -8.5763213e-01   3.1866942e+00  -1.4483310e+00   5.8294185e-01  -2.6889427e-01   1.5683139e-02   1.0377694e+00   8.7500809e-01   1.1335989e+00  -5.7671660e-01   4.4337861e-02   8.1556265e-01   4.3304703e-01  -1.0174756e+00   1.4024559e-02
   1.0000000e+00  -8.0323773e-01   9.9745289e-01  -8.2644249e-01  -2.1376232e-01  -1.6591399e-01   3.4794676e-01   1.6077263e-02  -4.0289245e-02  -5.0101461e-01   8.0717679e-01  -1.2356343e+00   3.2412871e-01  -2.6692846e+00  -4.0275127e-01   9.6225262e-01  -5.2285887e-01   8.4458192e-01   3.0084930e+00
   2.0000000e+00  -1.2687517e-01   2.7067807e-01   5.4196203e-01  -5.9008116e-02   6.4862210e-01   1.2707644e+00   2.2706746e+00   9.8405344e-01  -1.1003949e+00   4.6969438e-01  -9.0126545e-01   3.9123043e-01   1.0487694e+00  -5.7584882e-01   1.0244837e+00   7.1702797e-01  -1.6782952e-01  -7.0416606e-01
   2.0000000e+00   1.4810676e+00  -1.8652852e+00  -3.1283990e-01  -1.1239574e+00   1.3411151e+00   2.2362932e+00  -1.1087864e+00  -8.7028041e-01   7.9892868e-01   8.5530643e-01  -1.9955622e+00  -1.0769469e+00   1.5488710e+00  -7.5398420e-01   1.9787328e-01  -3.8309390e-01  -1.0252032e+00  -4.6382050e-01
   2.0000000e+00   1.0616352e+00  -9.7476913e-01  -1.8372418e-01  -2.1083812e-01   1.4781633e+00   1.3279900e+00   9.0906076e-01  -1.8855844e+00   2.7252474e+00   8.0062873e-01  -1.5179278e+00  -9.5814779e-01   1.8758355e-01   1.4051097e+00  -1.6319937e+00   8.2356767e-01  -3.6835738e-01   5.0065965e-01
   2.0000000e+00   9.2393910e-01   1.2139356e+00   3.0953764e-01  -1.5896536e+00   3.2903209e-01  -1.0805533e+00   2.9956548e+00  -5.4120513e-02   2.9525566e-01   1.2766390e+00   1.2600244e+00  -4.2220600e-02  -8.4215567e-01  -8.2766619e-02   7.3094650e-01  -1.2815551e-01  -1.6884782e+00  -6.6288419e-02
   2.0000000e+00   8.9337800e-01  -5.7920800e-01   4.8587795e-01   1.9459541e+00   8.2432267e-01   4.1491297e-01  -1.6008716e+00   6.2616353e-01   1.8287504e+00  -8.0381772e-02   1.0338338e+00   2.6384543e+00   8.5131238e-02   1.4767508e+00  -1.0798156e+00   1.4376903e+00   9.1614417e-01  -8.7679208e-01
   2.0000000e+00  -4.8852957e-01  -4.8962068e-01   1.4919601e+00   1.3315669e+00   5.4191033e-01   1.0550116e+00  -1.0072804e-01   1.4344847e-01   1.1375816e-01   1.1568670e-01  -1.1354111e+00   1.5243036e+00  -8.2428710e-01   2.4220721e-01   1.3031806e+00   5.5350869e-01   2.1968311e+00  -1.1896029e+00
   1.0000000e+00   3.8020825e-01   2.6606326e-01   1.3204400e-02  -1.9194337e-01   2.3162018e-01   2.0916038e-01   6.2008944e-01   2.7950926e-01   9.6822247e-02  -6.6311459e-01   8.9812829e-01   1.1398809e+00  -9.4270780e-01  -1.9090187e+00  -1.2438915e-01   1.0635861e+00   1.8579199e+00   1.6743045e+00
   2.0000000e+00   2.2261590e-01  -1.9643258e-01  -2.5640947e+00  -6.8921874e-01   2.2837290e-01  -2.8908667e-01  -2.7101544e-01   1.1049859e+00  -1.5363676e-02   1.8654178e-01   2.4690929e+00   2.0529502e+00  -1.2631163e+00   1.3842179e+00   1.4963559e-01  -1.3275996e-01   3.9372271e-01   4.3869939e-02
   2.0000000e+00  -1.0860303e-01  -2.1915097e+00   1.1387787e+00   4.8077421e-01   6.7682884e-01   1.8650406e+00  -1.3505773e-01   1.5003864e+00   3.3183411e+00  -7.0852029e-01  -1.3337107e+00   8.1914048e-01  -2.7489717e-01   7.5944381e-01  -7.0015918e-01   9.8084414e-01  -8.0284877e-01  -2.0983029e+00
   2.0000000e+00  -3.6478710e-01  -1.5248365e+00   1.9883602e-01  -2.0206261e-01   1.2740074e+00   4.5857503e-01   1.4418544e+00  -8.7700827e-01   1.5464479e-01  -2.0545991e+00  -3.2102719e-01   1.4234539e+00  -1.0753262e+00   1.9457864e-03   1.8681194e+00  -6.7419660e-01  -5.0228800e-01   6.4418878e-01
   2.0000000e+00   3.2869153e-01  -2.7911437e-01   8.7160524e-02   1.7301516e+00   1.7639841e-01   4.3949679e-01   2.0832213e-01  -3.6415467e-01  -7.4144239e-01  -8.5279922e-01   5.5749760e-01   7.5355238e-01   1.1544233e+00  -5.9796547e-02  -7.4583902e-01   9.1351828e-01   1.6011416e-01  -6.7491127e-01
   1.0000000e+00  -7.8416554e-01   1.9214645e-01  -1.5333819e-01  -9.6219041e-01   6.1252254e-02  -6.6932021e-01  -7.0431783e-01   1.0764339e-01   8.1075558e-01   4.4547243e-01  -1.4057780e+00  -1.9934584e-01   2.4037084e-01  -5.3783105e-01   1.0809443e+00   9.7744733e-01   7.5073044e-01   6.5743082e-01
   2.0000000e+00  -4.2031319e-01  -1.7157535e+00  -1.2694219e-01  -3.0890718e+00   4.2381050e-02   8.6647554e-01  -2.4113352e-01  -2.6738367e+00   9.4958092e-01  -9.7785977e-01  -1.3071000e+00   1.7458099e+00  -2.0487034e-01   1.1821795e+00  -9.0517036e-01   1.5462262e+00   1.0046357e+00  -1.9324690e+00
   2.0000000e+00   1.2884258e+00  -1.5905222e+00   9.5856826e-02   3.7021256e-01  -1.8752185e-01   6.6448686e-01  -2.1100085e-01   3.6195841e-01   6.6032109e-01  -2.3551682e-01   3.3560306e-01  -1.1345052e+00   1.8597519e+00  -1.3930088e-01   8.5299510e-01   4.0179582e-02   1.1534055e+00   4.2329952e-01
   2.0000000e+00   9.1857709e-01  -1.8392030e+00   1.0799621e+00   5.1811881e-01   6.3796212e-01   1.5663327e+00  -9.6493807e-01   6.2511795e-01   2.5025078e-01  -4.0000783e-01   1.2702255e+00  -2.8402493e-01  -1.0030630e+00  -9.1551710e-01   3.5858586e-01  -3.3094374e-01  -4.4013763e-01   1.2853647e+00
   2.0000000e+00   1.3354757e+00   1.4051040e+00   2.9777735e-01   3.5621110e-01  -1.3614802e+00   2.6979921e-01  -7.2869907e-01   1.3432303e+00   6.6369853e-01  -4.5485113e-01  -4.5293457e-01  -2.0167681e+00  -6.8507367e-02   1.4694510e-01   1.2218800e+00  -6.5948535e-01  -3.3393937e-01  -5.3460916e-01
   2.0000000e+00  -6.6785633e-01   8.4141397e-01  -1.2069067e+00   1.7565632e+00   4.6911434e-01  -3.8601161e-01  -1.1024895e+00  -1.0284464e+00   1.3394987e+00  -1.6097532e-01  -6.1833856e-01  -8.9634020e-01  -6.0516761e-01   1.5105857e+00  -1.3451132e-02  -7.8782135e-01   1.3579701e+00  -1.2036351e-01
   2.0000000e+00   5.2150538e-01   9.8114994e-01   6.4286860e-01  -9.0008885e-01   1.6777067e+00  -1.3504256e+00   1.4615607e+00  -2.6565707e+00  -7.3490986e-01  -8.2523178e-01  -7.1996671e-01  -9.4150324e-01   1.3413317e+00   6.7328444e-02   7.3871547e-01  -2.0039812e+00  -5.7022961e-01   1.7919859e+00
   2.0000000e+00  -7.7940380e-01  -1.5284986e+00  -8.6252275e-01  -2.3206291e-01   6.4880234e-01  -5.7962881e-01   1.8630668e+00   2.1024491e+00  -1.1743292e+00  -1.3039456e+00  -2.9068110e-01   5.7589350e-01  -1.7416943e-01   5.3481740e-01   1.3125451e-01  -9.7916134e-01   8.3573713e-01   6.4965976e-01
   2.0000000e+00  -3.2338888e-01  -7.3440181e-01   5.7098303e-01   1.8007731e+00   1.0564028e+00   3.5768891e-02   2.0419558e+00  -9.9791735e-01   6.9735223e-01  -8.7122542e-01  -6.6028905e-01   8.5617145e-01   8.7075787e-01  -1.2420304e+00   6.0605355e-01   9.1468067e-01  -4.4315887e-01  -1.3960246e+00
   2.0000000e+00  -5.6329491e-01   1.9560966e+00   1.5585389e+00  -5.5247593e-02  -1.1919914e+00   2.6831867e-01   1.9347061e+00   1.4229422e-01   4.7847254e-01  -5.9264149e-01  -4.3920804e-01   2.9962293e-01   1.3475770e+00  -1.4976980e+00  -1.0878543e+00   3.5279314e-01   1.4680537e+00   1.0041726e+00
   1.0000000e+00  -5.4815298e-01   3.3525869e-02  -1.0994476e+00   1.0356766e+00   7.3044098e-01  -6.6468644e-01  -5.1601907e-02   7.5492072e-01  -1.0938728e+00   2.6546197e+00  -4.2497275e-01  -4.2701539e-01  -7.3957517e-01  -5.8694596e-01  -1.3366974e+00   1.3301083e+00  -9.7450787e-01   8.9989791e-01
   2.0000000e+00   2.7872638e+00  -1.1362511e-01   1.4303353e-01  -7.5447548e-01   5.9815619e-01  -1.1863587e+00  -9.0296858e-01   8.1023191e-01   6.7248566e-01  -4.9273393e-02  -1.3990712e+00   8.5197728e-01  -4.2396285e-01   1.1490537e+00   1.5976683e+00   1.6346790e+00   3.5115502e-01   1.0616220e-01
   2.0000000e+00  -5.3975765e-01  -4.2282074e-01   1.9490180e-01  -1.1905995e+00   1.9593131e+00   1.9920011e+00  -5.7173113e-01  -7.5885019e-01   1.4916234e+00   6.3925179e-01   1.0342603e+00  -3.4883832e-01   1.4152829e+00  -4.0972567e-01  -1.0221958e+00  -6.6639249e-01   6.5375766e-01  -1.0061859e+00
   2.0000000e+00   9.7565502e-01   1.9337962e+00  -7.6936380e-01   3.5561265e-01   7.0271018e-01   7.0800525e-01   4.9234071e-02  -8.3149511e-01  -4.6390740e-01  -4.2712084e-01   1.6055922e+00  -2.1493605e+00   1.4414605e+00  -1.4144135e+00   4.2968828e-01   1.4781617e+00  -6.0307278e-01   4.3054000e-01
   1.0000000e+00  -1.1015598e+00   1.8762467e-01   2.4066335e-02   1.3818592e+00  -3.9971701e-01  -7.1818280e-01  -1.3305894e-01   1.3471782e-02  -1.8059903e+00   8.9700232e-01   1.3354790e+00  -3.8597794e-01   5.1742277e-01   2.1258472e+00  -4.4854092e-01   8.3133045e-01  -5.8945644e-01  -1.2802245e+00
   1.0000000e+00  -1.0605849e+00   1.0312892e-01   3.1812169e-01   7.2945336e-01   7.8143307e-01  -1.3055894e-01  -2.9434542e-01   6.1182899e-01   7.9655555e-01   4.4441284e-01  -7.5808355e-01   4.4059133e-01  -5.6043208e-01  -8.7160765e-01  -8.8094440e-02   7.1789161e-01   1.3934353e+00   2.2954744e-02
   2.0000000e+00   1.4364631e+00   1.2406739e+00  -5.0519779e-02  -5.3944871e-01  -1.3518331e+00  -9.7512016e-01  -2.1756249e-01  -1.3453108e+00  -1.4196749e+00  -5.6907892e-01  -9.9787777e-01   1.3094045e-01  -4.8492126e-01  -5.5263680e-01   4.8167689e-01   3.7162953e-01   5.1766582e-01   1.1439224e+00
   2.0000000e+00   8.4697661e-01  -4.8572435e-02   1.2022111e+00  -4.0063786e-02  -1.4101984e-01   1.4283826e+00  -4.8559203e-01  -1.2211683e+00  -6.9655614e-01   6.6470427e-01  -1.3173447e+00  -1.2383696e+00  -2.7834188e-01  -1.6287823e-01  -6.3128053e-01   1.5868850e+00   4.7017114e-01  -5.1110910e-01
   1.0000000e+00   8.6782862e-01   4.1233007e-01   5.6862776e-01   7.1320795e-01  -6.1580896e-01  -1.1899827e+00  -4.0954672e-01   1.4366566e+00  -1.0751609e+00  -7.2883558e-01   5.8501615e-01  -7.8784958e-01  -5.8134026e-01  -4.2528622e-01   3.9520410e-02   2.0343347e+00  -3.7617345e-01  -1.8256652e+00
   2.0000000e+00  -4.2605415e-01  -2.3372844e-01   4.8914256e-01   4.3696452e-01   1.2571286e-01   1.3056418e+00  -7.6743328e-01   6.4062879e-01   6.7754828e-01   1.3479781e+00   4.7361386e-01   3.3705440e-01  -2.4919575e-01  -1.0329276e+00   1.0914980e+00  -5.3143297e-02   1.4157534e+00   1.1814749e+00
   2.0000000e+00   8.7213474e-01   2.6091569e+00  -9.7911457e-01  -3.4277935e-01  -9.4940496e-01   9.7619837e-02   1.1814396e+00   1.1146916e+00   8.1831010e-01   5.1454433e-01  -4.0057077e-01   4.1585231e-01  -3.5093813e-01   2.0054323e+00  -4.2271484e-01  -1.1568607e+00  -2.5790283e-02  -5.6860454e-01
   1.0000000e+00  -9.2262347e-01   4.7259061e-01  -1.3772336e+00  -7.9307309e-01   1.1767731e+00  -6.8976646e-01   1.3646341e-01  -2.5338789e-01   2.7241888e-01  -8.9113308e-01  -5.5614325e-01   2.7565132e-01  -1.9951991e-01  -1.6679611e+00   1.1779939e+00  -1.6766622e-01  -1.2622854e+00  -8.1115702e-01
   2.0000000e+00  -5.6354172e-01  -1.4709312e-01   2.9584394e-01  -7.4286176e-01  -1.7238630e+00   1.6842064e-01  -1.9447509e+00  -8.4061864e-01   1.1129602e+00  -8.1246520e-01   1.2361016e+00   2.3761388e-01   8.8050524e-01  -6.4972378e-01  -5.1910177e-01   6.8730498e-02   6.7115612e-01  -3.3269750e-01
   2.0000000e+00   1.5099604e+00  -1.1939635e-01  -7.4040491e-01  -4.6440338e-01  -5.0384585e-01  -2.1972799e-01  -1.4117332e-01  -3.5497379e-01   5.7453696e-01  -3.0265040e-01  -1.1612892e+00   4.8590647e-01   1.8659912e+00   7.1445979e-01  -5.9548258e-02  -1.0035877e+00   1.6432567e-01   2.2466231e-01
   2.0000000e+00  -7.0298311e-01  -7.0247213e-01   2.6351422e-01  -3.8879655e-01  -1.6082088e+00   1.1238744e+00  -1.9205876e+00   7.5218256e-01  -1.2854787e+00   1.2614438e+00   9.6622951e-01   3.8974468e-01   3.2916007e-01  -1.3133944e+00   1.6743025e+00  -8.4442129e-01   1.8618775e+00   1.5922744e+00
   1.0000000e+00  -2.5410194e-01   2.1372785e-01  -6.3451932e-01  -9.7700049e-01  -3.6678232e-01  -9.1468717e-01  -2.0786652e-03   1.6115180e+00   3.0293166e-01   9.6958925e-01   5.3853197e-01   2.9632672e-01   1.0116246e+00  -5.8099340e-01   5.0984077e-01  -4.2327840e-01   1.0721394e+00  -9.3689540e-01
   2.0000000e+00  -2.7836407e-01   1.0472635e+00   1.5865736e-01  -1.4837463e+00   1.9754966e-01   1.9878506e-01  -3.9057888e-01   5.9770625e-02  -6.8734021e-01   4.1341482e-01   5.7434006e-01  -8.1403799e-01  -1.8611584e-01   8.7557079e-01   1.5342562e+00   1.1808528e+00  -1.6780187e-01   9.4525042e-01
   2.0000000e+00  -5.0786750e-01  -5.6233754e-01   5.1981662e-01  -7.5620844e-01   1.2282328e+00  -4.4812982e-01   7.1259670e-01  -3.5470675e-01   1.7519354e+00   1.1882697e+00   3.5836105e-01  -5.6599734e-02   1.3879082e+00   1.3146429e+00   1.7985568e+00  -7.2104195e-01  -7.3564754e-01   1.1241353e+00
   2.0000000e+00  -1.8346258e+00   2.8522991e-01  -6.4991306e-01   8.9751354e-02  -3.4316258e-01   3.3326458e-01  -1.4180811e+00  -5.8821919e-01   2.7260830e-01   3.6650440e-01   1.2516357e+00  -1.2080451e+00  -3.8632276e-01   8.7357345e-02   1.1524924e+00   2.6379711e-01  -4.0377050e-01  -6.1760340e-01
   1.0000000e+00   1.0451073e+00   5.3532780e-01   1.9784615e+00   5.2777397e-01  -9.4974967e-01  -2.9216233e-01   8.8723956e-02  -1.3382074e+00  -8.3566425e-01   6.9906571e-01  -9.5655817e-01   3.2675414e-01  -2.5572540e-02   7.6741342e-01   7.0881299e-01  -7.7101457e-01  -3.0350403e-02  -3.4135496e-01
   2.0000000e+00   5.8576746e-01  -3.5376340e-01   1.3517442e+00   3.4438043e+00  -1.8511755e+00  -1.9576237e-01  -1.8005087e+00   1.0263501e+00   4.0000290e-01  -1.0992245e+00  -9.5303971e-01   1.7350589e-01   6.3573197e-01  -5.1016244e-02  -4.4689421e-02   1.0162620e+00  -3.5903364e-02   3.8971625e-02
   1.0000000e+00  -5.1702944e-01   3.3064916e-02  -3.8763897e-01  -1.5856962e+00   2.2005497e-01   1.1015268e-02   2.5347377e-01  -1.9594121e-02  -4.3425225e-02   7.1856396e-01   5.8108958e-01  -1.5112956e+00   4.3715150e-01   1.4662500e-01   6.6793644e-02  -2.7456104e+00  -9.7023482e-01   3.0091026e-01
   1.0000000e+00   1.4986532e-01   1.3272030e-01  -1.1710731e+00   2.2849182e+00  -1.6784476e-01   4.9625817e-01  -8.0205547e-01  -2.9769012e-01   4.9032408e-02   5.0336159e-01  -2.3408111e-01   5.9905507e-01   1.1532668e+00  -6.7442290e-01  -1.7470112e-01   4.0321941e-01   3.5373769e-01  -1.8732450e-02
   2.0000000e+00   1.1325190e-02  -6.1917896e-01  -4.5677028e-01  -4.2446727e-02  -2.5154965e-01  -5.2209620e-01   2.1054550e+00  -4.1917374e-01   7.0310224e-01   8.4892423e-01   7.8537910e-01   1.8970423e+00  -4.6330424e-01  -8.2107519e-02  -9.0015099e-01   3.9552868e-02   1.3777913e-01  -1.0905214e+00
   2.0000000e+00  -1.0483543e+00  -1.3232406e+00  -5.2688674e-02  -1.0327847e-02   7.0168307e-01   1.3757411e-01   8.9543832e-01  -2.1058586e+00  -7.7304945e-01   1.0570066e+00   4.6492068e-02   8.9648211e-01  -4.9318388e-02  -2.6223791e-01   1.6515980e-01   1.0191415e+00   3.8082337e-01   4.1794312e-02
   2.0000000e+00  -1.7047371e+00  -3.2802307e-01   1.2526541e+00  -3.9584206e+00   7.0669405e-01  -7.1739460e-01  -3.8386898e-01  -3.1732410e-01   9.1423283e-01  -3.8888425e-01   8.5185504e-01   1.1302448e+00  -1.4631460e+00   1.5683891e+00  -5.1967602e-01   1.5475289e+00   6.5275540e-01  -4.6206764e-01
   2.0000000e+00  -9.3276836e-01  -5.7037567e-01  -6.9003584e-01  -8.8059832e-01  -9.7420413e-01  -1.9654711e+00   2.0626989e-01   6.6060155e-01  -9.1297204e-01  -8.3706375e-01  -1.5325108e+00   2.1745696e-01   9.9189724e-01  -4.1360569e-01   1.0609888e+00  -1.4532947e+00  -4.9548657e-01   1.5378876e+00
   2.0000000e+00   6.5565263e-02  -1.0222498e+00   1.9963147e-02   2.2227226e+00   7.1910025e-01   9.4893790e-01  -1.1586786e+00   3.2658536e-01   2.1940189e-01  -6.5895720e-01   3.0972509e-01   9.7644392e-01  -1.0839100e+00  -3.4014961e-01   7.3072103e-01  -3.7440074e-01  -7.6061621e-01  -4.7605138e-01
   2.0000000e+00   1.9994280e-01  -7.5482258e-01   2.8702035e-01  -1.4185466e+00   8.4556396e-01  -2.5798054e-01   2.8009479e-01   4.2749179e-01  -3.0187944e-01   1.9822481e+00  -1.2817771e+00   2.6155096e+00   1.1412293e+00  -7.0029497e-01  -1.6557134e+00   6.1156286e-01  -8.7095735e-01   1.7919060e+00
   2.0000000e+00  -9.8693231e-01   1.6628251e-01   4.1110457e-01   5.2432700e-01   8.2738267e-02   6.6300095e-01   1.0908077e+00  -3.4559541e-01  -2.4447283e-01  -9.8027795e-01  -2.1270736e-01  -4.8026581e-01   1.3470626e+00   1.7080283e+00   7.5875239e-01   1.4536867e+00  -5.3386910e-01   2.3540026e-01
   2.0000000e+00  -6.1340652e-01   8.3597928e-01   1.2936237e+00   1.3853095e+00   1.5234822e+00   9.1151484e-01   6.4831708e-01  -4.3701080e-01  -3.1792342e-02  -6.5282038e-01   4.4022435e-01  -1.8492909e-01   6.5667859e-02   1.2024560e+00   1.6609179e+00  -3.5586069e-01   3.3484314e-02   2.2784001e+00
   2.0000000e+00  -3.3310303e-01  -1.1508156e+00   3.8413197e-02  -8.1068127e-01   1.8933785e+00  -1.9777321e-01  -3.0780157e-02  -1.1260068e+00  -4.2445396e-02  -2.0192604e+00  -4.4894563e-02  -1.8550012e+00  -6.4931900e-01   7.8393046e-02  -1.3807375e-01   1.1139107e+00   1.0469379e+00   7.3467849e-01
   2.0000000e+00  -1.5797138e-01   8.3536020e-01   3.4925050e-01  -3.8453564e-01   8.8165543e-01   2.5294417e+00   2.6994369e+00  -1.2983855e+00  -6.1745508e-01   7.9206971e-01  -1.1358442e+00   4.4097898e-01   2.2486689e+00  -1.3472412e+00   7.1881134e-01  -1.8019351e+00  -7.7004843e-01   1.2515309e-01
   2.0000000e+00   4.2031983e-01  -7.3647113e-01   3.0510708e-01  -4.1750984e-01  -1.1603806e+00   6.4094937e-01  -5.4863515e-01  -3.0953886e-01  -8.3427959e-01  -1.5964001e+00   1.1873569e-02  -7.1656205e-01  -6.3228812e-01  -8.0653748e-01   1.3766708e+00   8.3869648e-01  -2.6866123e-01  -5.7637580e-01
   2.0000000e+00  -1.2645702e-01  -2.4626298e+00  -3.1119271e+00   1.3075807e+00   1.3480893e+00  -6.3357110e-01   4.0881793e-01   1.7887642e+00   1.3797713e+00   7.4084769e-01   1.7700543e-01   1.0692847e+00  -5.2168886e-01   1.0351464e+00  -1.7316713e+00   9.6023945e-01   1.1181489e-01   1.4159595e+00
   2.0000000e+00  -3.8207155e-01   6.1548820e-01  -1.7191908e+00   9.1727436e-02   1.1464159e-01  -5.1841615e-02   1.4468984e+00   1.3875655e+00   4.8960175e-01   8.9733761e-01  -6.0644114e-01   1.1920560e+00  -8.9858588e-01  -7.7019915e-01  -5.5072351e-01   6.6790426e-01  -2.9546239e-01  -1.0489008e+00
   2.0000000e+00   1.4017900e+00  -2.1671147e-02   4.0641058e-01   1.6995298e+00   1.1837555e+00  -1.0779735e+00  -5.5709324e-02   1.2064086e+00   1.0029287e-01  -5.0176446e-01  -6.0720243e-01   4.2677843e-01  -1.6171466e-01  -4.6294766e-01  -1.0478428e+00  -1.3962739e-01  -1.1205408e+00  -3.4502506e-01
   2.0000000e+00   2.0281701e-01  -3.5858771e-01  -7.6129726e-01  -4.7077456e-01   1.0771009e+00   1.7560657e+00  -7.7201320e-01   1.5141915e+00   1.5629275e+00   7.8750177e-01  -1.4337671e-01  -3.5443746e-01   3.5001723e-01  -1.0710354e+00   7.3078189e-01   2.4614989e-01  -3.8524053e-01  -2.2359526e+00
   2.0000000e+00  -9.1730087e-01  -9.8740363e-01  -1.5807847e-01   1.6660269e+00  -7.7965302e-01  -3.4157704e-01   4.5792741e-01   1.9966200e+00  -1.3573977e+00   9.1538071e-01   1.2271374e-01  -7.4824748e-01  -6.8298998e-02  -1.0810668e+00   4.8259862e-01  -1.2832816e+00   4.5467085e-01  -1.5953221e+00
   2.0000000e+00   6.3785620e-02   1.7592609e+00   1.2301633e+00  -1.3069246e+00  -2.2894625e-02  -1.1513740e+00   9.2197844e-01   6.9919976e-01  -1.2194186e+00  -5.8616566e-01  -1.1299982e+00   6.1906215e-01  -6.8926092e-01  -3.3822862e-01  -9.0184699e-01   3.6830633e-01  -1.5639624e+00   6.5197144e-01
   2.0000000e+00   5.3347734e-01  -5.6875144e-01   1.1917320e+00  -9.3538122e-01  -1.4814075e+00   6.5723658e-01  -1.0675248e+00  -8.6068321e-01   1.0704663e+00   1.8816128e-02   1.7932271e+00  -1.5528906e+00  -1.3769117e+00  -1.6253338e+00   1.4541716e+00   1.8644736e+00   1.5093389e-01   6.6184626e-02
   1.0000000e+00   1.0170305e+00   1.7864238e-01  -3.2256657e-01   2.4675965e-01  -7.2174487e-01   5.5555713e-01  -7.1748356e-01   1.0220198e+00  -6.6898681e-02   2.1171937e+00   6.7964910e-02   1.3430862e+00  -1.2019694e+00  -1.5209443e+00   1.4919282e+00   4.4814424e-01   5.8589437e-02  -4.5458053e-01
   2.0000000e+00   3.0758883e-01   2.7412624e-01   3.1398870e-01   2.2877733e+00  -2.9532724e-02  -2.9490754e-01   1.8216573e+00  -9.8624471e-01  -1.1183419e+00  -7.2228505e-01  -8.8472652e-01   1.0604347e+00  -2.0155975e+00  -3.4683558e-01   1.3443749e+00   7.4242403e-01  -7.5625276e-01   7.5567489e-01
   2.0000000e+00  -7.0203539e-01  -8.0249279e-01   1.8558472e+00  -1.2460241e+00   1.3432808e+00  -5.3804175e-01   1.3136061e+00  -4.0285229e-01  -1.2736876e+00  -8.5927461e-01   1.5255970e+00  -9.9625662e-02  -3.0619252e+00  -4.4754372e-01  -1.6288253e+00   7.1153796e-01  -7.8749954e-01  -2.4222232e+00
   2.0000000e+00  -1.1299358e+00  -5.4892192e-01  -8.8653554e-01  -6.9687092e-01   1.0705321e+00  -5.4733864e-01   1.1967088e+00  -1.6698611e+00  -2.6239802e+00   3.0998821e-01   4.5285109e-01  -5.5555001e-02  -3.9420272e-01  -1.5473808e+00  -1.0757411e+00  -2.3117118e+00  -6.2892581e-01   2.3600012e+00
   1.0000000e+00  -1.6676598e-01   9.2756642e-01   1.6227795e-01   2.7237462e-01  -8.2125741e-01   7.9641938e-01  -2.0096821e-01   6.3686588e-01   6.8833080e-01  -4.1558005e-01  -6.8446785e-01  -1.5940594e-01   5.0828849e-01  -6.8243338e-01  -1.0371553e+00  -8.1089531e-01   8.1277563e-01  -8.5691336e-01
   2.0000000e+00  -1.8385332e-01  -2.8349893e-01   8.3431793e-01   7.1165606e-01  -5.2193765e-01  -4.2566793e-01   1.8635235e-01  -1.9779404e-01   9.5213367e-02  -5.6760960e-03  -1.4742741e+00   9.4598624e-02  -7.0242719e-01   1.6418724e+00  -8.1770920e-01   6.9190923e-01   7.3534461e-02   1.0610331e-01
   2.0000000e+00  -6.3598177e-01  -1.9698835e+00   9.2624658e-01   7.8713294e-01  -2.1365021e+00   2.6363916e-01  -1.1042140e+00  -2.0075896e-01  -5.2904444e-01   9.6478623e-01  -4.2608904e-01   7.8361012e-01   9.8375272e-02  -6.8922929e-01  -1.6970687e+00   3.4839516e-01   2.1171437e-02  -3.0831559e-02
   2.0000000e+00   2.7774436e-01   1.3105467e+00   2.1273026e-01   1.5526877e+00  -8.6468405e-01   4.3606211e-01  -4.0999534e-01  -8.3664681e-01  -9.0428549e-01   1.4682643e+00  -6.6342351e-01  -1.4725728e+00   1.8284480e-01   2.5068853e-02  -3.8319890e-01   1.1730741e+00  -2.5519793e-01  -1.6257096e-01
   1.0000000e+00  -1.2751706e-01   4.5545035e-01  -1.4620831e-01  -5.1376848e-01  -7.7628174e-01  -9.0424906e-01  -4.6245496e-02  -1.0560501e+00   2.1462899e+00   1.2532005e+00   1.2034536e-01  -1.0821654e+00  -1.0770999e+00   1.4129201e+00  -1.6974388e+00   9.6088563e-01   1.3748104e+00   5.4150569e-01
   2.0000000e+00   4.4753827e-01   1.2720552e+00   1.1493730e+00   9.6597316e-01   1.5928058e+00  -6.1314265e-01   1.5970173e-01   4.3660900e-01   7.9098260e-01  -5.4393540e-01   5.3807621e-01   2.9074442e-01   7.9254710e-01  -4.3365275e-01   1.6842451e-01  -5.4976266e-01   1.4595671e-01  -2.2438671e+00
   1.0000000e+00  -6.3047712e-01   1.0296126e-01   1.0567738e+00  -2.0233644e-01  -1.3319392e-01   1.1027685e+00  -4.3860527e-01  -4.8421571e-01  -9.8398276e-01   8.9468665e-01   8.5499199e-01  -4.3438437e-01   3.9076886e-01  -1.2165400e+00   3.7806544e-01  -7.3955311e-02   6.1008111e-01   2.5567371e-01
   2.0000000e+00   2.0455422e+00  -1.2592839e+00   8.2855820e-02   5.5884701e-01  -1.7909549e-01   1.3096646e+00   1.2335210e+00  -1.3847464e+00   2.6844865e-01   7.1985147e-01   4.0323052e-01  -1.3303950e+00   2.8605248e-01  -3.2312750e-01   4.1543728e-01   1.2274431e-01  -1.2879347e-01  -2.8269582e-01
   1.0000000e+00   7.7229911e-01   2.1824962e-01  -5.6216181e-01  -1.4005170e+00  -1.0795116e+00   1.1890552e+00   9.6525745e-02   3.0938422e-01  -7.4138129e-01  -7.5484666e-01  -4.9128917e-01   2.2585056e+00   1.0947062e-01   4.9743118e-01   1.1597038e+00   7.7629371e-01  -6.5369468e-01   1.1935685e+00
   1.0000000e+00  -5.7193085e-01   6.9466054e-01  -5.6055921e-01   3.2438559e-01  -5.1392719e-01  -1.9469496e-01  -2.9694585e-02   1.4437849e-01  -1.3242294e-01  -2.0479821e+00  -3.8155212e-01   1.7487895e-01  -8.1246562e-01  -3.2926523e-02   9.9682937e-02  -7.7817711e-01   5.4746603e-01   5.5535540e-01
   1.0000000e+00   1.7506668e+00   4.0675929e-01  -1.2245545e+00  -1.1645872e+00   1.8715191e+00  -4.1275030e-01  -3.0093993e-01   1.6211592e+00  -3.6009933e-01   5.1303814e-01   1.9277666e-01   1.1104494e-01   1.6409466e+00  -1.0990714e+00   1.0395289e+00   7.3918225e-01  -3.4034324e-01   4.6583858e-01
   2.0000000e+00   1.2069447e+00  -8.7215109e-01   1.0591352e+00   1.1924136e+00   6.7783202e-01  -1.2373258e+00  -6.4958627e-01   9.1870982e-01  -3.8215543e-01   2.1814983e-01   1.1006577e+00  -3.8346566e-01  -1.6235298e+00  -2.4059027e-01  -4.2880733e-01   2.5545280e-01   9.2363770e-01   6.9206069e-01
   1.0000000e+00   1.5455223e+00   1.5140650e-01  -1.8617364e+00  -1.8207903e-01   1.2112039e+00  -1.9348378e-01   2.6637123e-01   1.3116134e+00   3.0607446e-01  -1.6096749e+00  -8.1094864e-01  -1.0505471e+00   7.4301135e-01  -2.0420553e+00   1.6914714e+00   1.3883525e-01  -1.8039363e+00   4.3329058e-01
   2.0000000e+00   2.3915227e-01  -2.8592806e+00   9.3440299e-01  -2.2907535e-01   1.8311466e+00  -9.1217957e-01  -2.2046251e-01   1.5089901e-01  -2.1870781e-01   5.6065132e-01   6.9075645e-01   2.6978232e-01  -1.4403010e+00  -1.6007687e+00   1.0508515e+00  -7.5777450e-01  -6.9454698e-01  -8.1045835e-01
   2.0000000e+00   2.4075309e-01  -9.3954014e-02  -9.6126243e-01  -1.1869602e-02  -1.2566376e-01   1.5212390e-01   4.0660582e-02   1.4622702e+00  -6.6298756e-01  -4.5540538e-01  -5.2539774e-02   1.5860919e-01  -7.6829943e-02   1.8176155e+00   2.0344692e+00   7.7756820e-01   1.8465382e-01  -3.5240075e-01
   2.0000000e+00  -9.5643234e-01   1.9349557e+00   2.8697106e+00  -1.6287818e+00   1.8790308e+00   7.7681826e-01  -8.4320510e-01   1.2606195e+00   1.2910978e+00  -1.0124511e+00   3.4700235e-01  -8.9269558e-01  -4.0549201e-01  -6.0004639e-01  -1.2167005e+00  -4.3017588e-01   2.2638992e-01  -6.0679857e-01
   2.0000000e+00   1.3808467e-01  -5.9915229e-01  -9.2243877e-01   2.5751606e+00  -1.4324885e+00  -5.2191368e-01   3.5378639e-02  -2.1766264e-01   1.2889753e+00  -4.9392355e-01  -2.4847521e+00  -4.6063712e-01   4.3900296e-01  -8.6492684e-01   3.8059808e-01   5.7599351e-01  -9.9322624e-02  -3.5294834e-01
   2.0000000e+00  -9.1103876e-01   3.3816839e-02   3.5848042e-01  -6.9394148e-01  -7.4883939e-01   1.0799613e-01   1.7518828e+00   1.4049393e+00  -6.4900457e-01   2.9264765e-01   9.7441922e-01  -8.5584151e-01   1.2723676e+00  -6.4014385e-01   5.1499755e-02  -5.4987909e-01   2.4019667e+00   2.2474573e+00
   2.0000000e+00   1.4110007e+00  -1.2979982e+00  -4.7380834e-02  -7.0421509e-01   1.7565877e-01  -3.2741924e-01  -7.4575830e-01  -1.2441435e+00  -1.3306418e+00  -5.4903926e-01  -1.0131266e+00   6.1515222e-01   9.4258108e-01  -4.2185621e-01  -1.3910299e+00  -3.9388545e-01   3.2027313e-01  -9.6206437e-01
   2.0000000e+00  -2.2417899e-01  -1.4050824e+00  -1.2708743e-01   1.6392835e+00   5.2063336e-01   1.7703164e+00   9.1508739e-01   2.4351700e+00  -7.7678141e-01   1.4489685e-01   6.8138545e-01   7.9937487e-02  -1.2948845e+00  -1.6209877e-01   9.5718461e-02  -2.6151661e+00   6.7494171e-01   2.2755952e+00
   2.0000000e+00  -6.8793241e-01  -7.6921738e-01  -6.6018579e-01  -7.7289183e-01   7.4491032e-01  -5.5507919e-01  -1.4807457e+00  -6.2974228e-01   1.5037651e-01  -1.4848644e+00  -5.2995307e-01   1.3734122e+00   8.1347713e-01   1.2131557e+00   5.6430882e-01  -1.1988647e+00  -1.9258259e-01   1.5407741e+00
   2.0000000e+00  -3.8672690e-01   1.5248830e+00   1.5840537e+00   7.4777005e-01  -2.0223557e+00  -3.4812656e-01   1.7117105e-02  -3.2226510e-01  -1.1450105e+00  -6.4071262e-01  -3.7232761e-01   1.0399494e+00   8.2888650e-01   1.6566419e+00  -4.3509134e-02   1.8489517e+00  -5.3257553e-01   1.0772360e+00
   2.0000000e+00   8.2038801e-01  -9.4667249e-01  -1.6276956e+00   3.2109611e-01  -6.3610542e-01   8.1785952e-01   1.4215300e+00  -1.1075739e+00  -2.7973454e-01  -2.0588626e-01   1.3731599e-01  -4.3501392e-01  -6.1845575e-02  -1.4260898e+00  -1.0618304e+00   1.1888639e+00   1.0362714e+00  -5.4627163e-01
   2.0000000e+00  -8.9868200e-01  -1.7481502e+00   4.0091835e-01  -5.8089756e-01   3.3656710e-01   6.2543027e-01   2.2544170e-01   7.7539356e-01   2.3111117e+00   5.2250463e-01  -7.2861074e-01  -1.6963361e-01   5.7649255e-01  -1.0678126e+00  -9.7053418e-02   2.3052163e+00  -2.0893241e-01  -2.8824105e-01
   1.0000000e+00   8.9901477e-01   1.4601887e-01   9.2180803e-01  -6.0565454e-02  -8.6496021e-01  -1.5874706e+00  -9.7117068e-01  -1.9492237e+00   1.1131182e+00   6.7186072e-01   6.0069454e-01  -2.3181349e+00   4.7385599e-02   8.5421605e-01   7.9124411e-01  -5.2051642e-01  -9.5809475e-01  -9.8438555e-01
   2.0000000e+00  -1.0815367e-01  -1.2699427e+00  -1.8480469e+00  -2.7669668e-01   1.2301022e+00   1.1419090e+00   3.3960935e-01  -7.3062447e-02  -1.0720990e+00  -3.0275244e-02  -1.1924786e+00   1.1532052e-01  -1.2443908e+00  -1.5149947e+00   1.9848917e+00   1.7461671e+00   1.0560875e+00   3.4535510e-01
   2.0000000e+00   1.8159156e+00  -9.3652504e-01  -8.9835179e-01  -3.5677732e-02  -7.1849080e-01   9.0771437e-01   1.7400172e+00   3.7005130e-01   9.4317937e-02  -7.0504702e-01  -1.1230953e-01  -5.9407752e-02  -1.1495624e-02   3.1900735e-01  -1.1794440e+00  -2.6593637e-01  -1.1824238e-01  -3.4115808e-01
   2.0000000e+00   1.0676141e+00  -3.8271503e-01   2.8168826e-01   3.1295970e-01  -8.4971138e-01  -1.1252662e-01  -1.0223354e+00  -2.0165162e+00   8.8373277e-01   6.5107977e-01   3.3342124e-01   1.8030755e+00   2.9330737e-01   2.0069609e+00  -7.4001940e-02   3.4271685e-01   4.5787669e-01  -5.3011646e-01
   2.0000000e+00  -9.4141755e-01  -6.7521340e-01  -1.0747275e+00  -1.3156229e+00   1.6758846e+00  -8.4779340e-01  -1.0926789e+00   3.5821891e-01  -1.1185099e+00   3.3937181e-01  -1.2638999e+00  -1.4700462e-01   5.9646848e-02   4.2191217e-01   3.7511990e-01   1.9136572e+00   1.3095269e+00  -1.2374032e+00
   2.0000000e+00   1.5178375e+00   7.0048853e-01  -1.3002028e+00  -3.8487254e-01   1.1222864e+00   1.0563851e+00   8.7717289e-01   1.3756888e+00   2.2544217e-01   6.2847954e-01   5.9308137e-01   9.2390279e-01  -1.1255544e-01   2.5437122e+00   9.4945199e-01  -1.5277131e+00  -3.7737865e-01   4.0839179e-02
   2.0000000e+00  -5.0848243e-02   1.7705802e+00   7.1600141e-02   1.1364294e+00   8.1535645e-01  -7.8710612e-01  -8.1125295e-01   1.4531388e+00   7.2458877e-01   1.6245904e-01   1.3441436e+00   2.7076118e+00  -1.4520870e+00  -8.0623633e-01   1.3573160e+00  -2.0047442e+00   3.5819678e-01  -1.5236348e-01
   1.0000000e+00  -8.2990329e-01   8.6632817e-01   7.7352354e-01   1.8487228e+00  -1.2270704e+00  -4.7673765e-01   1.9009177e-01  -1.8941625e+00   1.9000573e+00  -1.0081946e+00   2.4251468e-01   9.8369154e-01   4.8803962e-01   1.0572497e+00  -7.9637034e-01   2.1024935e-01   1.5778384e+00  -2.3813236e-01
   1.0000000e+00  -3.5252792e-01   5.8556528e-01  -8.3709771e-02   6.1905022e-01  -1.0192336e+00   1.2220865e-01  -2.2891753e-01  -6.2247444e-01  -1.7316461e+00  -1.5963466e+00   1.7322596e+00   5.5585237e-01  -8.2837017e-01  -5.7120204e-01   7.9998584e-01  -2.1028481e+00  -1.0784057e+00  -1.7020141e-01
   2.0000000e+00  -1.5388767e+00   5.6017134e-01  -1.3996967e+00   7.1787558e-01  -9.1762221e-01  -2.1231238e+00  -4.6302384e-01  -8.6170634e-02  -5.2859706e-01  -1.2709212e+00  -9.0599166e-01  -5.5347133e-02  -1.3346738e+00  -1.4431252e-01  -1.5547825e-01   1.0189752e+00   3.2252533e-01  -2.1543197e+00
   2.0000000e+00   2.3651127e+00  -9.8940848e-01   1.3884134e+00   1.2458683e+00  -5.6483073e-01   1.5402137e+00   4.1218712e-01  -1.8357128e+00   8.2798541e-01  -1.3773600e+00  -3.0044919e-01  -1.4778272e+00  -3.2875210e-01   8.7681215e-01   1.1325722e+00  -1.5032454e-01  -8.6829854e-01  -8.0356205e-01
   2.0000000e+00   1.0165638e+00   1.2061483e+00   1.3216116e+00  -2.3303057e-01  -2.0294258e+00  -2.3704781e-01  -8.2050534e-01   1.0492643e+00   7.7761435e-01  -2.9972711e-01   8.1226457e-01  -7.8081389e-01  -8.2241959e-01  -3.5717513e-01  -1.5620932e+00   4.3855413e-01   1.6566067e+00  -1.2116729e+00
   2.0000000e+00   6.3532861e-01  -3.7106131e-01   5.6852916e-01   1.8045970e-01  -1.2643177e+00  -1.2821748e+00  -7.0862206e-01  -8.7706232e-01  -1.5359341e+00  -1.0987879e+00  -4.9702884e-01   4.1305691e-01  -1.6337440e-02  -1.9699547e-02  -3.2290631e-01   3.3801366e-01  -1.6894066e+00   1.2489619e+00
   1.0000000e+00  -5.1269248e-01   4.3031316e-01  -5.4707607e-01   8.8762487e-01  -8.2930820e-01  -7.0435397e-01  -4.7020716e-01  -1.0793814e+00  -1.2286126e-01   4.8915540e-01  -7.7169203e-01  -1.0320754e+00   1.9149545e-01  -8.9167499e-01   1.8031725e+00   6.1579446e-02   5.3637096e-01   6.0292637e-01
   2.0000000e+00  -5.7394931e-01  -3.8794350e-01  -1.7650148e+00   2.6837058e-01   1.7082005e-02   9.6923855e-01  -7.6083009e-01  -7.7798835e-01   6.7915900e-02   9.9207119e-01   7.2832761e-01   3.5288051e-02  -1.9600117e-01  -8.7088576e-01   1.8163316e+00  -1.3007369e+00  -9.1835627e-01  -7.0499644e-01
   2.0000000e+00   6.5327961e-01  -4.6156142e-01  -1.6793540e+00  -1.5414311e+00   2.4965037e-01   6.9565041e-01   9.5776805e-01   1.0485527e+00   4.8361346e-03  -5.8107706e-01  -1.7784622e-01  -1.2473831e+00  -6.9276224e-01  -4.2274742e-01   1.6435497e-01   1.4550622e+00  -2.4717130e-01   1.0710931e+00
   2.0000000e+00  -5.4833167e-01  -4.2421163e-01   1.4984141e+00   1.0727212e+00  -3.5276726e-01  -1.1695163e+00   2.0249917e+00  -6.8045108e-01   7.4585053e-01  -9.1135932e-01  -1.9027584e-01  -1.8678665e-01   1.1433321e-02  -3.2331804e-01  -1.3295850e+00   5.0025070e-01  -1.0386160e+00   1.0743773e+00
   2.0000000e+00   2.3335087e-01   1.0758154e+00  -2.3377378e-01  -1.7755701e+00   1.9844553e-01   7.7884639e-01   7.0271213e-02   4.4110425e-01   7.0222823e-01   7.6610216e-01  -1.2001163e+00   7.8541841e-01  -1.3821981e+00   8.1893519e-01  -3.4810443e-01   9.6179379e-01  -1.2076986e+00   1.5601885e+00
   2.0000000e+00   9.7330333e-01   2.3173012e+00  -1.8344775e-01   1.6207736e+00  -5.7089518e-01  -7.5788174e-01  -2.4394477e-01  -8.0934456e-01   1.5636954e-01  -1.7305320e+00  -1.9435456e+00   1.6330099e-01  -5.2202758e-02  -2.3337837e+00  -1.2442039e+00   5.7952427e-01   2.9715116e-01   8.2481728e-01
   2.0000000e+00   2.2176554e+00  -2.0180855e-01   7.6214533e-01  -2.5875551e-01  -2.9499466e-01  -9.4914722e-01   1.1677977e+00  -1.9090117e-01  -1.9305166e-01   8.5585187e-01   5.5375386e-01   2.4251880e+00   1.0544364e+00   3.1537730e-01   6.9344457e-01   3.1371271e-01   1.0333159e+00   1.0008014e+00
   2.0000000e+00   9.1346880e-01  -1.5170631e+00  -1.7593605e+00   5.7045407e-01  -2.3329554e-01  -1.0221198e+00   2.5125800e+00   4.0940180e-01  -6.0849689e-01   4.8921152e-01  -1.7316687e+00   5.3605406e-01   2.5893200e-01   4.4213740e-01  -4.6500802e-01  -7.6441065e-01   7.6019001e-01   2.2703447e-01
   2.0000000e+00  -4.3955845e-01   1.6676409e+00  -2.1722938e+00  -1.6867562e-01  -9.3038139e-01  -9.7324984e-01   8.8459836e-01  -1.2248507e+00   8.5224742e-01   2.2561243e-01  -1.7857245e-01  -1.0787936e-01   6.0078707e-01  -2.3011020e-01  -8.2338868e-02   1.3313267e+00   1.1816906e+00   5.0428024e-01
   2.0000000e+00   1.1651619e+00   1.3401624e+00   4.7741325e-03  -2.4365044e-03   3.8917304e-01  -1.1862929e-01   8.9203391e-01  -9.0001097e-01  -4.2507504e-01  -1.3227203e+00  -1.2095050e-01   4.2820672e-01  -4.0098482e-01  -1.3554335e+00  -2.3540924e+00   8.1910027e-01   1.0553253e-01   7.5678161e-01
   2.0000000e+00   2.7430325e-01   1.2053999e+00  -1.8375396e-01   1.0703663e+00  -2.3276566e+00  -2.1602810e-01   2.0609505e-01  -2.2977453e-01   1.3539602e+00  -1.4934270e+00   6.3487990e-01  -8.0631795e-02  -7.1862706e-01  -2.5392794e-01   2.5519504e-01   5.9691076e-01   3.0883747e-01  -2.3772940e+00
   2.0000000e+00  -1.3794554e+00  -3.5827574e+00   3.3897925e-01  -1.6546654e-01   7.4038478e-01   4.1464649e-01   8.0398622e-01   3.6973492e-01   2.3352732e+00   8.9450423e-02   1.5755201e+00   1.9684389e+00   2.5387395e-01   1.8394566e+00  -1.2826308e+00  -5.8236490e-01  -1.1100801e+00  -2.4883475e-01
   1.0000000e+00  -3.0412366e-01   1.0378896e-02   6.4148127e-01   2.3609442e-01   1.9325852e-01  -4.9328181e-01  -6.6283685e-01   7.0077112e-01   5.7101593e-01  -4.0113958e-01   2.8037486e-01  -7.5811307e-01   6.2930865e-01  -2.6382632e+00  -2.9786605e+00   2.1312677e+00   8.2180443e-01   1.0471649e+00
   2.0000000e+00  -1.3321681e+00  -7.4696447e-01  -3.2211085e-01  -4.0803440e-01  -1.3079852e+00   1.5367702e+00  -1.1697741e+00   9.1254976e-01  -7.2843565e-01  -5.4334849e-01  -2.4865890e-01   7.1526912e-01   1.5010834e-01  -4.5628658e-01   1.2101360e-01   3.8599282e-01  -7.8687924e-01   2.4056397e-01
   2.0000000e+00  -1.4965146e+00  -9.3627282e-01   8.0062094e-01   2.1550140e+00  -6.9943022e-01  -3.2217602e-01  -1.2687649e+00   2.1445091e-01  -9.2432858e-01   7.2260935e-01   5.1955488e-01  -6.8760486e-01   7.0477723e-01   2.7070611e+00   1.3015873e+00  -2.5119308e-01  -2.3976296e+00  -1.1798677e+00
   2.0000000e+00  -6.1833345e-02   1.3494825e-01  -1.8698039e-01  -1.5100119e-01  -1.5493021e+00  -1.2588557e+00  -1.6806472e+00   1.3482159e+00   2.4333482e-01   1.5380221e+00   2.4786651e-01  -4.2634370e-01   1.6075787e+00   1.5546575e+00   1.0093016e+00   1.4887829e+00   1.0231042e+00  -1.5261880e+00
   2.0000000e+00  -1.2794480e+00  -1.2906540e+00  -1.3443321e+00  -4.4645217e-01   7.5469169e-01   3.2743217e-01  -1.6856547e+00  -1.3531870e+00  -2.1247226e-01  -1.5420859e+00   8.2293007e-01  -1.2355156e+00  -3.6291280e-01  -7.0798185e-02  -1.0260525e-02  -6.9755711e-01   1.0695578e+00   2.4016891e-01
   2.0000000e+00   1.9870276e-02  -3.5715764e-01  -8.3965958e-01  -4.7454831e-01   2.9676551e-01  -1.1101436e+00  -1.7069254e+00   5.8345488e-01  -1.0192866e+00   4.2441452e-01   3.3672474e-01  -6.6077773e-01  -2.5638613e-01  -1.9404680e-01   1.5637037e+00  -1.0915382e+00   1.6325184e-01   4.8602835e-01
   2.0000000e+00   1.1377369e+00   8.0999308e-01  -3.6023634e-01  -3.2940431e-02  -4.2237651e-01   1.9519345e-01  -1.2438357e+00   2.6988089e-02   2.5974903e+00  -1.7795008e+00   1.5298437e+00   6.7981518e-01  -9.0319095e-01  -4.8775525e-01  -8.1836885e-01  -6.5844497e-01   2.0867354e+00   1.0788370e+00
   1.0000000e+00   8.5245204e-01   3.2559090e-01  -3.6277616e-01  -4.7105825e-01  -4.9980773e-01   8.3550756e-01  -7.1071352e-01   6.6709895e-01  -1.5954554e+00   7.8272127e-01  -1.7252006e+00  -9.7954525e-02   1.4844011e-01   1.2889240e+00  -1.5082834e+00  -7.9781495e-01   3.5980304e-01   2.2420691e+00
   2.0000000e+00   4.4416173e-01   1.3333643e+00  -1.9849708e-01   2.8560622e-01  -1.1841243e+00  -6.0170736e-01  -1.4119144e+00  -1.7011969e+00   3.5884922e-01  -5.1212138e-01  -7.5322315e-01  -1.7887126e+00   5.8904986e-01   1.2885758e+00  -4.5192571e-01  -3.7243039e-01   8.3883943e-01  -3.3360923e-01
   2.0000000e+00  -8.4953666e-01   5.2390154e-01  -9.9638531e-01   1.1709434e+00   2.9866384e+00  -2.4719787e+00  -1.6136749e-01  -1.1623569e+00  -4.8552094e-01  -2.1097548e-01  -8.4324372e-01   6.5914302e-01  -3.7852624e-01  -1.1487103e+00   1.4701936e+00   6.7308995e-01   2.7892820e-01  -4.5859853e-02
   2.0000000e+00   5.2538587e-01  -4.2588316e-01  -9.2284037e-01   8.9645545e-02   1.0973880e-01   1.4368670e+00   1.0787003e+00  -4.8332983e-01   1.5260948e-01  -1.2891317e+00  -2.0846862e+00   1.6009841e+00   5.4236260e-01  -1.5887303e-01   7.2220670e-01   1.0485866e-01  -7.2635430e-02   1.0113986e+00
   2.0000000e+00   8.4871931e-01  -1.1114313e+00  -6.3927755e-01  -3.8505309e-01   1.8427356e+00  -1.3452335e+00  -1.8260582e+00   5.7767073e-01   4.4919234e-01   1.1444376e+00   2.1903644e+00  -9.9605365e-02  -1.1028844e-01  -8.0924794e-01  -1.1745930e+00  -1.1373349e+00   1.9492145e-01   1.9057050e-01
   2.0000000e+00   4.0500456e-01  -9.5560278e-01   2.9978892e+00   1.0888558e+00   2.5799581e-01  -6.1695245e-01   1.0642242e+00  -2.3222460e-01   3.5035428e-01  -2.3384018e+00  -2.8714885e-01  -9.5281246e-01  -3.2800041e-02   1.0862067e-01   1.4862935e-01  -4.7754727e-01  -2.2466706e-02   5.4074773e-01
   2.0000000e+00   9.9690206e-01  -4.8103772e-01   9.0759486e-01   5.0809090e-01   2.2462662e+00  -8.8712350e-01   4.5068458e-01   3.1973840e-01   1.5296992e-01  -1.0225203e+00  -1.3880962e+00  -1.7400893e-01   2.9093514e-01  -4.7594710e-01  -2.1741773e+00   9.6823895e-02  -8.8627582e-01  -8.7244109e-01
   2.0000000e+00   6.6587191e-02  -8.8469265e-02   1.3172679e+00  -1.2096163e+00  -4.9915493e-01  -8.0277742e-01  -6.3766276e-01  -9.8445924e-01   1.1986515e+00   3.0713590e-01   1.5950765e+00  -1.4618723e+00   4.2868468e-01   3.1696193e-01  -3.5671246e-01   8.5949245e-01   5.1662908e-01  -7.2930020e-01
   2.0000000e+00  -3.9697166e-01   2.1930579e-01  -1.6934253e+00  -9.3830128e-01   3.1365830e-01   3.9768201e-01  -1.7494499e+00  -8.3276642e-01   1.4093874e+00  -3.3379687e-01   3.5055198e-01  -7.0664393e-01   1.8495403e-01   5.0435781e-02  -2.2710544e-01   2.1321610e+00  -3.7078429e-02  -2.6098685e-01
   2.0000000e+00  -7.8882541e-01   1.5359461e-01   1.5675276e+00  -5.3511127e-01   7.6454654e-01   9.9073592e-01   2.1197757e+00  -1.1782545e+00  -3.5441991e-01   1.8900700e+00  -2.9435404e-01   5.4651029e-01   7.8739881e-01   3.2785755e-01  -8.7447423e-01  -2.7215478e+00   1.1322454e+00  -3.3226377e-01
   2.0000000e+00   4.6393766e-01  -1.0516950e+00  -1.2071062e+00   3.5875538e-01  -3.9892553e-02  -1.1364355e+00  -3.8672584e-01   2.9798231e-01  -2.4581235e-02  -5.0847303e-01  -3.3148239e-02   5.3621108e-02   2.8630873e-02  -8.6253938e-02   9.0623901e-01   2.6637015e-03   3.2492363e+00  -1.3215662e+00
   2.0000000e+00   3.1491628e-01  -1.2001414e+00  -1.0666283e+00   1.0689273e-01  -2.7522981e-01  -6.6739694e-01  -4.7963006e-01   1.1770320e+00  -3.5984424e-01  -1.1324119e+00  -9.8313213e-01  -1.7534602e-01   1.6742420e+00  -1.3543546e+00   6.1397516e-01   1.1176195e+00   1.9120520e-02  -6.7866297e-02
   2.0000000e+00   1.1015218e+00  -2.8391328e-01   7.2043858e-02  -1.1624422e-01   3.8066277e-01  -1.5120232e-01  -1.5179728e+00  -1.5314055e+00   2.0361230e-01  -7.1466786e-01  -1.6742920e+00  -9.7916528e-02   2.0461349e+00  -3.6811151e-01  -1.5559364e+00   1.9558175e-01   9.7636504e-01   6.3887551e-01
   2.0000000e+00   1.7951162e+00  -3.8659586e-01  -4.4001721e-01   3.0712690e-01  -2.4691355e+00  -1.0980573e+00   1.8790743e-01  -1.0446264e+00  -1.1746252e+00  -4.9260769e-01  -4.4178101e-01  -9.8225252e-01   2.9063842e-01   2.5026410e-01  -2.0947524e+00   1.3899205e+00  -6.6899453e-02   6.9829915e-01
   2.0000000e+00   1.6828316e-01  -3.6616670e-01  -1.0493891e+00  -4.2479051e-01  -1.5967882e+00   7.3645096e-01  -8.0325926e-01  -2.2669612e+00  -4.2726504e-02   1.1123795e+00   1.5759867e-02   1.9990403e+00   1.1714985e+00  -1.0360410e+00   9.3181074e-01  -1.1323396e+00   2.2564512e-01  -4.4713588e-01
   2.0000000e+00   1.0200101e+00  -8.4744577e-01   3.7279612e-01  -7.6158992e-01   1.0192474e+00   1.8405191e+00  -2.8257785e-01   1.3789286e+00   2.0885958e+00   1.1713072e+00   9.3195879e-01   8.0664974e-01   6.3352514e-01  -1.0344453e+00   1.3243636e+00   3.4212162e-01   2.7595916e-01  -1.0880841e+00
   2.0000000e+00  -1.8657597e+00   9.9555361e-01  -4.6914345e-01   1.3093623e+00   2.8158902e-01   1.5174252e+00   1.1060053e+00   4.4138135e-01  -6.8084098e-01   6.9797656e-01  -8.9508237e-01  -2.3897824e+00   9.6161163e-01  -1.4829479e+00   1.0273263e+00   1.3035738e+00  -1.4526255e-01   9.4730413e-01
   1.0000000e+00   8.2620299e-01   5.4131752e-01  -2.8706592e-02  -6.7330534e-01   8.1426793e-02   3.8483226e-01   4.7054274e-01   2.8820784e-01  -2.6697671e-01   9.7446627e-01  -5.6703153e-01  -1.5644915e+00  -1.2014044e+00   7.2185487e-01   1.6592732e+00   3.1560442e-01   7.5698974e-01   1.1262904e-01
   1.0000000e+00  -2.6789848e-01   6.9481000e-01   1.2372544e+00  -1.5694982e+00   9.2358400e-01  -9.5562885e-02  -2.7106255e-02  -1.3662422e+00   1.0815900e-01   1.0364678e+00   9.2967314e-02   4.3387051e-01  -5.7045647e-01   2.0165957e+00   1.4729216e+00   9.0353445e-01  -4.3932240e-02   9.2431151e-01
   2.0000000e+00   3.5292212e-01   3.1529157e-01  -6.6591096e-02  -2.3768235e-01   1.8994704e+00   2.1374053e+00   1.5860159e+00   1.2303901e+00   1.4209435e+00   1.8680371e-01  -2.1266005e+00  -2.2615604e-01   2.5663437e-01  -6.9226913e-01  -8.7942250e-01  -6.2239823e-02   5.4280017e-01  -1.1182156e+00
   2.0000000e+00  -1.6722717e-01   3.6812774e-01   1.2011252e+00   3.4203758e-01   1.0517549e+00  -8.8557204e-01   1.0708311e+00  -1.5977394e+00  -4.9571086e-01   3.8098699e-01  -1.6883845e+00  -9.4213314e-01   1.5547737e+00   1.1060216e+00   7.2715989e-01   2.6987872e+00   9.5809196e-02  -1.3294051e+00
   2.0000000e+00  -1.3277263e+00  -1.0388456e+00   2.9907348e-01   1.3457313e+00   6.5141012e-01  -1.7050243e+00   1.4742847e+00  -5.2419657e-01   9.2369052e-02   1.2711788e-01  -4.6445706e-01   3.7238552e-01   2.6629353e-01   1.2673690e-01  -8.4306246e-01  -1.0148839e+00   1.3899254e+00  -4.3771222e-01
   1.0000000e+00  -5.4793380e-01   7.6379569e-01   1.4585737e+00   1.4551509e+00  -1.2274715e+00   7.8089763e-01   1.9571571e-01   9.8134644e-01   3.8423274e-01   3.8326499e-01   5.2487935e-01  -4.8095464e-02   4.4771748e-01  -1.1420468e+00  -1.7077607e+00   8.4669938e-01  -4.2601464e-01  -1.2479944e+00
   2.0000000e+00  -9.4419548e-01  -6.2705772e-01   9.2726004e-01  -3.7892909e-01   8.0293128e-01   1.6599941e+00   1.2757558e-01   1.0521888e+00  -4.0282524e-01  -1.5603157e+00  -9.9792847e-01  -4.0808099e-01   2.6596236e-01  -3.3556913e-01   1.9620562e+00   1.4112748e-01   6.6289971e-01  -1.6078368e+00
   2.0000000e+00   8.0382524e-01   5.5429493e-01  -2.1601379e+00   5.4993918e-01  -9.2355650e-02  -8.9100936e-01   1.4840396e+00   6.1801038e-01   4.6020098e-01   4.4034100e-01  -5.7522312e-01  -8.1868320e-01   1.6877330e+00   2.1972408e-01   2.0081575e+00  -3.4138770e-01  -7.4534759e-01  -1.5946913e+00
   2.0000000e+00  -1.7454835e+00   9.6219584e-01   2.2235635e-01  -2.4135734e-01   3.1380609e-01   1.9313949e+00  -9.2072584e-01   2.0603147e+00  -1.5254882e+00   1.2772088e+00   3.3430901e-01  -9.8922880e-01   5.5189756e-01  -1.9368235e-01  -1.6118604e-01  -3.7449304e-01  -2.2933901e-01  -1.4634809e-01
   2.0000000e+00   2.5217309e-01  -2.9646739e-01  -3.0914312e-01   9.3712422e-01  -1.0082913e+00  -3.3279890e-01   4.7979226e-01   7.2732445e-01   1.9382394e+00  -5.1647829e-01   2.1833867e-01   9.7936309e-02  -5.7565737e-01  -1.6992522e+00   6.4435458e-01  -1.1990721e+00  -1.0626233e+00  -9.5046397e-01
   2.0000000e+00   8.8601248e-02  -7.9453409e-01   1.3059362e+00  -1.1537400e+00  -6.6115386e-01   1.2960412e+00  -4.2669323e-01  -1.1410844e+00   9.9635555e-01  -2.3019913e+00  -1.3886875e+00  -1.0917822e-01   2.3926333e-01   9.6033764e-01  -9.8324036e-01   1.4919842e+00  -2.0934065e-02  -5.6177150e-01
   1.0000000e+00   1.1694896e+00   1.0672974e-01   9.1746319e-01   2.6073537e-01  -7.0991624e-01   3.1416733e-01  -9.6916263e-01   1.1560772e+00  -2.3430465e-01  -4.6910021e-01   1.0446369e-01  -3.3579115e-01  -1.2016345e+00  -4.9944881e-01   1.5998951e+00  -5.2493255e-01  -3.1198358e-01   1.2559742e+00
   1.0000000e+00  -8.5064883e-01   3.2093846e-01  -1.1602921e+00  -9.7775781e-01   4.7122846e-01   6.7640577e-01   8.8236114e-01   3.2809206e+00   1.6756743e+00  -1.3597398e+00   1.5716019e+00   1.9040141e-01   3.1035571e-01   1.8150139e+00  -1.4963721e+00   2.5163191e-01  -1.5474967e-02  -9.5574868e-01
   2.0000000e+00   1.6704478e+00  -1.2582880e+00  -8.3806254e-01   1.2962336e+00   8.6028724e-01  -1.5781500e+00   6.5767523e-01   1.6413009e+00  -5.9071909e-01   1.3182805e-01  -2.6230187e-01  -1.0998124e+00  -1.0751400e+00   1.2675821e-01   3.3602027e-01  -1.0588755e+00   1.6660823e-01   2.8991497e+00
   2.0000000e+00   7.3483904e-01  -1.1675285e+00  -3.6685489e-01   1.2747774e+00   1.0632916e+00   4.2346303e-01   6.7563747e-01   1.5530306e+00   6.0733276e-01  -1.2096309e+00   1.5967413e+00  -5.1267168e-01  -5.4821734e-01  -1.5607379e+00  -5.7895563e-01  -2.1165830e+00  -8.9766511e-01   1.5148831e-01
   2.0000000e+00   9.9112328e-02   7.4359873e-01  -1.5849687e+00  -1.0312360e+00   1.9189761e+00  -7.9452539e-01   1.4025676e+00  -1.6878029e+00   2.7474683e-01   2.9287407e-01   2.2761911e-01  -3.9560777e-01  -1.1960498e+00   1.2500790e+00   1.0815627e-01  -8.0836981e-02   1.0161686e+00   9.2642086e-01
   1.0000000e+00   1.7704367e+00   1.1024936e-01  -3.7838527e-01  -8.9030642e-01  -4.4429745e-01  -1.1549734e+00   7.5455741e-01  -6.5700672e-03   2.9067652e-02  -8.7632146e-02  -3.3547719e-01  -1.3859722e-01  -1.2846797e+00  -5.0069407e-01   1.0138433e+00  -8.7579777e-01  -1.1935812e+00   4.1771933e-01
   2.0000000e+00  -1.0498876e+00   1.0479523e+00   1.4799057e-01  -2.9951149e+00   6.7880052e-01   4.8368500e-01   3.3339079e-01   3.0098156e+00   5.4710876e-01   5.0090200e-01  -7.2790291e-01   8.8844983e-01   5.2832689e-01   1.1531952e+00  -7.2452147e-01  -8.9438254e-01   1.8020152e-01  -1.9588565e-01
   2.0000000e+00   1.4679095e+00  -1.1188484e+00   7.9763715e-01   1.3874591e+00   1.5435879e+00  -3.1003720e-01   5.0834165e-01  -2.8542810e-01  -1.8753498e+00   1.5423085e+00   1.1751187e+00  -6.4487999e-01   1.0439423e+00   6.6034685e-01  -9.4187009e-01  -3.2249747e-01  -1.0535228e+00   1.2666325e+00
   2.0000000e+00  -5.8697495e-01   1.4389540e+00  -1.4028003e-01   2.3025971e-01  -3.1907274e-01   1.3026576e+00   1.2742276e+00  -5.7164483e-01  -1.0400725e+00  -7.5923421e-01   8.9842609e-01  -1.4338896e-01  -3.0354552e-01   6.0246647e-01  -3.9188489e-01  -5.0446362e-01  -7.6713925e-01   1.3811524e+00
   2.0000000e+00  -7.2281760e-01  -1.9711582e-01  -1.9607640e+00   1.9932722e+00  -1.9296976e-01  -7.5059448e-01   1.8134903e-01  -7.3765627e-01   9.0074033e-01  -4.4153553e-02  -6.7614617e-01  -6.4367732e-01   1.0302319e+00  -1.5764046e+00   1.0475676e+00  -5.4629128e-01  -1.8874425e-01  -7.6006854e-01
   2.0000000e+00  -1.6610483e+00  -3.9787959e-02  -2.0116771e+00  -1.8124496e-01   4.5299032e-01  -1.3865336e+00  -4.9419189e-01   1.9119091e+00   1.4138371e+00  -3.7718301e-01  -6.3024594e-01   6.6777265e-01   4.0161300e-01   2.2451456e-01  -6.0460254e-01   3.1660050e-01  -8.0119150e-01   3.6371579e-01
   2.0000000e+00   3.1932834e-01   5.1081242e-01  -3.4391683e-01  -1.8889801e+00  -7.3696633e-01   4.7413197e-01   1.4107002e+00  -3.2593782e-01   8.3873877e-01   7.1048317e-01   3.4152853e-01  -6.0977887e-01   1.8575675e+00   1.6939908e+00   1.8420956e-01  -1.1635805e+00  -3.7795486e-02  -2.4040855e-01
   2.0000000e+00   9.0765529e-01   1.3317468e+00  -1.5676857e+00   1.4821354e+00  -1.4970157e+00   2.9831825e-01  -2.9418324e-02  -1.2606601e+00  -1.8082496e+00   1.1412619e+00  -1.3853980e+00   2.7882213e-02  -5.2046308e-01  -2.6382385e-01  -2.5755268e-01   5.1535347e-01  -6.0818376e-01   7.9215083e-01
   2.0000000e+00  -7.6395695e-01  -1.2077629e+00  -9.7452562e-01  -3.3510767e-01   1.5459255e+00   1.7248897e-01   1.6433767e+00   7.9286773e-01  -4.8398840e-01   5.8869071e-01  -7.3747558e-01  -7.4018714e-01  -2.4630060e-01  -1.2627027e+00  -1.7705191e+00  -5.9714821e-01  -1.2651047e+00  -3.6424285e-01
   2.0000000e+00  -3.6957427e-01  -1.3439453e+00   1.2390469e+00   8.6940956e-01  -9.3338624e-01  -2.7805951e-01   7.1712164e-01  -7.7009465e-01  -1.5575436e+00  -8.5028447e-01   1.3068886e+00   4.0093876e-01  -2.2668754e+00  -6.8620150e-01   9.1675392e-01   1.5357238e+00   8.4772253e-01   1.9110440e+00
   2.0000000e+00   1.0429706e+00   1.5421157e+00   9.5821223e-01   1.8538939e-01  -9.8278427e-01   4.5142081e-01  -2.2723479e+00   2.2985643e-01   5.4944424e-02  -1.4398879e+00  -9.6089545e-01   1.5039647e+00  -2.4048507e-01   8.7811849e-01   1.5658740e+00   5.0377896e-01   8.6254452e-01   1.8522856e+00
   2.0000000e+00  -2.1029362e+00   3.6208803e-01   6.7920936e-01   2.8417615e+00  -7.6667872e-02  -2.1127067e+00   1.6364929e+00   1.8111141e-01   5.5439685e-01   3.4472837e-01  -9.3926974e-01   2.1230661e-01   1.3538971e+00  -5.7072458e-01  -1.2333088e+00   1.4180815e+00  -1.8481027e+00   2.8986803e+00
   2.0000000e+00  -8.0962573e-01  -6.6337730e-01   4.5739603e-02  -5.5685060e-01   2.7154606e+00   1.0350239e+00   3.9523649e-01   1.7086196e+00   1.2929370e+00  -1.7612287e+00   3.8552567e-01  -2.9662771e-01  -3.2084631e-01  -5.2598960e-01   1.7940604e+00  -1.7864839e+00  -1.6058514e+00   2.7413748e-01
   2.0000000e+00  -3.6050376e-01  -1.1858088e+00  -1.3414433e-01  -5.4548888e-01  -1.3902193e+00   7.8983566e-02   4.3298001e-01  -8.8705488e-01  -5.7876214e-01   2.3816443e-01   2.9161908e-02  -1.9522813e+00   1.0367278e+00  -3.6411543e-02  -6.0559098e-01   3.8547156e-01   3.1766648e-01   2.5948193e+00
   2.0000000e+00  -7.4433113e-01  -1.3928803e+00   1.3481331e+00   1.7248949e-01   8.6716789e-01  -3.7145267e-01   9.7441057e-01   3.1854472e-01   1.1126215e-01  -1.4202350e+00   1.1139502e+00   1.1971040e+00  -1.2542287e+00  -1.8648041e-01  -4.4734920e-02  -4.7902737e-01   2.6922139e-01   7.0687352e-01
   2.0000000e+00  -2.0249138e-02  -5.1399733e-01  -6.1475092e-02  -1.4302660e+00   9.9065730e-01  -6.3232397e-02   7.0327456e-01   1.3205263e+00  -3.6307927e-01  -4.8215193e-01  -5.8001743e-01   4.0569323e-01  -6.8208079e-01   9.3441851e-01   1.8023954e+00   2.3423362e-01   1.7650487e+00  -4.7297704e-01
   2.0000000e+00   1.2678984e-02   8.2551107e-01   5.8510583e-01   4.6483357e-01   8.4134915e-01   4.8789260e-01   8.9774225e-01  -1.9733205e+00  -7.0668910e-01  -1.0351014e+00   8.0898788e-01  -5.3590262e-01  -2.2786989e-01   4.5042053e-01   5.1051346e-01  -1.0825773e+00   8.1628100e-01  -1.0589796e+00
   2.0000000e+00   1.4393226e-01   1.5570884e+00  -3.9661513e-01  -5.3731974e-01   4.1634172e-01   1.0676280e-01  -1.9520875e+00  -1.8578545e+00  -1.3166666e+00   1.4628920e+00   1.4581340e+00   4.2183590e-01  -6.0323517e-01   6.8710673e-01  -6.2172723e-01   1.7660770e-01  -4.1040778e-01  -1.8980514e+00
   2.0000000e+00  -1.9808335e-01  -3.5200651e-01   1.3083387e+00  -5.8066222e-02  -4.1770835e-01   5.5573525e-01   2.9017809e-01  -3.0075278e-01   6.5065409e-01  -4.9138071e-01  -2.0548932e+00  -5.9850562e-01  -1.1981788e-03  -2.1289346e-02   2.1458412e+00   8.3798545e-01   4.0510385e-01  -1.0714223e+00
   2.0000000e+00  -1.6376893e+00  -3.1214795e-01   1.3308461e+00  -1.2508920e+00   1.4473916e+00  -2.3094297e+00   7.4113165e-01  -1.8825227e-02  -4.8958868e-01   1.5929283e-01   4.9252720e-01   5.3483349e-01   5.9547814e-01  -1.7082725e+00  -2.1026270e-01  -8.3785848e-01   1.0859074e+00   2.6378233e-01
   2.0000000e+00  -5.0553694e-01  -9.0733987e-01   7.8772525e-01  -1.8359318e+00  -4.2073912e-01   2.6779040e-01   9.7174093e-01   1.2887810e+00   1.3034409e+00   1.8247324e+00   7.7952134e-01  -1.0102220e-01   2.6540250e-02  -1.9851954e+00  -9.4785876e-02   1.0916851e+00   4.0370173e-01   5.4796397e-01
   2.0000000e+00  -5.4671927e-01   9.8399828e-01  -2.5968808e-01   4.5967175e-01  -8.9816772e-01   2.2727031e-02   4.7856984e-01   2.9352146e-01  -3.8044806e-02  -3.4932869e-01  -6.6767285e-01  -1.6297347e+00   4.6092292e-01  -2.7050993e+00   6.0048060e-01   7.2560420e-01  -3.2533609e-01   2.2112037e-01
   2.0000000e+00   6.6073751e-01   1.2365906e+00   7.4672811e-01   6.5852672e-01   1.0724762e+00   1.6430608e+00  -7.2965078e-01  -1.5120753e+00   2.9950686e-01  -2.1895950e-01   9.4196539e-01   9.8187187e-01   6.6227498e-01  -1.2361944e+00   9.1990676e-01   8.5068163e-01  -1.5840563e+00   4.6836768e-01
   2.0000000e+00  -7.7448007e-01   1.4824300e+00   1.5166433e+00   1.0246954e+00   3.0954447e-01   4.9529857e-01   1.6271950e+00  -1.4522629e+00  -1.2079862e+00   9.5146130e-03   2.9753989e-01  -4.9386093e-01   1.2275567e+00  -5.6556829e-01  -7.4078345e-03   6.7167461e-01   9.7427804e-01   3.6026743e-01
   2.0000000e+00  -1.2971773e+00  -1.7073065e-02   1.8416647e+00  -1.0411218e+00   1.8375751e-01   3.9786081e-01  -2.0223052e-01   3.7032734e-01   2.2916107e-01  -2.2441214e+00   1.1937819e+00  -5.6071933e-01   9.4441866e-01   6.2702152e-01   4.4876954e-01   1.1300195e-01  -2.6450838e-01   3.1561145e-01
   2.0000000e+00   8.4785323e-03  -7.7422227e-01  -2.5547933e+00  -3.1715151e-01  -6.5748653e-01  -2.5046770e-01  -4.0272390e-01   1.6549233e-01   3.5604643e-02  -1.6159241e+00   1.7159112e-01   2.2672395e-01   4.2220186e-01  -1.6744523e-01   1.1986552e+00  -2.0706371e+00  -6.2960963e-01   8.0807141e-01
   2.0000000e+00   9.3529315e-03  -2.3258966e-01  -8.2722607e-01  -6.9532812e-01  -1.7113889e+00  -2.7300690e-01   3.4799475e-02  -1.7753519e-01   1.2715523e+00  -2.2770313e+00   1.5370064e-01   9.1148283e-01  -1.8662863e-01  -1.4344913e-02  -9.9190637e-01  -1.4793044e-01   1.0367897e+00   1.6914167e+00
   2.0000000e+00  -1.7207780e+00   7.3498917e-01  -5.1094848e-02  -2.1925698e-01   7.0190024e-01   1.4830636e+00  -7.2917342e-01  -1.6257540e+00  -1.7064123e+00   7.1807821e-01   9.3945339e-01  -1.1317086e+00   9.6189727e-02   1.2674451e+00  -9.4571690e-01   6.2022081e-01   1.6582588e+00   2.3119555e-01
   2.0000000e+00   4.2568013e-01   9.3293919e-01   8.0801548e-03   3.8781961e-01   8.3491877e-01  -1.9363271e+00  -2.8836877e-01  -8.9664336e-01  -3.7344909e-02  -1.4764945e-01  -3.2118414e-01   7.2835144e-01  -9.6970918e-03  -3.4004066e-01  -2.4147910e+00  -7.6312366e-01   8.7533733e-02   3.5961392e-01
   2.0000000e+00  -3.0447875e-01   1.3427884e+00   1.9814924e+00   4.4245153e-01  -1.0426977e+00   2.4407705e-01   2.0517152e-01   1.1197235e+00   3.5130950e-01  -1.6367164e+00  -1.0510302e+00  -7.0429363e-01  -9.7468365e-01  -1.5729740e+00  -5.1879165e-01   1.3201542e+00   1.3005534e+00   1.1528213e+00
   2.0000000e+00  -1.9832414e-01   1.1822075e+00   2.1979028e-01   5.5019378e-01   1.5227759e+00  -1.4867805e-01  -1.0826806e+00   1.3597911e-01   2.7687042e-01  -1.0628858e-01  -5.9135927e-01   7.9300834e-01  -3.7970807e-01   6.4005780e-01   1.0079018e+00  -7.2159337e-01  -3.2720017e-01  -3.2625797e-01
   2.0000000e+00  -8.7220541e-01  -8.7494455e-03   8.0331320e-01   1.7062775e+00  -1.2950870e+00   1.4498192e+00  -3.6264047e-01  -4.7590338e-01   1.4834820e+00  -9.3186125e-01   2.2347032e+00   4.1946682e-01  -2.5252610e-01   5.3618574e-01  -8.1929515e-01  -8.9352793e-02   5.8399368e-02   2.7057740e-02
   2.0000000e+00   1.3922724e-02   7.0524626e-01   1.0587674e+00   4.7880746e-02   1.4481096e+00   8.3439666e-01  -8.4335881e-01  -1.1612573e-01  -9.4427607e-01   1.5937450e+00   2.1506861e-01  -7.7937102e-01   1.0574580e+00  -5.9099212e-01  -2.3815858e-02  -4.1227177e-01  -2.3746577e-01  -1.1764059e+00
   2.0000000e+00  -8.1733923e-02  -4.6293890e-01   4.9450149e-01   1.5494847e-01   9.1424223e-01   3.6980927e-01   1.2165265e+00   3.0121697e-01   6.9273262e-01   1.0727991e+00   9.4193378e-02  -2.6915796e-01   1.6276204e+00   1.1713442e+00   8.2507939e-01  -2.8054308e-02  -6.8660041e-01  -1.0081913e+00
   2.0000000e+00  -4.4444737e-01  -1.3352761e+00  -9.3819512e-03   1.9122411e+00  -5.9498440e-01  -2.2033184e+00   2.8306954e-01   1.6971685e+00   5.2292735e-01  -3.0837272e-01   1.1368727e+00  -7.3955888e-02  -1.3419929e+00   4.8337942e-01  -1.0312341e+00   9.3689979e-01  -1.1851217e+00  -1.1710747e+00
   2.0000000e+00   8.6584103e-01   9.8931028e-01  -5.6971194e-01   7.7924419e-01   4.4745979e-01  -6.3758357e-01   1.3631147e+00  -6.8441643e-02  -2.9160753e+00  -1.4154839e+00   5.4541112e-01  -1.4729415e+00   4.1796786e-01   2.4970546e+00   1.7852585e-01   1.6269008e+00  -7.2578683e-01  -5.6738036e-01
   2.0000000e+00  -3.1172163e-01  -6.4102013e-01   1.3439353e-01  -9.9881830e-01  -1.9095172e-01   7.7353838e-02  -2.2074811e-01   8.0077628e-01  -1.0758531e+00  -1.8079242e-01  -8.4209526e-01   6.5837952e-01   2.0386860e-01   9.4254122e-01  -2.1258759e+00  -1.0335865e+00   4.8307467e-02  -1.6868557e+00
   2.0000000e+00  -1.2431348e+00  -1.0918538e+00   6.6629138e-01  -1.5824518e+00   8.6117659e-01   1.4546064e+00   9.7232955e-01  -2.0671268e+00   5.0992977e-01   1.3474816e-02   6.2339653e-01   6.0301980e-01  -2.3713098e+00  -2.3797787e+00   1.8199026e-01   9.0513840e-01   3.8194532e-02   8.3209680e-02
   1.0000000e+00   1.4125699e-01   1.1125198e-01   3.4954130e-01  -1.5050651e+00   1.7434134e+00   1.0420389e+00   7.3358913e-01   2.0051851e+00  -5.5642823e-01  -2.0021211e+00  -3.6136018e-01   8.1153404e-01  -2.4236363e-01  -9.6104325e-02   2.5041254e+00  -1.4065482e+00  -1.3168009e+00  -4.1446722e-01
   2.0000000e+00   4.2498901e-01   1.9483040e+00  -2.6374650e-01   1.5132433e+00  -6.7213516e-01  -1.8306876e+00  -2.0745415e-01   8.2134543e-01  -4.8482096e-01  -1.2105783e+00   2.0795512e-01   3.9372624e-01   8.9907146e-03  -4.9743245e-01   1.9340842e-01  -1.1046105e+00  -9.4118370e-01  -9.9644822e-01
   2.0000000e+00  -2.0277029e-01  -2.9195883e-01  -6.9461638e-01  -7.4578514e-01   4.4861758e-01   1.0319198e+00   7.4006871e-01  -1.6942244e+00  -6.9259705e-01   4.6195821e-01  -1.2586619e-01  -1.9784568e-01   1.2519331e+00  -1.0415471e+00  -6.3646974e-01   6.3328866e-01  -1.0911809e+00   1.4701650e+00
   2.0000000e+00   9.1245390e-01  -4.4607060e-01   1.3174189e+00   9.7579702e-01   8.0901985e-01  -9.8630111e-01   3.6490424e-01  -3.5838989e-01   6.0414747e-01  -1.1717289e+00   9.3728601e-01  -1.5890597e+00  -5.7224343e-01  -4.4608751e-01  -3.4160803e-01   3.6789896e-01   3.7507429e-03  -8.1820929e-01
   1.0000000e+00  -4.7495055e-01   4.7606868e-01  -4.2604029e-01  -1.2325331e-02   4.0638872e-01  -4.6091484e-02   3.4565208e-01   1.0984342e+00  -3.1492679e-01   9.7382524e-01   2.2456808e-01  -1.3305950e+00   1.2628389e+00  -2.5562892e+00  -1.3866372e+00   5.3811775e-01  -1.1847591e+00   6.1530849e-01
   2.0000000e+00   6.6746349e-01  -1.9209543e+00   4.4937061e-01   4.9882518e-01   3.9499785e-01  -6.4887469e-01  -3.0765838e+00  -9.2161947e-02  -4.5383695e-01   1.6740604e-01   6.3354850e-01   8.2402896e-01  -2.8915881e-01   1.0114820e-01   1.1858709e+00   6.7847794e-03  -1.8519123e+00  -4.8311106e-02
   2.0000000e+00  -8.1547384e-01  -1.2753957e+00   1.2154752e-03   1.4226057e+00  -1.6137118e+00   7.5789863e-01  -1.7083599e+00   1.9885675e+00   1.1998897e+00   2.5389080e-01  -2.1659445e-01  -2.4884282e-01  -6.6112342e-01  -6.1666173e-01  -5.4119177e-01  -3.5556702e-01   2.3619122e+00  -7.9812774e-01
   2.0000000e+00  -7.5766080e-01   6.4737691e-01  -3.5466783e-01  -2.9171310e-01   1.1618564e+00   1.1702315e-01  -1.1379166e+00  -1.5703674e-01  -4.8378325e-01   1.1905203e+00  -5.4692007e-02   7.3732110e-01   3.1671974e+00   2.0814072e+00   1.0076147e+00  -8.8043493e-02  -3.4577672e-01   5.2756740e-02
   1.0000000e+00   8.8280182e-01   1.6391704e-01  -1.0511209e+00  -5.4648025e-01  -2.1838834e+00   1.4899560e+00  -4.1062016e-01  -1.2089779e+00   2.9105278e+00  -1.1848853e-01  -4.7785351e-01   3.7773897e-01  -6.2664866e-01   4.1449743e-01   6.2544880e-01  -3.0072221e-01   6.9019605e-01   2.1956116e+00
   2.0000000e+00   7.3333573e-02  -7.6397650e-01   2.4549828e+00  -2.5687863e-01  -3.0998281e-01   1.1600240e+00  -1.1931334e+00  -5.4023080e-01  -1.3487808e+00   3.9589503e-01   1.2404021e-01  -5.1801466e-01   1.3332107e+00   7.4588623e-01   1.3455617e-01  -1.1639995e-01  -1.3617367e+00  -7.6774974e-01
   2.0000000e+00  -5.8346324e-01  -9.7348794e-01   3.8401639e-01  -7.6193874e-01   1.1201111e-02   1.7056124e-01   1.3607905e+00   4.0540775e-02   5.4099027e-01   3.1963212e-02  -3.4194336e-01  -1.0172825e+00  -4.2057714e-01  -7.6791271e-01  -4.7929758e-01  -5.7092278e-02   2.7127073e-01  -3.2493210e-01
   2.0000000e+00  -8.9194452e-01  -1.2183048e+00  -4.3186726e-01  -5.5970809e-01  -1.2115293e+00  -6.4879604e-02  -1.7619349e+00  -3.4727532e-01  -2.3556435e-01  -3.5426824e-01  -1.3700081e+00   1.9699169e+00  -7.5117648e-01   2.1395629e+00   1.7110391e+00  -6.2073450e-01  -6.7171258e-01   1.7911821e-01
   2.0000000e+00  -8.6325966e-01  -1.2898581e+00   5.7913105e-03  -3.6801398e-01   4.0046580e-01   7.3002340e-01  -1.4527277e+00   2.0719993e+00  -1.0588626e+00   9.5091701e-01  -5.7480595e-01   2.2465575e+00  -1.6149541e+00   8.9044822e-01  -1.0856677e+00  -9.6988191e-01  -5.2699086e-01  -8.3530739e-01
   2.0000000e+00   1.3183064e+00  -4.7061436e-01  -8.0875112e-01  -5.0515254e-02  -6.4029134e-01   2.1230287e+00  -4.8293907e-01   7.4708959e-01  -3.3646593e-01  -6.0591824e-01   7.6142870e-01  -8.1767265e-01  -9.0088869e-01   9.6591364e-01  -2.5252264e-01   3.0324636e-01   4.5970549e-01  -1.9389520e+00
   1.0000000e+00  -7.8252403e-01   7.5801442e-01   4.1966566e-01  -4.0353324e-01  -1.0434241e+00   5.6395821e-01  -7.2616363e-02   8.0017406e-01  -3.8333345e-01   2.6352074e-01  -6.4029720e-01  -1.4954910e+00   4.6413617e-01   2.0359079e-01  -9.7615280e-01  -1.1210241e+00   7.1874629e-01  -3.2699012e-01
   2.0000000e+00   5.7052127e-01   1.6157530e-01   1.4953509e+00   5.6805302e-02   2.6130531e-01   7.9482164e-01   9.9838793e-01   3.9747740e-01   2.7168928e+00   4.6140145e-01  -3.4798165e-01  -2.1523743e-01   8.2583403e-01   3.0412703e-01   7.0263798e-01  -5.7248272e-01   3.4039487e-01   2.9529666e-01
   2.0000000e+00   1.5972140e+00  -3.2393162e-01  -6.5273112e-01   2.5364814e-01  -2.1179529e-01   4.8390077e-01  -9.2598420e-01   7.1700903e-01  -1.6765163e+00  -9.6617488e-01   6.1101706e-01  -1.1055027e+00   1.3819151e-01   8.8405450e-01  -5.2843402e-01  -1.5764453e+00  -7.8145610e-01   6.6664646e-01
   2.0000000e+00   1.0672467e+00   8.0799786e-01   1.4780574e+00   1.2109146e+00  -1.8606243e+00  -1.3058221e+00   1.1939132e+00   1.4440992e+00   6.7991202e-02  -4.8497263e-01  -1.0278916e-01  -4.0772950e-01  -6.3536488e-01  -5.9187613e-01  -2.0394992e+00   1.5496570e+00  -1.1634873e+00  -2.7124041e-01
   2.0000000e+00   6.2442677e-02  -7.9278354e-01  -2.4622206e-01  -1.8932383e+00  -7.3422389e-01   1.2043933e-01  -1.0112363e+00   3.6531194e-01  -3.0256465e-01   1.0097509e-01  -1.3607216e+00   6.7918415e-01   8.3537194e-01   1.0401073e+00  -1.4241231e+00   6.4456673e-01   4.3411479e-01  -3.6805642e-01
   2.0000000e+00  -2.9716133e+00  -1.3869330e+00  -1.3741988e-02  -4.8651702e-01   3.1879328e-01  -6.2892277e-01   1.1140007e-01   1.0868611e+00   2.3538876e-01  -6.6036028e-01   7.3004614e-01   3.2116078e-01  -3.7112173e-01  -1.0065802e+00  -5.1757994e-02   1.1153533e+00  -7.7983443e-01  -1.6026669e+00
   1.0000000e+00   1.1577221e+00   5.7828230e-01   1.1295612e+00   3.1449147e-01   1.3189890e+00  -4.3552314e-01   7.4578322e-01  -1.2418152e-01   2.2182214e+00  -8.2272975e-01   6.9556130e-01   5.3326267e-01   1.9847306e-01  -1.4525646e+00  -1.9223258e+00   1.1934139e+00  -3.7422147e-01   2.1055472e-02
   2.0000000e+00   2.3579634e-01  -3.5844994e-01   3.9297615e-01   1.3931166e+00  -8.5464603e-01  -4.5698285e-01  -5.2207380e-01  -9.0501246e-01  -1.4355428e+00  -3.8282512e-01  -3.9368591e-01  -7.2336746e-01   1.4938954e-01   1.4006364e+00  -2.9373426e-01  -2.1347913e+00  -1.3673089e-01  -7.3129082e-01
   2.0000000e+00  -9.6744815e-01   8.8863882e-01  -3.5003327e-01   7.3981034e-01   1.9065129e-01   2.3736716e-01   4.6493608e-01   5.1618235e-01   1.4548931e-01   2.4049055e+00   1.6828854e-01   1.5770617e+00   1.4176330e+00  -2.1569238e-01  -1.1748496e+00   2.0752191e-01  -6.8651346e-01  -1.3851685e+00
   2.0000000e+00   7.6054514e-01  -1.6027496e+00   6.7764520e-01   9.3793325e-01  -1.5366568e+00   1.9190639e+00  -5.4178759e-01  -4.0910584e-01  -1.1500213e-01   1.2256783e-01   9.6509872e-02   2.4665082e-01   1.0517602e+00  -1.7290982e-01  -4.0393288e-01  -4.2340916e-01  -3.4617286e+00  -4.0712199e-01
   2.0000000e+00  -3.4185323e-01  -1.6181285e+00  -3.0009383e-01   3.5161527e-01  -5.1018153e-01   4.4460870e-01  -1.6647769e+00  -1.3215078e+00  -2.0700607e+00   7.7718110e-01   1.2986328e-01  -3.7773754e-01   1.4195392e-01  -7.2030416e-01  -1.9842763e+00  -4.5147773e-01   1.4695534e-01  -1.5644027e+00
   2.0000000e+00   1.1035876e+00   9.9520252e-01  -1.0658511e+00   1.0541131e+00   5.6730331e-01  -1.0305549e+00  -3.6082012e-01  -2.0967584e+00  -5.6042468e-02   6.4973290e-01   9.8935023e-01  -2.2241127e-01  -2.6304213e-01  -9.7111832e-01   2.3634094e-01   7.8267375e-02   1.3048578e+00  -2.9945875e-01
   1.0000000e+00   2.7362938e-01   1.9770238e-01   5.5434366e-01   1.4906400e-01   7.8744536e-02  -3.4466167e-01   6.9381721e-01  -1.6786483e+00   3.4747254e-02  -5.0460007e-01  -5.9761439e-01   3.8142905e-01  -2.6032111e-01  -9.8778428e-01   1.2070804e+00   5.8414387e-01  -1.0631564e+00  -2.0075122e-01
   2.0000000e+00   1.2895888e+00   2.4852509e-01  -1.8150325e+00   8.6418804e-02  -6.8869725e-01  -8.1999428e-02  -2.4490915e+00   1.0362707e+00  -1.3312326e+00   3.1015152e-01  -4.0424293e-01  -1.3250599e+00   3.8331292e-01   1.1050226e+00   6.4177690e-01  -2.0898731e+00  -9.3154840e-01  -2.8249288e-01
   2.0000000e+00   8.8614793e-02  -1.3107406e-01  -3.7972626e-01  -7.1772476e-01  -8.7643638e-01   4.1680485e-01  -1.0348230e+00  -3.8041956e+00   1.3513456e-01  -1.1945864e-01   2.0686034e-01   8.3438234e-01   7.7078726e-02   5.0763379e-01  -1.1079413e+00  -1.7880565e+00   1.7185159e+00   4.1479009e-01
   2.0000000e+00  -1.2967817e+00  -1.2041980e-01   2.4295194e-01   3.0310646e-01  -1.7058247e+00   1.3615058e+00   6.2578240e-02   5.2795761e-01   1.3975211e+00   9.9756055e-01  -4.1544211e-01  -1.1021669e+00  -1.9270532e+00   7.8096273e-01  -5.9753034e-02   1.3521181e+00   2.1728176e-01  -1.7905153e+00
   2.0000000e+00   7.6110823e-01  -8.3318594e-01   2.6770668e-01  -1.1468134e-02   1.4553156e+00  -1.1158654e+00  -2.5688164e-01   1.3463056e-01  -1.3212141e+00   1.5784466e-01   2.7336739e-02  -1.5629710e-01   1.1495950e-01  -2.4592840e-01  -3.0822179e-02   2.5178756e-02   3.4089265e-01  -1.1982587e-01
   1.0000000e+00   5.2959576e-01   1.1286358e-01   2.6175437e-01  -9.5305471e-01   5.2348047e-01  -4.4941770e-01  -6.6044470e-01  -1.8033140e+00   3.6761996e-01  -6.0537081e-01  -2.9180021e-01   1.6759185e-01   3.2989800e-01   5.5946829e-02  -2.2886764e-01  -1.5894979e+00   1.2421046e+00   6.7932177e-01
   2.0000000e+00  -5.4429073e-01   3.4877090e+00   6.4892018e-01   1.5556558e+00   8.8551826e-02  -4.9200800e-01   1.0407809e+00  -1.0456617e-01   4.3077979e-01  -1.5837778e+00  -1.1027080e+00  -4.8280751e-02   4.2032982e-01  -5.5050216e-01  -7.9515741e-01  -1.3777811e+00  -2.7373904e-01   1.5125590e+00
   2.0000000e+00  -5.5832453e-01  -1.4701735e-01  -1.5688003e-02  -2.4809517e+00   7.0939937e-01  -8.8927752e-01  -1.2584056e+00  -5.2340725e-01   1.3671693e+00   1.4977262e+00   4.1363129e-01   6.3044091e-02  -1.2589731e+00   5.3349021e-02   7.1320134e-01  -5.3761110e-01   2.2272088e-01  -1.4805562e+00
   2.0000000e+00   4.1717179e-01   2.1664385e+00   1.5028690e+00   1.5829422e+00  -2.2376971e-01   9.5035565e-02  -2.1449540e+00  -5.1121945e-01  -9.0976443e-02  -5.4090186e-01   1.0145054e+00  -1.1780614e+00  -1.2937839e+00  -2.1009593e-01  -2.9692542e-01   2.4801860e+00   7.9884314e-01  -1.6123195e+00
   2.0000000e+00  -1.6795483e-01  -1.5187371e-02   2.7344225e-02  -1.3716561e-01  -3.1218563e-01  -1.3128360e+00  -4.0503514e-01   2.4509543e-01   3.3278231e-01  -3.5609306e-01   2.2823312e+00   1.0907171e+00  -8.1296299e-01  -1.7988180e+00   7.8215227e-01   2.1961444e+00   2.9218715e-01   3.8529625e-01
   2.0000000e+00   1.0523636e-01   1.2745217e+00  -6.6024117e-01  -6.7633065e-01   1.2291381e-01  -1.0464605e+00   6.1329337e-01  -1.7803166e+00  -2.9302325e-01  -1.2397202e+00   8.3024091e-01  -1.6095872e+00   2.0477888e+00  -2.9966773e-01   2.1615714e-01  -1.2228474e+00   1.4351957e+00  -6.2463967e-01
   2.0000000e+00   6.3979864e-01  -1.3485912e+00   7.8090284e-02  -5.0513592e-02  -1.3871724e+00   9.2687453e-01   2.2035915e-02   1.1816256e+00   6.6901979e-01   7.6065234e-02   4.5069016e-01   1.4708171e+00   8.2158360e-01  -5.7988956e-01   2.0585645e-01   7.5679304e-01   3.7610152e-01  -4.4312005e-02
   1.0000000e+00  -4.0334916e-01   5.7491078e-01   8.6573484e-01   4.1734473e-01   9.8294051e-01  -3.5260326e-01  -3.9671761e-02  -2.0434571e-01   4.7057880e-01   1.3726724e+00   7.5393670e-01  -4.0052894e-01   6.3293717e-01  -1.1879641e-01   1.2860091e+00   1.0047036e+00   1.2573910e+00  -9.5867894e-01
   2.0000000e+00   6.4367524e-01   1.9382308e+00  -4.0406172e-01  -2.6541356e-01  -1.5128735e+00   1.1243960e+00   8.9772338e-02   2.9473396e-01   8.7498240e-01  -5.2000329e-01   2.9807647e-02   1.0751749e+00  -2.6259846e-01  -7.5548830e-01   1.6492030e+00  -1.0822766e+00  -1.3405928e+00   4.1794260e-01
   2.0000000e+00  -1.4606909e-02  -3.4207059e-01   1.5770755e+00   8.7812082e-01   1.0134085e+00   3.4969252e-02  -2.0414579e+00   4.9021886e-01   1.2315954e+00   9.0579651e-01   1.5375521e+00  -4.7312923e-01   6.4438656e-01  -2.5168036e+00  -1.5296058e+00  -1.0334631e+00   6.8333278e-01  -4.0559725e-02
   2.0000000e+00  -3.5435874e-01   6.9010648e-01  -6.6881765e-01  -4.4510671e-01  -1.7975011e-01   2.8775180e-01   8.6381425e-01   9.4245468e-01  -2.5802935e-01   1.5515494e+00  -9.5878615e-02  -5.3519718e-01  -7.2349440e-01   1.1045552e-01  -1.4803301e+00  -2.1694693e+00  -1.6597099e-01  -1.1674919e-01
   2.0000000e+00   1.2836211e-01  -2.6991231e-01   6.5959733e-02   1.9945029e+00  -5.3159420e-01  -1.3825593e+00  -7.4224788e-01   1.0716987e+00   2.3561093e-01   1.4425868e+00   6.3553555e-01  -2.6821569e-01  -6.9269862e-01  -3.2880001e-01   5.7526132e-02   1.5998945e+00   4.9238401e-01   8.3311949e-01
   2.0000000e+00   3.1661945e-01   5.4306167e-01  -5.0257414e-01   8.5474041e-01  -4.2831992e-01  -1.7836336e+00   1.4482466e+00  -7.0313311e-01   6.3636563e-01   2.9523135e-01   1.3664948e-01   1.2444613e-01   1.1516614e+00  -3.8270492e-02  -4.4636119e-01  -1.3077322e+00  -4.8541588e-01   1.1581737e+00
   2.0000000e+00   2.9419832e-01  -9.9268252e-01  -4.6153320e-01   4.2613821e-01  -5.7921956e-02  -1.8806993e+00   2.5194833e-01   1.2765225e+00  -2.1439580e+00   7.5361160e-01   7.8751636e-01  -7.5547626e-01   3.1947102e-01  -7.8361736e-02   1.0947344e+00  -1.3865609e+00   4.1262074e-01  -1.3263021e+00
   2.0000000e+00  -3.7610040e-01   1.5825575e+00  -3.6088082e-02   4.6110159e-01  -1.5104239e+00  -6.8830435e-02   1.6332672e+00  -1.1829266e-01   8.1225656e-01   1.4895085e-01  -1.5494641e-01   6.7193816e-01  -1.3195125e+00  -5.7674809e-02  -4.9987543e-01   9.1963604e-01   6.9863936e-01  -5.7498495e-01
   2.0000000e+00  -1.9637900e+00   2.9323808e-01  -1.4823960e+00   7.2483279e-01  -5.0710937e-01  -1.9291279e+00  -2.7424826e+00  -1.0175463e+00   1.7687050e+00  -9.7525981e-01  -2.1145541e+00  -1.2373209e+00   2.2673901e-01   4.0509303e-01   6.5194670e-01  -1.1467919e+00  -1.0245874e+00  -8.8782906e-01
   1.0000000e+00  -7.5439276e-01   2.0819352e-01  -5.6334168e-01   3.4246513e-01   1.0589553e+00   9.7371300e-01  -1.5515171e-01   3.1691898e-01  -7.7276743e-01  -9.0314281e-01  -5.2886793e-01   2.6825763e-01   1.9937486e+00   2.3081045e+00   5.1954769e-01  -5.7523539e-01   3.4911653e-01   4.3361654e-01
   2.0000000e+00  -8.3581156e-01   4.8244865e-01  -3.6057525e+00  -7.0960232e-01  -3.5519613e-01  -1.9429898e-01  -1.6184402e+00  -1.3072523e+00   9.8484103e-01   7.5476672e-01   5.3681772e-02  -5.4871699e-01  -2.4766995e-01  -2.2046268e+00  -1.2842048e-01  -9.7012983e-02  -1.0915906e-01   6.0957267e-01
   2.0000000e+00  -2.3048324e-01   1.3437320e+00   1.0140535e+00  -1.6439857e+00   3.7791965e-01  -6.8425227e-01   6.8255231e-02   9.8149545e-01  -1.1209662e+00   4.0892553e-01  -1.5933100e-01   9.2983268e-01   1.8625006e+00  -6.3298172e-01  -8.1813231e-01  -2.1793996e+00  -5.0158145e-01  -1.0379227e+00
   2.0000000e+00   3.8500493e-01  -1.1073581e-03   1.6540978e+00   6.2477983e-01   1.3660907e+00   3.0260965e-02  -9.6621576e-01   2.2017272e+00  -5.7819738e-01   1.5920198e+00   9.8643602e-01  -1.2378567e+00   8.6702319e-01   4.2028382e-01   9.8641007e-01   5.2700803e-01  -1.2346555e-01  -1.0099463e+00
   2.0000000e+00   1.5599306e-01  -5.5234868e-01   1.5275456e-01  -1.6874034e+00   1.7650291e+00  -7.3029062e-01  -2.5697280e-01  -3.5393472e-01  -3.7761857e-01  -1.3392445e-01   3.1599885e-01   9.5380813e-01   4.6067758e-01   3.7233314e-01   6.1941213e-01  -3.6653150e-01   1.7076577e-01   4.2952400e-01
   2.0000000e+00  -7.5133484e-03  -1.6335701e+00  -6.9518549e-01   4.6487246e-01   2.9336745e-01  -4.9051854e-01   1.0930140e+00   3.5819141e-01  -1.7112894e-02  -4.8228676e-01  -4.8703626e-01  -1.0532996e+00   7.8583503e-03  -8.8254606e-01   1.8166023e-01   1.1344682e+00  -1.1163009e+00  -8.2950572e-02
   2.0000000e+00  -3.0946675e-01  -1.8344000e+00  -1.8236848e-01   6.8630962e-02   1.8359913e-01   5.1768895e-01  -7.1591033e-01  -1.9998259e+00  -4.6971729e-01  -2.4624110e+00  -1.1589357e+00   2.6231778e+00  -8.3915697e-01  -5.7712386e-01   7.8630576e-01  -8.9169999e-01  -5.6662731e-01   8.9102483e-02
   2.0000000e+00   1.1385883e-01  -2.6458999e-02  -2.6415210e-01   9.3426521e-01   3.8044277e-01  -1.7415187e-01   1.0476351e+00  -1.4638425e+00   8.5936380e-01   6.0055428e-01  -9.9522556e-01  -6.9403984e-01   4.9516912e-01  -3.5498175e-01  -1.0399775e+00   6.0670615e-01   2.7481125e-02  -2.4372297e-01
   2.0000000e+00   6.7138316e-01  -3.4048858e-01  -9.1478519e-01   1.0508150e+00  -1.7038743e-02   2.0055063e+00  -1.3731253e+00  -5.5111550e-02   1.2306202e+00   5.4115157e-01  -7.7950720e-01   2.9082876e-01   6.6728126e-01  -3.5523769e-01  -1.1555936e-01  -4.5060373e-01  -2.3466811e-01  -5.5487533e-01
   2.0000000e+00   2.8731806e-01   2.0494848e+00   1.3699378e+00   1.9183697e+00  -4.6275566e-02  -7.8912957e-02  -1.2619001e+00   4.7042634e-01   6.6499772e-01  -1.4910767e+00  -1.0821094e-01  -2.0710125e+00  -4.4553176e-02  -2.3266560e-01   8.9140568e-01  -1.2706162e+00  -6.9099611e-01   9.9015099e-01
   1.0000000e+00  -1.1415127e+00   1.7880115e-01   9.2990888e-01   2.3543350e+00   2.1855577e-01  -1.3912484e+00  -4.8919817e-01   2.1302739e-01   1.0054423e+00  -1.7307572e+00  -7.1091519e-02   7.1288459e-01   5.3853168e-01  -2.5252954e-01   1.6704548e+00   1.1797415e+00   6.3584135e-01  -5.3109566e-01
   2.0000000e+00   3.2177767e-01  -3.1839969e-01  -3.3190967e-01   8.0895914e-01   8.2352888e-02   6.9719431e-01  -2.0968925e+00  -3.5613019e-01   4.3848464e-01  -2.4319149e+00  -5.1024051e-01  -1.3071273e+00   9.1047617e-01  -1.7459820e+00   1.3943752e+00   4.5583634e-01   4.5678528e-01   1.7224918e+00
   2.0000000e+00   8.9533738e-01   1.2328745e+00  -9.2712931e-01   7.8838193e-01   2.1668098e+00   1.0656269e+00   1.3774691e+00   5.1759614e-01   1.6260738e+00  -1.7006006e+00   7.1362250e-01   1.8627972e-01  -7.1373955e-01  -7.0145803e-01  -4.0331517e-01   6.1468931e-01  -1.6423803e+00   8.9055549e-01
   2.0000000e+00  -7.0334092e-01  -9.1413079e-01  -1.6135683e+00   1.5741415e-01   1.6338386e+00   9.0144665e-02   3.4882683e-01  -4.8471131e-01  -6.0132002e-01  -1.1272322e+00   4.8178163e-01  -7.5174937e-01  -2.0446050e-01  -1.0875869e+00  -1.7436167e+00   1.7280520e+00   1.0685422e-01  -2.5123600e+00
   2.0000000e+00  -7.5753091e-01   1.1434964e+00  -3.7115389e-02   3.3656957e-01   5.0482212e-01  -2.4252127e-01   8.0861675e-03  -6.9244883e-02   4.8401879e-01   4.8224840e-01  -4.9282286e-01   6.0209410e-01   4.4700343e-02  -1.4553351e-01   4.7490863e-01   2.1097218e-03   2.9771518e+00   1.5535752e+00
   2.0000000e+00   8.4678969e-01  -1.2337051e-01  -7.3827925e-02   9.1942523e-01  -1.2425740e+00   6.1449778e-01   6.1887084e-01  -2.7879785e-01  -2.8814000e-01   1.4392276e-01  -1.7970007e+00  -1.1047447e+00  -3.8676799e-01   1.3942821e+00  -1.0045428e+00   1.9094535e+00  -8.3397567e-01   4.7539048e-01
   2.0000000e+00   1.8331992e+00  -5.7733668e-01   8.7835924e-01  -1.1615327e+00   6.8932413e-01   7.7354018e-01   9.2393165e-01   1.3861067e+00   7.1156573e-01   4.9894133e-01  -1.8342377e-01   1.3158502e+00  -1.7958094e-01  -1.1803326e-01   1.2125862e-02   1.5725416e+00  -2.7261156e-01  -8.4125058e-01
   1.0000000e+00   6.6893040e-01   3.5390477e-01  -1.1501429e+00  -2.7591257e-01   1.8213432e+00  -5.4703420e-01   1.1344953e-01   5.8501841e-02  -1.1665814e+00  -2.1529254e-01   2.4237561e-05   3.0397607e-01  -1.1080959e-01   1.5065942e+00  -1.2475726e+00   4.2627410e-01  -8.0016113e-01   2.5440466e-01
   1.0000000e+00   2.4869473e-01   8.3764663e-01   6.2919922e-01   4.9461768e-01  -1.2375405e+00   5.6788971e-01  -3.9599704e-01  -2.3718728e+00   1.3701048e+00   5.0826628e-01  -9.8641467e-01   1.8402547e+00  -4.5811361e-01   1.1756657e+00  -5.0005433e-01  -6.0751010e-03  -1.3742785e+00   4.2348465e-01
   2.0000000e+00   7.3494034e-01   2.0200415e+00  -9.2725945e-01   1.1781302e+00   1.7951186e-01   9.0088460e-01  -3.3917517e-01  -1.2481778e+00  -6.9919054e-01  -6.4979016e-01   3.7237019e-01  -1.4033218e+00  -1.4555465e+00   7.9470086e-02  -1.4842436e+00   6.2152940e-02   3.7742319e-01   2.0674802e-01
   1.0000000e+00  -8.7282659e-01   4.6451739e-01  -3.8552041e-01  -9.8409699e-01   8.8867933e-01   3.8995536e-01   4.3231108e-01   1.4453355e+00  -1.8131255e-01   6.9073193e-01  -1.7116301e+00   1.2329361e+00   1.1464119e+00  -7.1415002e-01   4.3991683e-01  -2.1854306e-01  -1.4987593e+00   3.4435411e-01
   2.0000000e+00   5.7676894e-01   2.8521736e+00  -4.6733388e-01   2.2744617e-01   1.4131316e+00   8.2006658e-01  -1.1881634e-02   1.1481984e+00  -1.3510018e+00  -1.7352526e-01   3.1958988e-02   1.6298076e-01  -3.0812970e-01  -1.1673381e+00   2.5485923e-01  -7.0274962e-01   1.3465414e-01   4.0395744e-02
   2.0000000e+00   6.4658740e-01  -1.0513436e+00  -1.3896379e+00  -6.3185698e-01  -3.2815642e-01  -6.6288917e-01  -1.3187886e-01   2.6607482e+00   5.6874644e-01  -9.5453611e-01  -1.2824311e-01  -2.5160859e-01   6.6367914e-01   3.1799183e-01   9.4336825e-01   4.5443432e-01  -2.2923486e-01  -1.5583277e-01
   1.0000000e+00   1.7825981e-01   3.2957331e-01  -2.3791737e-01   4.7785332e-01   4.2982964e-01   6.0307575e-01  -8.5923980e-01  -9.3555817e-01  -5.4690265e-01  -8.0199639e-01  -3.3938614e-01   1.3052266e+00  -1.6014521e-01   1.4016896e-01  -1.0016215e+00   1.7624463e-01  -2.8438006e-01   6.4409108e-01
   1.0000000e+00  -1.3634023e-03   5.2506649e-01   6.4855766e-01   1.0764914e+00   1.3643166e+00   8.1137958e-01   3.2382261e-02  -3.3218221e-01   1.2022102e+00   2.0517616e+00   8.8142275e-01  -6.2580543e-01   7.5022894e-01   1.9460582e+00  -3.3656202e-02  -1.2930709e+00  -5.1140182e-01  -2.2171749e+00
   2.0000000e+00   9.4152445e-01  -2.3599690e-01  -1.3549912e+00   1.3691237e+00   4.4694357e-01  -2.0070328e+00  -3.0698572e-01   9.2289072e-01  -1.0614138e+00   2.8479697e-01   1.7775741e+00   3.5545262e-01  -2.0464086e-01   9.8731653e-01   6.1143695e-01   9.6019154e-01   2.0600854e-01  -3.1560050e-01
   2.0000000e+00   2.0099458e-01  -5.7631656e-01   1.3553221e+00   2.0551734e+00   1.0711517e+00  -4.7677720e-01   7.4133415e-01   2.1972802e-01   9.9102306e-01   5.2348155e-01   8.1440764e-01   2.6264697e-01  -6.6659578e-01  -8.9418046e-02  -1.3145525e-01   1.9350375e-01   2.2908285e-01   2.6391878e-01
   2.0000000e+00  -8.9155422e-01  -9.8665426e-01  -3.5799207e-01   5.0985884e-01  -1.1696308e+00   2.5434372e-01  -1.2695878e+00  -1.4200824e-01  -3.6411990e-01  -1.9407474e-01   1.2981415e+00   1.6031033e+00  -7.3845292e-01   1.8121560e-01   1.6709122e+00   5.1059650e-03   1.1915513e+00  -4.3079410e-01
   2.0000000e+00   3.2720102e-01   2.2004045e+00   5.4438781e-01   2.0434294e+00   1.3247268e+00  -1.5910030e+00  -8.8116452e-01  -5.8781710e-01   1.2899866e-01   4.2086587e-01   2.1886254e-01   9.6679023e-01  -1.3236376e+00  -8.5950662e-01   4.4534872e-01  -8.2434375e-01   2.1149136e-01   9.5892743e-01
   1.0000000e+00   2.2694501e+00   2.2558346e-01   8.7744162e-01  -2.1203643e-01  -2.1422531e-01  -6.9492711e-01   5.1297746e-01   4.4830505e-01   4.3249133e-01   8.5452678e-01  -3.2144871e-02  -3.4054340e-02  -3.7575726e-01  -1.3169733e+00  -1.9091064e+00   6.4392376e-01   7.5573200e-01   5.6525793e-01
   2.0000000e+00  -4.8107977e-01   6.1744895e-01   1.7510175e+00   2.4099354e+00   4.8243731e-01  -8.4529929e-01   2.1229723e+00   5.8908885e-01   1.3736805e+00   2.3336278e-01   4.1503844e-01   1.2128362e+00   6.5783463e-01   8.3425823e-01   5.4655738e-02   2.2951124e-01  -9.1634403e-01   6.5319077e-01
   1.0000000e+00   1.5375404e-01   1.0901511e-01  -1.1206160e+00   1.4298752e+00  -1.5058491e+00   1.4835010e-01  -2.7008107e-01   3.4714380e-01   9.5882276e-01  -6.5803886e-02   1.0675274e+00   1.1692407e+00   1.0924269e-01   5.9801683e-03  -1.2451862e+00   1.1635894e+00  -7.6193525e-01  -4.5936560e-04
   2.0000000e+00  -9.3078724e-01   6.0042670e-01  -4.2850200e-01  -5.2169790e-01   2.1259128e-02  -1.8254257e+00  -1.0581693e+00   3.9402867e-01   1.2174520e+00   4.2975723e-01   7.5310137e-01   1.4800416e+00   1.4773384e-01  -1.1402463e+00   9.3195481e-01  -9.1798193e-01  -1.4622164e+00   1.6160583e-02
   2.0000000e+00   6.1267598e-01   6.9236007e-02  -3.7282917e-01  -7.2160196e-01   1.2561333e+00  -5.9067949e-01  -1.8698805e+00   2.7581772e-01  -3.2449334e-02  -1.6252577e+00  -3.3822799e-01  -5.6341137e-02  -7.9639502e-01  -2.1016567e-01  -5.9840499e-01   1.1020162e+00  -1.3532423e-01   1.2537582e+00
   2.0000000e+00  -5.7488088e-01  -1.1913573e+00  -1.8122054e-01  -2.5275226e-01  -1.1440465e-01  -2.2828133e+00  -1.8488524e-02  -3.7267385e-01  -1.6145657e+00  -2.0003457e-01   1.2904390e+00  -7.2927646e-01   1.9151881e-01  -1.4167088e+00  -4.0803886e-01   6.7792120e-02  -6.3787673e-01   5.5806278e-01
   2.0000000e+00  -5.5980721e-01  -1.1326091e+00  -1.2178042e-01  -4.8408609e-02  -6.4869699e-01   1.0747553e+00  -3.5770904e-02   3.4040905e-01  -1.3449344e+00   7.7135311e-01   4.0616834e-01  -1.3011817e+00  -5.7320749e-02  -4.1513562e-01  -1.1925797e+00  -4.1105811e-02   6.1814079e-01  -1.1037043e-01
   2.0000000e+00   1.3703314e-01  -1.5336139e-01   5.9784974e-01  -1.8240108e+00  -3.0537420e-01   1.2864652e+00   4.0002183e-01   1.2267960e-01   8.6476382e-01  -4.4499228e-01  -2.9825028e-01   5.8629856e-01  -1.1919087e+00   1.2750145e+00   2.8923224e-01   1.1614546e+00   1.1476918e-01  -4.2170944e-01
   2.0000000e+00   2.2353482e-01  -2.4090755e+00  -3.8050086e-01  -1.9317503e+00  -5.6762924e-02   1.9116961e+00  -1.7070452e+00   1.6543145e+00  -2.5257708e-01   5.4523956e-01  -5.6804635e-01  -4.0070015e-01   6.8221044e-01   2.7260872e-01  -2.6863562e-01   4.2770593e-01  -1.2341717e+00  -5.4482435e-01
   2.0000000e+00  -9.8314245e-01  -2.1520681e-01  -9.5189755e-01  -8.6662172e-01  -3.4183425e-01   1.0686395e+00  -2.5758351e+00   2.7232598e+00  -6.3187604e-02  -4.2686283e-02   1.8654789e-01   9.8597883e-01   6.4666944e-01   1.0913026e+00  -1.6125333e+00  -7.9422492e-01   4.9682893e-02  -1.9267839e+00
   2.0000000e+00   1.8208365e+00   1.9150857e+00   6.5344824e-01   5.3083148e-01  -3.8281178e-01  -1.1011200e-01   6.1718225e-01   1.9659874e-01  -2.8693664e-01  -1.3642290e+00  -1.4196386e+00   7.7115218e-01  -2.9777759e-02  -8.1964618e-02   1.1331996e+00   1.1648105e-01  -4.3554383e-01   5.6853842e-01
   2.0000000e+00   5.4602419e-01  -1.5447026e+00   1.6852407e+00  -1.1393180e+00  -8.2486978e-01  -2.3377802e-01   7.3323335e-01   6.1329767e-01   9.1320446e-01   2.5892974e+00  -7.3261546e-01   1.1841795e+00  -1.3019216e+00  -2.3287881e-01   4.8592843e-01   5.3106703e-01  -8.5058641e-01   9.9350513e-01
   2.0000000e+00   8.2675574e-02  -1.2319681e+00  -1.3078377e+00   6.5174604e-01  -1.6472357e+00  -3.0847269e-01  -4.8008977e-01   5.9315342e-01   2.7477865e-02  -4.8732117e-01  -8.4393353e-01   1.5917988e-01  -1.6601169e-01   1.2240881e+00  -3.4293060e-01   1.0489860e-02   9.9986059e-02   3.0413467e-01
   2.0000000e+00  -1.3341659e+00  -2.1959641e-01   1.7371484e+00  -1.6070080e+00   1.0000721e+00   9.4550238e-01   3.7171312e-01  -5.7294977e-01   1.0124944e+00   4.8520673e-01   1.1241184e+00  -5.3328439e-01   2.9006257e-01  -9.2234248e-02   7.3038269e-01   6.7516453e-01  -8.1961178e-01  -7.3726908e-01
   2.0000000e+00  -7.8085857e-01   1.2391091e+00   6.1800043e-01   4.4164873e-01   1.5868919e+00  -1.8157937e-01  -8.0466056e-01   5.2191741e-01  -1.2524766e+00   6.4075822e-01   1.0211152e+00   2.1048954e+00   8.1751380e-02  -1.7861663e+00  -2.8553782e-01  -1.7208055e-01  -1.0066920e+00   2.4803970e+00
   2.0000000e+00  -1.4694886e-01  -9.9617987e-01  -1.3290234e-01   9.6939380e-01   3.7557000e-01   2.0288883e+00  -7.3455727e-01  -7.9875520e-01  -1.9126294e+00  -5.1718956e-01  -1.2590649e+00  -1.8030820e+00  -8.7429182e-01  -1.6188921e-01   6.8768200e-01  -3.7355354e-01  -2.3337956e+00  -6.4854060e-01
   2.0000000e+00   1.7917652e-01   1.2136755e+00   9.0671983e-02  -1.4976287e+00   9.3711641e-01   4.8975031e-01  -2.4820395e-01  -4.1383697e-01  -1.2445211e-02   1.4681850e+00  -7.4091243e-01  -6.3472023e-02  -1.8287667e-01  -3.1386401e-01  -1.7936457e+00   5.2283491e-01   5.1706100e-01   1.9290971e+00
   2.0000000e+00  -1.7142221e+00  -1.0631836e-01   6.1463776e-01  -6.6862516e-01   1.6744066e+00  -4.9831609e-01   2.4097618e-01  -3.5692034e-01  -8.2162435e-01  -1.1688493e+00   7.0879329e-01   1.6883379e+00   1.0818384e+00   6.2641866e-02   1.7252607e-01  -5.8888874e-01   1.6281775e-01   4.4003705e-01
   2.0000000e+00   1.1430939e+00  -9.8100881e-01  -7.7162187e-01   2.7367553e-01  -8.8133247e-01   1.3076370e-01   3.9081721e-01   9.4731937e-01  -5.9274905e-01  -1.1531993e+00  -4.2795017e-01  -1.6681174e-01  -1.9354939e+00   1.4790294e+00   1.3853495e+00  -2.7207075e-01  -7.6661432e-01  -7.0195237e-03
   2.0000000e+00  -1.0497195e+00  -9.1415828e-01  -1.1373632e+00  -2.7870291e-01  -1.0736147e+00  -1.9527614e-01   1.9427875e-01  -2.0047493e+00  -1.3748320e+00   1.9698845e+00   1.0373305e-02   3.0427667e-01  -1.6612504e+00  -9.7471283e-02   9.1171598e-02  -1.0707594e-01   6.9983855e-01  -1.5882464e+00
   2.0000000e+00  -2.4972581e-01   4.9180682e-01  -9.5694372e-02  -3.3390390e-01   1.0799886e-01  -1.0818391e+00   1.1290382e+00   1.4201239e+00   1.2361610e-01   9.4022651e-01   8.5001326e-01   1.1679796e+00  -1.3329274e+00   3.8642080e-01   1.3826049e+00  -1.4031556e-01  -1.2558947e+00   1.2439945e+00
   1.0000000e+00   9.6261974e-01   7.6865247e-01  -7.7946492e-01   3.8507692e-01  -1.2219179e+00   3.8691168e-01   2.8467431e-01  -1.1122932e+00  -3.4075452e-01  -2.1570637e-01   2.7139376e-01   1.2502283e+00   8.8121037e-01  -2.1017186e-01   1.2146687e+00  -2.0667622e-01  -6.1285189e-01   1.4552792e+00
   2.0000000e+00  -2.5824946e-02  -2.3264454e+00   9.6609854e-01   4.7895302e-03  -7.3827154e-01   1.5598137e+00  -9.9584612e-01   4.1634829e-01  -5.4823582e-01  -1.4888646e+00  -5.7225197e-01   2.4793974e-01   6.2116658e-01  -4.6662208e-01  -2.8216516e-01  -1.7967098e-01   4.1260811e-01   1.9521960e+00
   2.0000000e+00  -4.1586495e-01   1.6438705e+00   8.3226457e-01  -7.6424875e-01   2.0791085e+00   6.1923579e-01  -3.2391948e-01   5.3585542e-01   6.0107772e-01  -9.4625578e-01  -2.4257798e+00   5.0583224e-01   4.6648023e-01  -4.6585495e-02  -2.4484591e+00  -1.1374463e+00   1.6887174e+00  -2.8373221e-01
   2.0000000e+00  -2.0733221e+00   1.5551343e+00   2.3601737e+00   2.7829338e-01  -2.0256564e-01  -2.8725106e+00  -1.9370900e+00  -9.7844580e-01  -3.6828472e-02  -1.6291284e+00   1.5831421e-01  -4.9206456e-01   4.2891827e-01   1.5400053e+00  -4.7771563e-01  -8.9077757e-01   1.4599882e+00  -1.4969640e+00
   2.0000000e+00  -6.0709988e-01   8.5984594e-01  -1.4407008e+00  -8.2676362e-01   1.2584657e-01  -4.9133281e-01   1.0740343e+00   5.4250720e-01  -5.0546313e-02   1.4026465e+00   3.7989242e-01  -8.7334082e-01  -1.5613460e+00  -7.1724996e-01  -5.9340782e-01  -7.1908447e-01   2.0516548e-01   3.2926475e-01
   2.0000000e+00  -7.8226544e-01   1.2394272e+00   4.6431078e-01   5.0728800e-01  -4.4584653e-01  -6.6340395e-01  -5.7076294e-01   1.0700237e+00  -5.4349603e-01   8.8577905e-04   7.6816025e-01   1.6450708e+00  -9.8854013e-01  -1.3045043e+00   2.3953339e+00  -1.2360549e+00  -8.9244366e-01   5.7092233e-01
   2.0000000e+00  -7.8412432e-01  -4.9871434e-01  -1.4054627e+00  -9.6124453e-01   7.5259542e-01   1.6016115e+00   4.0513050e-01   1.1743159e+00   1.7723718e+00   3.2664878e-01  -1.2533945e+00   2.0337486e-01  -1.8985913e+00  -1.3720259e+00  -1.1259862e-01  -1.9253743e+00   8.7157435e-01   3.1992271e-01
   2.0000000e+00  -2.2344886e-01  -1.0648921e+00   5.7846771e-01  -1.2769794e+00   5.3858199e-01  -1.0725989e+00   6.2261634e-01  -1.0365109e+00   1.0475675e+00   1.7812331e-01  -1.4763702e+00   2.8104199e-02   4.2647849e-01   1.5905061e+00  -6.3777717e-02   6.8017364e-02   1.3652900e+00  -1.7301768e-02
   2.0000000e+00  -3.5008442e-01  -1.3935793e+00  -8.1986267e-01   1.8466180e-01   2.4841705e-01  -1.1381162e+00  -7.4835034e-01   1.2203428e-02  -3.8084180e-01  -1.1537521e+00   1.3114953e-01   1.0074606e+00  -3.5612706e-02  -1.1525930e+00   1.0811208e+00  -4.0193659e-01   1.0433358e+00   1.2119500e+00
   2.0000000e+00  -1.4103225e+00  -2.1939860e+00  -1.7992030e-01  -2.4140857e-01   1.0149315e+00   1.2540513e+00   5.0544898e-01   4.5903135e-01  -1.7660300e+00  -6.0482458e-01  -7.2706166e-02   7.7025794e-01   5.1875012e-01   4.8233613e-02   2.9288449e+00   1.2783646e+00   5.0777153e-01   1.0942370e+00
   2.0000000e+00  -6.1491828e-01   1.4917112e-01  -6.2884125e-01  -4.4662791e-01  -2.0979525e+00  -6.0268047e-01  -1.6031732e+00   9.7267613e-01  -2.6903100e-01  -5.1277013e-01   1.0591709e+00   4.7640089e-01   1.5863311e+00   4.2129785e-01   1.4644477e+00  -1.5606632e-01   8.0959490e-02   4.1351261e-01
   1.0000000e+00   7.1185429e-01   4.6135077e-01  -2.3163436e-01   7.3095246e-01   7.2632837e-02   1.5589590e-01  -4.6854735e-03  -1.7912136e+00  -8.5075035e-01  -9.8550865e-01   7.6213041e-01  -3.1695784e-02  -9.1975322e-01  -1.2466418e+00  -7.9428078e-01  -2.0366749e+00  -3.6250705e-03   3.9627950e-01
   2.0000000e+00   1.4737129e+00   1.4193646e+00   4.9097842e-01   1.6992733e+00  -1.0774860e+00  -1.8553043e+00  -1.1506185e+00   6.6615347e-01   3.0541753e-01  -5.9594715e-01   1.0902289e-01   8.9666296e-01   1.5788445e-01  -7.7460013e-01   2.9606015e-01  -1.4835917e+00   6.8761817e-02  -9.5301652e-01
   2.0000000e+00  -4.6917106e-01  -4.1036609e-01   5.6365412e-01   4.1749656e-01   1.1154226e+00  -1.6700765e-01   1.2522726e-01   1.2722661e+00  -2.2739361e-01  -9.5096201e-01   3.8389881e-01   1.7578499e-01  -2.0259604e+00  -8.9489851e-02  -7.0301526e-01   1.0650904e+00  -6.9349846e-01  -1.6864776e-01
   2.0000000e+00  -7.6870480e-01  -1.7155134e+00  -3.6876641e-02   3.8376261e-01  -5.2822689e-01  -6.5623822e-01  -7.9636338e-01  -1.6312159e+00  -4.7042999e-01  -6.2590272e-01  -1.8146828e+00   8.2058073e-01  -5.4347728e-01  -1.3068677e+00   5.0832356e-02  -3.1955727e-02  -5.8816996e-01  -7.3919783e-01
   2.0000000e+00   3.1377939e-01  -1.4710339e+00  -1.8662331e+00  -4.1256780e-01   1.6077486e+00   3.7082494e-01  -2.6748819e-01  -1.1161440e+00   4.6190426e-01   6.0535248e-01  -1.2136968e-01  -1.8444998e-01   3.4849600e-01   2.0348079e+00   4.4276676e-01   2.3038014e+00  -4.6764174e-01  -1.2110818e+00
   2.0000000e+00  -1.3770509e+00   3.6052681e-01  -4.0923765e-01  -1.6973711e+00   1.8321184e+00  -2.5256908e-01  -2.0295503e+00   9.6762503e-02   7.1193085e-01   2.8177909e-01  -7.4016706e-01  -4.1193386e-01   2.0078988e+00  -1.0629938e+00  -2.3974845e-01  -4.8012224e-01  -1.6479735e+00  -8.8595151e-01
   2.0000000e+00  -9.9366449e-01  -2.0453347e-01  -2.2561487e+00  -2.0214876e-01  -8.1809346e-03  -8.3588432e-01   6.8266221e-01  -2.9256883e-02   1.6787443e-01  -4.8771893e-01   6.7422176e-01   2.2371987e-01   7.3913666e-01   4.9085893e-01   4.9469045e-01   1.1687531e+00   1.6568676e+00   1.0446386e+00
   1.0000000e+00  -1.8292132e+00   2.9437458e-01   1.7418088e+00  -5.2876907e-01   1.6923757e+00   1.4512411e+00   3.8140535e-01   7.1088659e-01  -1.3276074e+00  -1.6289035e-01  -9.9643013e-01  -9.6191284e-01  -1.0352711e-01   7.6875321e-01  -1.0538040e+00   1.2020910e+00   1.1642218e-02   1.2194579e+00
   1.0000000e+00   2.4458205e+00   4.8720169e-01  -5.1985028e-01  -2.3603018e-01   4.4282016e-01  -1.9906722e-01  -8.2467459e-01   2.0640353e+00   9.7783622e-02  -9.1347174e-01  -1.0821428e-01  -8.4195968e-01   2.1563252e+00  -1.1069646e+00   3.6939289e-01   1.3064284e+00  -1.8638947e+00  -8.0725961e-02
   1.0000000e+00  -5.3831942e-01   4.0434030e-01  -1.3085082e+00  -7.6559799e-01  -4.7157688e-01  -4.5612564e-01   8.1088953e-01  -3.9839710e-01  -8.7707851e-01  -2.8387171e+00  -1.1946950e+00   1.6818044e-01  -3.0092639e-01  -1.1558728e+00  -1.3720754e+00  -1.1453385e+00   1.3012740e+00  -8.0133487e-01
   2.0000000e+00   7.2536569e-01  -7.5226442e-01  -5.9405596e-01   3.9114370e-01   7.3888331e-01   1.3458006e-01   1.8203886e-01  -1.0708002e+00  -4.6670374e-01   5.8024587e-01  -2.2523661e-01   4.9324395e-01   4.5481832e-01  -7.5680542e-01  -5.5957025e-01  -7.4054343e-01   9.5255881e-02   3.4180990e-01
   2.0000000e+00  -2.8121629e+00  -6.8828455e-01  -1.3454448e+00   5.3643012e-01  -1.0328189e-02   1.0135287e+00   1.3035075e+00  -8.0053092e-01  -7.8967558e-02   6.0340980e-01   2.3340399e+00   1.1462851e+00  -2.1412908e-02   1.5234228e+00   6.3762334e-01   1.0082290e+00   1.9942735e-01   3.0472036e-01
   2.0000000e+00   3.4434317e-01  -3.6025584e-01  -9.2918557e-02   3.9806768e-01   3.8897176e-01   2.4950848e-01  -6.2988052e-01   3.4357588e-01   5.4462979e-02  -3.4344928e-01  -2.4823741e+00   5.7563509e-01   7.6983858e-01  -8.1661587e-01   1.5580274e+00   5.4841206e-01  -1.6665839e-02   1.1215174e+00
   2.0000000e+00   1.5678637e+00   2.1012717e-01   1.6528531e-02  -1.2314184e+00  -1.7423697e+00  -1.1882884e+00  -1.0390748e+00   3.2825450e-01   4.6982218e-01  -9.1030536e-01  -1.1520341e+00  -1.2045386e+00   2.8902938e-01   7.3484148e-01   9.3073736e-01   5.4400025e-01   2.0790842e-01   2.1695646e-01
   1.0000000e+00  -1.5107760e+00   1.4877961e-01  -1.9302615e+00  -1.0081024e+00  -2.8437037e+00   6.7345388e-01   3.4506800e-01   1.8782933e+00  -8.0410589e-01  -1.4078210e+00   1.2558186e-01  -1.1081830e+00  -3.6948563e-01   1.1331077e+00   1.6093673e+00   9.0578993e-01   3.6379972e-02   1.4176560e+00
   2.0000000e+00   1.6034329e-02   1.8708283e+00   9.2327079e-01  -2.4400543e-01  -7.7919802e-01  -8.3286478e-01  -6.3520951e-02   5.9190400e-01   2.3402249e-01  -1.8656624e-02   4.9985876e-01   6.2816323e-02   9.5965133e-01  -3.3861739e-01   1.0434187e-03  -1.0576299e+00  -1.3580216e+00  -1.3829831e+00
   1.0000000e+00  -7.6009816e-01   2.1557569e-01  -1.2517699e+00  -1.8828580e+00   8.0155201e-01   3.2087614e-01   9.6129252e-01   1.8254825e+00   8.4437489e-01  -7.4914387e-01  -1.9088427e+00   5.7492199e-01  -4.3739930e-01   3.2983521e-01   4.0944336e-01  -1.0506097e+00  -4.6008696e-01   2.1580836e-01
   2.0000000e+00   6.3640246e-01  -1.5318646e-01   1.6638248e+00   6.1152636e-01  -6.7129316e-01  -7.0957076e-01  -2.4270163e-01  -3.2387562e-01   1.3501980e+00  -4.0936937e-01   9.6444945e-01  -6.4143750e-01  -8.6607259e-01   6.3816600e-01  -7.6680331e-01  -4.7148222e-01  -3.2761139e-01  -7.6354870e-01
   2.0000000e+00  -1.0177073e+00  -1.1956629e+00  -1.2666022e-01  -4.8976413e-01  -1.1030243e+00  -1.0626907e+00  -2.0188993e-01   8.8827225e-01   2.0833570e+00  -1.1821447e+00  -2.9046365e-01  -1.2075770e+00   6.3129406e-02  -9.9852129e-02  -1.0131196e+00   1.7697449e-01   2.9868592e-01   5.9728233e-01
   1.0000000e+00   3.1970727e-01   1.0346507e-01   1.9133981e+00   2.2230945e-01   7.7401913e-01   1.1840043e+00  -9.6293277e-01  -1.2309924e+00  -8.4606084e-01  -1.1162382e+00   2.9178722e-01   6.6957457e-01   8.2119999e-02  -4.9811988e-01   1.3429138e+00   6.2084266e-02   2.2556426e-01  -1.4600449e+00
   2.0000000e+00  -5.7844491e-01  -1.2057632e-01  -7.0612583e-01  -2.0331527e+00   9.7910511e-01  -1.8933708e-01  -1.1055372e+00   2.0885567e-01   2.4379053e-01  -3.4035582e-01   1.1846207e+00  -3.5292363e-01  -1.2445821e+00  -1.1037085e+00   3.6793336e-01  -3.7360831e-01  -2.0437401e+00  -8.9162238e-01
   2.0000000e+00   1.1284681e+00  -6.3180736e-01  -2.2910784e+00  -1.8879079e+00   5.5714505e-01   5.5149398e-01   6.7062563e-01   7.8113086e-01  -1.3917462e+00   5.7754344e-01   5.4844682e-01   1.6256697e-01  -4.7191627e-01   9.4009534e-01  -4.6377811e-01  -5.5553192e-01   6.4611302e-01  -5.9450954e-01
   1.0000000e+00  -2.1611114e-01   3.7049470e-01  -8.6775300e-02   1.4018833e-01  -2.2844414e+00  -1.3606499e+00  -3.9891709e-01   6.9970971e-01  -2.1472800e+00   6.2989965e-01   1.3071222e-01  -4.2805546e-01   1.0322724e+00   2.0150793e+00   5.3401712e-02  -2.6319117e+00  -1.3749047e+00   1.0638887e+00
   2.0000000e+00   9.2885565e-02   6.5452980e-01   9.9604654e-01   3.7311178e-01   3.2608411e-01  -2.2920080e+00  -3.4534619e-01   1.0293784e+00   1.5617159e+00  -1.5925477e+00  -8.5144356e-03   7.7008343e-01   8.1783078e-01  -1.0691192e+00   2.5213931e-01   2.3115642e-01  -1.3789098e+00   4.1786824e-01
   2.0000000e+00  -1.4567186e+00  -5.8924294e-02   3.4251590e-01  -5.9497103e-01   1.9757246e-01  -7.6920052e-01   4.4141227e-01  -6.7164846e-01  -1.1734821e-02  -2.8966644e-01  -1.2610926e-01  -3.9370222e-01  -7.9103653e-01  -1.2881687e+00   1.8483077e-01   1.6883539e+00  -1.8982031e-01  -1.1166128e+00
   2.0000000e+00   3.4898371e-01  -4.1086074e-01   5.1868026e-01   1.1965114e+00  -1.6738427e+00   6.4819396e-02  -9.7553764e-01  -1.2379335e+00   8.1967635e-01   4.9212149e-01   1.8774958e+00   6.2886483e-01   1.4762626e-01  -6.6048775e-02  -2.3615884e+00  -2.2479798e+00  -1.0704096e+00  -1.1456567e+00
   2.0000000e+00  -7.8272866e-01  -2.0936476e+00   1.1337503e+00   5.4062041e-01   9.7114637e-01  -1.0082221e+00  -7.5443173e-01   1.8143658e-01  -8.0550223e-01   1.2596307e+00   1.5592745e-02  -3.8750342e-01  -4.6957033e-01   7.5062595e-01  -8.0569950e-02  -8.8057194e-01  -3.3915687e-01  -3.0916242e-01
   2.0000000e+00   5.7827131e-02  -1.4606476e-01   1.2458102e+00   1.5920617e+00  -2.3020297e+00   8.3551750e-01   1.3174916e+00  -4.5216219e-01  -6.2372891e-01  -4.8027795e-01   4.9970218e-01  -4.1811695e-01  -1.6559499e+00  -1.3208694e+00  -2.4808136e+00   4.0084545e-01  -9.2211215e-01  -2.6703781e-01
   2.0000000e+00  -8.8850553e-01  -1.6746243e+00  -5.0163241e-02   1.0777933e+00  -3.9239679e-01   5.1946077e-01   7.0071505e-01  -8.6494393e-02  -7.0565793e-01  -3.5582146e-01   1.2219820e-01  -1.1676198e-01  -1.0151388e-01   5.0843718e-01  -1.6431260e-01  -2.0885256e+00  -1.8852272e+00  -2.7697751e-01
   2.0000000e+00   6.5539562e-01  -6.3948759e-01  -8.4453878e-01  -9.7896086e-01  -6.4812563e-01  -3.5106116e-01   7.7949810e-01   1.2725159e+00   9.8933929e-01   3.5061664e-01  -2.3497626e-01   1.3296127e+00   6.7652461e-01   7.4718992e-01  -5.5722979e-01  -5.7785538e-01   3.1036759e-01   1.5684784e+00
   1.0000000e+00   2.1340808e-01   8.1396771e-01   6.3633524e-01   6.4868458e-01  -4.0944550e-01  -2.7668733e-01  -4.9646445e-01   9.6305382e-02  -1.7467806e-01  -8.3052392e-01   1.5886877e+00   5.8850114e-01  -4.3095996e-01   1.2088054e+00  -1.2421414e+00  -1.8707942e+00   6.8809733e-01  -1.3665419e+00
   2.0000000e+00  -1.2105407e+00  -1.0645999e+00   1.5673818e-01  -1.3660300e+00  -1.2698191e-01  -9.7470802e-01  -1.5159540e+00  -1.4536166e+00  -6.3283111e-01  -1.2440822e+00   4.5652810e-01   4.3150034e-03   2.1938562e-01  -3.0150707e-01   1.7995231e-01  -1.3236513e+00  -8.0736163e-01  -1.6718898e+00
   2.0000000e+00   5.4902668e-02  -2.0042937e-01  -7.6921913e-01  -1.1551987e-01   1.1979136e-01   7.2432686e-01  -1.4148778e+00   1.1029500e+00   8.6459795e-01   1.0996375e+00   1.5109521e+00  -1.9389897e+00   4.6254168e-01   6.3140754e-01   5.6695212e-01   7.7227304e-01   5.7484753e-01  -1.2612704e+00
   2.0000000e+00  -5.6504195e-01  -1.7701814e-01   2.1919595e-01  -1.3632461e+00   1.8839373e+00  -1.0429662e-01  -6.7321311e-01  -1.2850807e+00  -3.3716148e-01  -2.2187327e-01  -4.4128691e-01   9.2670739e-01   6.0792011e-01   1.8961189e+00   6.6244583e-01  -9.6870656e-02  -1.6229080e-01   1.0904598e+00
   2.0000000e+00   7.9287875e-01  -1.0578783e+00  -1.1987644e+00   5.4018301e-01   3.2882787e-01   1.2574569e+00  -6.8688216e-01   9.4855908e-01  -2.2342619e+00   7.5392256e-01  -1.5935763e+00  -8.2871245e-01   2.1894939e+00  -7.4368039e-01  -2.2137230e-01   2.1141811e+00   6.1879464e-01  -8.8859585e-01
   2.0000000e+00  -1.2097296e+00  -1.0261728e+00  -1.5987990e+00   6.1621889e-01   5.5603516e-01   5.7559561e-02   1.2496716e+00   8.2080941e-01  -3.5269636e-01  -7.3743706e-01  -1.9382500e-01   1.7395995e+00  -1.1220868e-01   5.8188104e-01   1.3626254e+00  -1.0314347e-01  -1.1574357e-01   7.0119152e-01
   2.0000000e+00  -1.9881388e-02  -6.7726468e-01  -4.0126340e-01   7.1142055e-01  -1.6484301e-01   1.3703766e-01  -1.6202022e+00  -1.0702014e+00  -1.0032336e-01   8.7298453e-02  -1.5589408e+00  -8.8339368e-01   6.4273516e-01   5.0207922e-01  -1.8374452e-02  -4.8398175e-01  -1.2534549e+00  -4.9853648e-01
   2.0000000e+00  -1.1378654e-01  -1.1970231e+00  -4.1285885e-01  -2.7733073e-01  -4.2653563e-01  -8.5096972e-01  -7.4892691e-01   6.3473176e-01  -1.0972594e+00  -3.1649271e-01   2.9688276e-01  -1.3860864e+00   2.0318722e+00   6.2606597e-01  -7.6314078e-03   1.2370379e+00   7.6889798e-02   8.2968016e-01
   2.0000000e+00   1.4015805e+00  -2.0028520e+00  -6.5708832e-01  -1.0466332e-01   6.9192519e-01  -3.5636387e-01   4.4845158e-01   7.8344552e-02   8.2764698e-02  -1.2794316e+00   9.3807601e-01   6.6689620e-02  -1.2013642e-01  -1.2707926e+00  -4.7961479e-01  -3.5943455e-01   1.0609424e+00  -8.5701519e-01
   2.0000000e+00   1.6681660e+00  -1.7319615e+00  -7.3281041e-02   9.2640179e-01  -4.7815887e-01   1.0323042e-01  -5.3292208e-01  -1.3001143e+00   7.1387288e-02   2.0387695e-01  -4.9778868e-01  -6.1058766e-02   1.1796168e+00   2.1378211e-01  -4.9190184e-01   2.0241181e-01  -8.7672289e-01   1.2359937e+00
   2.0000000e+00  -1.1226840e+00   4.9087451e-02  -1.1187855e-01  -7.8620523e-01  -2.7961734e+00  -1.1423051e+00   1.2118504e+00  -5.6351215e-02  -1.4585892e-01  -7.6851391e-01  -1.2931378e+00   1.7485502e-01  -3.8190732e-02  -1.3121407e+00  -2.0417246e+00   1.2688710e-01   9.2347337e-01   6.4219544e-02
   1.0000000e+00  -9.9137877e-01   1.3867158e-01   7.3833842e-02   9.6344223e-01   8.4575067e-01  -2.8354097e-01  -4.7515082e-01  -1.1693734e+00   7.5275674e-01  -1.4822414e+00  -7.4925788e-01   1.4075085e-01  -6.9390121e-01   1.2463677e+00  -9.3097105e-01  -2.7347664e-01  -2.6410470e-01   7.7015332e-01
   2.0000000e+00  -4.7834125e-01  -1.7030738e+00  -4.9665325e-01  -2.3533194e+00   1.2511109e+00   7.8845231e-01   3.4587337e-02  -2.5304620e-01  -7.4173136e-01  -4.8098584e-01   9.6235044e-01  -5.1359179e-01  -6.1643841e-01  -9.6608639e-01   1.1731121e+00   1.4655109e+00   8.5668031e-01  -8.2392474e-01
   2.0000000e+00   1.3005676e-01  -2.5408457e+00   8.5955458e-01  -3.0296544e-02   1.6530049e+00  -2.3451268e-01   1.1367080e-01   4.2942019e-01   1.7638547e+00  -1.0393679e+00  -1.1099994e+00  -4.3022119e-01   3.1119246e-02   1.9874943e+00   1.3554471e+00   2.8037247e-01  -9.0785708e-01   6.7354337e-01
   2.0000000e+00  -2.3181268e+00   4.8394551e-01  -7.2028771e-01   3.0553718e-02   1.2035912e+00   4.7254424e-01   1.7300664e+00   2.5185963e+00  -9.1174488e-01  -1.3047211e+00   5.5728628e-01  -4.2483444e-01   9.1128288e-01  -5.2553706e-02   1.0342119e+00   3.1951633e-01  -1.0060283e-01  -1.5152632e+00
   2.0000000e+00   1.7158286e-01  -2.6428688e-01  -7.0286422e-01  -8.4558474e-01  -2.2774541e-01   5.1672688e-01  -8.0444015e-01  -5.0918525e-01   1.0918331e+00  -4.4774349e-01  -4.9447871e-01  -8.2729150e-01   9.7766266e-01   2.3347654e+00   1.4816878e+00   1.3787652e+00   3.2853131e-01   2.3422942e-01
   1.0000000e+00  -1.3299890e+00   4.7979601e-01  -1.1391827e+00   3.0433649e-01  -1.0399451e+00   6.2587538e-01  -3.8031604e-01  -6.7118718e-01   1.1137444e+00  -1.0207604e+00  -4.6592727e-01   6.0872085e-01  -1.4330604e-01  -8.5731674e-02  -9.3423806e-01  -7.3823821e-01  -1.1875037e+00   6.1964099e-01
   2.0000000e+00  -1.3410900e+00   8.7925795e-01   7.0790528e-01  -1.6208341e+00   9.6547554e-01   2.7248795e-01   1.2929587e+00  -3.2732714e-01   1.0939683e+00   5.1897590e-01  -1.0624481e+00  -1.0608244e+00   4.6347589e-01  -1.2292799e+00  -1.2200878e+00   5.8085603e-01  -6.3180837e-01   2.2562717e-01
   1.0000000e+00   2.6277354e+00   5.0332357e-01  -1.5194003e-01  -1.8502980e-01   5.4533715e-01  -1.7089712e-01   8.6192023e-02   9.2065670e-01  -8.1058755e-01   3.3021991e-02  -4.9467601e-01   3.7545507e-01  -3.0575220e-01   4.8359051e-01  -9.6243920e-02  -1.2156286e+00   1.0873129e+00   8.0871300e-01
   2.0000000e+00  -3.7080863e-01  -1.7075812e-01  -7.5482433e-01  -4.0828342e-01  -7.6155945e-01  -1.5587301e+00  -1.0056556e+00  -1.3774515e-01   3.6599622e-01   8.4628516e-01   6.6836391e-01  -1.3676452e+00  -5.1483260e-01  -4.8996492e-01  -1.4818984e+00  -3.7297642e-01   1.6520369e+00   8.4387753e-01
   1.0000000e+00  -4.1479337e-01   7.9493956e-01   1.4828351e+00  -1.7162451e-01   1.7046213e-01   2.7747157e-02  -4.5410839e-02   4.8546427e-01   1.5552958e-01  -6.6752469e-01  -1.4625290e-02   4.6310114e-01   3.4032432e+00   5.5864838e-01   3.8029843e-01  -1.8306300e-01   1.6281537e+00   5.5591041e-02
   2.0000000e+00   1.0127573e+00  -4.7073814e-01   2.7663749e-01   1.2036115e+00   8.8314592e-01   7.8399506e-01  -3.0209187e-01   4.2431453e-02  -3.3503658e-02  -1.6667280e+00   5.2452132e-01  -2.5992944e-01  -4.9512783e-01   5.1507298e-02   4.8491429e-01  -6.4945091e-01  -1.4486305e-01   4.0496345e-01
   2.0000000e+00   3.5104302e-01  -1.1547157e+00   1.1711039e+00   4.5119408e-01   1.3842253e+00   1.3719097e+00   1.0691354e+00   6.4111314e-01  -1.0453189e+00   2.0435056e+00   4.1179201e-02  -1.0553554e+00  -1.1579015e+00  -6.1693547e-01   5.5204542e-02   3.0740736e-01  -2.5693689e-01   3.0437810e-01
   2.0000000e+00  -6.3722075e-01   1.8474273e+00  -1.5208134e-01   1.0429434e+00  -1.6195623e+00   5.3267046e-01  -2.9286745e-01   3.4686591e-02   7.5037802e-01   1.0772959e+00  -1.8471475e+00   6.7029554e-01  -1.6114362e-01  -9.4588836e-01   3.2711208e-01  -3.5431390e-01  -8.2049853e-01   4.1108411e-01
   2.0000000e+00  -9.4829549e-01  -3.6267789e-01   1.1713688e+00  -1.3485680e+00  -1.7941591e+00   1.1317582e+00   1.9532950e+00   5.0852660e-01   7.6254186e-01   9.0081898e-01  -8.3927886e-01   1.1756225e+00  -7.9294337e-01  -6.6272201e-01  -1.1625957e+00   2.3369025e-02  -2.7338974e-01   1.5870529e-01
   1.0000000e+00   3.5687186e-01   5.2391512e-01   1.1013430e+00  -1.4005769e+00   1.2254392e+00   6.9635951e-01   2.1195738e-01   1.1782071e+00   1.3189798e+00   1.0021669e+00  -1.7070982e+00   1.1674531e+00  -2.6917683e+00  -1.0844451e-01   1.0398617e+00  -1.1016200e+00  -1.1640232e+00  -7.2800285e-01
   2.0000000e+00   3.1004952e-01   4.3882590e-02  -6.1241371e-01  -7.3738731e-01   5.2491948e-01  -2.9587750e-01  -1.5094420e+00   7.9134230e-01   1.5617990e+00   1.0209036e+00   2.3397106e-01  -1.1298032e+00  -9.6314712e-01   8.1054671e-01   2.4881077e+00  -1.0972102e+00  -8.4505465e-02  -1.3020079e+00
   2.0000000e+00  -4.3478217e-01   9.8739422e-01  -3.4373907e-01  -1.9215847e+00  -1.1448106e+00  -2.2857410e-01  -2.8024121e-01  -1.1618708e-01   1.6073997e+00  -2.3160805e-02  -5.9767808e-01   5.8429853e-02   1.0189793e+00   9.0158842e-01  -5.8478343e-01   7.8630337e-01   7.5671687e-01  -1.6403755e+00
   2.0000000e+00   3.6159214e-01   1.2088166e+00  -3.0741732e-01  -3.5266311e-01   1.1952141e-01  -1.5810093e-01  -8.4844551e-01   4.7690175e-01  -1.7767234e+00   3.4694006e-01   4.2058431e-01  -5.2999271e-01  -6.4393015e-01  -5.5985329e-01  -9.8804759e-01  -5.2922422e-02  -4.0914099e-01  -4.3476839e-01
   2.0000000e+00  -7.0107425e-02  -3.7828356e-01  -9.6159256e-01  -7.8875078e-01  -1.4619591e-01  -1.1054560e+00  -5.8548343e-01   1.4884315e+00  -8.9113402e-01   3.0257231e-01   4.0370518e-01  -1.2867033e+00  -2.5907054e-01  -1.8244555e-01  -1.9760358e-01   1.6383214e+00  -1.4269387e+00  -8.7620929e-01
   2.0000000e+00  -1.9791907e-01   1.4773811e-01   1.4432917e+00   4.9043898e-01  -1.2254559e+00   7.1738262e-01   1.7118839e+00   5.6128763e-01   8.5525115e-01   1.0957348e+00   4.6023478e-01   4.2652610e-01   1.5830130e+00  -1.7930991e+00   1.2750968e-01  -3.1906109e-01  -2.6029344e+00  -5.7773146e-02
   1.0000000e+00  -3.1232154e+00   4.0581148e-01  -1.5517869e+00  -2.6125742e-01   5.1069735e-01   1.0537018e+00   4.0505490e-01  -7.9858359e-01   1.6867847e-01  -5.0162591e-01   2.7604397e-01   3.0155228e-01   4.8998958e-01   7.5959203e-01  -4.8979384e-01   8.7420533e-01  -1.0377085e+00   1.7925182e+00
   1.0000000e+00   3.8802078e-01   6.8640654e-02   1.7588266e-01   8.6668607e-01  -1.4700761e+00   3.8042742e-01  -2.6774180e-01  -7.1545473e-01   1.4162412e+00  -8.1966059e-01  -2.2747612e-01   8.1168887e-01   1.0373980e+00   7.2465823e-01  -1.2303232e+00  -8.5712358e-01   6.3875827e-02   1.3337011e+00
   2.0000000e+00   1.6171142e+00   1.2155070e-01  -9.7166903e-01   2.4424063e-01   8.7280080e-02   2.6912717e-01   1.8502337e+00   1.3929620e+00  -1.4186684e+00  -2.2645580e-01   1.5239370e-01   4.0977368e-01  -7.3037578e-01  -1.2180832e+00  -9.0452887e-01   1.2271704e+00   6.2441593e-01   1.0255217e+00
   2.0000000e+00   1.3694343e+00  -8.4589533e-01   1.2835194e+00   2.8457265e-01   1.4868664e+00   6.0819490e-01   5.3704433e-01  -5.1251677e-01   1.9915507e-01   1.4412923e-01   2.2833790e-01   2.4062052e-01   4.4687452e-01  -1.4791896e+00  -3.1231094e-01  -1.0379692e+00   1.2302658e+00   5.6066311e-01
   2.0000000e+00   1.7525761e-01   4.5446021e-02  -1.2929618e+00   7.2376156e-02  -1.0420917e+00   4.5974852e-01  -1.3759534e+00   1.1800123e-01   2.9441487e-01  -6.3811207e-01  -9.7562877e-01   4.5673525e-01  -8.4885357e-01  -6.0565190e-01  -4.2851311e-01   1.0028626e-01   6.4205505e-01  -1.2697666e+00
   1.0000000e+00  -1.4999023e+00   4.3472257e-01   6.2389030e-01   5.2935305e-01  -1.8202993e+00  -1.6406483e-01   4.8077352e-01   1.3152967e-01  -7.7809350e-01  -1.2662917e+00  -1.1905769e+00   5.9297982e-01  -9.4274073e-01  -6.6744782e-02  -1.5945220e+00   1.3684258e+00   4.1350984e-01   1.1879774e+00
   1.0000000e+00   2.1215789e-01   6.6254279e-01   3.9996056e-01  -4.7610278e-02  -5.6456403e-01   1.0447393e+00  -4.1912167e-01   1.5508795e+00  -1.2157071e+00  -7.7623071e-01  -1.0352613e+00   1.3474820e+00   3.9547004e-01  -1.2478229e-01  -2.8242578e+00  -2.4551441e-01  -1.6112014e+00  -9.3608395e-01
   2.0000000e+00   8.5775084e-01  -3.9342354e-01  -1.1471803e+00   7.6615653e-01  -7.9640947e-01   1.8457004e+00  -1.0541044e+00   2.2478108e-01   1.8098833e+00  -3.7865899e-01   1.5042990e-01  -4.7778342e-01   9.8021208e-01   1.0900626e+00   3.8298617e-01   1.9093532e+00  -1.8249522e-03   2.4789249e-02
   2.0000000e+00   5.6190251e-01  -9.0277061e-01  -3.8873684e-01   3.5456755e-01   1.2403116e+00  -1.0876505e+00  -2.9832828e-02  -4.7269525e-01  -9.8979951e-01  -4.8903179e-01  -1.3767486e-01   3.0295528e-01  -8.5233845e-01  -9.5806509e-02   1.0563720e+00   1.1472953e+00  -2.5586688e+00  -1.1581166e+00
   2.0000000e+00  -1.4139189e+00  -8.4037055e-01   1.3047519e+00   1.6457473e+00  -4.7397542e-01  -3.9424787e-01   1.4014958e+00   3.5774371e-01   1.2066760e+00  -2.2057957e-01   1.2798871e+00  -1.1634270e+00  -9.2321023e-01   2.3821755e-01  -2.0849702e-01  -1.0653392e+00  -1.5625289e+00  -8.5699822e-01
   2.0000000e+00  -4.1605357e-02  -1.3153363e+00   1.4272314e-01   1.4706034e-01  -9.1154330e-01  -8.3721353e-01   1.4258035e-01   1.4297547e+00  -1.5591466e+00   6.8126150e-01   4.3314313e-02   9.2635615e-02   5.7091951e-01  -5.1220217e-01  -5.9289023e-01  -4.9758128e-01  -1.1738152e+00  -1.0890620e+00
   2.0000000e+00  -2.4256084e+00   1.9632956e+00  -1.1721153e+00   1.2334365e+00   1.0771876e+00  -1.1799787e+00  -7.7827311e-01  -1.0749596e+00   1.4483619e+00   7.1962488e-01  -4.6857031e-01  -7.8902012e-01   2.0624796e+00   1.2018861e+00  -9.4384725e-01   3.2726502e-01  -7.3023408e-01   4.7997565e-01
   2.0000000e+00   5.0238472e-01  -6.2889439e-01   1.9635935e-01   7.5018270e-01   9.9181390e-01   4.6171836e-01  -3.5353495e+00   3.8273424e-01  -7.5563583e-01  -5.3479801e-01   2.7401208e-01  -9.7812024e-01  -3.2593459e-01   7.3416864e-01   4.0085046e-01   8.1582216e-01  -3.3190032e-01   2.8824580e-01
   2.0000000e+00   8.0110835e-01  -3.6225317e-01   4.8745642e-01   3.6127654e-01  -1.4378177e+00   8.0772506e-01   5.8971056e-01   5.8865662e-01  -4.9372150e-01  -5.0657368e-01   3.8071172e-01   7.7045910e-01  -1.3149809e+00  -1.5045839e+00  -2.3185641e+00  -2.8160613e+00  -3.8123033e-03   1.6775514e+00
   2.0000000e+00  -1.5871102e+00   1.0697206e+00   4.8081190e-01   6.7605999e-02  -9.0274688e-01   3.0763350e-01   7.5120710e-01   2.0395902e+00  -7.4221754e-01  -1.0648337e+00   5.1088819e-01   1.3894921e+00   6.8157480e-01   1.9740445e+00   9.0973122e-02   1.1598285e+00   1.2612846e-01  -6.6792218e-01
   1.0000000e+00   1.3913936e+00   5.7210159e-01   1.7379304e-01  -7.9111651e-01   1.0366192e+00  -4.9367393e-01  -3.8092523e-01   9.3788347e-01   1.1531386e+00   8.8941372e-01  -2.6434998e-01   1.8695598e-01  -5.9951480e-01   3.2222797e-01  -5.8051640e-01   2.2373866e+00  -1.1238047e+00  -2.9799876e-01
   2.0000000e+00  -1.4433745e+00  -2.7994508e-01  -9.8416237e-01  -1.4453985e+00  -1.9442292e+00  -3.1799623e-01   2.1682256e-02  -1.5411970e+00  -1.7126314e-01   1.3135811e-01  -1.2090956e+00   1.5822035e+00   4.2610334e-01   3.0940410e-01   1.2232055e+00  -7.4605402e-01   1.0179459e+00  -1.3753048e+00
   2.0000000e+00  -1.5870428e+00  -6.6636588e-01  -5.1769433e-01   1.6590701e+00   1.3607404e-01   1.1097165e+00   1.0739868e+00  -2.9363215e-01  -1.8236801e-01   2.3247173e+00   6.6057340e-01  -2.0417474e-01   3.8437653e-01  -1.4191096e+00  -1.7857326e+00   6.4260087e-01  -3.4517744e-01  -5.0493085e-01
   2.0000000e+00  -2.1820954e-01  -8.9923702e-01   1.4174721e+00   6.3604806e-01  -3.0106336e-01  -9.7170895e-01   1.8668915e+00   4.8261999e-01   8.5103790e-01  -8.6334208e-02  -3.7570018e-01  -8.6883306e-01   5.0453763e-01   1.4806524e-01   9.6819918e-02   2.5637626e+00   5.1987023e-01   1.9063773e+00
   2.0000000e+00   4.0224425e-01  -2.1884269e+00   7.3100270e-01   3.0887513e-01  -1.2119597e+00   4.0277242e-01   4.2797102e-01  -7.1878448e-01   7.6470735e-01  -1.2492000e+00  -4.1808701e-01  -3.1824383e-01  -4.7651774e-01   1.0593762e+00  -1.2231894e-01   1.2601295e+00  -1.6062139e+00   1.3372312e+00
   2.0000000e+00   5.2426348e-01   9.8956699e-01  -7.5523394e-01  -1.4668674e+00   7.4341891e-02  -5.6804887e-01  -1.9595773e+00  -1.0809518e+00  -1.5923000e+00   1.5379298e-01   3.7566068e-01  -9.8153926e-01   2.7078537e-01  -3.4857047e-01   5.4914660e-01   2.8309973e-01   2.0185593e+00   1.6186955e+00
   2.0000000e+00  -2.2386605e-01  -9.0793758e-01  -8.5659263e-01  -1.0422417e+00  -9.3003823e-01  -2.1188314e-01   4.4729842e-01   1.0924038e+00  -6.6057188e-01  -2.6050964e-01  -1.2802374e+00   1.4827425e+00  -7.6461237e-01  -2.4628065e-01  -1.3921010e+00  -1.6212075e+00  -3.9656344e-01   8.8116212e-01
   2.0000000e+00  -7.1518591e-01   6.3418771e-01   9.0010818e-01  -1.1056441e-01  -1.1520687e+00  -1.4196031e-01   1.1123646e+00  -2.1760304e-01   6.4592670e-02   1.1341197e+00   4.4575713e-01   1.1085573e+00   1.2490797e-01   7.2613672e-01  -1.4905035e+00  -3.3562613e-02   6.3154905e-01   7.8884466e-01
   2.0000000e+00  -1.3024041e+00  -6.5578169e-01   1.0346593e+00   5.6911746e-02  -1.0604084e+00  -1.3797957e+00  -6.8613308e-01   7.8698826e-01   3.3448006e-01  -7.7566017e-01   8.8503473e-02  -8.7408692e-01   5.5932842e-01   8.0137292e-01  -1.6231143e+00  -4.8840615e-01  -5.8170005e-01  -2.0690827e+00
   2.0000000e+00   1.2093930e+00   1.0137298e+00   8.5654067e-01  -5.1879002e-01   1.9733430e+00   5.5269968e-01   9.8993633e-01   1.0554816e+00  -1.2284922e+00  -1.0476452e+00  -8.4149961e-01   1.5249351e-01   1.0933165e-01  -5.8594446e-01   8.0728705e-01  -1.5464293e+00  -3.0863268e-01   1.1812859e+00
   2.0000000e+00  -9.6384648e-01   1.1154459e+00   3.0807092e-01  -4.0888134e-01  -1.3205880e-01   1.3086572e+00  -9.2438770e-01  -3.4595455e-02  -1.2189574e+00  -4.5311014e-01  -1.0677829e+00  -5.3309209e-01   5.5848465e-01   4.6354620e-01   1.6695728e+00   1.5511024e+00  -4.4933087e-01  -1.1119141e+00
   2.0000000e+00   7.0016385e-01  -5.1266582e-02   2.6358220e+00   3.9462434e-01  -3.0748363e-01   9.4100430e-01  -6.5474089e-01   2.4244519e-01  -2.2345506e+00  -2.6587000e-01  -8.6751696e-01   7.3066526e-01  -2.1507980e-02   2.2190322e-01  -7.6402609e-01  -3.6340241e-01   1.1715535e+00   1.0839184e-01
   2.0000000e+00  -1.5080219e+00   2.5897139e+00  -1.4262474e-01  -1.6431691e+00   9.3379256e-01  -3.4166091e-01  -6.2106457e-01  -3.0515833e-01   5.9831481e-01   1.0495208e+00   1.8266428e+00  -1.1007117e-02   2.0457438e+00  -3.5713455e-01   1.3464224e+00   5.0854641e-01  -4.3953319e-02  -2.9270726e-01
   2.0000000e+00   8.0329474e-01  -1.0384749e-01  -1.9306628e-01  -1.2463322e+00  -6.4736836e-02   1.2568309e-01   6.7881194e-01   2.0168043e+00  -6.1242027e-01  -8.2651830e-04   6.6920905e-01  -4.5466870e-02   1.3246856e+00   5.5652230e-01  -2.4981270e+00  -3.5169298e-01   6.4275484e-01   7.6857079e-02
   1.0000000e+00   8.6349003e-01   3.5598621e-01   8.2996183e-01  -2.3944558e+00   2.0398289e-01  -1.6524708e+00   2.0219526e-02  -1.1310557e+00   2.4859365e-01   1.4375915e-01  -1.1595046e+00   1.8858685e-01  -1.1525391e+00   1.8344691e+00   6.7346725e-01   8.5303821e-01  -2.7376224e-01   2.0728633e+00
   2.0000000e+00  -9.2256105e-02   2.2428158e-01  -3.0972004e-01   7.4197906e-01   2.0076938e-01   1.5924477e+00   1.6932143e+00   1.5758246e+00  -1.2681701e+00  -6.5467135e-02   7.6707408e-01  -2.6602042e-01  -4.7800119e-01   5.5988149e-01  -1.9396551e+00   7.9916339e-01   6.1911421e-01   2.7232764e+00
   2.0000000e+00  -1.3966608e-01  -4.4563893e-01  -4.7944786e-01  -1.8680179e+00  -5.8469649e-02   7.8613609e-01   4.2916675e-01   1.1757059e+00   1.5066890e+00   3.3690906e-01   1.0011618e-01  -1.0057709e+00  -9.9791114e-01   8.4461187e-01  -1.1122704e+00  -2.0155665e+00   1.5062952e+00  -1.1032091e-01
   2.0000000e+00  -4.7027409e-01   1.0136902e+00  -7.0369311e-02  -4.7489840e-01   1.0939543e-01  -2.3814410e+00  -3.7588795e-01   1.9199265e-01   2.2288730e-01  -4.5447524e-01   1.1826259e+00  -7.3750536e-01  -3.3382601e-01   1.1723255e+00  -4.3772117e-02  -9.5077767e-01   6.0700040e-01   4.1857525e-01
   2.0000000e+00   8.0098778e-01  -6.2948656e-01   4.7609888e-02  -3.1919316e-01   8.1587219e-02   1.3528891e+00   7.0986281e-01   5.7682811e-01  -1.3568163e+00   4.1667788e-01  -1.9119211e+00   9.8992236e-01  -1.7533238e-02   9.1078741e-01   8.5740939e-01  -1.8999926e+00   6.6380546e-02   1.0973145e+00
   2.0000000e+00   3.9196341e-01  -1.5493824e+00  -1.0944881e+00   1.7534546e-01   1.0147365e+00  -1.3201862e+00   1.0466996e+00  -6.5175565e-01   3.4058076e-01   7.2745465e-01   7.4028860e-01   8.2247591e-01  -5.1631950e-01  -1.2987812e+00  -2.9265437e-01   1.4181551e+00  -7.9774696e-01   1.2715095e+00
   2.0000000e+00   9.0443688e-01  -1.8403367e-01   5.7483277e-02   8.4712535e-01   3.5488810e-01   1.0427613e+00   1.0494205e+00  -1.6387962e+00   3.6699234e-01  -8.6503556e-01  -1.9498663e-01   2.3869844e+00   7.9094756e-01  -5.5426697e-01  -1.6581112e+00   1.5706789e+00  -3.4844238e-01  -4.2792416e-01
   1.0000000e+00  -5.5952479e-01   7.8928614e-01   8.3838312e-02   1.4522417e-01   1.9412263e-01  -8.4406958e-01   4.5645311e-01   1.0391177e+00   1.4878911e+00  -2.9947284e-01   7.5924014e-01   8.3450456e-01   1.4595876e+00   2.7943955e-01  -7.8668806e-01   9.9839496e-01   8.2342818e-02  -3.8632182e-01
   2.0000000e+00  -6.3864208e-01   7.5200323e-02  -1.3169715e+00  -1.7064561e-01   2.9050858e-01   6.0700746e-01   1.6663578e+00   1.0129384e+00   4.2819101e-01   1.3830799e+00  -1.4421146e+00   4.3136009e-01   1.3935240e+00   2.2872480e-01   7.9485943e-01   9.4880255e-01   1.9750391e-02  -7.2693478e-01
   2.0000000e+00  -9.0838443e-01   1.1234350e+00   2.4238673e-01   4.2272358e-01  -1.1016541e+00  -1.2274764e+00  -2.1457980e-01   8.4112673e-01   1.2010355e+00  -1.0194901e-01   3.1643830e+00  -8.5270553e-01  -1.1441083e+00   5.2166509e-01  -5.5976192e-01   7.7030441e-01   8.3245146e-01  -4.7778576e-01
   2.0000000e+00  -4.7712359e-01   9.1795356e-02  -1.5113762e+00   1.1314418e-01  -8.2110883e-02   2.2721534e+00   5.1469251e-01  -5.4977296e-01   2.1581591e-01   1.4539940e+00  -4.6963250e-01   6.1395351e-02   1.9282097e+00  -6.0449057e-01  -6.4362678e-02   3.2379517e-01   4.1192993e-02   4.0653380e-01
   2.0000000e+00   3.4811401e-01  -1.2285281e+00   1.0623611e+00   5.5038538e-01   1.0482395e+00   1.3595906e-01  -8.5520488e-01  -4.6291716e-01   2.9668972e-01   1.2239515e+00  -6.9128866e-01   8.8765041e-01   1.3345170e+00  -1.0410095e+00  -1.8804987e+00  -1.6097386e+00  -8.5167756e-02  -3.2556788e-01
   1.0000000e+00  -4.7982710e-01   3.8572613e-01  -9.3344241e-04  -2.6663639e+00  -9.7454183e-02  -9.9854493e-01   7.6556186e-01   5.8585506e-02   3.9875844e-01   1.1634219e+00   1.6217659e-01   8.6215765e-01  -7.0618876e-01   4.2651017e-01  -9.2778973e-01   2.4065912e-02  -2.1408888e-01   4.1207506e-03
   1.0000000e+00   5.8687793e-01   1.3957254e-01   6.3210739e-01  -6.5545696e-01  -1.5517988e+00  -1.7600426e+00   7.8409698e-01   8.2370313e-01  -2.6755793e-01  -8.0870355e-02   1.7859840e+00  -2.3795491e-01   2.3002150e-01  -2.5916495e+00  -9.2301131e-01  -2.9940379e-01  -7.0930917e-01  -1.4881020e+00
   2.0000000e+00  -1.1635917e+00  -3.0354293e-01   4.8842426e-01  -8.8723766e-01   7.1668850e-01   2.7707938e-02  -5.4640241e-01   9.0030797e-01  -4.4481996e-01   5.8979325e-01  -5.0938666e-01   4.5496262e-01   2.1338552e-01  -5.1411375e-01  -8.4329814e-01   3.7400089e-01   1.5131830e+00   5.6176792e-01
   2.0000000e+00   3.1068409e-01   1.8232637e+00  -3.5893342e-01   1.0330667e+00  -6.8848231e-01  -1.8834928e-01  -1.7726999e+00  -1.1352856e+00   1.9890934e-01  -1.1568818e+00   1.1003726e-01  -6.2800852e-01  -2.0330795e+00   8.6948120e-01  -1.6846098e+00  -8.4625742e-01  -4.3040813e-01  -1.3160502e+00
   2.0000000e+00  -8.9812386e-01  -9.5677517e-01  -1.2442352e+00   1.2743964e+00  -5.3911574e-02   2.6027514e-01   9.7103589e-01   6.0712647e-01  -6.2884671e-01  -3.7908283e-01   1.6879901e+00  -6.3541365e-01   2.7243412e-01   8.4556618e-02   3.0195481e-01   4.6772805e-01  -1.0302492e-01  -1.1024400e-01
   2.0000000e+00  -2.3342855e+00   2.7992807e-02   1.4273213e+00   8.1531231e-01  -1.2557352e+00   8.1815464e-01   1.9915918e+00   5.2364276e-01  -4.0011478e-01   6.7368226e-03   5.5485687e-01  -2.3311649e-01  -1.0510977e+00  -7.3064949e-01   3.8226808e-01  -5.6844735e-01   6.0464435e-01   5.0917863e-01
   2.0000000e+00   8.6970697e-01  -1.3429488e+00   1.5750155e+00  -1.6878195e+00   1.1557078e+00   3.0865076e-01   1.0842234e+00   1.5566851e+00  -2.4081509e-01   1.1762646e+00  -4.5894877e-01  -1.8128544e+00  -1.2290320e-01  -8.0588925e-01   1.1299482e-02  -9.6268237e-01   1.5256030e+00  -6.2856662e-01
   2.0000000e+00  -4.7723367e-01   9.4922139e-01  -2.5900450e-01   1.0599289e+00  -6.5642473e-02  -6.9298604e-01   1.2029475e+00  -1.4642631e+00  -7.9462722e-01  -4.9530516e-01   8.7117635e-01  -2.2305823e+00   1.1808116e+00  -1.2880983e-02   1.2542587e+00   1.4150221e+00  -6.4542194e-01   5.7601918e-01
   1.0000000e+00   7.3685495e-01   2.6935902e-01  -1.1186743e-01  -1.1786478e+00  -3.8610476e-01  -1.5379924e+00   6.7013718e-01   5.3514794e-01  -7.5447165e-01  -6.3002266e-01  -3.6190533e-01   7.5358884e-01  -1.0309665e+00   6.6059314e-01   1.6016699e+00   9.4182750e-01   9.6373420e-01  -1.0858788e+00
   2.0000000e+00  -4.6018359e-01   2.7276222e+00   9.0010324e-01   4.3486861e-01  -1.0612090e+00  -1.2145004e+00   5.5516541e-01  -8.6265336e-01   1.6366680e+00  -1.7946518e+00  -3.3959182e-01   2.8933652e-01  -1.2256050e+00  -1.4015508e-01  -3.7139466e-01   1.0447875e+00   5.9663470e-01  -2.1782378e-01
   1.0000000e+00  -1.2735994e-01   9.3883670e-01   8.9239926e-01  -5.5343707e-01   4.1515095e-02   5.0172443e-01  -2.8129158e-02  -3.7746144e-01  -7.3816907e-01  -9.9554785e-01  -7.2534555e-03  -1.2034531e+00   4.5658940e-01  -1.9124244e-02   1.1051199e+00   4.0442399e-01  -6.1615388e-01   4.2346290e-01
   2.0000000e+00   5.4519829e-02   1.9391892e+00   8.4552085e-01  -1.9501320e+00  -9.9074545e-01  -9.9699691e-01  -4.1731012e-01   2.0072443e+00  -9.8468019e-02   1.3408220e+00  -6.5114045e-01   2.7973243e-01   6.1849526e-01   4.1317893e-01  -7.7399341e-01   1.5881390e+00   1.3160002e-01   1.0515397e+00
   2.0000000e+00   5.4694373e-01   9.3418689e-01  -5.9203352e-02  -4.1825220e-01   1.0161574e+00  -3.6670337e-01   8.9455046e-01   3.3258785e-01   3.2013296e-01   5.1987187e-02  -1.3734900e+00  -1.5943582e+00   1.7719680e+00   1.5838811e+00   4.1949559e-02   8.4466156e-02   5.3194798e-01  -8.7577294e-01
   1.0000000e+00  -7.7241685e-02   4.2820471e-01   2.1573250e+00  -1.0482148e+00   1.7132436e-01  -5.8574365e-01   4.4353790e-01  -3.9049663e-01  -2.1565012e-01   1.0867027e-01   1.3743037e-01   2.1190778e+00   1.3957318e+00   4.7834032e-01   2.3758777e-01  -1.0125284e-01  -1.6797588e+00   2.7345782e+00
   1.0000000e+00  -1.5919586e-01   1.9124490e-01  -2.9126444e-01   1.4318461e+00  -9.7144732e-01  -8.4737750e-01  -4.4855964e-01  -4.4178715e-02  -1.8562383e+00   1.2151952e+00  -1.5405172e+00  -2.6446544e-01  -2.4418366e-01   5.9860090e-01   6.3675401e-01   1.0675772e+00  -1.1354964e+00   5.8264660e-01
   2.0000000e+00   8.0669529e-01   1.3265734e+00   1.1334374e-01   1.1186382e+00  -2.9885210e-01  -1.6759576e+00   5.0578961e-01  -2.8540752e-01   1.4991153e+00   6.2316172e-01  -1.9324527e-01  -1.2173702e+00  -1.7805364e-01   1.6575051e+00  -8.3718531e-01   5.8500551e-01  -6.8692785e-01   1.1214693e+00
   1.0000000e+00   1.4143644e+00   3.3848620e-01   3.2958992e-01   6.1818725e-01  -1.5036742e+00  -8.2990075e-01  -6.0814970e-01   1.3686915e-02   2.3000421e+00   5.0962871e-02   1.7089493e-01   9.2139748e-01   5.7112298e-01   5.8877493e-01  -3.1796193e+00  -9.5071955e-01   1.8845357e+00   5.6868371e-01
   2.0000000e+00   1.6986508e+00  -1.2355900e+00   5.4512407e-01   3.6155084e-01   8.6281505e-02  -4.9484886e-02  -3.4945278e-02   8.9788454e-01  -1.0617104e-01   8.4250566e-01  -1.7854241e+00  -7.8312038e-01  -8.2446006e-01   1.8197325e-01   7.2929166e-01  -2.9654221e-01  -2.3780641e-01   3.4534384e-01
   2.0000000e+00   1.0746690e+00   1.5127216e+00  -9.8491262e-01   1.0179185e+00  -7.3883373e-01  -6.3710335e-01  -5.5506637e-01   3.3029793e-01   2.3044508e-01  -4.5069255e-03  -1.0024382e-01  -4.5939607e-01   4.0650865e-01   2.0959887e-01  -1.0667077e+00   9.1564330e-01   7.4927363e-01  -2.3402001e-01
   2.0000000e+00  -2.9020278e-01   6.1990632e-01  -4.2542667e-01  -4.8009208e-01   1.7592806e-01   4.4383371e-01   1.3764523e+00  -2.1825794e-01   1.4235488e+00   1.1120397e+00  -2.5001917e-01  -1.6841941e+00  -5.3962580e-01   1.3262930e+00   7.1429151e-01   5.3010582e-01  -2.4773189e-01  -5.3460521e-01
   2.0000000e+00  -1.4393406e-02   4.3403156e-01   1.0828438e+00   6.7123469e-01  -1.1350310e+00   7.0680003e-01   1.1909683e+00  -1.1183616e+00   9.5768191e-01   3.3708898e-01   9.9222507e-01   3.4314895e-01  -2.2322716e+00   3.2689503e-01  -1.3141260e+00   5.6889456e-01   7.7393594e-01   5.5926258e-01
   1.0000000e+00   1.7744601e+00   2.0804234e-01   1.0109162e+00   1.6074980e-01   1.1076965e+00  -1.2822171e+00  -1.1734805e-01   1.5928968e+00  -7.2500418e-01  -2.7380088e-01  -1.0806176e+00  -1.1802291e+00   1.0027089e+00  -1.2322985e+00  -4.7680364e-01   7.1215415e-01  -6.4327372e-01   2.9041529e-01
   2.0000000e+00  -1.2230783e+00  -1.3920622e+00  -7.8498128e-01   7.9485242e-01  -1.1324478e+00   1.2796871e+00   8.0283701e-01  -1.4518070e+00   7.2173387e-01  -1.0346250e+00   1.5708427e+00   2.1995953e-01   1.0331865e+00   1.5087312e-01  -6.3092669e-02  -2.0442206e-01  -1.6191969e+00  -1.5174506e+00
   1.0000000e+00   8.1399007e-02   1.5276004e-01   2.5821293e+00   7.8438123e-02  -2.8180450e-01  -7.5697261e-01  -1.9146808e-01   2.7054903e-01  -1.5878445e-01   1.0564054e+00  -1.4769014e+00  -8.3045333e-01  -5.7834407e-01   2.3190835e+00  -3.5360137e-01  -5.8330231e-01   1.7286984e+00   5.5065034e-02
   2.0000000e+00   9.1196489e-01  -9.4824361e-01   6.7551631e-02   6.3493794e-02  -1.2906511e+00  -1.6964069e-01   1.6388170e+00  -2.7522095e-01  -1.8371145e-01   1.5039517e+00   2.9898916e-01  -2.2360648e+00  -4.1972625e-01  -1.3339381e+00  -7.9149332e-01  -1.1172186e+00  -6.3664469e-01  -9.4228280e-01
   2.0000000e+00   1.6840579e+00   1.4857865e+00  -3.9564266e-01  -5.9234637e-01  -6.7422302e-01  -6.2080882e-01  -6.4113736e-01   1.2203127e-01  -4.1117254e-01  -5.1712016e-01   1.3836837e+00  -3.3314700e-01   6.6154473e-01  -1.1201167e-01   1.9188456e+00  -1.0556871e+00   1.2581245e+00   8.2607221e-01
   2.0000000e+00   6.7462317e-01  -1.2043742e+00  -9.6475774e-01   1.2399686e+00   6.0580781e-01   1.1337811e+00  -2.5686290e+00   1.8219647e+00   2.7190119e-01  -1.3764060e+00   1.9274397e-01  -6.9986961e-01   4.5894168e-01  -4.2516874e-01  -2.3254085e-01  -6.5856623e-01  -1.0422313e-01  -1.7409272e+00
   2.0000000e+00  -8.7836048e-01  -4.1849194e-01  -5.7563670e-01  -4.2468575e-02   8.2235354e-01   1.0857687e+00  -7.5520304e-01   7.1325080e-01   6.6633754e-01  -7.3782508e-01   5.5274240e-01  -1.9343784e-01  -1.7705129e+00   7.4777204e-01   2.3974329e+00   1.4799724e+00   8.8413360e-01  -4.6241664e-02
   2.0000000e+00   5.9391937e-01  -1.7551450e+00  -1.8465719e-03   2.5473303e-01   5.5804866e-01   1.7193779e-01  -3.0322113e-01  -5.1173643e-02   1.2426221e-01  -2.5234719e-01  -2.4565364e-01   4.2517824e-01  -8.2610566e-01  -1.7895878e+00  -1.1959985e-01   9.7417376e-01   2.7605456e-01  -1.0224114e-01
   2.0000000e+00   9.3834583e-01  -9.0201874e-01   9.0262834e-01  -1.0835075e-01   1.4487757e+00   1.1898084e+00   1.0376920e-01  -7.0855027e-01   3.9063207e-01   2.0092011e+00  -5.4264201e-01  -7.1387865e-01   2.1840070e-01   4.0274287e-01   1.4628819e+00   2.3047110e-01   1.0965254e+00   1.3557883e+00
   2.0000000e+00  -6.9885313e-01  -6.1542811e-01  -8.1512325e-01  -8.2426169e-01  -1.6933279e-01   3.2469848e-01   1.7958436e+00  -2.4712767e-01   1.8454268e+00  -3.3559733e+00   1.8005255e-01   1.4371721e+00   1.8061478e-01  -7.8734576e-01   8.5625223e-01  -5.8923871e-01   4.1885346e-01   4.1014731e-02
   2.0000000e+00  -2.5380505e-01   9.0034044e-01  -1.2889193e+00  -9.6641863e-01   1.2056150e+00   5.3307235e-01  -1.3719025e+00   7.9114043e-02   1.4798730e+00   1.3244520e+00   1.2076398e+00   7.2172835e-01  -1.4104949e+00  -3.0276330e-01   1.0076425e+00  -2.5272829e-01  -9.6360879e-01   5.9747121e-02
   2.0000000e+00  -8.0454708e-01  -3.6834407e-01   1.4492183e+00   1.7261112e-02   3.6601114e-01  -8.4028307e-02   2.4347446e+00  -1.8613376e+00  -3.9404677e-01  -1.2024995e-01  -1.6687622e+00   1.8167836e+00   1.5663752e+00  -4.4322191e-01   5.8534161e-01  -3.6432206e-01  -6.8167682e-01   1.1695767e+00
   2.0000000e+00   1.3411749e+00   5.2202783e-01  -1.1904278e+00   8.7563810e-01  -1.1360711e+00  -9.3773995e-01   1.3313239e+00   1.1155870e+00  -6.9193210e-01  -1.3236836e+00  -9.8907858e-01  -1.0281817e+00   6.0691397e-02  -6.6235343e-01   3.0390818e-01   7.3658619e-01   1.5458155e+00   5.2792617e-01
   1.0000000e+00  -5.8873390e-02   4.5778887e-01   1.5287641e+00   1.0999765e+00   1.9273845e-01  -5.4656994e-01  -8.4130775e-01  -1.2608350e+00   2.1011354e+00  -1.8320818e+00  -1.0837491e+00   2.2670661e+00  -3.8518183e-01   7.5763724e-01   7.2465911e-02  -1.7342438e+00   6.1482766e-01   2.1529074e-02
   2.0000000e+00  -1.3810165e+00  -1.2979701e+00   2.0690619e+00   9.5685049e-01   1.0455585e+00   2.2423201e-02   9.1019116e-01  -1.7096369e+00  -7.8599091e-01   4.4965274e-01   3.5587314e-01   4.4191125e-01   9.8247892e-01   2.3404585e-01  -7.7059214e-01   7.9136108e-01   1.9113771e-01  -6.5523683e-01
   2.0000000e+00  -7.6562897e-01  -9.5617885e-01   1.2396493e-01  -1.2272992e+00   1.1219844e+00   3.4479923e-01  -6.6596712e-01   5.9553670e-01  -1.4085714e+00   1.2323121e+00  -8.8554166e-01  -5.4327406e-01  -6.2886086e-01   1.4860809e+00   3.7190723e-02  -6.9538877e-01  -3.5817471e-01  -1.5016626e+00
   1.0000000e+00   1.9443499e-01   2.9271514e-01   6.3508259e-01  -4.3952768e-01  -6.7011395e-01  -3.7097491e-01  -4.7768168e-01  -7.9900094e-01  -8.2843736e-01  -7.8922262e-01   1.6016469e+00  -2.7242932e+00   8.0212563e-01   4.8638945e-01   1.8588972e+00   1.5582382e+00   1.7663809e+00   4.0348559e-01
   2.0000000e+00  -1.4005906e+00  -6.4091774e-01  -1.0048335e+00   1.2392759e+00   2.8008229e-01   6.3947212e-01   7.5212483e-01   1.2134824e+00   3.8255856e-01  -1.9029530e-01   3.3188780e+00  -1.9336412e-01   7.3542696e-01   8.2053730e-01   1.1630447e+00   5.6344687e-01  -4.8489391e-01  -1.4919243e+00
   2.0000000e+00   2.3686278e-01   9.3343008e-01  -8.9927156e-01  -4.8446900e-01  -2.7440398e-01  -2.7424175e+00  -1.8587768e+00   2.7205304e+00   6.0603756e-01  -4.7412088e-01   3.6547304e-01   4.4138153e-01  -1.4306686e-01   2.4306262e+00   2.0838079e+00   1.3284301e+00   1.8207162e+00  -1.3960038e-01
   2.0000000e+00   1.4259701e+00   1.0852518e+00  -3.0295342e-02   2.4461291e-01  -1.5557627e+00   9.6355846e-01  -1.2146079e+00   1.6460547e+00   1.6097019e-01   6.0816721e-01   1.7650777e+00   5.4624833e-01  -1.3238876e+00   2.0009310e+00   9.7312614e-01   2.1756992e-01  -1.7447991e+00  -2.1563073e+00
   2.0000000e+00   7.5072296e-02  -1.7603461e+00  -1.7284107e+00   4.5058444e-01  -8.3248428e-01  -1.0634769e+00  -1.3880683e+00  -1.7558999e-01   1.1283184e+00  -1.2125124e+00  -1.1832405e+00   1.2562096e+00   1.6573136e+00  -9.2327948e-01  -4.0550276e-02   1.2165326e+00   4.7629685e-01  -2.4193358e-02
   1.0000000e+00  -1.6796914e+00   6.2357495e-02  -5.8463858e-01   4.8105274e-01  -1.2196901e+00   1.5072138e+00   5.3362108e-01  -1.9407817e-01  -1.0984662e+00   1.3025676e+00  -1.9298676e-01   7.6666505e-02   8.3351104e-01   4.5195932e-01  -8.7503472e-01   7.5310532e-01  -7.7795816e-01  -7.2004676e-01
   1.0000000e+00  -1.8318630e+00   1.0989019e-01  -2.6625026e-01   1.1042337e+00  -5.3124134e-01   5.8566100e-01  -4.3769080e-01  -5.1386423e-02  -7.5571046e-01  -1.8541366e+00   1.0786636e+00   6.5056759e-01  -1.3612138e+00   1.6805342e+00  -2.9630138e-01  -7.6775258e-02  -3.3880337e-01  -3.1659347e-01
   2.0000000e+00   7.2216106e-01  -1.3951529e+00   6.8126619e-01   1.0835090e+00  -1.2255434e+00  -4.2240799e-01  -2.7487256e-01  -2.1842939e+00  -8.4929017e-01   6.0017525e-01   1.4079162e-01  -1.1366002e+00  -3.0051861e-01  -9.9037996e-01  -3.2759371e-01   9.9324316e-01   2.3049315e-01   5.2505846e-01
   2.0000000e+00  -7.2264625e-01  -1.2721133e+00  -1.1341273e+00   7.2837140e-01  -2.8888833e-01  -2.1083495e+00  -1.1925892e+00   5.9092826e-01  -3.1965437e-01  -1.2203222e+00  -1.1928577e+00   4.1303679e-01  -1.2223997e+00  -1.0779953e+00   1.7490096e-01  -7.3478692e-01   6.9683226e-01   2.5404154e+00
   2.0000000e+00   8.7976008e-01   1.9190061e-02   8.5638580e-01   4.2619350e-01   3.5480298e-01  -1.3032819e+00   1.6729651e+00  -1.0288513e+00  -3.7430582e-02   2.8763224e-01  -2.3343835e-01  -2.9122307e-02   1.1625610e+00   1.5650075e+00   4.8386138e-01  -2.1286885e+00   4.5856682e-01   6.1086912e-01
   2.0000000e+00   6.4372740e-01  -1.1814723e+00  -1.3314842e+00   5.9847027e-01  -4.6091700e-01  -1.3127063e+00   5.8064265e-01   9.7762390e-01  -1.3428759e-01  -9.6491715e-02   2.3001182e-01   1.3308149e+00  -4.7812822e-01   1.7828219e+00  -4.0624139e-01  -1.0324160e+00  -7.4355661e-01  -2.1898879e+00
   2.0000000e+00  -3.9467709e-02  -6.8045187e-01   9.7419070e-03   9.2558866e-01  -2.0599438e-01  -1.7718794e-01   9.2896500e-01   8.7535169e-01  -1.5487700e+00   9.8199009e-01  -6.4091991e-01   9.9310040e-01   1.4045943e+00  -1.6849666e-01   2.7908534e-01   2.9055532e+00   3.0953588e-01   1.4929902e+00
   2.0000000e+00  -1.0833859e+00  -9.4783786e-01  -3.0036769e-01   2.4391758e-01   4.9430634e-01   2.9821623e-01  -4.0978913e-01   1.1600775e+00  -5.9403080e-01  -1.0058968e+00  -1.5844487e+00  -8.4721528e-01  -1.1115277e-01   2.1389407e+00   4.3752330e-01  -2.9106882e+00   7.7677190e-01  -2.5921031e-01
   2.0000000e+00  -2.2774911e-01  -6.2782237e-01  -1.6545518e+00   2.0924192e-01   2.5741773e-01  -6.6997319e-01   1.3508689e-01  -8.8950071e-01   6.6997155e-01  -4.1715083e-01  -9.7524811e-01  -7.6507738e-01  -1.9341467e-01  -9.1346808e-02   4.3468263e-02   1.1168983e+00  -1.5882334e+00   6.7006107e-01
   2.0000000e+00  -3.0999857e-01  -3.7907833e-01   1.9947114e-01  -6.9108477e-01  -6.0733464e-02   4.3809760e-01  -1.6002257e+00  -7.8294488e-01  -1.0807560e+00  -1.5794663e+00  -1.7057467e+00   1.2426421e-01   2.7728834e-01  -2.8217585e-02  -1.2371317e-02  -1.9121611e+00  -5.4665614e-01   1.4072060e+00
   2.0000000e+00  -1.5254022e+00  -1.2150249e+00  -9.6515175e-01   1.6487323e+00  -2.3230926e-01  -1.3042740e+00   1.0353990e+00  -5.4833661e-01   1.4552327e+00   2.9234072e-02  -1.1122415e+00  -7.8583601e-02  -8.7534219e-03  -1.2150841e-01  -2.4872802e-01   7.1371239e-01  -1.8115881e-01  -1.4149767e+00
   2.0000000e+00   7.3798787e-01  -8.3645342e-02  -1.5068495e+00  -1.3049360e+00   9.0939534e-01  -1.5087276e+00  -1.6671911e+00  -8.7579224e-01   1.3674310e+00  -1.6354333e+00   8.3223997e-02  -3.2577132e-02  -9.7029615e-01  -9.9918860e-01   1.0581052e+00  -4.9842550e-01   1.0413151e+00   4.0897965e-01
   1.0000000e+00   3.6639996e-01   9.0774321e-01   1.6293084e-01   1.1192730e+00   5.8415488e-01  -4.4019326e-01   3.7548047e-01  -1.9351899e-01   1.4840895e-01  -1.4010594e-01  -1.5032367e-01  -7.7186207e-01  -1.1081632e+00   1.1356113e+00  -1.1055252e+00   1.1705817e+00  -6.0375521e-01  -5.4455161e-01
   2.0000000e+00  -8.9513479e-01   1.4637493e+00   6.6921247e-01  -9.5826236e-01   1.8106142e-01  -2.5427269e+00  -1.3931906e-01   2.4611392e-01  -2.4846100e+00   8.5695314e-01  -1.8273515e+00   7.2274288e-01  -2.5263758e-01   2.5872194e+00   9.3541452e-01  -9.7881717e-02  -7.9408226e-01  -1.1972462e+00
   2.0000000e+00  -5.8514098e-01  -4.8526665e-01  -1.9061430e+00  -1.9151108e+00  -1.5735716e+00   1.7291133e+00   1.2047483e+00  -6.0708057e-01   1.6588584e+00   4.6356647e-02  -9.6822411e-01   1.1113514e+00   8.0979093e-01   1.5078045e-01   4.5948911e-01  -1.0628717e+00  -1.2631005e+00   2.0354378e-01
   2.0000000e+00  -3.8712934e-01  -4.8145774e-02  -3.0936858e-01   1.4827298e+00   7.4429459e-01   5.4721340e-01  -2.9087309e-01  -4.0961426e-01  -3.0701791e-01   1.2704616e+00   1.9361766e-01  -1.0974137e+00  -8.3634689e-01  -1.6147682e+00  -3.4488363e-01  -1.5916628e+00  -5.4368269e-01  -9.7775294e-01
   2.0000000e+00   2.2860065e-01  -9.8428080e-01  -6.7660593e-01  -3.0719726e-01  -1.8934722e-01   1.2594279e+00  -2.0885835e+00  -5.3530583e-02  -7.6683574e-01   5.7774935e-01   1.2577563e+00  -8.2055749e-01   8.3155173e-02   1.7251850e+00  -1.9910990e+00   5.2037499e-01   9.7087042e-01  -2.9328506e-01
   2.0000000e+00   1.0892988e+00  -1.1251529e+00   1.0389297e-01   1.1181071e+00   1.5820249e+00   2.7128038e-01  -1.0736143e+00   3.9133683e-01   8.8280318e-01   6.6195070e-01  -4.8481729e-01   1.3408509e-01   9.1285864e-01  -1.3915480e-01  -7.9801414e-01   1.3486260e+00  -5.5207999e-01  -2.2235348e+00
   1.0000000e+00  -2.6604923e-01   2.0686523e-01  -3.9809429e-01   2.3614410e+00  -7.0686792e-02   7.8803188e-01   5.6018584e-01   6.2307135e-01   5.8154210e-01   1.1868598e+00   2.5213219e-02   7.3581863e-01  -2.2786463e+00   7.5948020e-01  -4.0371603e-01  -7.2691988e-01  -2.8023222e-01  -1.0488414e+00
   2.0000000e+00  -7.4762997e-01  -8.2920999e-02  -1.0797471e+00   6.7359295e-01  -1.0437708e+00   8.7069103e-01  -6.5868825e-01   5.4451188e-01   1.2615612e+00   3.0554760e-01  -1.2512572e+00  -9.4622689e-01  -1.0836573e+00  -8.6110503e-01  -1.9422780e-01  -6.0065822e-01  -2.2383026e-01  -4.9112052e-01
   2.0000000e+00   3.0275453e-02   5.5395463e-01   1.6703014e-01   1.8784146e+00   1.2419668e+00   9.1774577e-02   1.2986544e+00  -1.6945395e+00  -2.0091350e-01  -1.9346956e+00  -3.4882420e-01   4.5173654e-02  -4.6823645e-01  -4.7081305e-01  -6.5997191e-01  -2.3762776e+00  -2.0947629e-01  -2.8571153e-01
   2.0000000e+00  -2.2362156e+00   5.9579132e-01   1.5428506e+00   8.5597738e-01   1.4045893e+00   4.0821979e-01   1.1020576e+00  -4.9166024e-01  -1.2614627e+00  -1.1655548e+00   1.6333336e-01   1.1780257e+00  -1.5344899e+00   8.7792268e-02   4.1998486e-01  -3.0259060e-01   8.7122609e-01   2.5649652e-01
   1.0000000e+00   6.8490807e-01   5.1621488e-01   1.0084716e+00   1.5072092e+00   1.1799363e+00   7.4193747e-02   7.3344099e-01  -2.8947408e-01  -1.2070829e+00  -1.0638254e+00   5.2212353e-01   1.2383635e+00   8.8800053e-01  -5.9399970e-01   5.9852916e-01   7.5164735e-01   3.6540438e-01  -1.5685706e-01
   2.0000000e+00   4.7746591e-01   1.4844640e+00   7.3972226e-02   2.7293669e-03   3.4071738e-01  -7.9477265e-01  -1.4344394e+00   2.3012727e+00  -6.3284853e-01  -2.2697005e-01   2.5647060e+00   1.2595907e+00  -4.2366694e-01  -1.8189478e-02   2.0028280e+00   1.5906353e+00   4.9837646e-01  -1.8126886e-02
   1.0000000e+00  -4.7457985e-01   1.6594508e-01  -7.1583901e-01  -1.2037886e+00  -1.5295552e-01  -5.0932046e-01   1.1721872e-01   1.1897224e+00  -3.7021247e-01   6.7221385e-01   1.6860731e+00   1.5288638e-01  -1.7093002e-01  -1.4515494e+00  -3.9871281e-01   8.0594040e-01   1.2187894e+00   7.3855320e-02
   2.0000000e+00  -1.6866584e+00  -5.9458895e-01   4.7506441e-01  -9.0077218e-01  -8.4903065e-01  -1.6581045e+00  -7.6609031e-01  -8.4816733e-01  -1.3009154e+00   2.7007753e+00  -1.0047875e+00   2.2611161e+00  -1.0213451e+00   4.2644601e-01   1.2820693e+00   8.5551361e-01  -1.5883026e+00  -3.9291089e-02
   2.0000000e+00   4.1404584e-01  -1.6673865e+00  -3.1452740e-01  -3.1504342e-01   1.6703135e-01  -1.0878732e-01   1.0741331e+00  -5.5952753e-01   2.6336394e-01   1.7369666e-01   7.2270443e-01  -1.9884520e-01  -1.0042900e+00   2.9665922e-01  -1.1991080e+00  -1.2195637e+00   1.2181228e+00  -1.1327244e-02
   2.0000000e+00   4.9997769e-02  -3.8417678e-01   1.1535238e+00  -1.2199324e+00   1.7577157e+00  -5.4977738e-01   2.4184222e+00   5.3740947e-01  -2.4773283e+00  -1.6910958e+00  -7.8684104e-02   8.4388958e-01   1.0195843e-01   5.0107924e-01   7.5900772e-01   1.2558127e+00  -1.3722659e+00  -1.2311208e+00
   2.0000000e+00  -1.3910140e+00  -1.2445126e+00   1.5282379e+00   1.2204005e+00   1.2664895e+00   5.6899218e-01   2.1189117e+00   9.4681417e-01   4.9796996e-01   3.3749359e-01  -5.3786162e-02  -1.3139647e-01  -1.0055185e+00   1.1826384e+00  -2.7505342e-02  -4.9046478e-01   2.0720701e+00  -7.8666687e-01
   1.0000000e+00   4.8612183e-01   6.4524038e-01   1.9235443e+00  -2.4133805e-02  -6.4436341e-01   1.8200645e+00  -2.2054548e-01   2.7715876e+00  -2.7948543e+00   5.8488927e-01   5.1304511e-01  -6.2232956e-01  -1.6197044e-02  -1.2942880e+00   3.3167509e-01   1.6228059e+00  -7.7417803e-01  -1.4707294e-01
   2.0000000e+00   2.0920723e+00  -2.0852127e+00   9.0300990e-01   6.4405642e-01   2.3528836e-01   1.8687723e-01  -8.0922825e-01  -3.6970298e-01  -8.2645631e-01  -1.0260287e-02   2.4530191e-01  -6.6193960e-02   1.1112285e+00  -3.2810219e-01   1.6799619e-01   1.1240962e+00   7.1067320e-01   2.1984500e-01
   2.0000000e+00   1.2807383e-01   2.5556928e+00   8.5321659e-01  -1.2778335e-01   8.1684629e-01   1.9367384e-01  -5.1629846e-01  -4.3041592e-02  -1.3302077e+00  -8.4710354e-01  -9.5897481e-01   6.7367068e-01   1.3344305e-01   8.3189812e-01  -1.4182557e+00  -7.3128828e-01  -1.3466572e+00   9.5867486e-01
   2.0000000e+00   2.6083836e+00  -2.5971472e+00  -1.4335881e+00  -7.8367789e-01   4.8162600e-01   9.6407303e-01   3.6275381e-01   1.4714142e+00  -8.4752990e-01  -1.2345735e+00   4.8766035e-01  -2.1604502e+00  -1.4114784e+00  -1.6110933e+00   9.7576042e-01   5.4173829e-01   1.0025967e-03  -1.6732014e+00
   2.0000000e+00   6.9731820e-01   2.1647766e+00  -1.4858189e+00   2.2407802e+00   1.0832365e-01   1.0303355e-01  -2.8209334e-01  -9.8397135e-01   4.4865354e-02  -7.8616057e-01  -4.5572182e-02  -6.5479356e-01  -1.0202523e+00   1.1225353e+00  -3.0315297e-01  -1.4308591e+00  -7.5049330e-01  -1.1976867e+00
   2.0000000e+00  -1.1067587e+00  -3.4920848e-02   8.2362405e-01   1.1362234e+00   1.0762056e+00  -4.1602749e-01   7.6010778e-01   2.9476338e-01  -1.5485897e+00  -7.5218745e-02   3.1000061e-01   9.7399475e-01   5.6469708e-01   9.9330229e-01   1.1536013e+00  -1.0717370e+00   2.0475984e-01   1.0022307e+00
   2.0000000e+00  -8.3642223e-01   2.9628236e-01   7.7714732e-01  -1.1348163e-03   3.4903347e-01   1.9723454e+00  -1.4215122e+00   1.5631748e+00  -4.0031731e-01  -4.6851173e-01  -9.9301040e-01  -1.6685466e+00  -6.0311439e-01   1.5801002e+00  -2.4952429e-01   5.3422533e-01  -1.8454089e+00  -2.0047249e-01
   2.0000000e+00  -6.2277421e-01   1.1399867e-01  -7.0918763e-02   1.7996019e+00   1.4946387e+00   1.1291112e+00   2.1137271e+00   8.8894502e-01  -6.3313037e-01  -2.6911876e-01  -1.2300207e+00   7.5140686e-01   1.4199525e+00  -2.5370172e+00   1.4168808e+00  -1.0212119e-01   1.7201246e-01   5.2899568e-01
   2.0000000e+00   9.8062361e-01   5.3774899e-01   5.3394932e-01  -1.2391011e+00  -6.9835617e-01   1.2756771e+00  -1.8262794e+00  -9.8405795e-01   6.7923935e-01   7.8370979e-01  -1.0226785e+00  -1.1930043e+00  -7.1101638e-01  -2.1423826e-01   4.7284364e-01  -5.3065020e-01   8.5280718e-01   6.4685305e-01
   2.0000000e+00   2.0109360e-01  -1.5987156e+00   6.0353370e-01  -1.5904039e-01   6.6604479e-01   8.2002411e-01   2.2378894e-02   2.2807084e-02  -1.6919924e-02  -8.5957002e-01  -1.7512198e+00  -5.5366219e-01   1.0717553e+00   2.1063641e-01   8.9850343e-01  -7.8422899e-01  -1.2126206e-01   8.4735421e-01
   2.0000000e+00   1.1345096e-01  -1.2282056e+00  -4.6358541e-01   2.9484085e-01   7.0022603e-01   1.1866615e+00  -1.2287589e+00   2.7054752e+00   7.9754019e-02   7.8992733e-01  -3.4398066e-01   1.0942071e-01  -7.4687362e-03  -1.1566605e+00   5.8579648e-01   8.2698752e-01  -2.7414652e-01   1.5173431e-01
   2.0000000e+00   2.1815326e+00  -3.3032733e-01   4.0193666e-01  -4.4475978e-01   4.8749319e-01   1.9048638e-01   4.6631262e-01  -1.1844625e-01   6.2304881e-01   8.3306464e-01   1.2057914e+00  -3.1617315e+00   1.8202634e+00   4.0608582e-01  -1.4441562e+00  -3.7608117e-01   1.3041228e+00   2.8354823e-01
   1.0000000e+00  -1.4572891e-01   5.8441318e-01   7.0052782e-01   2.5123784e-01   5.1246797e-01   1.4670158e+00  -1.8839693e-01   1.7453080e+00  -4.4938282e-01   9.0057847e-01   1.3702408e+00   2.2752033e+00  -2.7314938e-01   1.5848885e+00   2.8206160e+00   1.2206291e+00   2.5180954e-01   1.4096073e-01
   2.0000000e+00   1.2376250e+00   4.0199639e-01   1.4318129e+00  -1.4346869e+00   6.4939374e-02  -8.5469138e-01  -2.3008128e+00   4.1652556e-01  -4.2444917e-01   1.6439773e+00  -1.1134614e+00   9.0193718e-01  -1.1672005e+00   8.8983388e-01  -2.1858283e+00  -6.3350674e-01  -1.7877340e+00   1.3458887e+00
   2.0000000e+00  -1.6729634e+00  -1.3796104e+00  -3.7846836e-02  -1.7133037e+00   1.7253166e+00   6.8310977e-01   4.4796859e-02  -3.2205676e-01  -4.1732559e-01   3.0300407e-01   2.4934030e-01   8.3382967e-01   1.1547407e+00  -6.2735251e-01  -4.1457044e-01   1.7087718e-01  -1.3129006e+00   1.3860424e+00
   2.0000000e+00   1.6194670e+00   1.7007759e+00  -4.3085108e-01   2.1548477e-01  -1.0052129e+00  -3.2493670e-01  -5.3845255e-01   7.2984471e-01   9.6857839e-01   8.0737938e-01   1.7969130e+00   3.1231022e-01  -4.6904249e-01  -3.5631242e-03   6.1422011e-01   6.5232203e-01  -5.8977454e-01   1.5072513e+00
   2.0000000e+00  -4.0270484e-01   1.0168425e+00   1.6352161e+00   2.1559195e+00  -1.0425754e+00   1.3158451e+00  -1.2949642e+00  -1.3633635e+00  -1.2008649e-01  -1.1317153e+00  -8.6493426e-01   2.5416596e-01   5.2059700e-01  -5.1985009e-01   3.3620130e-01  -7.6432345e-01   1.6527633e+00   1.0013483e+00
   1.0000000e+00   9.7013036e-01   8.3912680e-01  -1.4651809e+00  -7.7644901e-01   1.1946959e+00   1.4568309e+00  -2.2636460e-01  -1.9225960e+00  -2.6387178e-01  -1.8217279e-01  -7.4712551e-01   1.1911257e+00  -1.1936695e+00   8.4006265e-01  -2.4425584e-01   2.0037823e-01   7.2793532e-01  -1.3520406e+00
   1.0000000e+00  -1.0109110e+00   1.5308429e-01   1.2814926e+00   2.5063230e-01  -6.1738441e-01  -3.3921995e-01  -3.4440154e-01   5.3755426e-01   2.1415750e+00   7.7201007e-01   9.2468200e-01  -5.1369807e-01  -5.9590770e-01   8.2340986e-01   1.3230127e+00   2.6497539e+00   7.2280960e-01  -1.1718004e+00
   1.0000000e+00   1.1899702e+00   1.4241181e-01  -8.9640544e-01   7.9249020e-01  -9.2856712e-01   1.6111750e+00   2.4458214e-02  -1.3742422e-01  -1.1298002e+00   2.9667704e+00  -1.9163058e+00   7.8197183e-01   1.6451957e+00  -5.1823739e-01  -8.1441008e-01  -2.6458013e+00  -2.6978875e+00  -6.0956698e-02
   2.0000000e+00   4.0837872e-02   1.5485300e+00   2.1052620e-01  -2.3658646e-01   1.6882347e+00   1.0064281e-01   8.8112317e-01  -1.4562293e+00  -2.2074294e-02  -1.8396793e+00   1.4202540e+00  -7.8567835e-01   5.7765837e-01   8.1254863e-01  -6.2410192e-01  -7.5121207e-01  -3.5822238e-01   1.9644913e+00
   2.0000000e+00  -3.4789708e-03  -2.2172226e+00   2.3940202e-01   3.4694106e-01  -1.3752472e+00   3.8383255e-01  -4.8832325e-01   1.0445081e+00  -1.4259897e+00  -6.6966331e-01  -2.5740256e-01  -1.8147789e+00  -1.6714895e+00   4.1742859e-01  -5.5479082e-01   1.6928877e-01  -1.0036935e+00  -1.0079126e+00
   2.0000000e+00  -3.7305870e-01  -8.5294993e-03  -3.7969003e-01  -1.0270346e+00   1.4392872e+00  -9.3668842e-01   7.0341757e-01  -1.0637522e+00   7.7470464e-01  -1.8450771e+00   6.7566236e-01   1.8795217e+00  -8.4209278e-01  -3.3777603e-01   6.3924415e-01  -9.9748908e-02  -4.9638843e-01  -8.1422988e-02
   2.0000000e+00   2.1930739e+00   5.3783342e-01   1.3969873e+00  -5.8942724e-01   1.3693315e+00   6.2541394e-01   2.0612595e+00   4.4378755e-01  -4.7795744e-01   5.8378959e-02  -4.9992375e-01   4.2175097e-01  -1.2022686e+00  -1.1900803e-01   1.0533592e+00  -1.1922540e+00   1.0089755e+00  -1.8571025e-01
   2.0000000e+00   1.1698535e+00  -7.8329508e-01  -1.9917177e+00  -8.6033261e-01   1.6989319e-01   1.8086850e-01   1.5639636e+00   4.6502630e-01  -4.9751513e-01  -1.5047591e+00  -3.6144680e-01  -7.4298149e-01  -2.5005921e-01   7.7224936e-01  -1.1284257e+00  -5.4493739e-02  -1.8247135e-01  -6.3115265e-01
   2.0000000e+00  -1.5801628e+00   1.2388951e+00  -2.5964346e-01   6.5498292e-01   1.6209085e+00   4.2831660e-01   5.5450185e-01   2.9618930e-01  -8.8635584e-01   1.6394480e-01   7.3555849e-01   1.7277707e-02   5.0513458e-01  -1.6726805e+00  -4.9481040e-02   7.7131801e-01   1.1325435e-01   2.5760521e-01
   2.0000000e+00   8.0415435e-02   1.0845288e+00   5.5116882e-03  -9.4349933e-01   2.3517327e+00   5.2721901e-01   1.0864896e+00  -1.6507671e+00   1.7740646e-01  -2.3660491e-02  -4.5750297e-02   7.6704043e-01  -8.0844100e-01   2.3301944e+00   5.5988578e-01   2.9540172e-01   1.3976855e+00   5.6884797e-01
   2.0000000e+00   1.2505031e+00  -4.2177731e-01   1.8060722e+00  -1.2712093e-02   2.4224174e-01   8.7096762e-01  -2.6142845e-01   2.1795371e+00   3.9330563e-01   7.1104596e-02   4.6369717e-02  -1.3131119e-02   3.2804958e-02   3.6689486e-01   1.4005007e-01   1.9201710e+00   6.0388642e-01  -4.9178508e-01
   2.0000000e+00   2.3820623e-01  -8.9784781e-02  -8.9062063e-01   8.3114777e-01   1.5235915e-01   2.3708592e-01  -1.3863960e+00   1.4330584e+00   2.5759103e-02   6.5942586e-01  -2.6278001e-02  -2.6304248e+00   9.4687176e-01   2.7687219e+00  -1.3098340e+00  -1.1633062e+00  -5.6726437e-01   7.7235893e-01
   2.0000000e+00  -5.3355405e-01  -8.5482000e-01  -1.8845233e-01   5.9088619e-01   1.4419851e-01   3.2460203e-01  -9.4334647e-01  -1.6731346e+00  -1.5817817e+00   9.4983757e-01   1.3193198e+00   9.1632264e-01   1.7061764e+00   5.1215491e-01  -1.5938528e+00  -1.4598390e+00  -1.1113432e+00   4.1131680e-01
   2.0000000e+00  -1.1180011e+00  -5.2254141e-01  -7.2128399e-01   1.9769371e+00  -1.2644904e+00  -4.5178481e-01   9.8294147e-02   9.0933998e-01  -1.1784845e+00  -3.7522127e-01  -2.0447613e+00   1.1267156e+00  -8.6852812e-01   8.8889351e-01   1.0884030e+00  -2.0206896e-01  -4.1579276e-01   1.9496916e+00
   1.0000000e+00   1.6231159e+00   5.7842927e-01  -6.1241267e-01   1.6565801e+00  -2.2364013e-01   2.0991139e-01  -2.1400397e-01  -8.6589520e-01  -6.5366424e-01   2.1140422e-01  -2.2494347e+00  -1.9172593e+00  -8.7383940e-01  -7.4708879e-01  -3.4749765e-01   1.0574337e+00  -4.8553503e-01  -2.4983659e-01
   2.0000000e+00   4.6693887e-02  -5.0575575e-01   5.6792262e-01  -2.5505956e-01   1.4359145e+00  -7.8643107e-02  -1.0115512e+00  -3.5283446e-01   5.1460208e-01   8.4867575e-01  -8.0244972e-01  -1.3292968e+00  -9.3384806e-01   2.8383747e+00  -1.7757781e+00   8.4898753e-01   1.7149302e-01   4.5286095e-01
   2.0000000e+00  -2.3414946e-01   6.2048152e-01   8.9222268e-01  -9.4949758e-01  -5.8317714e-01  -5.7269174e-01  -1.4481349e+00  -8.7919087e-01  -4.2903880e-01  -1.3447053e-01   4.1039918e-01   2.5702879e-02   1.2287134e+00  -1.0158140e+00   2.2483092e+00  -5.0082587e-01  -1.2024955e-01  -1.2051054e+00
   2.0000000e+00   5.5018786e-01   2.4938245e+00   1.8376174e+00  -6.7493648e-01  -1.5260147e+00   1.5634533e+00  -2.5676691e-01  -1.6462342e+00  -6.3100023e-01  -8.3477080e-01  -7.4617873e-01  -2.9670498e-01  -8.7048035e-01  -2.5884715e+00  -1.5286969e+00   2.0375366e-01  -7.2430219e-01   1.9330514e+00
   2.0000000e+00   2.3072999e+00   1.6686981e+00  -4.5286622e-01  -2.5336326e-01   8.5448581e-01   5.9535347e-01   2.6837708e-01   7.4325990e-02   1.5174277e+00  -1.2854449e+00  -1.0904056e+00  -4.4819097e-01   4.2180080e-02  -1.1418227e+00  -8.2931709e-01   6.7899345e-01   5.7952153e-02  -2.8712866e-01
   2.0000000e+00  -6.1738751e-01  -2.3269461e-01  -1.0581757e+00   6.9113516e-01   2.8757387e-01  -1.1422754e+00  -1.1607574e+00   3.1623111e-01  -1.0108780e+00  -5.9062793e-03   1.1052071e+00   7.3281581e-01  -2.6332219e-01  -1.2785754e-01  -1.1440473e+00  -7.2726182e-01  -2.5616737e-01   8.1484389e-01
   1.0000000e+00   8.1245356e-01   2.3875164e-01   4.3312704e-01   8.3122148e-01   3.0051787e-01  -4.8493892e-01   6.1309488e-01   7.2532820e-01   1.1545689e-01  -6.6671175e-01   1.0376975e+00   5.7552298e-01   5.7676669e-01  -1.4057477e+00   1.0470995e+00   8.3660910e-01   4.7044337e-01  -1.8464291e+00
   2.0000000e+00  -4.2973682e-01  -1.3187083e+00   7.5342117e-01  -1.6095573e-01   4.0497147e-01   6.7987320e-01  -1.0303878e+00   9.8225158e-01  -6.4377743e-02   1.1544480e+00  -1.0150638e+00  -1.1206088e+00   8.5668624e-01   1.5591003e+00  -1.3165362e+00   3.0090749e-01  -6.1205105e-01  -5.1378787e-01
   2.0000000e+00   3.1187418e-01  -1.3403686e-02  -1.4669816e+00  -3.5651766e-01  -1.0283970e+00   3.0513657e+00   5.0123336e-01  -7.1998042e-01  -1.7625948e+00  -1.1653654e+00   1.6594138e-01  -5.6462083e-01   9.7462198e-01  -9.6785889e-02   9.5546553e-01  -7.0016903e-01  -9.1762988e-01   8.0617214e-02
   2.0000000e+00  -2.6488858e-01   1.0129972e+00  -2.0923349e+00   2.1135069e-01  -1.1865735e+00   3.8798137e-01  -1.7645713e+00   9.7922863e-02   1.7617162e+00  -7.4981936e-02   9.7385167e-01   5.8161971e-01   4.1436970e-01   1.5838927e+00   4.3563223e-01  -7.9996542e-01  -3.5915949e-01  -4.5851964e-01
   1.0000000e+00   7.8406345e-01   6.2000813e-01   2.1186245e+00   1.9945580e+00  -1.0308450e+00  -7.8981706e-01  -4.9509506e-01  -1.6056353e+00  -3.2891363e-01   4.6413465e-03   2.3762599e+00   1.2195572e-01   2.3174698e+00   3.0139681e-01   7.9318584e-01  -4.8537818e-01   1.4083033e+00  -4.3697036e-01
   2.0000000e+00  -5.5394070e-01  -8.5179743e-01  -8.7750662e-01  -9.3250121e-01  -2.4826312e-01  -1.1331480e+00   4.6229119e-01   3.2341903e-01   1.3692557e+00  -4.1169526e-01   1.4149210e+00   1.2038891e+00  -8.7773789e-01  -1.1974258e+00  -5.3789045e-01   9.6329211e-01   3.1741578e-01  -1.0368480e+00
   2.0000000e+00   1.0537154e+00  -6.4319585e-01  -3.9813367e-01   1.2972471e+00  -6.5176277e-01   1.5144166e+00  -8.1483652e-01  -1.8907584e+00  -3.5668923e-01  -8.4725236e-01  -3.9547386e-01   2.1354445e+00  -2.6060682e-01  -6.2415563e-01   3.5697461e-01   1.9383597e+00   1.2878406e+00  -7.8551876e-01
   1.0000000e+00  -1.0447958e+00   8.5558982e-01  -1.6097948e+00  -1.7441222e-01   1.0480610e+00  -3.9180589e-01  -3.1340382e-01  -5.8738703e-01  -1.2459810e-01   7.4299074e-01   1.6527731e+00  -7.8377411e-01   5.3718357e-01  -5.6958982e-01  -7.1775200e-01   5.0876514e-01   1.1967212e+00  -3.8081815e-01
   2.0000000e+00   2.7857203e+00  -8.9628126e-01  -4.4537568e-01  -1.1008243e+00  -7.9462654e-01  -2.2090992e+00  -1.0822670e+00   9.6375238e-01   1.8831760e+00  -7.4536404e-01   2.1451983e+00   4.4804658e-01  -2.9940630e-01   1.8225003e+00   8.1584505e-01   1.3495416e-01   2.9888872e-01   1.1355668e-01
   2.0000000e+00   5.9639053e-01  -3.3138190e-01  -4.3137228e-01   1.4242558e+00   8.9552753e-01   8.2342965e-01  -2.9718037e-01  -3.5813665e-01   6.6106174e-01   1.1009637e+00  -3.6164804e-01  -3.3300149e-01   9.7907599e-01   1.3803905e+00   2.9023191e-02  -6.6411544e-01  -7.0085262e-01  -3.9752450e-01
   2.0000000e+00  -3.8383232e-01   1.0096170e-01   3.7525991e-02   2.3670495e-01  -2.3956059e+00  -2.5259145e-01   1.0731365e+00  -2.6006135e-02   2.4711900e+00   1.0668037e+00   5.1691372e-01  -1.2145682e+00   1.0724960e-01  -4.2855902e-02  -6.3557036e-01  -5.9014785e-01   4.1854529e-02   1.4537530e-01
   2.0000000e+00   4.8739166e-01  -4.1199401e-01   6.1790129e-03  -9.0340822e-01  -8.9281766e-01  -2.0313976e+00  -8.7260293e-01   8.4067413e-01  -5.4837390e-01  -1.0559962e-01  -1.4004443e-01   2.4117787e+00   6.5059161e-01   9.7822465e-01  -1.8116399e+00   1.7891551e+00  -1.8754257e+00  -1.3260481e+00
   1.0000000e+00  -4.1200617e-01   5.4849804e-01  -1.0304332e+00  -8.4162397e-01   1.5654274e+00   9.3973576e-01  -3.2899549e-01  -4.4043815e-01  -1.1711275e+00   8.3600435e-01   8.1154624e-01  -2.0888838e+00   2.2003567e-01  -5.1742015e-01   9.9249930e-01  -1.3455453e+00   3.4473924e-01   1.0738014e+00
   2.0000000e+00   3.9170502e-01   8.1130613e-01   7.0917562e-01   1.2699076e+00  -4.8732554e-01   9.5262644e-01  -1.4101707e+00  -8.6813822e-02  -1.5136427e+00   3.3884451e-01   4.2267399e-01   4.4550239e-01   1.2471246e+00   1.2665626e+00   9.5714513e-01   1.4310974e+00  -5.9862233e-03  -2.8654764e-02
   1.0000000e+00  -1.3905081e+00   9.6542121e-01   1.0047604e+00  -9.4226999e-01  -4.0659895e-03   6.6311875e-01  -1.9155773e-01   1.2672322e+00   2.4221491e+00  -1.0496345e+00  -7.8627137e-01   2.8130568e-01  -7.6721014e-01   5.5167117e-01   2.4510488e-01   9.3897284e-01  -1.7633013e-01   2.9712999e-01
   1.0000000e+00   4.4083551e-02   5.5214061e-01   1.4715444e-01  -3.2717249e-01   8.3214212e-01   6.4217363e-01  -3.6178366e-01   6.7475992e-01  -6.8023494e-01   3.1759410e+00  -1.0103846e+00  -4.9902454e-02   6.1457412e-01  -6.3896506e-01   1.8148610e+00  -7.6224693e-01  -1.3521130e+00  -1.2174021e+00
   2.0000000e+00  -1.6732050e+00  -2.6593073e-01  -1.8799413e-01   5.7252210e-01   2.3651868e-01  -7.2280490e-02   2.1864782e+00  -1.2676594e+00  -5.7589684e-01   2.0643759e-01  -8.2448306e-01  -1.4777949e+00   1.1094336e+00  -9.5775680e-01  -8.2520829e-01  -1.4228473e-01  -2.1659830e-01   7.8336318e-01
   2.0000000e+00   2.7247851e-01  -7.9000249e-01  -5.5269932e-01  -7.8217075e-01   1.1832049e-01   1.0958584e+00  -7.8634914e-01  -7.3070472e-01  -8.4849052e-01  -1.4531953e-02  -1.7678468e-02   1.6586843e+00   5.8647718e-01   9.0587211e-01   2.6493964e-01  -8.1216690e-01   6.5713944e-01   6.4855086e-01
   2.0000000e+00   1.2376561e+00  -1.9099317e-01   7.0758072e-01  -4.9007133e-01  -6.1973296e-01   9.1505609e-01  -1.1712770e+00  -3.5596235e-01   6.9790104e-01   4.6313920e-01  -6.1241469e-01  -3.4921451e-01   6.6931219e-02   7.3619863e-01   1.6424056e+00  -9.1562244e-01   2.3089844e-01  -1.4893618e+00
   2.0000000e+00  -1.0579167e+00   2.4181622e+00  -1.5204095e+00  -7.8037039e-02   1.0284841e+00  -1.0564617e+00   3.4280810e-01  -8.8011425e-01  -5.0180267e-01   3.5144152e-01   8.1953948e-01  -9.4861412e-01   2.3030598e-01  -1.8685987e+00   1.0909178e-01   2.4631532e-01  -4.5930232e-01   4.1700105e-02
   1.0000000e+00  -3.5478056e-01   7.5240642e-01   8.9173171e-01   1.0041625e+00  -4.5979981e-01  -7.6493598e-01  -4.4870039e-01   1.7900828e-01  -5.0265293e-01   1.2935143e+00  -5.3421996e-01   5.9949560e-01   3.2157244e-01   1.4333664e-01   7.8824479e-01  -6.1029039e-01   4.8513300e-03   5.7283378e-03
   2.0000000e+00   8.5781588e-01   7.9074661e-01  -1.7596812e+00  -5.3545804e-01  -5.3810862e-01  -7.3983065e-01  -9.3954242e-01  -6.8068805e-02   1.7351662e+00  -6.8779145e-01  -2.6817443e-01   6.6893882e-01  -2.8172921e-01   1.6776976e-01   1.7019517e+00   3.7296362e-01  -1.3242266e+00  -1.2331521e+00
   2.0000000e+00  -3.9952467e-01  -2.8115816e-01  -4.8306904e-01  -1.4217505e-01  -7.7264032e-01   1.1389448e+00  -6.0524318e-01  -7.5353315e-01   2.7255127e-01  -3.9728916e-01  -1.4051865e+00  -7.3501363e-01   8.2864060e-01   2.6251070e-01   1.4144115e-01   3.7653146e-01  -2.1459994e+00   1.5577020e+00
   2.0000000e+00  -8.5334872e-01   1.1201762e+00   5.9406981e-01   1.3534186e+00  -1.2765973e+00   1.8454865e+00  -3.9171448e-02   6.1998049e-01  -8.2078677e-01  -1.1442937e-01   3.8360566e-01   5.3527785e-02   7.1798453e-01  -7.9593882e-01   1.1549821e+00  -9.7091361e-02  -3.0085077e-01  -5.1072148e-01
   2.0000000e+00  -1.6152999e+00  -1.4962588e-01  -1.4056254e+00   6.7663861e-01  -3.5324762e-01   2.5690877e-01  -8.9513982e-01   1.0690929e+00   9.3802994e-01   1.5514626e+00   1.5090243e+00   4.5844809e-01  -3.5850503e-01   1.5779135e-02   1.0833488e+00  -1.7669712e+00   1.2684769e-03   6.6576009e-01
   1.0000000e+00   3.0867497e-01   1.7374568e-01   1.8247554e+00   1.4725541e+00  -3.8606877e-01   3.1546107e-01  -3.5640706e-01  -1.7732706e+00  -1.1320093e+00  -3.7793183e-02   1.4250748e-01   8.2675035e-01  -1.1212727e+00   8.3667825e-01  -7.0711419e-01  -3.8391253e-01  -6.3607928e-01   1.1693589e+00
   2.0000000e+00  -2.9111125e-01   7.4480170e-02   1.5556794e+00  -9.1519412e-01   1.1422359e+00   9.1518406e-02   1.0327804e+00   4.4080251e-01   1.1958009e+00  -3.0510152e-02   1.1108762e+00   1.9325932e+00   1.7457483e-01   2.4730020e-01  -1.3247348e+00   3.1864800e-02  -5.3966333e-01   3.8241962e-01
   2.0000000e+00   1.6660912e+00   1.3415349e+00  -9.0854045e-01   9.0659840e-01  -2.6031180e-02  -5.2743208e-01   3.1326338e-01   2.8209190e-01  -6.9551832e-01   1.0223474e+00  -4.1993780e-01   3.2127210e-02   9.0370944e-01   2.8141201e-01   6.6730710e-01  -1.2582259e+00  -2.2072211e-01   7.6768180e-01
   2.0000000e+00   6.2282321e-01   1.7625567e+00  -1.0968510e+00  -3.8769531e-01   7.8657782e-03  -1.3265122e-01  -2.4366394e-02  -1.7729745e+00  -1.7421665e+00   7.5015643e-01  -1.0144013e+00  -5.8574980e-01   9.4519009e-01  -1.0005772e+00  -4.2862820e-02   1.2093550e+00  -1.9089601e-01  -1.6567726e-01
   2.0000000e+00   6.2454226e-02  -7.4350797e-01   1.4888606e+00   1.1787079e+00  -1.3383746e+00   2.6794710e-01  -6.3886392e-01   9.2896876e-01   5.1710633e-01   1.3808412e+00   4.3145798e-01   9.0737121e-01  -6.1825142e-01  -1.3824180e+00   8.9343279e-03  -9.4991798e-01  -1.3622425e+00  -1.6374394e+00
   2.0000000e+00   1.9063403e-01  -1.4632501e-01  -8.5132639e-01   6.9079265e-02  -3.0265296e+00   7.2234878e-01   6.7826698e-01  -2.2772067e-01  -1.5419748e+00   1.0563395e-01  -3.7555420e-01   8.9902631e-01  -1.1244225e+00   1.1847801e+00  -1.8697518e+00   8.3899736e-02  -1.2502219e+00   1.0838395e+00
   2.0000000e+00  -4.0980445e-01   6.6040536e-01   1.9300484e-03  -1.1626834e+00   1.0000602e+00  -1.1044601e+00   1.6930395e+00  -2.7722843e-01  -1.5536946e+00  -1.3719412e-01  -1.4071930e+00   3.9751186e-01   9.8672130e-01   9.0834702e-01  -6.1797348e-02   1.1884669e-01   9.9529494e-01  -2.3560631e+00
   1.0000000e+00  -8.5571221e-02   1.1528669e-01  -2.6935645e-01   3.8996241e-01   1.2657162e+00   6.1752720e-03  -1.7567364e-02  -2.0751984e+00  -1.2327401e-01  -1.7255097e+00   1.7813189e-01  -8.3533661e-01   1.4632480e-02  -1.8297399e-01  -6.6138152e-02   4.8460529e-01   4.9460187e-01   6.8982554e-01
   2.0000000e+00  -8.3007839e-01  -4.9183589e-02  -2.0131831e+00   1.7747105e+00   2.0812866e-01  -1.3773835e+00  -5.0255439e-02   1.3023394e+00   5.6364411e-01  -3.7016547e-01   1.5047046e-01   2.9609000e-01  -1.0056477e+00  -2.1519345e-01  -1.3514672e+00   2.9610077e-01   7.5247247e-01   1.1673693e-01
   2.0000000e+00   6.5096934e-01   1.0548766e-01  -2.5809758e-01   1.2813429e+00  -8.8469998e-02   5.7332955e-01  -1.2744488e+00  -4.6804978e-01   2.4158296e-01  -1.5439207e+00   1.2821301e+00   1.9205521e+00  -5.1688574e-01   4.5173936e-01   1.1713232e-01  -3.2787970e-01   4.8328516e-01   2.8080690e-01
   2.0000000e+00  -1.9982559e+00   1.3693625e+00  -1.8323772e+00   2.0592444e-01  -1.2005317e+00   1.4822484e+00  -9.8444982e-02   1.1932997e+00  -8.7064621e-01   7.3935869e-02   1.5399395e+00  -4.2968520e-01  -4.8699696e-02  -2.4641844e+00   1.1445273e+00   1.0668285e+00  -2.5726369e+00  -6.5839472e-01
   2.0000000e+00  -2.2267795e+00   1.2284594e+00   1.0502673e+00  -1.9239197e+00  -1.8345321e-01   9.4212231e-01   5.2290616e-01   8.0616210e-01  -5.9532256e-01   3.0944411e-02   1.0401234e+00  -7.5660738e-01  -1.8023731e+00   1.1297487e+00   1.0841904e+00   3.7404011e-01  -9.9382396e-01  -4.2139254e-01
   1.0000000e+00  -5.0992963e-01   2.1750507e-01  -5.5532242e-01  -7.9310366e-01   6.1719806e-01   1.0965625e+00  -4.1078434e-01   1.3384226e+00   1.0824841e+00  -6.1401581e-01  -9.3717550e-01   6.4930432e-01   1.5255621e+00   2.4052935e-01   1.3302174e+00  -6.0368895e-01  -7.7627992e-01  -8.5465528e-01
   2.0000000e+00   8.6559300e-01  -4.6294581e-01  -1.3323287e+00  -3.3690129e-01  -5.0603608e-01   2.6490734e-01  -4.1700724e-01   1.5106751e-02   5.0184164e-01   2.0475717e-01   9.0870373e-01   6.9145530e-01  -7.4964484e-01  -2.4828536e-01   5.4605255e-01  -7.2711263e-01   5.0763913e-01   1.3398030e+00
   2.0000000e+00   6.0015462e-01  -1.0205936e+00  -1.2701997e+00  -2.1401565e+00   5.9710091e-01  -8.8800937e-01   9.4937549e-01   6.9865037e-01   4.0630005e-01   2.4684717e-01  -1.3510310e+00  -6.5211476e-01  -1.9991529e-01   8.1823507e-01   1.0229255e+00  -3.2166101e-02   1.6356985e+00  -1.3959098e-01
   2.0000000e+00  -6.7700545e-01   9.6584501e-01  -3.6133117e-01   1.0817362e+00   1.2527993e-01  -1.1932167e+00  -5.9748555e-01  -8.6099351e-01   2.3920961e-01   5.8790955e-01  -5.3586423e-01  -7.5888698e-01  -7.9343163e-01  -1.0752371e+00   9.1695693e-01   4.3261808e-01   2.2572193e-01   2.6563369e-01
   2.0000000e+00   5.8696229e-01   1.3442981e+00   3.2890235e-01   1.5533085e+00   1.0137636e+00   8.2682995e-01   1.1059913e+00   4.1490879e-01  -8.6357335e-02   1.1462359e+00  -1.5660310e+00   5.9137216e-01   1.0725670e+00   1.1423369e+00  -1.6148727e+00   8.3054276e-02   1.3654220e-01  -1.0493453e+00
   2.0000000e+00  -3.3746245e-01   1.3101301e+00   3.5370190e-01   8.6485560e-02  -1.6167414e+00  -6.6800937e-01  -1.0848644e+00   1.6906968e+00   4.3510957e-01  -7.1607647e-01   3.2464508e-01  -1.4873508e+00  -3.8871914e-01   2.5308014e-01  -2.3318759e-01  -1.6095502e+00  -6.1486895e-01   3.1057711e-01
   2.0000000e+00  -1.9716266e+00   2.0282999e+00   3.7729566e-01  -1.5649754e+00  -2.0447838e+00  -1.1949122e-01   1.0785911e-01  -5.7174893e-01  -1.8027374e-01  -1.3491355e+00  -1.4435208e+00  -5.4943815e-01   5.0592487e-02  -5.7174422e-01   1.1163155e-01   2.2368016e+00  -3.5410891e-01   3.3921651e-01
   2.0000000e+00   4.6062846e-01  -4.9698608e-01  -9.5938126e-01   9.3812509e-01  -1.2222335e-01   1.3063154e+00  -1.8340512e+00   2.2678761e+00   5.3172756e-01  -2.0243050e-01  -3.0143311e-01   9.3460997e-01  -1.5446321e+00  -1.0052084e+00  -1.0643772e+00  -8.6084033e-01  -8.9449180e-01  -3.7332175e-02
   1.0000000e+00  -8.2154077e-01   2.7446081e-01  -3.1259968e-02  -1.4336483e+00   1.2867578e+00   4.7131655e-01   7.2339277e-01  -3.7207132e-01  -1.3412787e+00   1.0858448e+00  -3.2183500e-01  -2.1552224e+00  -2.3151184e+00  -1.1047156e-01   1.0094526e+00  -1.5013539e-01   2.5005424e-01  -1.6298500e+00
   1.0000000e+00  -7.3405196e-01   4.1795231e-01  -1.1814162e+00   7.0582569e-01  -9.5405710e-02  -3.0772569e-01   2.4674693e-01  -9.4088807e-01   8.2928614e-01   5.7346551e-01  -5.2579386e-01   3.0357775e-01  -1.1875913e+00  -1.4801026e+00  -7.2171309e-01   3.7514897e-01  -1.1621284e+00  -3.6997862e-02
   2.0000000e+00  -8.6810646e-01   6.5784766e-01  -6.4563034e-01   5.0798249e-01   1.6853741e+00  -2.2840897e+00  -4.5545802e-01  -3.1238629e-01   1.3489547e+00  -2.8780393e-01  -3.1358781e-01  -2.5850119e-01   1.0984486e+00   6.9230131e-01   1.0066848e+00  -2.5658283e-01  -4.9187949e-01  -1.0999842e+00
   2.0000000e+00  -1.2151269e-01  -1.1126888e+00  -7.0747391e-01  -1.9597076e-01  -1.2889118e+00   1.8551638e-01  -6.8978118e-01   3.2471484e-01   5.2678303e-02  -8.9484437e-01   1.2486057e+00   1.4872154e-01  -1.3323314e+00  -4.2713695e-01   1.2765010e+00   4.0093162e-02   1.2625262e+00  -1.0163614e+00
   2.0000000e+00   1.9502543e+00   1.3593996e+00  -1.4426681e+00  -1.0132686e+00  -1.6988010e+00   3.0199012e-01  -3.7742709e-01  -1.9510352e+00  -1.1872284e+00  -9.3040592e-01  -1.9207721e+00   2.1620879e-01  -1.7372142e-01  -1.4637400e+00   1.1666766e+00   5.1999341e-01   1.9423823e+00   6.1736871e-01
   2.0000000e+00   2.0384564e+00   2.2234787e+00  -6.9002294e-01  -4.0938654e-01  -1.7373812e+00  -2.8577056e-01  -5.1296917e-01   4.5336388e-01  -6.3884010e-02   4.0517521e-01   4.8001606e-01  -4.5203895e-01   6.2918538e-01  -2.7790446e-01   1.4467726e+00   4.5083355e-01   1.4878864e-01   6.3313138e-01
   2.0000000e+00   1.2055086e+00   1.9945032e+00   6.8002019e-01  -3.0309080e-02   6.8776258e-01  -7.8674484e-01  -8.1530011e-01   9.4914131e-01  -8.7842256e-01   2.0375756e+00  -6.1623048e-01   1.2618983e-01   4.0316706e-01   1.3109499e-01  -5.6194649e-01   5.3578439e-01   3.6513865e-01  -1.5555554e+00
   2.0000000e+00   2.1566728e+00  -3.7816914e-01   1.0674379e+00  -1.7274313e-01   6.6006577e-01   4.0875135e-02  -3.4450790e-01   1.1824692e+00   1.4114993e+00  -1.1158106e+00  -1.7259223e+00  -4.7960113e-01   1.1643401e+00   5.5479715e-01   1.5144652e+00  -6.4784667e-01  -5.5980291e-01  -3.2884519e+00
   1.0000000e+00   9.7935366e-02   1.2808571e-02  -1.1775132e+00   1.2727655e+00   1.1526965e+00   2.5757111e-01  -4.5091293e-01   9.7003449e-01   6.0341429e-01   2.1432845e-01  -8.1925552e-04   1.2936969e+00  -2.7306276e-02  -1.3386600e+00  -2.8411339e-01  -6.7530619e-01   6.1904849e-01   2.7947934e-01
   2.0000000e+00   2.0838015e-02   1.6068097e+00  -8.5705688e-01  -6.8610835e-01   6.1704447e-01   4.5502422e-01  -1.1490602e+00   1.2615628e+00   3.4292245e-01  -8.1250828e-01   5.5059738e-01   1.7458312e-01  -1.6780989e-01  -1.5093020e-01  -2.8168095e-01   1.0181964e+00   8.0455133e-01   2.1578294e+00
   2.0000000e+00  -4.7922379e-01   1.4480092e+00  -9.0898956e-01   7.6191853e-02   6.9604274e-01   9.8988622e-01  -8.3420426e-02   1.7600203e+00  -2.5122107e-01  -3.6961336e-01   5.9748434e-01   4.8048311e-01   9.6063389e-01   2.5981527e-01  -4.9068212e-01   1.1997532e+00  -9.4887964e-02   7.8777281e-01
   2.0000000e+00   1.0154750e-01   1.0985356e+00  -7.6241290e-01  -8.8536289e-01   4.5921010e-01  -3.2845162e-01  -1.1294301e+00  -1.1978132e-01   1.7657041e+00  -1.2631465e+00   1.8747084e+00  -2.9920298e-01   1.6946238e+00   1.4284347e+00   5.6494221e-01   1.5156264e+00  -9.3513470e-01  -1.0741008e+00
   2.0000000e+00   8.7696535e-01  -8.5588615e-01   8.8972012e-01   5.8401190e-01  -9.7112106e-01  -1.5248408e+00  -3.2383441e-01   9.3348165e-01  -3.8164045e-01   2.7974849e-01   8.1891824e-01  -1.2503845e-01  -1.8423742e+00   5.1683218e-01  -3.8600092e-01  -7.9233543e-01  -8.5940827e-02  -5.8906290e-01
   2.0000000e+00   1.9464708e+00   1.2839358e+00   3.4822774e-01   1.5353913e+00   3.8891488e-01   1.1680491e-01  -2.2458384e+00   1.0034202e+00   1.0196178e+00  -1.9151867e+00  -2.9180967e-01  -2.8420526e-01  -1.2135550e+00   1.2015456e+00  -2.2912229e+00   8.0398329e-01   1.0677470e+00  -4.1385548e-01
   2.0000000e+00  -3.1617835e-02  -1.5963001e+00  -8.3691229e-01   1.0185495e+00  -1.8585455e+00  -4.0236186e-01  -3.4793299e+00  -1.1163498e+00  -1.4829549e+00   8.2344771e-01   8.7279431e-01   1.9624924e+00   6.1550424e-01   2.0243133e+00  -1.0741665e-01   1.0091205e+00  -1.0308689e+00   1.0636805e+00
   2.0000000e+00  -6.8994826e-01  -1.1006798e+00   2.8049990e-01  -1.8066046e+00  -5.1044423e-01  -4.1191800e-01   6.5910756e-01   7.0514244e-01   4.3435992e-03  -1.1497757e-01  -6.4435960e-02   3.0718353e-01  -1.5578978e+00   4.3567287e-01  -5.1763376e-01  -2.6196977e+00   1.8183420e+00  -1.0177285e+00
   1.0000000e+00   7.5228777e-01   4.7580687e-01  -1.0404089e+00   8.7766493e-01  -4.2148689e-01   5.1554127e-01  -5.9153663e-01  -7.5307385e-01   1.0144451e+00   6.2056797e-02  -6.5930930e-01  -5.6602122e-01  -1.5436418e-01  -4.9134278e-01  -2.1270566e+00  -1.9020548e-01  -7.5678600e-02   1.5681294e-01
   1.0000000e+00  -2.5904993e-04   2.6728648e-01  -4.8948157e-01  -6.5441876e-01   1.8428246e-01  -1.2708051e+00   4.4057326e-01   1.0569867e+00   1.8262249e+00   1.4606293e-01  -4.2207227e-01  -8.0821001e-01   1.4672028e+00   1.4204847e+00  -1.0090259e+00  -1.4116878e-02  -1.0947036e+00   1.8996583e-01
   2.0000000e+00  -1.1842460e+00  -8.0542947e-01  -1.7591405e+00   7.9957442e-01  -6.8290286e-01   3.5861332e-01   7.4426991e-01   6.4182437e-01   1.4186318e+00   4.9844767e-01  -4.5914842e-01   9.9172116e-01   1.1742778e+00   2.6683594e+00  -2.8627294e-01  -1.7790982e+00  -9.3946839e-01   2.2784853e-01
   2.0000000e+00  -9.0996012e-01  -9.7805700e-01   1.0520961e+00  -2.0784099e+00  -9.1817594e-01   3.8927753e-01   1.3860906e+00   4.8166194e-01  -3.1447743e-01   2.2760355e+00  -1.0520280e+00   2.2255300e-01   2.6849019e-01   4.3799249e-01   1.0153093e+00   6.8954819e-01  -1.9610631e-01  -1.1841661e-01
   1.0000000e+00  -1.9885829e+00   5.4298343e-01  -1.0782800e+00  -2.3296046e+00  -4.4711146e-01   6.1687240e-01  -1.7749474e-02   3.3130520e-01  -3.6711755e-01   1.4394397e+00  -9.8665556e-01  -4.9603353e-01  -1.0431267e+00  -1.4072383e-02  -8.3642997e-02   2.1312551e-01   1.2599669e+00   4.0020042e-01
   2.0000000e+00  -5.6929754e-01   1.9498966e+00  -6.4180446e-01   6.4861340e-01  -1.4473293e+00   1.1367214e+00   1.0813023e-01   1.1604871e+00  -4.9125129e-02  -2.8047582e-01   1.0442656e+00   1.4788974e+00  -1.0600722e+00   7.0749566e-01  -7.4824780e-02   9.2544597e-01   4.9837332e-01   1.0180436e+00
   2.0000000e+00  -9.9905856e-01  -1.8545181e+00  -3.4099992e-01   8.5535253e-01  -9.7690648e-01   2.1431950e-01  -2.3739761e-01   1.5978791e+00  -1.3230295e-01   9.8620080e-01  -9.9434586e-01  -1.2216746e+00  -2.4877030e+00   6.3788629e-01  -1.2772293e+00  -4.7965408e-02   7.7871999e-01  -1.0082995e+00
   2.0000000e+00   3.1872026e-01  -5.8427414e-01   1.8000110e+00  -1.0390873e+00  -6.4489730e-01  -1.4046550e+00   9.3866837e-01   4.5673912e-01  -8.7869111e-01  -6.8153804e-01  -6.8705228e-01   3.2686543e-01   3.2940232e-01  -4.3052399e-01  -1.3552346e+00   6.4092470e-02  -7.8640499e-01  -2.2152175e-01
   2.0000000e+00  -6.6437346e-01  -7.8093546e-01   1.8103954e+00  -1.5898585e+00  -1.3382321e+00  -5.3419476e-01   7.8621935e-02  -7.8360974e-01  -3.4434845e-01   6.6866997e-01  -2.1985768e-01  -6.0294691e-01  -1.0246877e+00   2.0881738e+00   4.9556553e-01   2.2305997e+00  -2.2349130e-01   3.5086252e-01
   2.0000000e+00  -8.6220753e-01  -7.4044797e-01   5.2397688e-01   7.4461595e-01   1.5919841e-02  -1.7499667e+00   1.2238650e+00   6.3199644e-01  -4.9396436e-01   1.9979912e-01   8.1961411e-01  -1.0906644e+00  -3.8700399e-01   7.7840761e-01   1.4217411e+00  -8.8932032e-02   1.7818805e+00   8.4680585e-01
   2.0000000e+00  -1.4026383e+00   7.6650479e-02  -7.1539803e-01   1.3568931e+00   3.9821263e-01  -4.8935230e-02  -1.8654031e+00  -1.2491362e+00   9.6742605e-01   3.0982757e-03   1.6509017e-01  -4.1546936e-01   4.8028716e-01   1.0259322e+00   2.3841696e+00  -1.8639565e-02   5.4926916e-01   9.7032618e-01
   2.0000000e+00   1.0881473e+00   1.5182580e+00  -1.5109684e+00  -2.0517607e-01  -4.4227467e-01  -7.6470472e-01  -7.2044158e-01   8.2417838e-02   1.0789000e+00   1.4442269e+00  -1.3802424e+00   1.0197809e+00   2.5362700e+00   6.6565134e-01   2.2338011e+00  -4.2524396e-01  -6.7169627e-01  -4.7493028e-01
   2.0000000e+00   9.0641692e-01  -2.2936268e-01   1.8562912e-01   1.2093430e+00  -1.1941501e+00   8.5467087e-01  -3.8025100e-01   9.3714528e-01  -9.2867534e-01   4.7603459e-02   8.2449633e-01  -1.1046221e+00  -2.1644162e-01   2.0986027e-01   1.1440911e+00  -8.6477281e-01  -4.4560989e-02   9.0309881e-01
   2.0000000e+00   1.3090616e+00   4.3857893e-01   6.6346111e-01   1.6792779e+00   3.6522167e-02  -1.2480660e+00  -1.0769687e+00  -4.5764337e-01  -5.3642371e-01   8.0686899e-01   1.2040869e-01  -8.7595614e-01  -2.5402517e-01  -5.3327953e-01   1.1515003e+00  -1.4837434e-01   1.1875451e-01   1.2471440e+00
   2.0000000e+00  -5.3883443e-01  -6.9835196e-01   7.4008352e-01   7.5412395e-01  -2.5651434e-01  -4.7265548e-01  -8.1311500e-02   1.4568375e+00   1.1151103e+00  -6.5030174e-02  -1.1544016e+00   3.1180180e-01  -2.1194644e-01   4.7881309e-01   2.0497900e+00  -4.4334858e-01  -9.6105110e-01  -1.6786424e+00
   2.0000000e+00  -4.0306988e-01  -9.6829236e-01   9.6880994e-01  -6.9196141e-01   8.4229780e-01  -5.0775314e-02   6.5041021e-01  -1.5474844e-01  -1.4331364e+00  -4.9275044e-01   1.0108543e+00  -9.8764602e-01   1.1800231e+00   4.6081492e-01  -7.1365433e-02  -3.0613351e-01   5.2259372e-01  -7.8254480e-01
   2.0000000e+00  -1.1466960e+00   1.0783644e+00   8.5137229e-01  -4.9798285e-02   7.1496176e-01  -2.1382950e-01  -1.5115390e+00   1.5031823e+00   6.5301263e-02   3.5845471e-01  -1.2616640e+00  -6.1033738e-03   1.1627800e+00   1.4144154e-01  -1.0799700e-01  -5.3927600e-01  -3.4645942e-02  -3.2387931e-01
   2.0000000e+00  -1.3529033e+00  -2.2457579e+00  -1.5366543e+00   1.0600574e+00   8.0379907e-01  -4.5831784e-01  -1.7860747e-02  -2.5995641e-01   1.1119510e+00  -4.5637449e-01  -1.6604624e+00   9.3829388e-01   5.5250400e-02  -8.1019558e-01   1.3359771e+00  -3.4133181e-01   4.0578962e-01  -1.2964899e+00
   2.0000000e+00  -8.2975174e-01   1.4707116e+00   7.2246494e-02   1.6871523e+00  -1.0149318e+00  -1.1100701e+00   1.7783366e-01  -3.7678348e-01  -1.2767946e+00  -2.4484437e-01   4.0025389e-01  -1.3505084e+00  -1.0375176e+00  -1.4022608e-01   5.2100123e-01  -2.1201732e+00  -2.4666094e-01  -8.9636125e-01
   2.0000000e+00  -8.0559972e-01   1.0024011e+00   8.0030827e-01   7.1046485e-02   7.6064608e-02  -1.2804339e+00  -3.4514576e-01   1.4692294e-01  -4.6163758e-01   6.6607502e-01   3.0695310e-01   1.7213218e+00  -8.4839162e-01   6.2098395e-01  -5.2252595e-01  -3.8308652e-02  -6.3168763e-01  -1.8554315e+00
   2.0000000e+00   4.8858341e-01  -7.6017643e-02  -7.0582129e-01  -4.4082486e-01   7.4876725e-01   1.3115962e+00   4.8047822e-01   6.0349454e-01  -1.4960760e+00   3.6630603e-01  -6.0122768e-01  -2.3147910e-01  -2.1091723e-01  -1.7355169e+00  -1.1814909e+00   6.6560461e-01  -3.6235846e-01   2.5291946e-01
   1.0000000e+00  -1.2835765e+00   8.9279458e-01   1.6073494e-02   5.2114612e-01  -3.0795212e-01  -8.2304363e-01  -1.0645635e-01  -2.5124624e-01   6.3007116e-01  -1.0789743e+00   8.3641595e-02   1.1191033e+00   5.9845370e-02  -2.7791621e-01   1.1885355e+00   2.3791072e-01  -6.6029910e-01   2.4116753e-01
   2.0000000e+00  -5.6221078e-01  -6.0717375e-01   7.6389224e-02  -7.1823116e-01   2.8068075e-01   9.1192467e-01   1.2621016e+00   1.0072346e+00   1.8364819e+00  -1.2280164e+00  -8.3103638e-02   5.6422246e-01  -5.2036544e-01   5.8975293e-01  -6.4521482e-01   1.6198567e+00   1.5179782e-01  -1.8388549e+00
   2.0000000e+00   1.0229172e+00  -2.1492871e-01  -5.7284832e-01  -7.5197057e-02  -9.2520676e-01   5.1185449e-01   3.9679550e-01   3.7262800e-01   1.7095500e+00  -9.7096646e-01  -9.7718787e-01   1.1099314e+00   4.3639565e-01  -5.8321249e-01  -5.7696027e-01  -5.9538881e-01   2.1010249e-01  -7.2543950e-01
   2.0000000e+00   8.8460533e-01   1.8779546e+00  -8.2746254e-01  -1.0483174e+00  -8.7353055e-02  -2.6592171e-01   1.8301227e-02  -1.1892984e-01  -2.8235783e-01  -5.0559473e-01  -2.0394091e+00  -1.1919476e+00  -1.1863361e+00  -1.2627496e+00  -2.7944513e-01   7.4615748e-01  -1.7286523e+00  -6.1095480e-01
   2.0000000e+00   1.1098808e+00  -1.6837288e-01  -1.2376654e+00  -2.0003523e-01  -9.8398767e-02   2.6954589e-01   1.2810472e+00   1.5861640e+00   1.9644539e-01   1.1875778e+00  -3.9597662e-01   6.7250501e-01  -1.0504141e+00   5.3363818e-02  -2.4719502e-01   1.9909955e-01   7.9247487e-01   1.9096589e-01
   2.0000000e+00   1.3348246e+00  -1.6640424e+00  -1.2236625e+00   7.5677208e-01  -8.5279001e-01  -1.2371615e+00  -1.9224247e-01  -2.4014437e-01  -7.1997479e-01  -3.4595632e-01  -7.5978171e-01   1.2329629e-02   5.3253976e-01   9.6919467e-01  -5.7178693e-01   8.7678501e-01  -1.0239454e+00  -1.0102046e+00
   2.0000000e+00   1.1372505e+00   1.1753733e+00   7.4542535e-01  -5.8210870e-01   1.2496655e-01  -3.0752464e-01   1.4940189e+00   1.7142684e+00   1.6588108e+00   5.8747041e-01  -6.9043641e-02  -8.9785113e-01  -6.0810391e-01  -1.0618161e-01  -3.0649911e-01   2.2671947e+00  -5.7004415e-01   2.3609240e-02
   2.0000000e+00  -8.1157690e-01  -1.3640819e+00   7.2403714e-01   1.1783834e+00  -8.7150563e-01  -3.8105672e-01   4.3020657e-01   1.3227299e-01   5.3798630e-01  -9.7946452e-01  -4.3081658e-01   9.7430078e-01  -8.7033588e-01   2.7585937e-01  -1.5027070e+00   9.1899779e-01   2.9904021e-01  -3.5029979e-02
   1.0000000e+00  -3.9070034e-01   6.3914114e-02  -1.1088114e+00  -1.0548683e+00  -3.9301106e-01   2.6390324e-01  -6.8339600e-01  -1.6407535e+00  -3.6842564e-01  -5.4465685e-01  -1.6512967e-01   2.4423696e-02   1.7379755e+00   9.0105613e-01  -3.6618705e-01  -2.3074382e-01  -5.2614923e-01  -1.1195351e-01
   2.0000000e+00  -6.4730968e-01   6.7198688e-01   5.2942059e-01   1.3049603e-01  -5.5175210e-01   8.3526403e-02   1.1518144e+00  -2.6341084e+00  -1.0106191e-01   9.9488511e-01   1.1585961e+00  -1.6650905e+00  -6.6674715e-01  -2.6278925e-01  -5.3432367e-01   1.3821677e+00  -2.0101082e+00   8.0522472e-01
   2.0000000e+00  -7.7613562e-01  -3.0252504e-01   7.2536744e-01   5.7330409e-01   7.6126513e-01   8.5125079e-01   3.5440193e-02  -3.0917964e-01   8.1643239e-01  -1.0148848e+00   1.7690359e+00   2.0653027e-01  -1.5648748e+00   5.5425045e-02  -5.9914626e-01   8.1248017e-02   9.9077667e-01   7.5525216e-01
   2.0000000e+00   1.5042349e+00   7.7359471e-01   1.8030782e+00  -9.1280281e-01   1.0575565e+00  -2.1284727e-01  -2.0555626e+00  -7.7111501e-01  -1.8320243e+00   1.1930048e+00  -1.6433971e-01  -4.8632374e-01  -5.2566059e-01  -7.2539266e-01   3.5120606e-01  -1.4293063e+00  -1.5817217e+00   1.0162605e+00
   2.0000000e+00   1.1763971e+00  -1.3912029e+00  -5.6430993e-01  -8.5357183e-01   1.8454885e+00  -6.5459434e-01  -2.1275488e-02   1.9698502e-01  -1.0747592e+00  -1.5219891e-01   1.7500872e-01  -8.4911086e-03  -1.5937863e+00   7.7161414e-01  -1.0145454e+00  -9.0811936e-01  -1.6539066e+00  -3.0558791e-01
   1.0000000e+00  -1.0512979e+00   1.0349548e-01   1.1122733e+00   7.0976209e-01  -4.4315060e-01  -3.1184128e-01  -4.9072380e-01  -8.8956964e-01   1.1971668e+00  -3.5798584e-01  -4.5682750e-01  -9.5596444e-01   5.3670742e-01  -6.1966343e-01   1.4450644e-01  -4.4272605e-01  -2.2704301e+00  -2.8487152e-01
   2.0000000e+00   8.6076937e-01   1.1965722e+00   3.5040663e-02  -1.3566816e+00  -8.5588072e-01   8.7101099e-01  -1.0391127e+00  -2.9547921e-01   2.0945704e+00   7.4632487e-01   2.1301667e-01  -7.3703802e-02   1.3438705e-01   1.4467024e+00  -1.0567969e+00  -1.4737565e+00   5.9480933e-01  -7.8153906e-01
   2.0000000e+00   7.5783944e-02  -6.2612771e-01   6.9190223e-01   3.0804190e-01  -2.2407059e+00   7.5968842e-01   1.4910697e+00   1.3033340e+00  -1.2353036e+00   7.4407112e-01  -8.6079170e-01   9.5861051e-02  -6.1012410e-01   9.9672577e-01   1.0491236e+00   1.7658203e-01  -2.2917011e+00   4.4290700e-01
   2.0000000e+00  -8.4269549e-01   6.0996217e-01   3.7881138e-01   2.9023159e-01  -4.0678549e-01   7.6526835e-02  -1.1482632e+00   3.4802204e-01  -4.8413481e-01  -1.6925345e+00  -1.0011661e+00  -1.2544705e+00   4.4360444e-01   6.7651178e-01   5.6049090e-02  -6.7330676e-01   8.3292648e-01   6.5990232e-01
   2.0000000e+00   3.2538572e-01  -6.2911807e-02  -5.6753218e-01   1.8340739e+00  -1.5157088e+00  -8.7980760e-01  -1.7371194e+00  -1.8022583e-01   1.2109174e+00   6.0858893e-01  -7.5560490e-03  -6.8423320e-01  -6.5906194e-02   7.5228787e-02   6.0615784e-02  -1.3141348e+00  -1.0451099e+00  -3.3803720e-01
   2.0000000e+00   6.7167434e-01   1.3276910e+00   2.5027344e+00  -4.2512204e-01  -7.2836058e-01  -5.9197559e-01   6.5834789e-01   1.9143213e-01  -1.5019821e+00  -2.0201457e-01   3.1763262e-01   1.0076127e+00  -1.6653167e+00  -1.4533632e-01  -3.1854691e+00  -1.0470483e-01   1.5387663e+00  -2.0588768e-01
   1.0000000e+00   3.0318506e-01   3.6995872e-01  -3.5609423e-01   1.4175747e+00  -9.2648454e-01   1.0484018e+00  -5.7078362e-01   1.6704943e-01   6.5486326e-01  -5.7919557e-01   7.9961593e-01   1.4698197e-01   4.1729794e-01   2.9825980e-02   8.4578980e-01   1.4605804e+00  -2.5149564e+00  -4.8334101e-01
   2.0000000e+00  -1.3664578e+00  -1.0176432e+00  -9.0782299e-01   2.3917054e-01   3.6427649e-01   1.6180142e+00  -1.4202444e+00  -6.7284718e-01  -9.9069478e-01   1.7824385e-01   1.0854963e+00  -6.3749446e-02  -6.4553077e-01   3.1240513e-01   1.2541320e-01  -5.9271334e-01   1.2723984e+00  -1.1059072e+00
   2.0000000e+00   5.0357340e-01  -2.7061585e+00  -1.2628478e+00   1.1323412e+00  -1.7371918e-01  -1.9798543e-01  -7.3162115e-01   8.4740560e-01  -9.9106204e-01  -3.7135341e-01  -8.5988610e-01  -6.7136501e-01   5.0116351e-01   1.6382253e+00   2.2392779e+00  -1.1465398e-01  -1.3547703e-01   4.4245752e-01
   2.0000000e+00   2.8322435e-01   2.6893158e+00  -1.7536308e+00  -1.2822179e-01   8.6369435e-01   6.1681741e-01   2.0804998e-01   2.1503920e+00  -2.3066489e+00  -1.7598212e-01   8.7985029e-01   9.6348662e-01   7.2583564e-01  -1.8773800e+00   3.7977837e-01   1.1874051e-01  -7.3886175e-01  -1.4656562e-01
   2.0000000e+00  -1.0366811e+00  -8.8331765e-01   2.4047704e-01  -9.0973461e-01   1.1034443e+00  -4.7036311e-01   1.0205289e+00  -1.5090416e+00  -6.0238381e-02  -4.0563970e-01   7.0196819e-01   1.9239676e-01   2.2032819e-01  -5.0831831e-01   4.3995106e-01   9.3357682e-01   2.2692721e-01  -6.5870922e-01
   2.0000000e+00  -5.9643749e-01   9.0940242e-01   4.5156911e-01   2.0307977e+00   1.5643419e+00   3.0270414e+00   6.2546028e-01   1.4412322e-01   5.4932673e-01   1.1474693e+00  -1.4555688e-02   1.0785575e+00  -3.1268461e-01   5.6960424e-01  -3.3727882e-01  -1.9131096e+00  -3.7032847e-01   8.9474626e-01
   2.0000000e+00  -1.1698347e+00  -2.4299945e-01  -5.7397458e-01   1.5149411e+00   9.6600676e-01  -9.3542525e-01   1.6753569e+00  -4.8082327e-01  -7.6857824e-01  -5.7568806e-01   5.7171294e-01  -5.0243939e-01  -9.1034685e-02  -1.1358125e+00  -6.7894190e-01   8.2702739e-01   1.1076535e+00  -2.6213439e-02
   1.0000000e+00  -2.8833313e-01   3.1933827e-01  -1.4162629e+00  -2.9500902e-01   1.1671481e+00   1.1797406e+00   2.1922740e-01  -3.3282747e-01   6.1552674e-01  -1.1765917e+00   4.0123099e-02  -3.9488428e-01   1.2506314e+00   4.3189296e-01  -1.1412619e+00   5.3481804e-01   1.4857997e+00   1.3300344e+00
   2.0000000e+00  -6.7539127e-01  -1.1194589e+00  -5.4977379e-02  -4.9695584e-01  -8.9059520e-01  -8.2518932e-02  -8.3625356e-01   2.0295503e-01  -6.8073824e-01   2.9379797e-01   1.3378803e+00   4.6737027e-01   1.4623605e-01   3.8691394e-01   1.3619196e+00  -6.7154279e-01  -9.3736120e-01   1.8060988e-01
   1.0000000e+00  -1.0752629e+00   4.3890121e-02   3.3628145e-01  -7.5485863e-01   1.0959092e+00   4.0274860e-01  -3.1106890e-01   4.8948086e-01   5.5186927e-01   6.2172794e-02   1.3415837e+00   1.9485254e-01  -1.9529902e-01   9.8269645e-01  -8.2835042e-01  -6.8635824e-01  -1.5455232e+00   4.8949979e-01
   2.0000000e+00  -1.8450566e+00  -9.3634824e-03  -7.5682152e-01   3.6838541e-01   7.9768362e-01   4.1215544e-01   2.1709331e+00  -2.7635128e-01   5.3669942e-01   2.3873459e-01   1.2744685e+00  -1.1759196e+00   1.1369724e+00  -2.8299257e-01  -1.7333907e+00  -6.3823880e-01  -6.8354240e-01  -9.2091586e-01
   2.0000000e+00   3.3831831e-01  -7.0713326e-02  -2.2040088e+00   9.6342803e-01  -1.2701015e+00  -6.4042487e-01  -1.2755049e+00  -7.0210160e-01   8.1051250e-02   3.6945437e-01   1.0840144e+00  -9.3105931e-01   3.8352035e-01   7.0498405e-01  -9.0637526e-01   5.6995441e-01   1.8545826e+00  -1.1082824e+00
   1.0000000e+00   8.2223031e-01   1.5303680e-02  -4.2589081e-01   4.2477247e-01   1.1210955e+00  -1.8550539e+00  -9.4844731e-01   1.1883220e+00   1.8761957e+00   1.6856133e+00   1.3947852e+00   7.9618280e-01  -1.3162019e+00  -7.9898679e-01   4.2301332e-01   7.8969287e-01  -2.7081905e+00  -4.7291617e-01
   2.0000000e+00   3.8770362e-01  -5.7561195e-01   5.4038015e-01   3.3450107e-01   1.3173287e-01  -1.9447986e+00  -4.1182812e-01   1.9463400e+00   4.2534055e-01  -7.1109512e-01   7.7924928e-01   5.0404075e-01   3.3779919e-01  -1.0358955e+00  -7.4908180e-01  -1.8500961e+00   7.6528649e-01   1.8851699e+00
   2.0000000e+00   1.3959146e+00   5.2076731e-01   1.0664223e-01  -8.9989243e-01  -5.6829279e-01  -2.0445103e-01   1.2014020e+00   2.7866326e-01  -1.6385898e+00   1.4800290e+00   1.1830287e-01   1.7713936e+00  -5.6272029e-01  -2.4547496e-01   1.6852842e+00  -8.0613804e-02  -2.4610888e+00  -5.7740287e-01
   1.0000000e+00   1.6328345e+00   7.6483055e-01   5.2150009e-01  -8.5184807e-01  -4.2824426e-01   1.0040257e+00  -1.4113930e-01  -2.4774798e+00   1.7452753e-01  -5.1860181e-01   6.6434932e-01  -1.9302228e+00   3.2629521e-01  -1.1191315e+00   7.7940428e-01   1.1805241e-01  -2.9950881e-01   3.1845299e-01
   2.0000000e+00  -1.1780115e+00   9.6252212e-01  -2.6304728e-01   4.1459902e-01  -3.9832865e-01   4.0460913e-02  -1.6742829e+00   2.7754662e+00  -1.1945806e+00   6.1229870e-01   1.1396296e+00  -9.8560305e-02   1.4976848e-01   3.4495390e-01  -1.6308022e+00   8.6852494e-01  -1.1172232e+00   1.2184634e+00
   2.0000000e+00   4.2782766e-01   1.8892384e+00  -8.2485319e-01   3.5896474e-01  -4.0829688e-01  -1.7024342e+00   7.5284780e-01  -3.3413135e-01  -7.0727467e-01  -1.3111700e+00  -1.8695792e-01  -2.0505208e-01  -4.1626615e-01  -6.5206003e-01   1.3378719e+00   1.4092930e+00  -6.3091635e-01   7.4399953e-01
   2.0000000e+00  -6.6440606e-01  -4.0645046e-01   1.9864107e-01   5.7771347e-01  -9.8975133e-01   1.8510887e+00   5.3396110e-01   5.4190754e-02  -3.1972989e+00   1.2294383e-01   5.1003687e-01  -2.1945504e+00   7.7359072e-01   6.3316994e-01  -1.8550478e-02   1.6388411e+00   7.8153753e-01   1.1303764e-01
   2.0000000e+00  -1.2502075e+00  -5.5455741e-01   9.4264656e-02  -1.1336149e+00   6.4145494e-01  -8.9917639e-01   6.3518372e-01  -1.1702697e+00   1.6214908e+00  -6.2338355e-01   1.8403757e-01  -1.4570411e+00   1.0412447e+00   2.1207647e-02  -8.5009766e-01   8.9066887e-01   4.1309772e-01   1.6577646e-01
   2.0000000e+00  -4.2229310e-01  -1.5224410e+00   3.4513467e-01  -3.9087242e-01   3.5445665e-01   5.4669183e-01   9.3581488e-01   3.2891478e-01  -8.6072821e-02   5.1952650e-02  -4.9571727e-01   8.8156679e-01   4.3336448e-01   5.3181047e-01   4.2971903e-01  -1.0257296e+00   2.0231994e+00   4.9682003e-01
   2.0000000e+00   6.5613857e-01   8.6575568e-01   9.2304763e-01  -1.3203076e+00   1.5915339e-01   5.6903115e-01   1.2311119e+00  -1.0968172e+00   1.6426853e+00   5.1441786e-01  -1.8099927e-01   4.9842401e-01   1.1355136e+00  -6.3071597e-01  -1.3579392e-01   7.7648729e-02   3.1665948e-01  -4.0445614e-01
   2.0000000e+00  -3.4867873e-02  -9.8941493e-01  -1.1845817e-01   1.3443854e+00   6.0936979e-01   8.5855277e-02   1.8897147e+00  -6.1779697e-01   2.9626366e-01  -1.2215214e+00   4.8359110e-02  -1.8326237e+00  -8.5707325e-01  -9.7418220e-01   9.4625509e-01   1.3376220e-01   2.4663948e+00   1.3383714e+00
   2.0000000e+00   3.1119746e-01  -1.1237770e+00   4.9683709e-01  -1.1522284e+00   4.2906606e-01   1.4584439e+00  -1.6385336e+00   3.3499182e-01   6.0513000e-01   3.4340266e-01  -1.2291121e+00   6.6245211e-01   8.8689702e-01  -1.0700376e+00  -1.1475899e+00  -6.9250429e-01   9.2507295e-01   1.8326587e-01
   2.0000000e+00   8.5494689e-01  -1.9975750e-02   1.7538238e-01  -1.1672738e+00  -1.3823237e+00  -1.0519633e+00   6.5789432e-01   5.3960639e-01   1.4239115e+00  -1.2328998e-01  -2.5787895e-01  -2.0538981e+00  -1.4871539e-01  -1.1270291e-01  -3.1321930e-01   1.2984715e-01  -1.3783149e+00   9.7452367e-01
   1.0000000e+00  -1.7988419e+00   6.9826717e-01   1.1606860e+00  -5.4374387e-01   1.0930273e+00  -1.1255205e+00  -2.4629799e-01  -4.8974861e-01   2.2044687e-02   1.8687852e+00  -1.2644270e+00  -2.1783498e-01   1.1328914e+00   7.7841307e-01  -1.1909149e+00   5.9025930e-01  -6.9968624e-01  -7.2393050e-01
   1.0000000e+00  -1.2961117e+00   2.5390776e-01   2.2998009e-01   6.1653900e-01  -2.8588185e-01   3.6697621e-01   7.2964336e-01  -4.7260867e-01   1.1115560e-01  -3.3326188e-01  -3.5444952e-01   4.8691496e-01  -9.3744846e-01  -3.4053813e-01  -2.9281881e-01  -5.3942935e-01  -1.5308079e+00  -5.8923033e-01
   1.0000000e+00   1.5184507e+00   8.1158571e-01  -8.6449041e-01  -5.6556475e-01  -1.5606947e-01   1.5763112e+00   8.5658507e-02  -4.8359844e-01  -1.2058085e-01   2.5891525e-01  -7.4892313e-01  -1.9846824e+00  -7.5239985e-01  -1.5420181e+00  -8.9765677e-01   2.2060183e+00   1.0390406e+00  -3.7939245e-01
   2.0000000e+00   5.9034487e-01   1.1887474e+00   9.9161132e-01  -9.4161613e-03  -3.0226377e-01  -5.9353371e-01  -6.4247008e-01   9.0054843e-02   2.3632516e-01  -1.3442425e+00  -3.1092915e-02   2.1993724e+00   3.3134753e-01  -1.2280798e+00   1.2937036e+00  -2.9942365e-01  -6.9579299e-01  -3.5029696e-01
   2.0000000e+00   1.1558185e+00   1.1816498e+00   6.1572438e-01  -4.7788374e-01   1.2576269e-01  -1.7880933e-01   8.1491848e-01   2.6640585e-01   8.6707768e-01   2.5039894e-02   4.1972860e-01  -1.1251931e+00   1.6162075e-01   1.0427740e+00  -9.1187364e-01  -1.2031468e+00   1.4221185e+00   5.5426648e-01
   2.0000000e+00   3.3334237e-01  -4.1372379e-01   2.5857253e-01   8.8264246e-01   2.9236776e-01  -2.5458017e-01   4.7643038e-01   6.4669352e-01  -3.0055822e-01  -3.6991463e-01   1.2660116e-01   7.2836696e-01  -1.1726119e-01   1.0706794e+00   7.0867543e-02  -8.7195429e-01  -3.9665536e-01   9.7228566e-01
   2.0000000e+00  -2.4127314e-01  -9.6033799e-01   3.5072262e-01  -2.1034669e-02   1.5485329e+00  -3.1910771e-01  -2.3313872e+00  -2.2027786e-01   1.5642615e+00  -6.4994596e-01   5.0030506e-01  -8.4246383e-01   8.9509421e-01   2.2146248e-01   1.5685642e+00   1.5061043e+00  -4.3798888e-02  -1.9441439e-01
   1.0000000e+00  -1.7061585e+00   4.3840788e-01  -5.8635265e-01   5.3047187e-01  -5.8955078e-01   7.1838557e-01  -3.3443433e-01   2.5784161e-01   3.6635019e-01   5.0425179e-01  -1.5862353e+00   8.9885530e-01   1.2261076e+00  -1.7601428e+00  -1.4637431e+00  -7.1992344e-02  -8.9100115e-01   1.1334256e-01
   2.0000000e+00   1.2687837e+00  -1.3629642e+00   6.6551758e-02  -1.4028501e+00  -2.1472780e+00  -1.9479290e-01  -5.5776681e-01  -4.6484781e-02   1.1639917e-01  -1.2255958e+00   4.9417505e-01   5.5781710e-01   8.4201638e-01  -1.1100234e-01  -2.2110238e+00  -3.6614062e-01  -2.2467521e-01  -2.4701137e+00
   2.0000000e+00   6.3085783e-02   8.7655368e-01   4.0235726e-03   1.3149259e+00  -2.6254152e-01   2.2426987e-01  -5.2261758e-01   1.8577703e+00   9.8288235e-02  -1.2468720e+00  -6.9206438e-01  -9.6574580e-01  -1.3361913e+00   3.3673379e-01  -1.3022877e+00   6.4556254e-01  -1.2281077e+00   6.0598017e-01
   2.0000000e+00  -2.0948228e+00  -8.1055543e-01   3.8633193e-01  -1.7333971e+00  -1.4907441e+00  -1.6753175e-01  -6.1395548e-01   5.8181380e-01  -1.8419018e+00  -1.1781189e+00   1.3011963e-01  -2.8792571e-01  -8.3643745e-01  -1.3292141e+00  -9.7183576e-02  -2.0621232e+00   1.9668655e-01   8.2390039e-01
   2.0000000e+00   1.0400213e+00   1.4917819e+00   1.4073499e+00  -3.8909671e-01  -3.3704317e-01   1.2554592e+00  -8.5864462e-01  -1.8043372e+00   7.0055442e-01   4.4235485e-01  -1.5271196e+00   8.4818826e-02  -6.9482925e-01  -5.0517489e-01   9.7564488e-01   9.8006167e-01  -3.1871641e-01   3.9599947e-01
   1.0000000e+00  -1.6785214e-01   3.8657580e-01  -1.2059790e+00  -9.1879090e-01  -1.0706630e+00   1.3895069e-01  -6.4502112e-01  -8.9840583e-01  -1.6256720e+00  -3.5392215e-01   1.1418125e-02  -2.1369201e+00  -2.0590115e-01  -5.2490553e-01   1.3253370e-01   1.0420140e+00  -8.7732161e-02  -1.2996258e+00
   2.0000000e+00  -2.2892298e+00   6.7886537e-01   1.8221652e+00   6.4350353e-02   5.4139576e-01   2.1194890e+00  -6.2786582e-01  -3.3033446e-01   9.1184543e-01   5.8332775e-01   1.1274088e+00   4.0773685e-01   1.2525760e+00   8.1400256e-01  -1.8868281e-01   1.5134552e+00   5.3287123e-01  -3.4759585e-01
   1.0000000e+00   6.4653414e-01   1.4426420e-01   4.9053631e-01   1.2290162e+00   4.9833033e-01   1.1529413e+00   7.4726027e-01  -8.1264350e-01  -7.7692359e-01  -1.3467647e+00  -8.2513789e-01  -1.6851018e-01  -1.9374776e+00   6.1355280e-01   4.5085593e-01  -1.8924151e+00  -5.9987053e-01   5.4679949e-01
   1.0000000e+00  -5.3972306e-01   5.8361528e-01  -5.7817034e-01  -1.0428091e-02   2.8274887e-01  -1.0959884e+00   4.1216232e-03  -8.4405990e-01   4.7351221e-01  -1.1693347e-01   8.7460655e-01  -6.1217881e-01  -2.3739288e-01   9.6207499e-01   6.6733046e-01   5.9857581e-01  -2.3524215e-01   4.5066355e-01
   2.0000000e+00  -9.2283797e-01   5.0782025e-01  -5.7847298e-01  -7.5146320e-01  -1.7100363e-01  -7.1022974e-01   1.1084566e+00   3.6855942e-01  -6.2889218e-01  -8.9682359e-02   2.1680103e-01   5.2495199e-01   1.3356439e+00   1.1211848e+00  -4.4783607e-01   6.7213137e-01  -1.1004132e+00   8.9010626e-01
   2.0000000e+00  -4.9277334e-03  -3.7527792e-01  -7.8964897e-02  -1.3171325e+00   4.2503161e-02   1.0158642e-01  -9.4105551e-01   7.3104598e-01   1.0698255e+00  -1.0767955e+00   1.3501370e-01   1.7307118e+00  -2.7373369e+00   5.7167627e-01  -1.2752110e-01   1.0093639e+00  -2.1559409e-01   1.3420690e+00
   2.0000000e+00  -4.7590722e-01  -6.5366717e-01  -1.1452148e+00  -1.7761871e+00   9.0765157e-01   8.5355975e-01  -2.8199420e+00   3.7769150e-01  -4.8769586e-01   3.1189587e-01  -2.9692595e-01   8.2696788e-01   1.2670728e+00   1.2600519e+00   2.2661665e-01   2.8909091e-01   9.3681996e-01  -2.3114880e-01
   2.0000000e+00  -6.2537207e-01   3.8894192e-02   9.7044954e-01   8.5727805e-02   1.1339959e+00   1.3472125e-01  -1.4290292e+00   1.0021272e+00  -8.4307720e-02  -9.2781079e-01  -5.5896459e-01   1.4365034e-02  -4.9123846e-01   3.3216578e-01  -2.6716442e-01  -7.0841398e-01  -2.4625431e-01   9.1716824e-01
   1.0000000e+00   2.3310037e+00   3.1970949e-01   3.3472987e-02  -8.1473645e-02   6.0564192e-02  -4.7028209e-01  -6.4102338e-01  -9.4368231e-01  -1.6290904e-02  -2.8573011e-01  -7.0794530e-02   7.3036358e-01  -3.7141260e-01   8.2216499e-02  -1.4963776e+00  -3.2146419e-01  -3.0350577e-02   1.6165243e+00
   1.0000000e+00   3.2985913e-01   5.5171551e-01   7.0798476e-01  -5.1909728e-01  -2.5218825e-01  -8.8433802e-01  -1.8835376e-01   1.1746566e+00  -3.8452620e-01   8.9775764e-01  -4.7347466e-02  -1.2663787e-01   1.7614466e+00  -9.1930310e-01  -1.5690110e-01  -2.1049675e+00  -8.3862118e-01   8.5009436e-01
   2.0000000e+00  -3.8113271e-01  -4.7483879e-01   1.1609003e+00  -9.6055331e-01  -9.7028084e-01   4.6941530e-01  -1.1118589e+00  -1.0988710e+00  -2.1511318e+00   2.7239974e-01   7.1974026e-01  -6.2632407e-01   5.4167222e-01  -1.7253758e+00   2.9644334e-01   1.5718872e+00   1.9132656e-01  -2.8170398e-01
   2.0000000e+00  -5.4085537e-01   9.8593463e-01  -1.8590924e-01  -5.2196690e-01   1.7033211e-01  -6.4268270e-01  -9.1949624e-01   4.0436024e-01  -2.6986718e-01  -9.5372685e-01  -3.0361384e-01   4.9173151e-01  -1.5413933e-02   3.1078919e-01  -1.9542531e+00  -7.0161147e-01   3.4205522e-01   5.6116637e-02
   1.0000000e+00   9.0262404e-01   2.1850049e-01   2.9248779e-01  -7.6264623e-01   2.1160441e+00   4.0182320e-01  -6.7894728e-02   1.8352609e-01  -5.4850052e-01  -1.0494267e+00   3.3934497e-01  -3.8639919e-01   1.5048227e+00  -3.5346119e-01  -7.9970183e-01   3.2136781e-02   1.5820803e+00   2.7131308e-01
   2.0000000e+00  -1.1013029e+00  -7.0822065e-01   1.6045544e+00  -1.9715280e-01  -1.1615339e+00   2.4004584e-01  -2.9763064e-01   1.8118658e+00  -4.3669959e-01   3.3235694e-01  -3.9482495e-01  -4.3208721e-01   5.7334620e-01  -2.3187832e-01  -4.2423126e-01  -1.0862523e+00   9.7444085e-01  -3.2460555e-01
   2.0000000e+00  -1.2024966e+00  -2.1660889e+00   1.1947743e+00   1.8751178e-01  -1.6880176e+00   8.2301418e-02   3.9884101e-02   5.3987154e-01   1.5595654e+00  -6.0620739e-01   3.9501828e-01  -1.0127610e+00   1.3340017e+00  -5.6725532e-01   4.5631139e-01   1.3091070e+00   4.6915383e-01   1.6529078e+00
   2.0000000e+00  -1.7333164e+00   8.2268411e-01  -1.3288397e-01  -1.3075028e+00  -1.4822893e+00  -5.6483567e-01  -1.1874382e+00   1.2451965e-01   7.7703654e-01  -8.2359931e-01   6.7453083e-01  -2.3375899e-01   1.2470367e+00  -2.1439568e-01  -9.4823649e-01  -8.6677555e-01   1.4789425e+00  -8.4502951e-01
   2.0000000e+00   1.4559691e+00  -9.9603735e-01   9.8694660e-01   1.8106622e-01  -1.7772811e+00  -2.8133377e-01   2.8686230e-01   1.0562526e+00   2.9084852e-01  -1.1680753e+00  -1.0671156e+00   1.6640396e-01  -1.0419164e+00  -1.3619925e+00   1.3785041e+00  -1.9815499e+00   6.3276975e-01  -1.0304022e+00
   2.0000000e+00   1.3403308e+00  -7.6465296e-01   3.0237273e-01   6.1335685e-01  -1.2730287e+00   2.2593187e-01   1.5665867e+00   4.1107674e-01  -9.6936114e-01   2.4395738e+00  -1.6985141e-01  -1.6997954e-01   1.1570947e+00   7.3459303e-01   6.5546465e-01  -1.8404980e-01  -6.3825130e-01   4.8057751e-01
   2.0000000e+00  -6.7921549e-01   4.0021396e-01   2.2135331e+00   1.6894724e+00  -4.0390094e-01   1.9141197e+00   1.0828754e+00   1.3163724e+00   3.1610806e-01   4.4531598e-01   1.9462069e-01   4.4104892e-02   1.3415392e+00   4.3324310e-01  -9.2131282e-01   1.3659867e+00  -1.1705898e+00  -1.3423326e+00
   2.0000000e+00  -1.4177418e+00  -1.3713973e-01   9.0133336e-01   1.3270581e+00   1.4907874e+00   1.7868497e+00  -1.4985015e-01   8.3469914e-01   4.6194320e-01  -1.0136407e+00   3.7187087e-01   1.6650504e-01   2.2825162e+00  -5.9521339e-01   1.3729376e+00   4.8704650e-01   2.5379282e+00   8.3478969e-01
   2.0000000e+00  -6.1913113e-01  -1.8580666e-01   1.6590703e+00  -1.3072411e+00   3.3915885e-01  -4.3478771e-01   7.0375030e-01   1.2749161e+00   3.4488429e-01  -2.2378080e+00   1.1517711e+00  -9.7100495e-01   1.6349367e+00  -2.6113910e+00   1.2411924e+00  -1.7058323e+00  -1.5354675e-01   8.2797514e-01
   2.0000000e+00  -9.1538218e-01  -1.0219579e+00   1.5208649e-01   3.0077289e-01   4.9021880e-01   1.1012551e-01  -8.0215414e-01  -4.9328599e-01  -4.6021750e-01   5.9330725e-01   1.3681782e+00   3.7112010e-01  -5.8944432e-01  -2.5507292e-01  -1.0761581e+00   6.5311135e-01  -1.1241092e+00  -6.3624736e-01
   2.0000000e+00  -1.5557166e+00  -2.1360884e+00   8.8104836e-01  -1.5161588e-01   5.1219130e-01   3.0836557e-01  -1.6113926e+00  -8.7189333e-02  -5.2533310e-01   2.7076482e-01   7.2748968e-02  -1.2578442e-01   6.2087946e-01  -3.8823884e-01  -9.4648662e-01   2.0392279e-01   1.1060727e-01  -1.7578548e+00
   2.0000000e+00   7.5314885e-01  -7.6279159e-01   1.3735017e+00  -3.9907285e-01   1.9933759e-01   1.2022877e+00   7.4141280e-01  -5.4628983e-01   5.8071950e-01  -9.7866742e-01   5.6933677e-01   2.8674603e+00  -5.0424608e-03   4.0612154e-01  -2.2666714e+00  -3.8930525e-01  -3.7844492e-01  -4.1206636e-01
   1.0000000e+00   5.4221217e-01   2.8345738e-01   3.0207230e-01  -7.2033340e-01   1.1667014e-01  -1.1434366e+00  -4.4005662e-01  -1.8074193e+00   1.4810919e+00   9.2456778e-01  -1.4863934e+00  -7.3371755e-02  -2.6006945e-01  -1.4887950e+00   5.7502388e-01  -2.0527561e-02  -6.2433404e-01   5.2821487e-01
   2.0000000e+00  -2.2561491e+00  -3.2130525e-01  -9.4326118e-01   4.6571058e-01   1.1189786e+00  -7.2535974e-01   9.8838856e-01   1.4071472e+00   2.3472790e+00   6.1880291e-02   1.7961773e+00   5.3800526e-01  -6.6462279e-01  -5.8054544e-01  -1.7885543e+00  -4.8567272e-01  -1.1710920e-01   1.4081666e+00
   1.0000000e+00  -2.0094251e-01   2.6589503e-02  -5.2493759e-01  -1.8296371e-01  -3.8477228e-01  -1.9789851e-01  -2.3332600e-01   1.0356249e+00  -1.2792295e+00  -3.4680537e+00   3.7792602e-01   7.4410450e-01  -1.6023621e+00   3.5817310e-01   1.3352361e+00  -5.9056216e-01   1.1745581e+00   6.8548364e-01
   2.0000000e+00   6.8361777e-01   9.3744674e-01   7.6821530e-01  -2.1426678e+00  -6.5729136e-01  -1.0292528e+00  -1.0677822e+00  -4.0274437e-02  -3.1725781e-01   3.2603240e-01   1.6507667e+00  -1.5134562e+00  -7.5215761e-01   2.0600885e+00   8.9187381e-02   2.3356039e+00  -4.0568119e-01  -1.5789155e-01
   1.0000000e+00   7.9066232e-01   7.9660574e-01  -2.8647982e-01  -1.7483277e-02   1.1909639e+00   2.5279578e-02   1.3742204e-01  -1.5600240e+00  -4.3032886e-01   7.7018554e-02   2.6120615e-01  -5.5799089e-01  -1.5734006e+00  -4.0332842e-01   5.8561845e-01  -4.4733940e-01   3.0358462e-01   8.3624725e-01
   2.0000000e+00   2.5577019e+00  -9.1816503e-02  -2.2616156e-01  -3.9192601e-01   1.5048304e+00  -1.3581382e+00   1.4889232e+00  -3.4107346e-01   1.7787412e+00   7.2073891e-01   7.8165842e-01  -1.1322912e+00   3.1431625e-01   1.9050370e+00   2.1583313e+00  -5.2939707e-01   6.5341150e-01  -1.2846898e+00
   2.0000000e+00  -1.6504804e+00   1.7919856e+00   7.6238447e-02   7.6491524e-02  -3.6764887e-01   4.5017591e-01   1.3679173e+00  -3.4375810e-01   1.3423183e+00   1.2695205e+00   5.5606272e-01  -7.7029923e-02  -1.9394642e-01  -1.8420037e-01  -1.1571300e+00   1.9816850e-01  -8.1003397e-01   1.1660991e+00
   2.0000000e+00   5.2849346e-01  -8.7643432e-01   2.0618643e-01   1.4554888e-01   1.5853177e+00   1.2692639e+00   7.6255429e-01  -1.4763917e+00  -4.0750664e-01  -4.1281796e-01   2.0790406e+00   1.0045370e+00  -5.3968439e-01  -3.6105295e-01  -3.0982827e-02  -1.3502946e-01  -2.6924869e+00   1.1224677e+00
   2.0000000e+00  -6.7480575e-01   1.7766887e+00   6.1896564e-01   1.2565002e+00   5.4391717e-01  -1.3626582e+00  -5.2749918e-01   6.5066983e-01  -4.4412491e-02  -3.4077835e-01   1.3262211e+00   6.1349816e-01  -2.3299395e-01  -5.1618030e-01  -4.2941770e-01   8.4559087e-01  -1.1017318e-02  -3.8982998e-01
   2.0000000e+00   8.0600226e-01  -5.4636994e-01  -2.5356313e-01  -1.3207201e-01   1.5404727e+00   3.4596977e-01  -5.4027490e-01   1.4244950e+00  -3.5047944e-02  -3.3784674e-01  -1.9794840e-01  -1.0295661e+00   6.2114680e-01  -2.9580918e-01  -7.7762378e-01   1.1308279e+00   1.6359237e-01   1.0613469e-02
   2.0000000e+00   6.8140580e-01  -4.9101504e-01  -4.7285182e-02   2.2600253e-01  -2.5168312e+00  -1.9471016e+00  -2.6083484e+00   2.9211901e-01   4.5336111e-01   2.1676642e+00  -1.8972026e-01   9.0860957e-01   9.6140380e-01   9.9312035e-01   8.8311757e-01  -1.0518089e+00   3.9633993e-01  -1.1839200e+00
   2.0000000e+00  -4.5390806e-01   1.0905576e+00   1.5012985e+00   2.5980703e-01  -3.0791233e+00   8.4250551e-01   8.8865030e-01   2.2581600e+00  -1.5262968e+00   8.1357609e-01   4.4425862e-01   9.1035047e-01  -4.0106003e-01  -8.5452097e-02   4.9433195e-01   4.5816789e-01  -9.8806230e-01   4.2427769e-01
   2.0000000e+00   1.0218612e+00   4.4500249e-01  -9.8618644e-01  -2.9277064e-01  -1.8407914e-01   6.8798042e-01  -1.4971973e+00   2.3037405e+00   1.3716900e+00   1.0643666e+00  -8.5579832e-01  -7.8882574e-01   6.0549074e-01   9.9546119e-01  -3.9025233e-01  -1.5114007e+00  -6.3320756e-01  -2.3381106e-01
   2.0000000e+00   3.9774122e-01  -1.2673307e+00  -8.0973380e-01  -1.4811524e-01  -9.3606697e-01   1.0657775e+00   6.7584977e-01  -4.0723347e-01  -1.2550745e+00   7.4460559e-01  -3.5195849e-01   3.9995512e-01  -6.4545060e-01   8.7871280e-02  -8.0711233e-01  -8.2711291e-01  -1.0314320e+00  -2.6210590e-01
   2.0000000e+00   2.0043541e+00   1.8463581e+00  -2.5032464e-01   1.3710236e-01  -8.8681321e-01  -9.2330941e-01  -9.0971804e-01  -1.3678507e-01   7.3495796e-01  -2.0213295e+00  -5.8120560e-02   1.0190325e+00  -1.9529960e+00  -9.4394558e-02   3.6467416e-01   1.4706499e+00   1.1546913e+00  -3.2135413e-01
   2.0000000e+00   5.1929455e-01   2.0509470e+00  -3.7563176e-01  -1.4476419e+00   2.4464764e+00   1.1551959e+00   1.6582952e-01  -1.9622007e+00   5.3507328e-01  -3.7329944e-01   1.1353843e+00   8.1111694e-01  -1.3741900e-01   8.6862194e-01  -7.4014098e-01   3.4856645e-01   7.9412067e-01   9.1158137e-01
   2.0000000e+00   1.1834392e+00   1.6295212e+00  -7.8226082e-01   1.2339682e+00   1.5403425e+00  -1.7668236e+00   2.8502030e-01  -8.7700463e-01   2.5194262e-01  -2.4609776e-01   1.6143097e+00  -1.1105928e+00  -9.0409022e-01  -5.9973631e-01   2.3429127e+00  -2.3274668e-01  -7.0045749e-01   1.3526059e+00
   1.0000000e+00  -6.1916442e-03   1.1326051e-01  -9.6476293e-01   1.5399284e+00  -1.2110957e-01   3.2872671e-01  -9.6079359e-02  -1.3133015e+00  -9.2709605e-02   6.7055015e-01   1.2566374e+00   3.6615774e-01  -1.4953310e+00  -5.1876477e-01   7.8555168e-01  -2.0834291e+00  -8.9322244e-01   1.1702771e+00
   1.0000000e+00   6.8558229e-01   7.7872348e-01   1.4941192e-01  -8.6450805e-01  -9.1978797e-01  -8.1005140e-01   4.0357114e-01   8.7333297e-02  -3.8129838e-01   1.7990512e-01   1.4610376e+00  -9.9929777e-01  -2.5165599e+00  -1.4568632e+00   2.3673623e+00  -5.7216495e-01   1.5250683e+00  -1.6300909e-01
   2.0000000e+00  -2.6965862e-01   1.4246764e+00  -7.2135905e-01   4.7861668e-02   1.3245865e+00   5.0992707e-01  -4.0031841e-01   1.4152737e+00  -7.7389057e-01  -1.1119941e+00  -5.1211834e-01   1.3119653e+00   3.1868449e-01   9.9738073e-01   6.5819208e-02  -6.2612219e-01  -8.5351255e-01   1.3359007e+00
   2.0000000e+00  -1.0004466e+00  -1.0832618e+00  -6.5921938e-01   4.0525278e-01  -5.4569938e-01  -1.5619242e+00  -1.0907299e+00   1.8313130e+00  -9.9236775e-01   1.9442187e+00   1.9704174e+00  -7.9670965e-01   2.2829419e+00  -5.5112426e-01  -9.0497816e-02  -8.9513720e-01   3.9893454e-02   2.8002982e-01
   2.0000000e+00  -7.0961593e-03   1.5052975e+00   5.9682684e-01   1.9580209e-01   2.2094144e-01   1.1683823e+00   7.8353398e-01  -5.7825865e-01  -1.1572742e+00  -1.0810481e+00  -1.0112435e-02   2.6560113e+00  -1.0263014e+00   3.1177845e-02  -2.3741617e-01   9.8884995e-01  -1.5958965e+00   6.9592941e-02
   1.0000000e+00  -1.7899805e+00   5.9508072e-01  -1.8425689e-01  -1.6830923e+00  -3.6751950e-01  -7.0933653e-01   3.0823857e-01   1.3888825e+00   2.3165292e-01   7.6130539e-01  -1.5670726e+00   3.4746178e-02   5.2730807e-01   9.9027095e-01   3.0281792e-01   2.6577580e+00   7.2474097e-01   4.9281761e-01
   2.0000000e+00  -9.2433692e-01  -1.0681742e+00   9.3104953e-01   6.3069884e-01  -7.2783908e-01   2.9350462e-01   4.6292979e-01   2.2853406e+00   1.3026145e+00   1.4391710e+00   2.9103825e-02   1.8712577e-01  -3.3758399e-01   7.7487091e-01   7.1628624e-01   5.0544651e-01  -8.1201834e-01   1.5006298e+00
   2.0000000e+00  -3.4385552e-01  -2.7600869e-01   8.7005083e-01  -3.3539547e-03  -6.6497534e-01  -1.9669944e+00   1.3405115e+00   4.3719716e-01  -8.1462835e-02  -3.3622125e-01  -2.6464364e-01   1.5118036e+00   5.4956886e-01  -2.0977411e+00   5.5174598e-01  -8.6197825e-01  -2.3948706e-01   3.7380474e-03
   1.0000000e+00   4.4468131e-01   4.4523929e-01   2.0763115e+00   1.7338783e+00  -2.5739965e-01   7.0933108e-01   2.4679244e-01   4.5913144e-01   1.2757406e+00  -2.9409529e-01  -4.2774143e-01   2.5616740e-01   7.1132695e-01  -1.4963792e-01  -1.5098484e+00  -4.7643685e-01  -8.6784004e-01   7.9223223e-02
   2.0000000e+00   1.2517352e+00  -1.1052423e+00   4.6131581e-01  -2.7478848e-01  -6.5873708e-01  -2.0877631e+00   1.4397467e+00  -1.3491981e+00  -6.4423949e-01   7.6063617e-01   1.0333920e-01   1.6357818e+00  -3.0632937e-01   2.2500797e+00  -2.3822495e+00  -4.0887990e-01   1.0807885e+00   1.0633515e-02
   2.0000000e+00  -3.2531770e-01  -1.2501814e-01  -6.0370701e-01   4.2139747e-01   1.3508586e+00  -1.3613502e+00  -9.2573407e-01   4.1202563e-01  -3.1386531e-01  -7.4100871e-01   1.0704477e-01  -2.2874693e-01  -4.3502086e-01  -1.2592549e+00  -7.7197314e-01  -9.4874853e-01  -1.9508861e+00  -1.6970630e-01
   2.0000000e+00  -1.4522512e-01  -1.0262043e+00   1.6307874e-01  -1.4143494e+00  -1.8543795e+00  -1.6225347e+00   3.1582477e-02   1.7739548e+00  -7.2023714e-01  -8.3634373e-01   1.0308948e-02   6.6574692e-02   1.3177773e-02   4.5437447e-01   5.9090683e-01  -2.2091045e+00  -1.7868826e+00   7.4551716e-01
   2.0000000e+00   3.5952411e-01  -8.9248210e-01   8.1080093e-01   9.0158920e-01  -4.1242514e-01  -6.0300694e-01   8.3635837e-01   1.4368962e+00  -1.9860028e-01  -1.1306882e+00   7.0235580e-01  -1.0390287e+00  -4.6092824e-01  -3.6573343e-01  -1.5204019e+00   6.3708755e-01   6.9164335e-01  -7.3906211e-01
   1.0000000e+00   1.9969599e-01   1.0588533e-01   7.7932299e-01  -1.0129341e+00  -1.0985342e+00  -1.1854882e+00   4.1525979e-01   5.9179606e-01  -1.7718887e-01  -1.2675090e+00   1.2145367e+00  -1.7162148e-01  -1.3166564e+00   1.4610651e-01   7.1870861e-01   4.7121391e-01  -9.2795547e-02  -1.6517804e+00
   2.0000000e+00  -6.6137613e-01   1.0977136e+00  -1.8411238e-01  -1.3769586e+00   1.8715144e-02   1.1101702e+00   5.1872377e-02   1.3051986e-01  -1.8350149e+00  -6.8602089e-01  -1.3774867e+00   4.9990992e-01   1.7037266e-01   3.8464978e-01  -8.7021034e-01  -6.6277470e-01   1.9255523e-01  -9.9660979e-01
   2.0000000e+00  -7.2311631e-01   1.7344964e+00   1.7631092e+00  -2.9322552e-01  -1.3957470e+00   3.7772623e-01  -1.7342352e+00   1.1890261e+00   3.9374613e-02  -1.2861788e+00  -4.1422200e-01  -1.1893600e+00  -2.6819024e-01   6.0280064e-01  -3.6287540e-01  -8.2522750e-01  -6.3222770e-01   9.6518509e-01
   2.0000000e+00  -9.5036924e-01  -7.6640078e-01  -4.0258270e-01   1.0824375e+00   1.0011814e+00  -6.1636256e-01  -3.3192847e-01   7.4910269e-01  -1.1220925e+00  -5.4591649e-01   1.4103745e-01   5.1510793e-01  -8.4739963e-01  -1.2797120e+00   5.7953449e-01  -7.6988144e-01   1.3618233e-01  -4.0410166e-01
   2.0000000e+00   7.8109296e-01   1.5331780e+00   2.7964025e-01   1.0784633e+00  -8.4962051e-01   8.7740330e-01   7.0837200e-01   4.2079265e-01   1.8072918e-01  -9.4722685e-01   1.0806958e+00   2.5391296e-01   8.4198239e-01   4.6324684e-01   2.0731976e-01  -2.1251126e+00   7.2678702e-01   9.0565658e-01
   1.0000000e+00  -1.5551550e-01   8.7706262e-01  -3.9194037e-01   1.1093788e+00   1.0224487e+00   3.0889195e-01   1.5651747e-03   1.2327743e-01   1.8555614e+00  -1.6569181e+00   1.4184308e+00   8.8390933e-01   1.4998824e+00   1.1805585e+00   5.8412025e-01   4.9644497e-01  -1.0341093e+00   8.7074074e-01
   2.0000000e+00   1.0955305e+00  -1.2283493e+00   4.7358385e-01   4.0748474e-01   2.7215138e-01   1.2297757e-01  -6.8176032e-01  -9.9835166e-02   1.4269553e+00   1.7500336e+00   6.5235128e-01   1.2728726e+00   6.0079048e-01  -1.7914408e-02  -8.6888544e-01  -1.6479325e+00   9.6154988e-01  -9.6436004e-01
   1.0000000e+00  -3.4931061e-01   8.5018680e-01  -2.4065046e+00   3.9486465e-01   5.5433482e-01  -8.6028940e-01   5.5731587e-02   3.2863403e-01   3.9081502e-01  -3.8443776e-01  -3.2087282e-01   2.7657604e-01  -3.4714361e-01   7.6716646e-01   1.5402122e+00   1.1873692e+00   8.5614053e-01  -3.0429964e-01
   2.0000000e+00  -6.2549639e-01   1.3407243e+00   2.5489996e+00   2.1631152e-01  -3.3279345e-01   8.1406360e-01   1.2816755e+00  -4.6888606e-01  -3.1560874e-01   2.0254470e+00   1.4233768e+00   2.7557227e-01  -8.2362923e-01  -2.0378904e-01   7.6334148e-01  -6.2373317e-01  -1.9760900e-01  -4.3842684e-01
   2.0000000e+00   2.0659735e+00  -3.7646858e-01  -6.5022726e-01   5.0079931e-01  -7.2987616e-01   8.7366190e-01   3.6360637e-01  -8.0579575e-01   1.1317591e+00   3.9934031e-01  -5.4019359e-02   6.1271251e-01  -3.8950987e-01   5.4842094e-01   3.7734273e-01   2.3261554e-01  -1.9080866e+00  -7.4213084e-02
   2.0000000e+00  -2.4686491e-01   1.3376044e+00   1.0154451e+00  -1.4737329e+00   1.2933847e+00  -3.2544570e-01   6.9704787e-01   3.4434625e-01  -9.4300799e-02  -7.2403701e-01  -7.0063063e-01  -1.1437700e+00  -3.4123558e-01  -1.0614028e-01   3.0882831e-01   6.8323326e-01  -6.5206656e-02   6.3614829e-01
   1.0000000e+00  -1.9671361e+00   6.8106789e-01   7.7735018e-01  -2.6369665e+00   8.8950727e-01   6.4751841e-01   4.3348058e-01  -2.8890118e-01   1.1654267e+00  -6.3102973e-01  -3.1111624e-01   1.5726145e+00   6.6155876e-01   5.7638320e-01  -1.0312962e+00  -1.2235374e+00   2.1860806e-01  -2.0637575e-01
   2.0000000e+00   4.5445831e-01  -1.6156096e+00  -3.9064275e-01  -4.0991805e-01   1.0212522e+00  -2.4824936e-01  -1.0938081e+00  -1.0325869e+00   2.4543717e+00  -1.0960674e+00  -2.4711198e+00   6.7258081e-01  -2.7916790e-01  -2.1300367e+00   9.6696086e-01   1.0936556e+00  -3.1062627e-01   1.4940272e+00
   1.0000000e+00   1.7553543e+00   8.5966439e-01  -1.4026694e-01   1.1554336e+00  -8.7555039e-01   7.2650478e-03   4.0950285e-02  -5.4911981e-02   1.2705495e-02   5.9759022e-01  -1.7636104e+00   9.7593955e-01  -7.1107125e-01   9.5106680e-01   1.1107066e+00  -2.3618789e-01   9.7853020e-02   6.7972418e-01
   1.0000000e+00   1.5290005e-01   8.5599337e-01   1.2340050e+00  -1.0041780e+00  -7.9871993e-01  -2.6467181e-01   1.4260287e-01  -7.0056020e-01  -9.2026658e-01  -4.7249282e-01  -6.7978594e-01   4.4935991e-01   3.4404127e-01  -4.9887958e-02  -2.0496845e-01  -9.4567942e-02  -3.7170781e-01   2.0729088e+00
   2.0000000e+00  -3.8071239e-01   1.3191627e+00   1.0236556e+00   2.7095000e-01   4.0763604e-01  -2.9040697e-01   5.5839988e-01   8.7721673e-01  -1.2648358e+00   4.5422473e-01   1.4138556e-01   6.9451306e-01   6.7050584e-01  -1.0434222e+00   4.5055745e-02   6.8495264e-02  -4.0236047e-01  -1.2102403e+00
   2.0000000e+00  -6.7997713e-01  -2.4936164e-01   1.3813659e+00  -5.3447394e-01  -5.3035338e-01   1.2581666e+00  -2.3016880e-01   1.3303951e+00  -6.5381275e-01   1.9945737e-01  -6.8959137e-01  -1.5462478e+00  -1.1269187e+00   2.7299932e-01  -4.7959997e-01  -1.4193957e+00  -5.9927670e-01  -6.9748472e-01
   2.0000000e+00  -8.5018683e-01  -6.7153854e-01   6.3684738e-01   1.2258718e+00   5.9575094e-01   4.3890870e-01   7.4366666e-01   2.9966974e-01  -2.2387203e-01   9.9914777e-02   6.7896380e-01  -2.1551104e+00   1.5012586e+00   1.8801865e+00  -2.7734739e+00  -7.4538361e-03   4.2384082e-02   1.1930165e+00
   2.0000000e+00  -4.1218496e-02  -4.4565371e-01   4.4868395e-01   3.2355039e-01   1.6349759e-01  -5.6294265e-01   9.9061910e-01   1.5584440e+00   8.6959593e-01   7.1171519e-01  -7.3174102e-01  -2.2867526e+00   1.6584493e-01  -9.0568774e-01  -1.5047770e+00   3.9081732e-02  -3.5523293e-01   1.4176940e+00
   2.0000000e+00   4.4527178e-01  -7.8055807e-01  -5.3829534e-01  -6.5316601e-01   6.1976998e-01  -5.8346246e-01   1.9830768e+00  -1.2606699e+00  -5.9808509e-01  -7.4588189e-01  -2.3581302e+00  -9.5952692e-01   4.2416314e-01   1.2064609e+00   6.3923072e-01  -4.7870666e-01  -1.7017052e-01  -9.1595020e-01
   2.0000000e+00   1.2338297e+00  -7.6669119e-01   1.0761404e-01   1.6267723e+00  -2.0580534e-01  -1.9535094e+00   6.9653631e-01   4.5632733e-02  -5.2841316e-01   1.2788061e+00   1.1839265e+00  -5.1866321e-01   1.4826954e+00  -2.0421903e+00   8.2967760e-01  -1.5466514e+00   4.8093595e-01  -7.3801366e-01
   2.0000000e+00   3.8036393e-01  -1.3379057e-02  -9.9959791e-01   9.9297574e-01  -3.2962976e-02  -7.0924480e-01  -5.5605827e-01   7.1219365e-01  -8.8630295e-01  -1.5743687e+00   7.3862079e-02   4.4360759e-02  -1.1636147e-01  -6.8434766e-01  -7.9323452e-01   5.9136701e-02  -1.4472486e+00  -9.1437544e-01
   2.0000000e+00   4.2995172e-01   1.0469866e+00   1.2698935e+00  -6.1621970e-01   3.4376079e+00   1.3807056e+00  -5.6249802e-01  -1.9826759e+00  -1.5636516e+00   8.0452565e-01   8.7144308e-01  -1.4940053e-01  -1.1528025e+00  -1.2166077e+00  -4.6415290e-01   4.9652276e-02   1.0217943e+00  -9.6777003e-01
   2.0000000e+00  -1.4805570e+00  -3.6338959e-01  -7.7195203e-01  -1.5108587e-02  -2.5693889e-01   4.7061427e-01  -2.7177740e-01   1.7506098e+00   1.2837153e+00   8.0238250e-01   1.5697358e-01  -2.9084040e-01   1.5276101e+00  -9.6733056e-01  -1.0101846e+00   1.5075567e+00   6.5329929e-01  -8.2307507e-01
   1.0000000e+00   1.3558189e-01   4.6879497e-01  -3.6797168e-01  -6.2656202e-01  -8.8465856e-01  -1.9236631e+00  -5.8980686e-01  -4.3159736e-01  -8.9351566e-01  -4.4058646e-01  -7.1255935e-01   6.3727452e-01  -2.8667557e-01   8.7339452e-01   1.6110722e+00  -3.2540876e-01   1.0784133e+00   5.7109666e-01
   2.0000000e+00  -4.3220863e-01  -1.3976113e+00  -1.2526968e+00   2.5351176e+00  -1.8970418e-01   1.2196394e+00  -5.3560601e-01  -1.2215187e+00   2.6460826e-01  -1.9860816e+00   1.0448615e+00   1.5826246e+00   6.7869401e-01  -1.0049004e+00  -1.0341475e+00   7.5076489e-01  -5.5685957e-01  -3.7666547e-01
   2.0000000e+00  -8.2842584e-01   1.0198089e+00   8.2970300e-01  -4.4739075e-01   2.0682706e-01  -7.9842974e-01  -7.2459729e-01   3.3662902e-01  -4.6494542e-01  -4.4155290e-01   1.4005046e+00   1.0371513e+00   4.3533191e-01  -3.8670676e-01   9.7297265e-01   8.3340621e-02   1.0744709e-01   4.4429656e-01
   2.0000000e+00   1.3962910e+00  -7.8921495e-01   2.1472305e-01   5.5917873e-01   3.7648957e-01  -1.0211292e+00  -5.1011379e-01  -2.0290516e+00  -8.3657765e-01   1.7949838e+00   2.6072632e-01   5.2386434e-01  -4.2058628e-01  -6.4795702e-01  -3.0163317e-01   8.3763376e-01   1.0554226e+00  -8.4676717e-01
   2.0000000e+00   1.0608734e+00  -2.5889946e+00   1.9125928e+00  -4.2968535e-01   3.3599715e-01   3.5554556e-01  -4.3979082e-01  -3.3882308e-01   3.3530940e-01   1.2254124e+00   1.2314251e+00   1.3901103e-01  -1.0464654e+00   4.4333641e-01  -1.3576728e+00   3.3395778e-01  -9.7372312e-01  -5.7011791e-02
   2.0000000e+00   2.5097749e-01  -3.3968679e-01   1.0086002e+00   5.1803072e-01   1.1923490e+00  -1.6703216e+00   7.3595459e-01  -5.8594768e-01   8.3887585e-01  -1.0267480e+00  -1.7042356e+00  -1.6423682e-01  -8.3715297e-01  -7.4665003e-01   1.1381291e+00   7.5496426e-01   9.8944322e-01   2.2693531e+00
