   2.0000000e+00  -4.9896322e-02  -3.3933023e-01   2.9178114e-01   4.4428593e-01  -2.3245923e+00  -7.0726881e-01  -4.2686197e-01  -3.1234028e-01
   1.0000000e+00   3.1515188e-01  -9.9314027e-02  -3.5574152e-01   4.4537318e-01   2.2742136e-01   3.8616387e-01  -1.2472255e+00  -2.0299225e+00
   2.0000000e+00  -6.0069732e-01  -1.0784400e-01   3.3681086e-01   9.6340760e-01   2.4824192e-01  -1.3785665e+00  -1.8318691e-01   3.0169259e-01
   2.0000000e+00   1.0758830e+00   6.6770890e-01   1.1885032e+00  -2.2546179e-01  -7.1628450e-01   1.3125483e-01   4.4289619e-01  -2.1235133e-01
   2.0000000e+00  -1.1787566e+00  -7.9559234e-02   1.1864963e-01  -2.5708172e-01  -1.0775845e+00  -7.7472311e-02   1.3025356e+00  -1.0770167e+00
   2.0000000e+00   6.6487056e-01  -1.5015676e-01  -1.2012949e+00   6.3432912e-01   1.5787581e+00   6.7910762e-01  -9.7604571e-01   2.3911706e-01
   2.0000000e+00  -1.9896106e+00  -2.0743859e+00  -2.1846230e-01   1.8842126e-01   9.2999546e-01   1.7860337e+00  -2.6169340e-01   2.1430876e+00
   2.0000000e+00   1.0138104e+00   1.1998542e+00  -1.4396909e+00  -6.3421537e-01   5.8807323e-01  -1.3726442e+00  -7.7418924e-02   5.0993031e-01
   1.0000000e+00   7.1268358e-01  -6.9198720e-01  -6.2318158e-02  -1.8840007e+00   3.1495824e-01  -1.2034732e+00   1.8335705e-01   1.7973939e+00
   2.0000000e+00  -4.0212568e-01  -1.4064062e-01   1.1308961e+00   1.0907091e+00   3.6807103e-01   1.4990140e+00   1.0639482e+00   9.5435199e-01
   2.0000000e+00  -1.5214042e+00   2.0304195e-02   7.6391273e-02   9.2567331e-01   3.3844607e-01   5.0269833e-01  -2.1537412e+00  -1.9277537e-01
   2.0000000e+00  -1.3590035e+00  -1.0885527e+00  -1.2360084e+00  -2.9951046e-01  -1.2196725e+00  -3.4557527e-02  -6.8509805e-01   2.7861026e-01
   2.0000000e+00  -2.3701891e+00   6.9319819e-02   1.2743918e-01   2.4523913e-01   1.6078855e+00  -1.9421960e-01  -2.5018636e-01  -2.7048346e-01
   1.0000000e+00   5.8950815e-01  -8.5627707e-01  -1.8741956e-01   1.1092655e+00   6.3039480e-01   4.1223186e-01  -7.0295648e-01  -2.4227552e+00
   1.0000000e+00   6.9947771e-01  -2.3383399e-01  -6.7186118e-01  -4.5783497e-01   9.2783200e-02  -1.0717738e+00  -2.7575583e-01   3.9493829e-01
   2.0000000e+00   5.4694334e-01  -5.5328940e-01   8.8810745e-01  -2.0086017e+00  -2.3975782e-01   2.6771839e-01  -1.0386621e+00  -7.9282697e-01
   1.0000000e+00   6.3554246e-01  -6.1062710e-01   5.0570136e-01   2.6259627e-01   7.3670654e-01   2.9267538e-01  -2.5949611e-01   7.9049330e-01
   2.0000000e+00  -1.1206859e+00  -5.9945846e-01  -1.7135813e+00   1.2863618e+00  -8.3714585e-01  -2.3250049e-01   1.7276099e-01  -1.5949704e+00
   2.0000000e+00   6.4369839e-01   5.6337338e-02  -1.0058956e+00   1.3913833e+00   4.6352823e-01  -1.2997237e+00  -2.2843619e+00  -2.1748971e+00
   2.0000000e+00  -9.6171849e-01   3.9615105e-01  -1.2910169e+00  -7.6453436e-01  -5.2712927e-02   1.3756087e+00  -3.3735641e-01  -2.8699903e-01
   2.0000000e+00   1.4074132e+00   3.4833597e+00   1.2337319e+00   1.0083387e+00   1.9059976e-01  -3.3020890e-01  -2.1270749e+00  -5.4729981e-01
   2.0000000e+00  -5.0508617e-01  -1.2768199e+00  -2.8359257e+00  -4.8135515e-01  -1.1908489e-02  -4.3032032e-01   7.0553215e-01   1.5883056e-01
   2.0000000e+00   5.9777209e-01   8.4591547e-02  -1.5453416e+00  -1.1948776e+00   4.4203443e-01   5.2744979e-01   7.9890791e-01  -1.6652702e-01
   1.0000000e+00   4.8935082e-01  -2.2475987e-01   1.7515726e-01  -8.6975139e-01  -8.1068617e-01  -1.3413276e+00   1.7272544e+00  -7.3502854e-01
   2.0000000e+00   6.1866032e-01   3.8801959e+00  -1.0172982e+00   1.0796204e-01   2.0454659e+00  -8.7062374e-01   2.1543308e-01  -2.8619637e-01
   2.0000000e+00  -7.7961176e-01  -1.6470880e+00  -8.9040121e-01   1.2411913e+00   1.0736403e-01  -7.6369056e-01  -7.1890437e-01   8.0136205e-01
   2.0000000e+00   4.6861980e-01  -6.5546390e-02  -1.5386270e+00  -1.0878380e+00   8.7885372e-01   2.9056990e-01   1.5378505e+00   6.0963515e-01
   2.0000000e+00   6.1404041e-01   4.9501919e-01   1.5880851e+00  -5.5001884e-01  -7.4549480e-01  -1.0382510e+00  -7.4684748e-01  -5.4129980e-01
   2.0000000e+00  -7.7123710e-01   5.3819056e-01   2.0900789e-01  -4.8998075e-01   9.2928966e-01   1.0623483e+00  -2.6886522e-01   6.7109966e-01
   2.0000000e+00   1.6365668e+00   1.6861730e+00   1.1554619e+00   1.1840027e+00   3.6027556e-01  -4.6723837e-01   6.0429178e-01  -7.7219001e-01
   2.0000000e+00  -5.3400602e-01   1.1986811e-01  -1.5044134e+00   1.1030836e+00   4.1229227e-01   2.8939874e-01  -9.5416899e-02   1.2979904e+00
   2.0000000e+00  -2.4917484e-01  -1.8078942e+00   8.1481778e-01   1.4215064e+00  -7.9939665e-01   1.4931028e+00  -2.0126826e-01  -1.4133515e+00
   2.0000000e+00  -2.1812602e-01   1.3630538e+00   7.0028932e-01   1.1689304e-01   2.8620401e-01   6.5493526e-01  -2.4985187e+00   1.7752789e+00
   2.0000000e+00   1.8157758e+00   3.2646400e-01   1.1603300e+00  -1.3543373e+00  -2.7672958e-01  -8.1000165e-01  -1.0643790e+00  -1.7615892e-01
   2.0000000e+00   1.4472071e-02   6.5510190e-01  -1.2637949e+00   1.1124665e+00   1.6605590e+00  -1.4488632e-01   9.1348559e-01  -2.6654749e-01
   2.0000000e+00   7.4823942e-02   1.9846145e+00   2.3108004e+00  -2.2456468e-01  -2.1646644e+00  -2.1225980e-02  -8.1432446e-01  -5.6659855e-01
   2.0000000e+00   7.3922281e-01   8.1325342e-01   6.7775317e-01   1.5156345e+00   2.1032473e+00   1.5638185e+00   1.6772619e+00   1.7143397e+00
   2.0000000e+00   1.3586436e+00  -1.4590771e+00   4.0176841e-01  -2.0988999e-02   3.3037754e-01   5.0299709e-01   1.2038533e+00  -1.1658757e+00
   2.0000000e+00  -1.5500605e-01  -1.0178883e+00   1.3361700e+00  -4.1311461e-01   4.1818015e-01   1.3028983e+00  -5.6411705e-01   3.7144524e-01
   2.0000000e+00   5.9763537e-02   1.2606246e+00   1.0231019e+00   6.9661035e-01   8.0049022e-01   8.1856457e-01   7.8220618e-01   3.2368266e-01
   1.0000000e+00   1.8923353e-02   3.7964488e-01  -7.2586087e-01  -1.2481302e+00  -3.3911072e-01  -1.4815757e+00  -9.8894459e-01  -1.2688471e+00
   2.0000000e+00  -1.1731278e+00   1.0270884e+00  -4.5214412e-01   2.1429547e-01  -9.4482978e-02   2.9813070e-01   1.7307530e+00   1.3184406e-01
   1.0000000e+00   9.4545627e-01  -1.1216276e-01   1.0034469e-01   7.1029267e-01   7.1543128e-01   1.8277671e-03   8.7220227e-01  -9.9441802e-01
   1.0000000e+00   3.6675489e-01  -1.0749091e+00  -6.3390584e-01  -8.6793028e-01  -1.5181836e-02  -1.4028915e+00  -3.7594426e-01  -1.8431674e+00
   2.0000000e+00  -1.2430963e-01   7.7594950e-01  -1.1966496e+00   5.3052120e-01  -1.2408837e+00   5.2021603e-01   8.3127551e-01  -1.0515119e+00
   2.0000000e+00  -7.5721603e-01  -7.3938807e-02   7.7137105e-01   4.4347319e-01   1.1949953e+00  -1.4918712e+00   5.3672500e-01  -6.8155277e-01
   2.0000000e+00   6.6020254e-01   9.3520831e-01  -1.1039913e+00  -2.4688682e-01   1.3464633e+00  -1.9864584e+00  -2.6085353e+00   1.1115159e+00
   2.0000000e+00  -4.3764570e-01   1.5254956e-01  -1.8607424e-01   1.8369221e+00   1.7811049e-01   3.3853533e-01  -3.6095391e-01   4.0782662e-01
   2.0000000e+00  -7.0014642e-01  -3.6313304e-02   1.4660485e-01  -1.7150056e+00   2.6751132e+00  -5.5551527e-01  -1.2492138e+00   1.5431240e+00
   2.0000000e+00  -4.2208234e-01  -4.7328635e-01  -1.9063219e+00   2.9748967e-01   1.4036760e+00   3.5223088e-01   5.3920024e-01  -8.8080070e-01
   2.0000000e+00  -3.4280719e-01  -1.3323697e+00  -5.5220238e-02   2.3155500e-01  -9.1255884e-01  -8.1937879e-01  -9.2545069e-01  -6.4921500e-02
   2.0000000e+00   1.6485780e+00   2.0721568e+00  -1.1636288e-01   1.6199077e+00  -6.9447987e-01   1.4181516e+00  -1.7420132e-01  -1.0145508e-01
   1.0000000e+00   2.5958067e-01   4.5014391e-01   3.8682780e-02  -1.3973489e+00   2.7953380e-01   1.9073236e+00  -1.2103626e+00   4.5764373e-01
   2.0000000e+00   1.8105941e+00   8.8176200e-01   1.0376882e+00  -9.7845308e-01  -1.6770424e+00   2.4746718e-01  -5.3037452e-01   4.2637199e-01
   1.0000000e+00   7.9284311e-01   7.3032867e-03   5.0611934e-01  -3.8025351e-01   3.9851538e-01   1.8126103e+00   1.2754275e+00  -6.3184983e-01
   2.0000000e+00   4.8255261e-01   8.2932723e-01  -1.4295205e+00  -1.0219961e+00   9.1307576e-01   1.3236428e+00   1.9325571e-01   1.6065593e+00
   2.0000000e+00   1.0453027e-01   4.8818016e-01   1.7303912e+00  -1.2252830e+00  -1.2731506e+00   6.5952599e-01   1.4190629e+00  -4.1034878e-01
   2.0000000e+00   1.0097749e+00   6.9284889e-01   6.4268815e-01   4.5182010e-01   2.3662101e-01   1.0351212e+00   1.4658218e+00   5.9182200e-01
   2.0000000e+00  -1.2551964e+00   1.0413056e+00   4.1869990e-01   8.3290511e-01   1.2678998e-01  -8.7276121e-01   6.6966900e-01  -5.6916921e-01
   1.0000000e+00   2.5262131e-02  -1.2492004e+00  -9.6671331e-01  -5.0828765e-01   1.3497476e+00  -6.1438224e-02  -1.8046278e+00  -9.6306902e-01
   2.0000000e+00  -1.8556259e+00  -2.3436453e+00  -7.3741006e-02  -6.1526236e-01   4.1999977e-01   4.0547044e-01  -1.8093610e+00   2.1064018e+00
   2.0000000e+00  -3.7673208e-02  -2.6979982e-01   6.8399504e-01   1.3492496e+00  -1.5197765e+00  -1.9254765e-01  -2.1276020e+00   5.8978080e-01
   2.0000000e+00  -1.3884985e+00  -2.2830066e-01  -3.1269402e-01   4.0501602e-01  -4.8436855e-01  -1.3502277e+00  -7.9235798e-01  -8.0449217e-01
   2.0000000e+00  -2.7764963e-01  -1.2445146e+00  -1.7360353e+00   1.5107302e+00   1.1725629e+00   1.1505715e-02  -5.6726043e-01  -2.4639005e+00
   2.0000000e+00  -4.6180174e-01   5.5043706e-01   1.4407191e+00  -4.8115068e-02   1.4089890e-01  -6.5528607e-01  -6.5223517e-01   1.6424292e+00
   2.0000000e+00   9.6894719e-01  -4.7811562e-01  -3.2047619e-01  -4.3761649e-01  -1.0693008e+00  -7.1874941e-01  -3.3005534e-01   3.9386487e-01
   2.0000000e+00  -8.4799325e-01  -6.7923504e-01  -4.5870156e-01   1.0015859e+00  -7.4996721e-01   9.3960513e-01   3.5413703e-02  -6.8854267e-01
   2.0000000e+00  -9.9449276e-01  -3.6273111e-01  -8.5611559e-01   6.3586916e-01  -3.1635916e-01  -1.4264577e-02  -9.2016554e-01   1.9894692e+00
   2.0000000e+00  -2.0367257e-03  -4.2644029e-02  -1.4930387e+00  -3.3335910e-01  -5.6771800e-01   4.9915645e-01  -5.0907200e-02  -1.3913311e+00
   2.0000000e+00   2.6596953e-01  -4.7991379e-01   2.9606559e+00   1.1152610e+00   2.1766560e-01   1.7373347e-01  -2.2545162e-01  -1.3934619e+00
   2.0000000e+00   1.7580101e+00   1.2046939e+00  -1.4539912e+00   1.6230304e+00  -6.0343561e-01   8.4032417e-01  -3.2579849e-01  -6.5443937e-01
   2.0000000e+00  -7.8991701e-01   1.4989854e+00   6.9461532e-01  -7.8542264e-01  -5.8316270e-01  -5.6093139e-01  -1.0255991e+00   2.1903936e-02
   2.0000000e+00  -7.2644981e-01  -1.2855351e+00   1.8456405e+00   1.8021961e-01  -8.3904949e-01   8.4355219e-01  -1.8928512e-01  -2.2700092e-01
   1.0000000e+00   1.0618273e-01   6.0996757e-01   7.2594703e-01   1.1684266e+00  -2.5522631e-01  -3.6431587e-01   1.5304117e-01   1.9964838e+00
   1.0000000e+00   3.9111379e-01   1.6327162e-01  -6.3942770e-01   1.2077758e+00  -4.0840579e-02   4.7250709e-01  -1.4663682e+00   9.6658587e-01
   2.0000000e+00  -5.4214488e-01  -5.4666556e-01   3.5558440e-01   1.0297736e-01  -1.6948613e-01   3.0893716e-01  -5.8170336e-01  -2.4395335e-01
   2.0000000e+00  -1.9394820e-01   1.0780051e+00   1.2541024e+00  -8.3952735e-01  -1.8755731e+00   5.7748227e-02  -1.7064947e+00  -1.9106242e+00
   1.0000000e+00   5.4306197e-01  -1.5142921e+00   1.1771722e-01  -5.0332250e-01   1.5323666e+00   7.1449300e-01  -3.4193283e-01   4.7351690e-01
   1.0000000e+00   6.7358208e-01  -5.5141842e-01  -1.8217968e-01  -1.7336435e+00   9.6024209e-01  -3.4514578e-01   2.6190435e-01  -5.7540579e-01
   2.0000000e+00  -9.0372935e-01  -1.4191230e-01  -8.6773683e-01   5.5695421e-01   1.9152376e-01  -4.7942848e-01   9.3321454e-01   7.3939159e-01
   2.0000000e+00   1.6863599e+00  -1.4399844e+00  -1.6895797e-02   1.9581431e+00   5.1165158e-01  -5.1756907e-01   1.1939783e+00   3.1934962e-01
   2.0000000e+00  -4.2186625e-01  -2.0854740e-01   1.9021406e-01   1.7557722e+00   4.2596658e-01   1.1466305e+00  -2.8756469e-01   5.2729158e-01
   1.0000000e+00   4.8401679e-01   7.1683107e-01  -2.2749437e-02  -7.7600360e-01   7.7851512e-01   1.0342012e+00   1.5265517e+00   7.2682817e-01
   2.0000000e+00  -7.2488688e-01  -9.6712082e-01   9.3698449e-01   8.6401104e-01   1.8177012e-01  -7.6130519e-01  -9.9934679e-01  -1.0416534e+00
   2.0000000e+00  -1.1061242e+00  -1.2285680e-01  -3.3164515e-01   1.9122273e+00   8.7509477e-01  -1.8392197e-01   7.9379095e-02  -4.2989672e-01
   2.0000000e+00  -2.4335194e-01   1.9319279e-01  -5.3820377e-02   2.6317868e-01   1.2141827e-01  -8.5396291e-03   1.3542673e-01  -3.9999673e-01
   2.0000000e+00  -1.1411152e-01  -2.6685953e-01   3.2684947e-01   1.4221821e+00   9.4136637e-01   1.3984346e+00   1.5958565e+00   5.3938653e-01
   1.0000000e+00   7.8943963e-01  -1.4780825e-03  -1.4793213e-01   9.7899546e-01   3.1788815e-01  -1.2998970e+00  -5.8866806e-01  -3.8895661e-01
   2.0000000e+00   4.0079586e-01   2.4721354e-01  -9.4038640e-01   4.5703038e-01  -9.1962307e-02   1.6706869e+00   1.0836047e+00  -1.2040063e-01
   2.0000000e+00   8.8533003e-01  -5.4051755e-01   1.8108565e+00   6.3993975e-02  -1.5036352e-02   1.3082659e+00  -5.0449998e-02   2.5806610e-01
   2.0000000e+00  -9.5758201e-01   1.4443242e-01   1.0230262e-01   7.8420572e-01   1.5093527e-01   3.2614784e-01  -1.0399879e+00  -6.1029349e-01
   2.0000000e+00   1.3827298e+00   5.0439759e-01   9.3145822e-01  -1.9224935e-01  -2.4814989e-01  -1.3667764e+00   5.6856259e-01  -5.9952576e-01
   2.0000000e+00  -2.8530331e-01   1.3144477e+00   1.3120337e+00   9.1221950e-01  -3.4709216e-01  -2.3808117e+00   4.6648603e-01   1.8276403e+00
   2.0000000e+00  -8.9581466e-01   5.1865570e-01   3.9386191e-01  -2.2181667e-01   8.3967941e-01  -1.0807868e+00   9.4433576e-02   7.3153186e-02
   2.0000000e+00   7.7641145e-01  -2.4741105e-01  -1.1090487e+00   1.6100389e+00   3.3119961e-01  -5.5782329e-02   1.7009195e+00   2.9045147e-01
   2.0000000e+00  -1.6809312e+00   2.1068997e+00  -1.5516122e+00   6.4207858e-01   1.1202980e-01   8.5471320e-01   4.9438969e-01   8.8538218e-01
   2.0000000e+00   1.8996744e+00   7.0198395e-01   1.1251188e+00  -1.2503077e+00   1.3910348e+00  -2.3002425e-01   3.2643259e+00  -1.1314488e+00
   2.0000000e+00  -5.3210558e-01   7.6411741e-01   5.0062195e-02   1.2045255e+00   1.6564051e+00   3.3589983e-01   9.7321590e-02   7.0827723e-01
   2.0000000e+00  -5.4525786e-02  -8.4174434e-03   7.5868426e-01   1.1229597e+00   1.4592651e+00  -5.3735638e-01   2.2736282e-01  -1.6774069e+00
   2.0000000e+00  -4.3358485e-01  -8.7489665e-01  -1.5636101e-02   6.6437338e-01   1.1598021e+00  -1.0013258e+00  -1.2450186e-01   4.2708299e-01
   2.0000000e+00  -1.9422918e+00  -7.9890842e-01  -1.9804307e+00   1.2317654e+00  -2.0394368e+00   2.3578458e+00   7.2291639e-01   4.7525521e-01
   2.0000000e+00  -1.3127274e+00   7.6190705e-01   9.2332119e-01  -6.7623207e-01   6.2519006e-01   7.0902343e-02  -1.2699991e+00   7.5912480e-01
   2.0000000e+00   1.7526269e+00  -6.0150694e-01  -4.6076695e-01  -1.1709690e+00  -4.0345617e-01   6.0492438e-01  -1.1517158e+00   1.2913796e+00
   1.0000000e+00   3.5163055e-01   5.1592487e-01  -6.3503758e-01  -1.5851623e+00  -2.2603962e+00   3.3809123e-01  -2.2016557e+00  -5.7362900e-01
   2.0000000e+00  -4.8880543e-01  -1.6272901e-01  -9.1762292e-01  -8.8255542e-01   1.1059741e+00   8.9205605e-01  -1.1873309e+00  -7.2711639e-01
   2.0000000e+00   1.1649449e+00   3.1485523e-01  -1.2259642e+00  -8.8797221e-01   6.7029300e-01   7.0816786e-01  -3.4380622e-01  -9.4696466e-01
   2.0000000e+00   7.0522928e-01   1.1437958e-01  -1.0132727e+00  -2.7958179e-01   1.6842747e+00  -8.7283621e-02   1.0947035e+00  -3.7364841e-02
   2.0000000e+00  -5.8263934e-02   5.0383635e-01  -1.1656696e+00  -1.3032191e+00   8.5492965e-01   1.1218099e+00  -1.4659266e+00  -6.3742903e-01
   2.0000000e+00  -2.7471609e-01  -9.7267987e-02  -1.1298349e+00   6.8593745e-01   1.0001327e+00   3.6525289e-01  -2.0618393e-01   9.0537175e-01
   2.0000000e+00  -1.0007646e+00  -9.2429820e-01   1.8743331e+00  -8.4405232e-01   2.2571567e-01   1.4595717e+00  -2.0079172e+00  -7.2193499e-01
   2.0000000e+00  -3.0245416e-01   4.9473434e-03  -1.4075177e+00  -3.4899337e-01  -6.3036019e-01  -7.4971422e-01   1.5724577e-01  -6.6646102e-01
   2.0000000e+00  -1.3179209e+00  -1.4138835e+00  -8.3333384e-03   6.8143943e-01  -1.7153372e+00   1.5203241e+00   4.5273870e-01  -5.2071941e-01
   2.0000000e+00  -3.0743928e-01   7.5978219e-02  -8.4173910e-02   2.5068459e-01  -6.6369353e-01  -1.7151722e+00  -2.3074406e-01   2.4746408e+00
   1.0000000e+00   8.8009343e-01  -6.3794841e-01  -2.7554577e-01   8.2089823e-01   8.4071828e-01   1.9488229e-01   3.8679681e-01  -1.6077311e-01
   2.0000000e+00  -1.3961088e-01  -1.2500008e-01  -1.8034855e-01   2.6565081e+00  -1.7568344e+00  -4.0871629e-01  -2.4388559e-01   1.3819768e+00
   1.0000000e+00   3.2701137e-01   2.9283960e-01   7.7486121e-01   6.4419159e-01   1.0434783e+00   3.2212508e-01  -1.0771142e+00   1.6271837e-01
   1.0000000e+00   8.1061622e-01   4.5307300e-01   2.3153917e-01  -1.8893932e-01   5.2240372e-01  -2.6114816e-01  -6.4700180e-01  -1.4907949e+00
   1.0000000e+00   8.1066383e-02  -4.5996368e-01   4.4770667e-01  -1.6284364e+00   3.0438056e+00   6.3664129e-01  -6.2941894e-01  -3.9474676e-01
   2.0000000e+00   7.7472714e-01   1.0183761e+00   2.0255270e+00  -1.7036038e-01   2.3710792e-01   1.0965157e+00  -8.9825495e-01   8.1065774e-01
   2.0000000e+00  -3.7853840e-01  -1.1056235e-01   1.9883792e-01  -7.9450529e-01  -3.3797839e-01  -3.0786857e-01   7.9168198e-01   6.5343408e-01
   2.0000000e+00  -1.6201883e+00  -7.0553491e-01   1.0524364e+00  -1.5383006e+00   5.7229920e-01  -1.6785353e+00  -1.0882598e+00  -7.0516299e-01
   2.0000000e+00  -1.1988845e-01   6.6323703e-01  -4.0166908e-01   1.4977193e+00   2.1867466e-02  -1.1504083e-01   1.8161190e+00  -4.6897904e-01
   2.0000000e+00   2.4088144e+00   3.2181922e-01   8.3302967e-01  -2.5991826e-01  -4.1379316e-01  -1.0003466e+00   5.7217944e-01   6.3929703e-01
   2.0000000e+00   2.4737314e-01  -2.5664140e+00   2.2356410e+00  -3.6908605e-01   6.1621115e-01  -1.2409896e-01   1.7528205e+00   4.0169360e-02
   2.0000000e+00   1.0860754e+00   1.0882168e+00   3.8394165e-01   6.9629625e-01   8.9391733e-01  -2.0383447e-01   1.6061404e-02   1.2831239e-01
   2.0000000e+00   1.0739382e+00  -1.4799444e-01   5.3729018e-02   1.1817918e+00  -1.2246224e+00   5.5456124e-02  -2.4065717e-01  -3.5533933e-01
   2.0000000e+00  -8.6351881e-01   1.0109614e+00  -8.4993556e-01   1.5641910e+00   7.3490193e-01   9.1256858e-01  -8.6180460e-01   8.3093479e-01
   2.0000000e+00   1.0060538e+00  -1.9026100e+00  -5.9853568e-01   6.2599993e-01   7.8238819e-01  -1.8957039e-01   3.7695767e-01   1.0412417e+00
   1.0000000e+00   4.2375110e-01  -2.4580411e-01  -8.3704319e-01   9.7567838e-01   4.5459297e-01   4.5041239e-01   1.1627176e+00   4.0695639e-01
   2.0000000e+00   1.3072411e+00  -1.4899029e+00  -4.9025055e-01  -2.8324547e-01   8.4767532e-01  -9.4890141e-01  -9.5367838e-01   2.3958196e+00
   2.0000000e+00  -1.1470773e-02   6.2111829e-01   1.0337161e+00   1.1783338e+00   8.8803812e-02   4.7125018e-01  -2.1194879e+00   4.7521843e-03
   2.0000000e+00  -9.6185806e-01   8.8255370e-02   1.3462462e+00  -9.2600936e-01   6.4724956e-01   1.6667079e+00   2.1156056e+00   2.4996349e+00
   2.0000000e+00  -1.3992897e+00  -5.6599040e-01   2.1722278e+00   5.0548201e-01   2.9314425e-01  -1.7290012e-02   3.7856755e-01   1.7583964e+00
   2.0000000e+00   6.5746820e-01   5.1944862e-01  -2.1469747e+00  -1.9591411e+00   3.9924207e-01   4.4180421e-01   8.1789488e-01  -7.7810598e-01
   2.0000000e+00   1.3771402e+00   1.4630646e+00  -1.9111769e-01  -2.1145808e+00  -6.1387123e-01   9.5352169e-01  -6.1124683e-01  -2.3693870e-01
   2.0000000e+00  -1.3496792e+00   2.5171160e+00  -4.4564002e-01  -1.9827886e+00  -3.9355334e-01   5.1844138e-01  -3.5554486e-01   1.5382992e-01
   2.0000000e+00   7.8228118e-01  -2.1222248e-01   4.1066482e-01  -3.6910203e-01  -9.7633594e-01   2.4094325e+00  -1.1010072e+00   9.1380414e-01
   2.0000000e+00  -5.9742494e-01   4.3879760e-03  -9.6869131e-01  -5.8610917e-02   1.8610065e-01  -1.2907893e-01  -2.1486899e-01  -2.8936253e-02
   2.0000000e+00  -3.7536599e-01  -1.7336763e+00   2.7355428e-01   2.6361418e-02   1.6042211e+00   9.3937434e-01   4.9564928e-01  -1.1640128e+00
   2.0000000e+00   1.5149012e+00  -4.0463930e-02   1.0274270e+00   9.7709813e-03   2.1782571e+00  -1.1906334e+00   3.6042143e-02   7.9948159e-02
   2.0000000e+00   1.1345705e+00  -1.3272281e+00   2.6659560e-01  -1.4059500e+00  -1.3328495e-01   6.6458686e-01   1.0357336e+00  -1.1025968e-01
   2.0000000e+00   9.3045733e-01   4.9797891e-01   6.8435936e-01  -3.2524988e-01  -1.0390606e+00  -6.4497706e-01  -7.4667429e-01  -4.3518352e-01
   2.0000000e+00  -1.4181093e+00   3.0417088e-01   7.6914750e-01   2.5234140e+00  -5.7345838e-01   1.3806792e+00  -6.2288306e-01  -4.9423297e-01
   2.0000000e+00  -4.9594549e-01  -1.5452817e+00  -7.6565563e-01   9.8670411e-01  -1.6544211e+00   6.1529463e-01  -5.7173608e-01  -1.4084705e+00
   2.0000000e+00   7.2664298e-01   2.7308212e-01   1.3904934e+00  -5.8330077e-02   9.2784114e-01  -7.9173943e-01   9.5265462e-01  -5.4063735e-02
   2.0000000e+00  -4.5004507e-01   1.6884033e+00   4.2044162e-01  -4.2811475e-01  -1.3212199e+00  -1.6910905e+00   6.1644777e-01  -2.0466745e+00
   2.0000000e+00   2.0510122e+00  -1.0830642e+00   1.2729958e+00  -2.0532311e+00   9.4732989e-01  -5.7424592e-02  -8.6805029e-01   1.6401332e-01
   2.0000000e+00  -1.3479080e-01  -4.5572305e-01   3.5724923e-04   1.0357457e+00  -6.5266042e-02  -1.3797958e+00  -4.3008424e-02  -4.7070273e-01
   2.0000000e+00   9.8714787e-01  -5.7202927e-01  -2.0821170e+00  -3.9098910e-01  -1.1737301e+00   1.2312593e+00  -7.3257506e-01  -1.4654983e-01
   2.0000000e+00  -6.5057708e-01   1.8891928e+00  -1.9929929e+00  -2.6148709e+00   1.1423997e+00   1.5844798e+00   1.9319498e-01   4.9344720e-02
   1.0000000e+00   4.0810673e-01   2.8743809e-01   2.6498538e-01  -4.1151684e-01  -1.3687549e+00  -8.3041403e-01  -4.9155623e-01  -1.5822257e+00
   2.0000000e+00  -1.7148997e-01   5.2750167e-02   1.8598305e+00  -1.2465777e+00   7.9845705e-01  -1.2904700e+00  -1.7001288e+00  -7.4731357e-02
   1.0000000e+00   1.5519349e-01   5.9063791e-01   4.0075359e-01  -1.3845252e+00  -4.2170563e-01   1.1372205e+00  -1.0535261e+00   1.2162854e+00
   2.0000000e+00  -3.2200675e-01  -1.3695149e-01  -1.3978819e+00   9.8578619e-02  -3.8794762e-01   6.8716649e-02  -6.5753309e-01   9.3035819e-01
   2.0000000e+00   1.9643995e-01  -1.2052999e+00  -2.7166961e+00   3.6268119e-01   1.3279392e+00   1.1718150e-01  -4.5876363e-01  -9.2618800e-02
   2.0000000e+00   8.5020350e-01  -6.3329137e-01  -1.0493495e+00  -5.8261605e-01  -7.2780093e-01  -2.2542244e+00   1.3883489e+00   3.0872463e-01
   2.0000000e+00  -1.0936029e-01  -1.7043324e-01  -9.5783398e-01   1.0229160e+00  -1.6616247e-01  -7.6359489e-01   2.0935754e+00  -6.3723567e-01
   2.0000000e+00  -1.1302574e+00  -1.3396275e+00  -1.0336889e+00   1.5755618e+00  -7.7907853e-01  -4.9862771e-01   4.8413853e-01   1.4757062e+00
   2.0000000e+00  -2.1503246e-01   1.7632162e+00  -4.0404785e-01   4.8654473e-01  -1.2806498e+00  -1.2743115e+00  -2.5540780e+00   5.3633172e-01
   2.0000000e+00   1.3954427e+00   5.1473180e-01   1.1553869e-01   8.3795426e-01  -3.7141701e-01  -3.5794064e-01  -4.2696798e-01   2.5578977e+00
   2.0000000e+00  -3.1970482e-01  -1.1529044e-01   1.2009374e+00   6.8974260e-01   2.8369244e-01   4.7168601e-01   1.9158467e+00  -1.8811814e+00
   2.0000000e+00  -1.4769826e-01   8.9379820e-01  -1.6244749e+00  -9.8371833e-02   8.5280044e-01  -2.4146795e+00   1.5169982e+00  -9.2519406e-01
   2.0000000e+00  -1.0515348e+00  -4.8549723e-01  -6.6548889e-01  -9.8954820e-01   6.8818718e-01   2.6401769e-01  -3.2165606e-01   1.3806433e+00
   2.0000000e+00   8.8739066e-01  -1.0234657e+00   2.0069986e+00   1.2058679e+00   1.6260884e+00   7.8544521e-01   2.0214597e-01  -5.5100472e-01
   1.0000000e+00   3.9079919e-01   9.8037803e-01   7.6836765e-01  -5.2826181e-01  -1.2546017e+00   4.3220968e-01  -2.6175038e+00  -1.6983368e+00
   1.0000000e+00   2.9244269e-01  -2.0335433e-01  -8.2477215e-01  -1.0213668e+00  -2.8729771e-01   5.7869804e-02   7.5947835e-01  -2.2831221e-01
   2.0000000e+00  -2.8771760e-01  -1.6048072e+00   1.7239768e+00   8.5121752e-01  -1.5606032e+00  -3.5459577e-01  -1.4665490e+00  -8.1612022e-01
   2.0000000e+00   4.2250702e-01  -1.9045812e-02  -1.3934655e+00   6.1691456e-01  -7.0592213e-01   8.1070464e-01   5.7843276e-01   9.4978837e-01
   2.0000000e+00   2.1403386e+00  -1.0082452e+00  -1.1475465e+00   2.0740771e-01   1.1078077e-01  -4.6699536e-01   7.5008014e-01   1.6285728e+00
   2.0000000e+00  -5.4746358e-01  -1.4373146e+00  -3.6356860e-01   2.7846184e-01   1.1797532e+00   1.1032985e+00   1.0465477e+00   5.3058482e-01
   1.0000000e+00   2.3331736e-01   7.3237486e-01  -6.7846365e-01  -3.2429187e-02   2.9466907e-01  -7.2338433e-01   1.7280245e+00  -7.3308385e-01
   2.0000000e+00   5.2066266e-01   9.0700387e-01  -1.0958279e+00   1.7156412e-01   4.4384523e-01  -7.7722689e-01  -1.9496213e+00  -1.4153707e+00
   2.0000000e+00   1.8510019e+00   8.3550390e-01   8.5832302e-01   6.4430816e-01   1.4604765e+00   1.2301099e-01  -1.1952794e+00  -1.6218709e-01
   1.0000000e+00   8.9589500e-02  -1.4381319e+00  -7.3202928e-01   1.2067109e+00  -1.8292304e+00   9.0374025e-02  -2.2186698e-01   3.1580426e-01
   2.0000000e+00  -1.7295785e+00   1.9529923e-01   2.2939618e-01  -2.4689254e-01  -8.1784573e-01   1.0646043e+00   3.4849714e-01  -3.9820840e-03
   2.0000000e+00   1.1082388e+00   8.2185048e-01  -8.2821732e-01   4.4719090e-01  -7.3886683e-01   8.7097920e-01  -2.4110313e+00  -7.6830341e-01
   2.0000000e+00  -1.8029182e+00   8.6202398e-01  -4.0066682e-02   1.8840200e-01  -1.3922680e+00   9.3844041e-01   4.2116589e-01  -2.5254941e-02
   2.0000000e+00  -1.5522134e+00   4.5520882e-02   1.9329327e+00   6.1577267e-01  -2.2885936e+00   9.0504122e-01   6.7692381e-01   1.2682348e+00
   2.0000000e+00  -8.6028468e-01   5.5327371e-01  -1.0892265e+00   4.5503922e-01   1.5895246e+00   1.5560862e+00   1.1398685e+00   6.8024323e-01
   2.0000000e+00   1.3285562e+00  -4.6235438e-01   3.7845169e-01   7.1425290e-01  -1.1919660e+00   1.3144522e+00  -1.4005598e+00   1.4022505e-01
   2.0000000e+00   7.1635006e-02   3.4616833e-01  -1.1960898e+00   4.7143406e-01   1.8598768e+00   1.1498503e+00   1.3012658e+00  -2.8174675e-02
   2.0000000e+00   5.5195110e-01  -3.9469024e-01  -1.1348148e+00   1.5194059e+00  -6.9613740e-01  -2.6686149e-01   7.5198104e-01  -4.2375063e-01
   1.0000000e+00   2.9597506e-01  -3.9035150e-01  -2.5811407e-01  -1.3683963e-01  -1.6772799e+00   1.9611237e-01   2.0164219e+00   1.8564669e+00
   2.0000000e+00  -6.0950695e-01   1.4586673e+00  -7.7889161e-01   2.0670260e+00   6.8184544e-01  -1.5919922e+00  -3.6595339e-01   3.8078197e-01
   2.0000000e+00  -1.2691464e+00  -1.9557881e-01   2.9601482e+00   2.9737511e-01   4.3826043e-01  -9.9732528e-01  -6.8139988e-01  -7.6431501e-01
   2.0000000e+00   5.9967939e-01  -7.5116078e-01  -1.1002564e+00  -1.1403152e+00  -1.9061342e-01   3.8736065e-01  -1.1837787e+00  -1.4491106e+00
   2.0000000e+00  -9.2747853e-01  -1.5971904e-01  -1.3199823e-01  -2.6210721e-01   7.9844907e-01   1.0028107e+00   3.1266388e-01   1.3304591e+00
   2.0000000e+00  -3.4165529e-01   1.5874661e+00   2.7278106e-01  -2.3083181e+00  -1.2439632e+00  -1.1261321e+00   4.8617643e-01   1.1658089e-01
   2.0000000e+00   6.5402973e-01   1.1310540e+00  -1.0271995e+00  -3.6181862e-01  -8.2467124e-02   5.8060437e-01  -1.2980263e+00   3.5705223e-01
   2.0000000e+00   3.9573843e-01   9.3129473e-01  -1.2800633e+00  -1.0832762e+00   3.7316498e-01  -1.1572960e+00  -3.4617270e-01  -3.0485191e-01
   1.0000000e+00   5.6695546e-01  -9.3867554e-01   4.2458917e-03   2.1636827e-01   2.0308397e+00   5.6257091e-01  -9.4085661e-01   3.9995122e-01
   2.0000000e+00  -1.0389844e+00  -1.1166744e+00  -7.3243702e-01   2.4654242e-01   1.0553862e+00   7.0666000e-01   1.0051764e+00   5.3854634e-01
   1.0000000e+00   3.8961479e-01  -6.9351254e-01  -6.4609465e-01  -2.7702723e-01   4.7027647e-01  -1.6670569e-01   2.5331303e+00   6.7825750e-01
   2.0000000e+00   3.2385173e-01   2.3573792e+00   1.5347839e+00  -4.0592610e-01  -4.1466631e-01  -1.0129497e+00   1.1482345e+00  -1.9263046e-01
   2.0000000e+00  -1.0958915e-01  -6.7381615e-01   5.9389737e-01  -1.7337726e+00   2.3662924e+00   5.1085917e-01   1.6824265e+00   2.0076953e-02
   2.0000000e+00  -4.5980805e-01   1.8178035e-01   1.0427822e+00   1.1655156e+00   2.3766682e-02   1.3996361e+00   4.4294007e-02  -1.1310712e+00
   2.0000000e+00  -5.7684385e-01  -8.3774299e-01   3.8524681e-01   1.6026913e-01   1.4430986e-01  -1.6905820e+00  -1.7285070e-01  -7.5128163e-01
   2.0000000e+00  -8.9175549e-01   5.6578820e-01   7.9494829e-01  -2.3093420e+00  -2.0437108e-01   9.6025010e-02  -8.2541501e-01   3.6052733e-01
   1.0000000e+00   2.5826341e-01  -8.8171249e-01   3.1787729e-01  -1.8067562e+00   1.2262934e+00   6.2827675e-02  -2.1644863e+00  -5.9188788e-01
   2.0000000e+00  -2.8614026e+00  -2.8727191e-01   7.2295426e-01  -9.1597992e-01  -3.0580462e-02   1.0719202e+00  -1.6576272e-01  -6.4554247e-01
   1.0000000e+00   9.0769267e-02  -1.0418243e+00   9.0750495e-01   9.4469294e-01  -7.5776718e-01  -1.8581745e+00   2.8337223e-01  -7.8101120e-01
   2.0000000e+00  -7.5309922e-01  -1.7672150e+00   3.0039712e-01  -1.6013777e-01  -1.9129835e+00   7.6365524e-02  -1.2974927e+00   3.0931892e-01
   2.0000000e+00   3.2726973e-01   1.4627880e+00  -1.1823828e+00  -8.7337861e-01   1.5177814e-01  -2.1179668e+00   7.3862205e-01   5.5118902e-02
   2.0000000e+00   8.0083181e-01  -1.4278358e+00  -1.9595468e+00   3.8001173e-02  -3.4936856e-01  -9.1052971e-01   3.2791801e-01  -2.0021177e+00
   2.0000000e+00   1.4889643e+00  -2.3674022e-02   4.4762559e-01   1.4926508e+00  -7.8635140e-01   4.1762984e-01  -1.3046400e+00   4.8617038e-01
   2.0000000e+00   8.5038604e-01   5.6852659e-01   2.0932164e+00  -4.1773877e-01   1.3161111e+00   1.1817487e+00  -7.0969764e-01   1.5268966e+00
   2.0000000e+00   1.5353272e+00   1.5163532e-01  -4.7444802e-01   1.2445331e-01   2.4324784e-01  -4.5088915e-01   1.4654042e+00   1.4416105e+00
   2.0000000e+00  -7.2119851e-01  -1.2800772e-02  -1.2894666e+00   2.5133898e+00   1.8802925e+00  -6.8497011e-01  -1.6024855e+00   3.2854773e-01
   2.0000000e+00   7.9849890e-01   1.1097875e+00  -2.1811363e+00   1.1812533e-01   7.9589078e-01   6.4145350e-01   8.2197985e-01  -4.6860988e-01
   2.0000000e+00   4.6824990e-01   3.9999052e-01   1.1676503e+00   6.1451295e-01  -3.8759545e-01   1.2709534e+00   3.7272859e-01  -9.8496033e-01
   2.0000000e+00  -1.4009074e+00  -2.6672562e-02  -4.4573310e-01   1.5350154e-01   9.0181573e-01   6.0454583e-01   7.6728723e-01   2.8485354e-01
   2.0000000e+00  -5.9352560e-01   5.0661899e-01  -5.4479334e-03   3.3138947e-01   8.6588031e-01  -9.3201673e-01  -1.8076874e+00  -6.4427591e-01
   2.0000000e+00  -2.6902636e-01   1.2615269e+00   5.5848842e-01  -2.0456488e+00   3.9003036e-01   1.6647287e+00  -1.5433449e-01   3.3459162e-01
   2.0000000e+00  -8.0792821e-01   1.4891823e+00   1.1587660e-01  -4.0009557e-01  -1.6732474e-01  -1.6039860e+00   2.4475302e+00  -6.9241608e-01
   2.0000000e+00   7.1309644e-01  -1.5714188e+00   1.4928374e+00   1.7806766e-01  -3.2589885e-01   7.2370559e-01  -1.0356739e+00   1.0909928e+00
   2.0000000e+00   1.2119464e+00   1.5021374e-01   1.6208279e+00  -6.8901310e-01  -2.3461068e-01   1.2193034e-01  -7.4140043e-01  -5.2822486e-01
   2.0000000e+00  -1.0013622e-01   1.1590556e-01   2.1379582e+00  -8.4601889e-01  -8.1569387e-01  -1.7477511e-01  -1.7514962e+00   2.2592579e+00
   2.0000000e+00  -6.0778221e-01   9.7958455e-02   1.3363511e-01  -1.4269558e-02  -3.5684096e-01   9.2283802e-01  -1.2623233e+00   1.8296851e-01
   2.0000000e+00  -1.0448158e-01  -1.0162941e+00   4.8780812e-01   4.6655029e-01  -1.8819602e+00  -1.2487287e+00   1.0656922e+00  -1.7430738e+00
   2.0000000e+00  -8.6248230e-01  -1.3154075e+00  -4.4032484e-01   1.3600959e+00   1.8401554e-01   1.2754847e-02  -3.2201800e-01  -7.3622712e-01
   2.0000000e+00  -7.5658873e-02   1.0516353e+00   9.8665569e-01   9.9698192e-01  -1.0745463e+00   3.2260756e-01   4.1258924e-02  -1.4825284e+00
   2.0000000e+00  -6.3004770e-01   1.0013002e+00  -5.2260198e-01  -3.0892864e-01  -1.0415159e+00   7.6600274e-01  -5.8204302e-01  -7.8356328e-01
   2.0000000e+00  -8.9275284e-01   2.7788936e-01   6.4780544e-01   6.1334849e-01   5.3215989e-01   6.8396135e-01  -6.4998814e-01  -8.3055149e-01
   2.0000000e+00  -3.2480169e-01  -1.5015547e+00  -1.6377315e+00  -2.2314034e-01   7.5587890e-01  -1.8291449e+00  -3.4209921e-02   2.0921518e+00
   2.0000000e+00   1.9287158e+00   5.4408812e-01   2.6485695e-01   4.9601874e-01  -9.1099875e-03   1.1779025e+00   3.1520739e-01   6.0252448e-01
   2.0000000e+00  -4.3328665e-01   1.8336756e+00   1.0937951e+00  -3.1661873e-01  -1.4928673e-01  -5.4552705e-01  -8.0938876e-03  -6.1685555e-02
   1.0000000e+00   2.7167786e-02  -6.8335579e-02   4.5843967e-01   3.5656288e-01   3.0879502e-01  -1.1638743e+00  -2.9033442e-01   2.2011562e+00
   1.0000000e+00   1.9049980e-01  -7.0044000e-01  -1.9349280e-01   2.0907236e-02  -2.3849805e+00   9.6093232e-01  -1.1242131e+00   7.2838902e-01
   2.0000000e+00  -2.0348454e-01  -7.7500304e-01  -7.7495404e-01   1.6598609e-02  -3.7559462e-01  -2.1858750e+00  -1.2921183e+00   1.5619472e+00
   2.0000000e+00  -3.0314187e-01  -1.9852779e-01  -7.2754892e-01   1.0872305e+00  -2.3617755e-01  -2.6376435e-01  -4.2787175e-01  -5.9155454e-01
   2.0000000e+00  -7.1053223e-01   1.2940421e+00   1.5920034e+00   1.1742659e+00  -1.0206417e+00   2.3930104e-01   2.5996866e+00  -8.2317966e-02
   2.0000000e+00   4.1771413e-01   1.0506433e-01  -1.7413498e+00  -4.2809406e-01  -1.6355534e+00  -1.0476882e+00   1.4283214e-01  -8.0027661e-01
   2.0000000e+00  -2.3020990e-02  -3.2953163e-02  -4.3183371e-01  -7.4703715e-01  -1.1708368e+00  -2.6166929e-01   3.0519912e-01   1.3186716e+00
   2.0000000e+00  -7.9060743e-01  -1.6040189e+00   7.4801183e-01   4.4060288e-03  -2.9790385e-01  -1.9632091e+00   1.5207659e-01  -6.9757041e-01
   2.0000000e+00   9.2602914e-01   5.1753642e-01  -1.3026845e+00   9.7327038e-01   6.6372019e-01   6.5858820e-01   1.8564430e-01  -7.2867115e-01
   2.0000000e+00   6.0011300e-01   1.0516266e-01   1.9468330e+00  -1.8179837e+00  -7.2998244e-01   5.5414759e-01  -1.6857278e+00  -1.3267232e+00
   2.0000000e+00   1.1717096e+00   4.6119138e-01  -2.5677190e-01   2.6015918e-01  -9.2841369e-01   1.4769509e+00  -1.3112067e+00   1.9571818e-01
   2.0000000e+00   8.4536588e-01  -5.1474971e-01  -1.6395213e+00   2.8609892e-01  -9.4689402e-01   1.9909848e-01   1.0660024e+00  -1.5314330e+00
   1.0000000e+00   8.7541267e-01  -1.6032160e-01   2.5225291e-01  -1.5374773e+00   3.2021444e-01  -6.5340993e-01  -7.3916501e-01   1.3430036e+00
   2.0000000e+00  -3.8883766e-01   5.6863902e-01   7.1741112e-01   6.6876254e-01  -1.3983522e+00  -2.6161177e+00   2.8101901e-02   8.2830725e-01
   2.0000000e+00   2.0240406e+00  -6.2929412e-01   5.4840611e-02  -1.2992087e+00   1.4780154e-01  -5.8473554e-01   3.5154992e-01   3.1326518e-02
   1.0000000e+00   6.7191146e-01   9.1863324e-01  -6.7103205e-01   7.7480417e-01  -1.8773914e-01   6.4254680e-01   7.0855262e-01   1.3434752e+00
   2.0000000e+00   2.0564056e+00   7.2891902e-01  -4.5063899e-01   1.1632502e+00   1.7608954e+00   9.7510846e-01  -9.8288563e-01  -1.4807891e+00
   2.0000000e+00  -6.4522612e-01  -6.5315820e-01  -1.2268775e+00   1.2379745e-01  -1.1506219e+00   1.6755163e+00  -2.2396289e-01   3.9710463e-01
   2.0000000e+00   1.8663496e+00   2.3022431e-02  -4.4296188e-01   7.1472755e-01  -9.7907527e-02  -2.3678949e-01   3.7764204e-01   2.3207490e+00
   2.0000000e+00  -2.4055217e-01  -3.3509362e-02   2.4639378e+00  -4.0120600e-03   1.1520282e+00  -2.0109246e+00   9.5460719e-01   7.7097793e-01
   2.0000000e+00  -4.6142005e-01   1.7673873e+00   1.1425247e+00   8.4194829e-01   6.2511630e-01   7.4374326e-01   1.2648711e+00  -3.3774234e-01
   2.0000000e+00   3.1090866e-01   5.5431127e-01  -1.6598340e+00   4.2360474e-01  -1.0965948e+00   7.0405517e-01   3.4879153e-01   2.0131026e-02
   2.0000000e+00  -8.3301258e-02   6.2803014e-02   9.7757214e-01   5.0892824e-01  -1.3638356e-01   9.6455125e-01   1.8457102e+00   5.1615173e-01
   2.0000000e+00  -5.6377131e-01   1.3689419e+00  -1.2438500e+00   1.0827812e+00   1.1665764e+00   9.9777776e-01  -7.1164929e-01  -6.9281842e-01
   2.0000000e+00   1.8643668e+00  -7.6589942e-01   3.2020220e+00  -2.1995013e-01   1.8528709e-01   3.9926286e-01  -1.1745702e+00  -1.0339688e-02
   2.0000000e+00  -6.0062541e-01   2.2738374e-01   7.8837303e-01  -2.4337411e-01   9.0442071e-01   4.2039387e-01  -2.2607844e-01   9.8195135e-01
   1.0000000e+00   8.9890547e-01   6.1312413e-01  -6.2074949e-02  -1.7217371e+00  -1.4432720e+00  -2.8735818e-01  -1.7814468e+00   7.6731635e-01
   2.0000000e+00   2.2711586e-02   1.0808787e+00  -1.8354339e+00   4.2842338e-01  -3.2302189e-01   1.1651196e+00  -2.7052463e-01   8.7535234e-01
   2.0000000e+00  -7.5007207e-01   8.8409490e-01   9.8606871e-01  -5.8367206e-01  -5.6443550e-01   5.0603358e-01   5.7198314e-01   1.5572998e-01
   2.0000000e+00   9.7339917e-02  -5.9196405e-01  -2.2204174e+00  -1.7813863e+00  -1.0263465e+00  -1.1489122e-01  -2.1942693e+00   4.2200641e-01
   2.0000000e+00  -5.5864579e-02   2.0224218e+00   6.9888251e-01   2.6504881e-01   1.3847206e+00   4.3295979e-02   1.4317022e+00  -8.5935448e-01
   1.0000000e+00   4.0485558e-01   4.8437014e-01   5.2731353e-01   4.8811284e-01   6.7678006e-01  -9.9188995e-01   4.4194935e-01   1.3498727e+00
   2.0000000e+00  -2.0745734e+00   9.5150664e-01   1.5554260e+00   1.6696370e+00   6.0859107e-01   6.9932770e-01   8.9487511e-01  -6.3029000e-01
   2.0000000e+00  -1.3394074e+00  -7.5206170e-02  -1.6670687e+00   1.0204426e+00  -2.9290764e-01   1.6413640e+00  -1.2935525e+00  -3.7411477e-01
   1.0000000e+00   3.2720562e-01   1.6280527e+00  -2.7650687e-01  -5.2595261e-01   9.0055120e-01   1.8960249e+00   2.4423725e-01  -1.4332102e+00
   2.0000000e+00   6.9839342e-02   8.3975714e-02   1.1426288e+00  -1.3832312e+00   1.1606086e-01  -8.7913403e-01  -4.4524573e-02   3.1968217e-02
   2.0000000e+00  -1.6036152e+00   5.2832693e-01  -3.1009811e-01  -4.6903689e-01  -2.4116167e-01   3.1280704e-01  -4.0508109e-01   1.2222052e+00
   2.0000000e+00   1.4921672e+00   5.7042523e-01   2.6242179e+00   6.5088704e-01  -1.3258449e+00   4.0599972e-01  -3.5466887e-01   1.0990459e+00
   2.0000000e+00  -1.2401757e-01  -8.2150114e-01  -6.7078194e-01   1.5952022e+00  -1.4232582e+00   1.0397649e+00   2.3627096e-01   1.8690916e+00
   1.0000000e+00   2.3827994e-01  -1.0337681e+00   1.6806000e-01   5.0184935e-01   1.1915271e+00  -6.6342065e-01  -7.8892297e-01  -2.6762480e-01
   2.0000000e+00   1.1941086e+00  -2.3667885e+00   9.3469207e-01   1.7939604e+00   8.4252700e-02  -2.3238208e+00   6.6365467e-01   3.9176415e-02
   2.0000000e+00  -2.0089384e+00   1.9587666e+00  -6.9857334e-01   5.3003341e-01  -4.1516023e-02  -2.4265535e+00  -1.7244481e+00  -4.3111358e-01
   2.0000000e+00   1.1066554e+00   1.0320447e+00  -1.2768383e+00  -4.4791816e-02  -1.7448517e+00  -1.2672794e+00   4.2895293e-01  -4.6012258e-01
   1.0000000e+00   2.2414079e-01  -1.1205776e+00   4.6984538e-01  -6.1598010e-01  -8.3457295e-01   1.2468343e+00  -1.5940821e-01  -1.6485349e+00
   2.0000000e+00  -7.8386819e-01   1.7302917e-02   9.7561937e-01  -1.1995592e-01  -3.1222457e-01  -1.0565124e+00   1.0462382e+00   4.8520502e-01
   2.0000000e+00   7.2637458e-01   2.8044250e-01  -1.0137092e+00  -1.2698578e+00  -4.9186731e-01   4.3210117e-01   6.0740023e-01   2.2473389e-01
   2.0000000e+00  -5.8396115e-01  -7.1731687e-01   1.0425733e+00   1.0026578e+00   1.5215019e+00   7.5982573e-02  -8.6322939e-01   2.0404811e+00
   2.0000000e+00   2.7283098e-01  -7.1157193e-02   1.2652223e+00  -5.8392486e-02   2.1927798e-01  -1.8063262e-01   9.6303960e-01   2.9795451e-01
   2.0000000e+00   5.2315567e-01   1.4022207e-01  -1.0396300e+00   6.1752137e-01  -4.9456634e-01  -6.2283729e-01   6.0977879e-01  -1.0843181e+00
   2.0000000e+00  -6.6018228e-01   6.4549044e-01  -6.7920981e-01   1.1168803e+00  -7.4218893e-02  -4.5171509e-01  -9.9355474e-01  -4.1481088e-01
   2.0000000e+00   6.1532749e-01  -7.2962308e-01   1.3521618e+00  -5.5197207e-01  -4.4143306e-01  -1.2280458e+00  -1.8206332e-01  -4.3839720e-01
   2.0000000e+00  -8.3026680e-01   1.6910010e-01   9.9507108e-01  -1.1175801e+00  -3.9769293e-01  -6.0804174e-01  -9.4012016e-01   3.9080442e-01
   1.0000000e+00   5.8852845e-01  -5.0557615e-01   3.0126768e-01  -7.0647283e-01   2.4526043e+00  -2.0316837e-01  -6.2647997e-01  -6.2704550e-01
   2.0000000e+00   1.3692397e+00   5.8580676e-01   7.2052972e-01  -1.9633056e+00   1.1066734e+00  -2.9778837e-01   8.6883447e-01   2.1040573e-01
   2.0000000e+00  -1.3921616e+00   6.2809558e-01   9.9262702e-01  -2.9162523e-01   6.6517901e-01  -3.7235189e-01   1.8870053e-01   3.8296976e-01
   1.0000000e+00   5.7036656e-01   1.5828366e+00   3.8399627e-01  -2.8838254e-01   8.6873106e-01  -1.4005620e-01   1.2723062e+00  -9.3447376e-01
   2.0000000e+00  -3.8264358e-01  -1.3431527e+00   1.4232657e+00  -1.0027775e+00   3.1741724e-01   4.8718467e-01  -1.4455242e-01  -3.1864267e+00
   2.0000000e+00  -2.1641789e+00   1.7832053e+00   5.1985915e-01  -5.2145711e-01  -1.6270838e-01   1.4587904e+00  -7.2509787e-01  -8.4318903e-02
   1.0000000e+00   2.1769664e-01   9.9994252e-01   3.7335076e-01   1.3917825e+00   1.0563234e+00  -3.0275154e-01   4.3038422e-01   1.1868458e+00
   2.0000000e+00   2.5021527e+00   1.4495911e+00  -7.8013944e-01  -3.3967232e-01   4.8475625e-02   8.0659384e-01  -9.9615824e-01   4.2335551e-01
   2.0000000e+00   1.8711836e+00   5.3290277e-01   2.2045337e-01   6.5004008e-01  -8.9193405e-01  -6.9833903e-02  -2.1453858e+00  -7.7436541e-01
   2.0000000e+00  -1.0112670e+00  -1.3019005e+00   1.2788574e+00  -3.6295932e-01  -9.2998660e-01   6.7147627e-01   3.3178765e-01   3.9862490e-01
   2.0000000e+00   1.1127451e+00  -2.1568128e-01   1.5653144e+00   3.0257890e-01   1.2861157e+00  -7.3055092e-01  -1.0122994e+00   1.0275909e+00
   2.0000000e+00  -7.4369278e-01  -2.0313219e+00   1.1562231e+00   3.5716476e-01   2.4354379e-01   1.2082671e+00  -1.9285743e-01  -7.5774322e-01
   2.0000000e+00  -1.7871217e-01  -1.4646888e+00   1.5926677e+00  -2.9113271e-01  -5.5391687e-01   6.8025952e-01   4.7393023e-01   7.3694624e-01
   2.0000000e+00  -3.1284215e-01   4.5507157e-01  -2.8207775e-01  -7.9261388e-01  -1.9345803e+00  -1.1855915e+00   3.7220368e-01  -7.2430541e-01
   2.0000000e+00  -1.4835011e+00   2.4447227e-01  -3.8698339e-01  -7.8956297e-01  -8.2069272e-01  -1.9010655e+00   1.0874965e+00   9.3391417e-01
   2.0000000e+00   1.6908533e+00  -1.1618522e+00  -9.4899079e-02   4.9065875e-01  -6.8436002e-01   4.6813450e-02   6.1549110e-01   5.4335973e-02
   2.0000000e+00  -2.4584419e-01  -1.1554405e+00   4.3511805e-01  -2.3653837e+00   6.9366898e-01  -1.5346972e+00  -4.4982216e-01  -6.2458276e-01
   2.0000000e+00  -1.5434611e+00  -2.2852778e+00   9.3835318e-01   8.7632106e-01   5.0372791e-02  -2.1821943e+00   7.8744252e-01   1.4555721e+00
   2.0000000e+00  -2.3455092e-01  -1.9312577e-01   7.6929887e-01   1.8062643e+00  -6.5163191e-01  -2.4036401e-01   2.5021742e-01  -8.1050492e-01
   2.0000000e+00  -1.3075554e+00   1.2269285e+00   3.0138245e-01  -9.2723165e-01  -1.4741736e+00   2.3089215e+00   3.1494244e-01   6.0379972e-02
   1.0000000e+00   7.3299157e-01   1.8898090e+00  -2.4218320e-01  -8.1270787e-01  -1.6028585e+00  -1.6696656e-01   2.0926495e-02   8.2182696e-01
   2.0000000e+00  -6.4505156e-01  -3.2825964e-01   3.0116434e-01   8.1797639e-01  -1.7968394e+00   6.3772997e-01  -2.7134728e-01  -8.6701514e-01
   2.0000000e+00  -4.4849511e-01   3.3241248e-01  -3.3765791e-01   1.5844483e+00   1.3153234e-01   7.4317978e-01  -1.6873461e+00  -1.3521358e+00
   2.0000000e+00   3.0393800e-01   1.4293740e+00  -1.2854880e+00   1.8697702e-01  -1.7921674e-01   8.1199684e-02  -9.1072511e-01   1.6768799e+00
   2.0000000e+00   1.2573117e-01   2.6111638e-01  -5.9014348e-01   1.6178609e-02  -1.2603132e+00   2.8417606e+00   5.0795975e-01   1.7710838e-01
   2.0000000e+00   7.2237929e-01   2.4038752e-01  -2.4246483e+00  -1.4589317e-01   2.1372504e+00   8.3247741e-01  -7.1198052e-02   2.3791677e-01
   2.0000000e+00  -3.4829871e-01   7.4382709e-01  -3.4569264e-01   8.2051433e-02  -1.8943844e+00   1.6625243e-01  -3.8167113e-01  -6.6126295e-01
   1.0000000e+00   3.8081608e-01   1.2970824e+00   2.1746052e-01   1.6099377e+00   7.3442204e-01   1.8552879e+00   3.4716878e-01  -8.6986641e-01
   2.0000000e+00   4.4425037e-01  -1.4033326e-01   9.8475607e-01  -1.0040367e+00  -1.1221371e-01  -2.0959016e-01  -1.1480595e+00  -3.0909090e-01
   2.0000000e+00  -5.1281760e-01   3.2533730e-01   1.0493959e+00  -8.4587551e-01   1.8878676e+00  -1.6264267e+00  -1.1345890e-01   1.3635197e-01
   2.0000000e+00  -2.5106455e-01  -2.5665713e-01   6.4071787e-01  -1.0009356e+00  -6.1925657e-01  -2.8104868e-01  -1.1528777e-01   8.2732323e-01
   2.0000000e+00   5.2482462e-01  -1.1626235e+00   2.0815110e+00  -7.9721142e-01   1.1406616e+00   9.2637801e-01  -6.3148194e-01   1.1328303e+00
   2.0000000e+00   1.2277785e+00   5.6227576e-01   7.0049214e-01   3.3595476e-01  -1.2532683e+00   1.6300766e+00   5.1915114e-01   8.0199113e-01
   2.0000000e+00   2.4291107e-01  -1.0554952e+00   3.0554368e+00  -8.0056700e-01  -1.3156031e+00   1.5093503e+00   1.7050927e-01  -9.1187815e-01
   2.0000000e+00  -1.5199567e+00  -6.7839755e-01   4.4835412e-01  -9.7506712e-01  -8.7266351e-01   8.5262264e-02  -4.6648835e-03  -1.4399335e+00
   1.0000000e+00   6.3234131e-01   2.4051557e+00   7.1817791e-01  -8.6638886e-01  -1.0557577e+00   1.6055471e-01   7.7786501e-01   4.9249674e-01
   1.0000000e+00   1.5135520e-01  -5.2888390e-03  -6.4663341e-01   3.0454457e+00  -7.2250088e-01   5.1326190e-01  -3.3788098e-01  -6.9741806e-01
   2.0000000e+00   1.1216843e+00  -5.4511003e-01  -4.9764005e-01  -2.7820906e-01   9.2945827e-02  -2.5160953e+00  -4.1417759e-02   9.0269629e-01
   2.0000000e+00  -5.7529313e-01   1.3301461e+00  -2.3621465e-01   2.4361944e-01  -6.9282933e-01  -1.6310478e+00   1.7828484e+00  -6.0501371e-01
   1.0000000e+00   3.4785464e-01  -1.8102449e+00  -2.8917137e-01  -7.1362629e-01   1.0189507e+00   1.1665404e-01  -1.8295213e+00   9.1571244e-02
   1.0000000e+00   6.9377901e-01   1.2545646e-01   9.7269949e-02   8.5474663e-02   6.5386038e-01  -1.5968192e+00  -8.4249727e-01   1.4215404e+00
   2.0000000e+00  -1.2022347e+00   1.3599299e-01   1.2723540e+00  -1.0622822e-01   1.2615419e+00   4.1672003e-01   2.6474170e-01   1.9587837e+00
   2.0000000e+00   4.9946082e-01  -8.7999309e-01  -1.4666922e+00  -3.4242518e-01   7.2396323e-01  -3.8376053e-01   8.7416591e-01   4.8447337e-01
   1.0000000e+00   4.0778216e-01  -1.4158549e+00  -6.6643451e-01   6.9750265e-01   5.2064585e-01  -8.4653554e-01   7.4591535e-01   5.6723059e-01
   2.0000000e+00   2.9183863e+00  -2.3814735e-01   6.2196612e-01   6.0751466e-01  -3.1467246e-01   1.2036282e+00   1.5356975e+00  -8.2979009e-01
   2.0000000e+00   1.7698560e-01  -5.5086546e-01   1.0819909e+00   4.2758382e-01   2.5588493e-01  -4.8088509e-01  -1.6457702e+00   2.9599214e-01
   2.0000000e+00  -1.8505306e+00   5.9126519e-01   1.2047415e+00   9.9999584e-01   4.5128693e-01  -1.2395543e+00   1.7835486e+00   1.4075451e+00
   2.0000000e+00  -4.6441542e-02  -9.8798890e-01   1.6364658e+00  -1.6354107e+00  -3.9990450e-01   9.8266518e-02   4.1303953e-01   3.8906121e-01
   2.0000000e+00  -3.6970374e+00   1.1433542e-01  -2.6526781e-02  -1.4813017e+00   4.0228156e-01  -4.7602120e-01   1.8676342e-01  -1.1248093e-01
   2.0000000e+00  -1.3316467e-01  -5.8469024e-01   4.9042424e-01  -1.0258523e+00  -6.6109525e-01   1.2781468e+00  -1.8877661e+00  -4.6066669e-01
   2.0000000e+00   9.8559880e-01   9.6285668e-01   2.9798605e-01  -6.9627092e-02   1.4396296e+00  -1.1259176e+00   4.2777132e-01  -1.7076849e+00
   1.0000000e+00   5.3184469e-01  -8.4583365e-01   4.6666130e-01  -1.0577390e+00   1.2591831e+00   2.0073186e-01  -6.5517460e-01  -2.9417785e-01
   2.0000000e+00   8.7192749e-01   1.8008240e+00  -5.0589157e-01   1.1404613e+00  -1.1524544e-01   1.3539076e+00   2.2462999e-01   5.8862290e-01
   2.0000000e+00  -7.3042743e-01  -6.5966275e-01   1.0115867e+00  -2.0934373e-01  -1.8927750e-01   2.2565471e-01  -2.5704256e+00   1.8844669e-01
   2.0000000e+00  -6.1543005e-01  -3.5298527e-01   4.5589434e-01  -2.9936001e-01   1.1937658e+00  -1.1830484e-01   1.1712353e+00  -2.1130546e+00
   2.0000000e+00   5.2705673e-01  -1.7800889e-01   1.5830446e+00   3.4017491e-02   4.2059149e-02   1.3690724e+00  -1.0617592e+00  -2.3598506e-01
   2.0000000e+00  -3.6896922e-02  -5.9150360e-01   1.5256698e+00  -3.5924278e+00   1.4325833e+00   1.5622255e+00  -7.8896894e-01   1.4851516e+00
   2.0000000e+00   1.1098315e-01  -3.5594557e-01  -1.5499327e+00   1.4499025e+00  -1.6194764e+00  -9.8090277e-01  -5.9974553e-01  -4.4030382e-01
   2.0000000e+00  -5.2032479e-01   7.5008170e-01   3.9020378e-02  -3.2798405e-01  -2.3783459e+00   7.0200076e-02  -1.0457128e+00  -1.2581593e+00
   2.0000000e+00   1.6942574e+00  -1.6354672e-01  -5.3595883e-01  -1.5359222e+00  -8.8256542e-02  -1.9840219e+00  -3.4292991e-01  -7.5973850e-01
   2.0000000e+00  -6.5854277e-03   2.0391488e+00  -1.4864460e-01   9.1493560e-01  -6.5112112e-01  -2.5544520e-01   6.5390658e-01   8.7269364e-01
   2.0000000e+00  -6.6491160e-01   2.3932325e-01   4.3138919e-01   1.5456407e+00  -1.9056867e+00  -2.5999395e-01  -1.2281301e+00  -1.0829371e+00
   2.0000000e+00   9.9748299e-01  -4.0486299e-01  -4.8885940e-01  -1.3333647e+00   1.3730514e+00  -3.0768447e-01  -6.7231222e-01   7.5455421e-01
   2.0000000e+00   1.1788739e+00   1.2521264e+00   6.2379538e-01   2.0928240e+00  -1.4485512e+00  -8.5792198e-02  -2.7048674e-01  -2.5962757e-01
   2.0000000e+00   1.5810723e+00  -7.1976849e-02   7.7059672e-01   1.5759337e+00   1.6469689e-01   7.7642836e-01  -6.5295691e-01   9.5714586e-02
   2.0000000e+00   4.1604896e-01   1.3698348e+00  -1.3975014e+00   4.1325951e-02   8.4376931e-01   8.3849777e-01  -5.3419395e-01   5.8733399e-01
   1.0000000e+00   6.5392426e-02  -7.8512738e-01  -9.3595521e-02  -9.1625053e-01  -8.1357998e-01  -7.5631727e-01   8.0294643e-01  -6.7901713e-01
   1.0000000e+00   1.0697332e-01   2.1430471e+00   8.5000907e-01   3.2139831e-01  -6.8706761e-01   6.4111970e-01  -9.4947812e-01  -4.5188866e-02
   2.0000000e+00  -1.0721301e-01  -2.3403708e+00  -2.4254333e+00  -2.2601404e-01  -8.5986572e-02   1.4605131e-01  -1.5399088e+00   3.1654856e-01
   2.0000000e+00   2.7014931e+00  -1.3751710e+00  -3.6602029e-01  -1.9478936e+00   7.9763095e-01  -1.3542899e+00  -6.3346506e-01   1.7477865e+00
   2.0000000e+00   2.6489680e+00   1.2597827e+00   1.4720743e+00  -1.7833963e-01  -1.4126472e+00   1.0766158e+00  -9.0086899e-03  -1.4303779e-02
   2.0000000e+00   5.1195860e-01   5.2504320e-01  -1.8626598e+00   5.7882583e-01   2.6723123e+00  -8.9287050e-01   3.4304584e-01   3.9047414e-01
   2.0000000e+00  -5.5793048e-01   3.3160855e-01   4.1080680e-01   8.9521082e-01  -1.0162164e+00   9.1579697e-01   3.7943959e-01   1.5113463e+00
   2.0000000e+00   1.1987795e+00   9.6969589e-01   1.2224927e+00   8.9407992e-01  -2.3177695e+00   3.6581734e-01   1.7696053e-01  -2.2942216e+00
   2.0000000e+00  -5.3423888e-01  -1.6509931e-01  -7.0552292e-01   5.0041656e-01   1.6348003e-01   2.5977003e+00   8.0103994e-01   4.5252961e-01
   2.0000000e+00  -3.0598222e-01  -4.1820118e-01  -3.1960983e-01  -1.0691910e+00   7.1495499e-01  -2.6168636e+00  -8.6345495e-02   1.5072527e-01
   2.0000000e+00   1.5422206e+00   7.3069724e-02   5.7434522e-01  -3.0476999e-02  -9.8575603e-01  -4.0252946e-01  -7.9408710e-01   1.7057682e-01
   2.0000000e+00  -4.0728208e-02  -8.6793341e-01  -1.6932041e-01   7.8668731e-01   6.9373072e-01  -5.4195643e-01   1.9569763e-01  -1.3858734e+00
   1.0000000e+00   4.9151814e-01   1.1248339e+00  -1.8442684e-01  -1.7149295e+00  -1.6179320e+00   1.5594336e+00  -8.9934006e-02  -2.9221528e-01
   2.0000000e+00  -7.2232091e-01   3.6224047e-01   1.5739604e+00   2.8927351e-01   5.5584328e-01   3.7429171e-02   3.2281097e-01   1.7342682e+00
   2.0000000e+00  -1.3468698e+00  -1.2424719e+00   1.5872103e+00  -1.5839663e+00   1.4239755e+00   8.4578681e-01   3.2716713e-01  -5.8268937e-01
   2.0000000e+00  -7.5029254e-01  -2.6860556e-01  -3.2077872e-02  -3.9311174e-01   2.6216808e+00  -3.4047387e-02   1.0561269e-01  -1.3720155e+00
   1.0000000e+00   4.2523494e-01  -2.9444655e+00   5.4279678e-02   1.2236618e+00   1.2928667e+00   1.0332781e-01  -6.4690555e-01   5.6118528e-02
   1.0000000e+00   5.0896053e-01   7.5060627e-02   5.6354703e-01   7.3085062e-01  -6.4009755e-01   1.0224642e+00   6.1328393e-02   1.4999498e+00
   2.0000000e+00  -8.2154810e-01   4.7841118e-01  -9.1813053e-01   1.7948334e+00   3.5426643e-01  -3.2423504e-01  -1.2581248e+00  -1.1253514e+00
   2.0000000e+00   1.1548049e+00  -6.3073778e-01   1.2412736e+00  -4.2352165e-01   1.0858989e+00  -1.0842452e+00  -5.7718182e-01   3.2691265e-01
   2.0000000e+00  -8.0388891e-01  -6.2600386e-01   3.0232191e-01  -6.6574595e-01   2.4085299e-01   3.4046400e-01  -1.1201982e+00   9.7223582e-01
   2.0000000e+00  -1.9682033e+00  -1.8849706e+00  -3.2907409e-01  -6.2755634e-01   6.3767934e-01  -5.3550790e-01   1.0481918e-01  -7.1981675e-01
   2.0000000e+00  -1.0022391e+00   2.3778401e-01  -1.4022449e+00   3.1141262e-01  -1.1025991e+00   3.1811011e-01  -1.4921643e+00  -2.8234535e-01
   1.0000000e+00   3.4576264e-01  -5.8713305e-01  -7.6232399e-01  -7.0042061e-02  -8.9404218e-01   7.1027965e-01   3.0660586e+00  -3.6880115e-01
   2.0000000e+00  -1.3842891e+00  -6.8204650e-01  -1.0599059e+00  -3.4100006e-01  -5.4191680e-01   1.4981395e+00   1.1314156e+00  -1.1121098e+00
   2.0000000e+00   1.7286370e+00   1.2975137e+00   2.0351240e-01   1.5890450e+00  -9.8262637e-01   1.5557186e+00  -1.3835957e-01   1.0340604e+00
   2.0000000e+00  -1.9394056e-02  -5.4970266e-01  -1.5599397e+00  -6.0182237e-01  -1.0590325e+00   2.0200523e-01   4.9376396e-01   7.0111027e-01
   2.0000000e+00  -1.4053913e-01   6.8493139e-02   2.8020164e-01  -2.4035749e-01   1.2098300e+00  -1.2204517e-01  -6.5739866e-02  -2.0307390e+00
   2.0000000e+00   8.9069462e-01  -7.1694995e-01  -6.6805299e-01   3.6121954e-01  -7.6554438e-01  -1.6963356e-01   9.6851345e-01  -9.9127986e-01
   1.0000000e+00   6.9774870e-01  -9.2898747e-01  -5.9576056e-01   7.2965355e-01  -7.9142711e-01   1.1695149e+00  -2.6341981e-01   1.3085001e+00
   2.0000000e+00  -2.0801253e-01   8.2861858e-01   4.7645928e-01   4.7416435e-01  -1.6263141e-01   1.3160101e+00   1.9563139e-01   1.1719030e-02
   1.0000000e+00   3.6120670e-01  -1.1036288e+00  -8.9856687e-01  -2.2236191e+00   1.7701326e+00   9.3288242e-01   2.3421944e-01   2.1229477e+00
   2.0000000e+00   1.1054752e+00  -1.5991300e-01   1.0877284e+00  -5.2147702e-01  -8.9053588e-01   7.3882185e-01   6.1972296e-01   1.0316878e+00
   2.0000000e+00  -4.0789840e-01   1.3390310e+00   9.8136198e-01   2.1735486e-02  -1.0921525e-01  -5.7120454e-01  -1.3842010e-01  -9.4232116e-01
   2.0000000e+00   1.5302822e-01   5.3348188e-01  -1.8559636e+00   1.5361668e-01  -4.4601798e-01   7.2191108e-01  -1.1755054e-01   2.6040150e+00
   2.0000000e+00  -2.0270111e+00  -3.5973701e-02  -2.2811767e+00   3.0026449e-01  -1.1824209e+00   5.3506495e-01  -7.9819109e-02  -1.4800335e+00
   2.0000000e+00  -4.9722657e-01  -9.2146145e-01  -9.5961673e-01  -2.3659523e-01   3.9312949e-01  -7.1086334e-01  -1.2031048e+00  -5.3863307e-01
   2.0000000e+00  -6.8959313e-01  -5.9998766e-01  -8.6189777e-01  -6.1681965e-01   1.6886398e+00   2.3194877e-01  -5.1623652e-01   8.3818313e-02
   2.0000000e+00  -9.8650889e-01  -1.1210721e+00   3.6785287e-02  -5.2879849e-01   2.8062638e-01  -8.8341151e-01  -2.1708236e+00   1.4542882e+00
   2.0000000e+00   2.9091847e+00   1.3204918e+00   1.3163917e+00  -1.5300860e+00   6.1399918e-01  -9.4405166e-01   5.6704644e-01   1.4240325e+00
   2.0000000e+00  -3.0368020e+00  -2.1111149e-03   4.5742540e-01   2.2545021e-01  -8.7877822e-01   3.6928466e-01  -3.8504590e-01   7.1719520e-01
   2.0000000e+00   1.9945619e+00  -1.7163927e+00   1.1251744e+00  -7.1943730e-01   1.6889040e-01   5.0406348e-01   4.2851241e-01   6.6936724e-01
   2.0000000e+00   1.4782071e+00   7.0389111e-01   2.1572651e+00   2.6120675e-02  -2.2804965e-01  -2.9045515e-01   1.5147005e-01   5.3298792e-01
   2.0000000e+00  -8.8883551e-01  -2.4634777e-01  -4.6610684e-02   3.1069720e-01  -2.0995565e-01   2.2424767e+00   3.7579170e-01   3.6722785e-01
   1.0000000e+00   4.7743322e-01  -5.6487293e-01   5.8672759e-01   1.2624344e-01  -4.9276056e-01   3.0771039e-01  -8.8607612e-01  -3.9244253e-01
   2.0000000e+00  -1.3013320e+00  -8.9475785e-01  -1.1588535e+00   6.6113100e-01   1.2431798e+00   5.4441523e-01   6.6724166e-01  -6.3055212e-01
   2.0000000e+00  -1.0048823e+00  -2.2181251e-01  -1.5324843e+00   1.5087071e+00   1.3685973e-01  -8.0691693e-01  -6.1037966e-02   8.0259869e-01
   2.0000000e+00  -3.6884307e-01   5.6508100e-01  -1.3592008e-01   2.1057591e+00  -3.5924850e-01  -5.5086506e-01  -1.5738457e-01   1.3944416e+00
   2.0000000e+00  -4.7702464e-01   2.3529299e+00   2.6982899e-01   4.2319869e-01  -1.1687144e+00   2.2642441e-01   2.9403477e-01  -8.1426608e-02
   1.0000000e+00   6.4379312e-01  -2.0670063e+00   8.3294499e-02   1.8955603e+00  -4.6398270e-01  -4.7640657e-01  -7.0673498e-01   8.9118919e-01
   2.0000000e+00   7.5014218e-01  -5.7508973e-01  -1.2491573e+00   2.4295318e+00   1.0152441e+00   8.7100306e-01   7.2330291e-01   9.8160930e-01
   2.0000000e+00  -1.8132621e+00   6.2705534e-01   7.0624619e-01   1.8999548e+00  -2.0861259e+00  -2.4647472e-01   6.7726621e-01  -3.7990555e-01
   2.0000000e+00   5.6214863e-01   8.5819544e-01  -1.5882624e+00   2.1914528e-01  -4.7035613e-01   1.6249316e+00   6.6130427e-01   6.1392827e-01
   2.0000000e+00  -5.0321233e-01   3.7836124e+00  -7.5428945e-01   4.5592867e-01   8.0933993e-01  -2.8510282e+00   1.9395954e-01  -1.0074871e+00
   2.0000000e+00  -1.1615308e+00  -6.1347435e-01   7.1108497e-01   6.1412745e-01   1.1558359e+00  -6.7068584e-01   8.6993986e-01  -6.3474132e-01
   1.0000000e+00   7.4406856e-01  -2.7231172e-01   6.2160453e-01   3.7525236e-01   1.0478907e+00  -3.6747942e-01  -5.5864830e-01  -8.0868825e-01
   2.0000000e+00   1.2691472e+00  -4.9947492e-01  -1.8927258e+00   1.3540644e+00   1.0846593e-01  -1.7590748e+00   7.2245183e-01  -1.8261839e-01
   2.0000000e+00   1.1051902e+00  -1.0120504e+00   2.1510932e+00  -2.4539005e-01   2.8523989e+00  -1.0516019e+00  -2.6252896e+00  -7.1167737e-01
   2.0000000e+00  -1.0615793e-01  -2.9520554e+00   1.4279875e+00   7.1810830e-01   7.3523400e-01  -1.1046857e+00   1.7265872e+00  -4.3570732e-01
   1.0000000e+00   2.2880665e-01  -1.1224492e+00   2.2755705e-02  -6.0513159e-02   1.1117512e+00  -3.2076734e-01  -2.2080480e+00   4.7803072e-01
   2.0000000e+00   7.1187773e-02  -2.0825064e+00  -1.2323635e+00  -1.6746740e-01   8.8535851e-01  -8.4734844e-01   1.5193521e+00   1.3718458e+00
   1.0000000e+00   2.7807046e-01  -1.4740936e+00   8.0105504e-01   1.2614931e+00   2.7375179e-01  -1.5472314e-01   1.2767041e-01  -1.3234330e-01
   2.0000000e+00  -1.2673015e-01  -3.9694934e-01   9.3382376e-01  -1.8202242e-01  -3.0621269e-01   4.9166623e-01   1.1742644e+00   1.5148401e+00
   2.0000000e+00  -1.5207411e+00   4.7986665e-01   4.2027141e-01  -4.7711363e-02  -8.4184399e-01  -4.8857232e-01  -5.6432824e-01   8.3970782e-01
   2.0000000e+00  -3.5269017e-01  -1.9535131e+00  -4.7467995e-01  -2.9866047e-01  -8.5192685e-03  -5.0820528e-01   1.0641270e+00  -5.7596021e-01
   1.0000000e+00   4.3716784e-01  -1.2949981e+00  -4.7203881e-01  -5.1759389e-01  -4.0974728e-01  -8.7453929e-01  -1.0332092e+00   7.2014104e-01
   2.0000000e+00   1.4920387e+00  -1.8761089e-01   5.1153947e-01   7.6275612e-02   1.1841285e+00  -1.1386158e+00   8.3879626e-01   1.3221086e+00
   2.0000000e+00  -4.4385562e-01  -9.9943550e-02  -6.5577472e-01   3.1528406e-01  -3.5869275e-01  -9.4857662e-02   1.6489111e+00   6.0978008e-01
   2.0000000e+00   1.8242310e+00  -1.1211026e+00  -1.7582536e-01  -1.3911272e+00   5.8170591e-01   2.7497347e-01  -4.8285686e-01  -2.3208752e-01
   2.0000000e+00  -4.3365534e-01   8.2414894e-01   1.0016800e+00   2.0868767e+00   7.4356305e-01   8.6630511e-01  -4.1344546e-01  -1.8722907e-01
   2.0000000e+00  -4.0848933e-01   5.3497232e-01  -6.0291572e-01  -7.3602590e-03   4.4059275e-01   2.4415313e+00  -1.2789013e+00  -6.5853684e-01
   2.0000000e+00   9.8576477e-01   1.6370908e+00  -9.4703125e-01   3.7104014e-01  -5.0405438e-01  -2.0467210e-01   1.1806560e+00  -5.1951082e-01
   2.0000000e+00  -2.7548891e-01   2.3481255e-02  -9.5669782e-01  -3.1526052e-01  -1.7388662e+00   8.8125780e-01  -5.5844462e-01  -1.0345460e+00
   2.0000000e+00   1.0685074e+00  -1.5642135e+00  -3.2452311e-01   1.3198835e-02   1.9215884e-01   1.7706148e-01  -1.5416152e+00   2.0330493e-01
   2.0000000e+00  -2.2719950e-01   1.7104783e-02   3.9068564e-01  -5.3320455e-01  -9.8581343e-04  -1.1393050e+00   1.4695130e+00   5.0887560e-01
   2.0000000e+00   1.1562242e+00   1.1064947e+00  -3.2033411e-02   5.8590206e-02   9.9487349e-01   2.0743708e+00  -5.2287992e-01  -1.2891379e-01
   1.0000000e+00   8.0257780e-01   1.6746462e+00   5.0041378e-01   6.5550846e-01   8.4815815e-01   2.3910905e-01   1.0734751e+00  -1.0452044e-01
   2.0000000e+00  -1.2028408e+00  -7.5778961e-01  -6.1059520e-01   7.1850918e-01  -1.8947613e-01   3.0527737e-01   4.6304413e-01  -1.1831401e+00
   2.0000000e+00  -1.8547610e+00   6.9542003e-01  -5.7957718e-01   2.4126921e-02   9.5839520e-01   1.1782140e+00  -2.1458173e+00  -1.3672884e+00
   1.0000000e+00   5.4623020e-01   7.4498793e-01   5.3374435e-02  -2.4576094e-01   1.7719798e+00  -1.2247488e+00  -1.0191341e-01  -1.0353993e+00
   2.0000000e+00  -6.4838915e-01  -2.4867645e+00   3.6962301e-02   4.1245695e-01   1.0822836e+00   6.4430693e-01  -1.4879029e-01   6.5894812e-01
   2.0000000e+00   1.4115591e+00   9.1868522e-01   1.0493257e+00  -8.1099519e-01   5.2893235e-01  -1.9357266e-01   2.6333367e-01   6.3087784e-01
   2.0000000e+00  -9.8139413e-01   1.1269725e+00   9.6189441e-01  -4.0808931e-01   8.2697861e-01  -5.2550334e-01   4.3158211e-01  -1.6058157e-01
   2.0000000e+00   9.8993118e-01  -1.5705705e+00  -8.1536670e-01   1.0365564e+00  -1.0928060e+00  -1.7002656e+00   4.1608268e-01  -1.2050919e+00
   2.0000000e+00  -1.0284046e+00  -3.8292531e-01   6.1750056e-01   7.5624243e-01  -1.0316460e+00   9.0920796e-01   1.0062863e+00  -7.3051942e-01
   1.0000000e+00   1.9348550e-01   2.2543661e-01  -8.2502605e-01   3.3938261e-01  -1.7277855e+00   6.9613044e-01   1.5378416e+00   8.6182184e-02
   1.0000000e+00   8.2679945e-01   1.0025446e+00   7.0751910e-02   1.5559212e-02   7.5256819e-01   1.6968926e+00   6.9017631e-01   2.4800651e-01
   2.0000000e+00  -1.0541647e+00  -1.8092337e-01   1.9849212e+00   1.2202564e+00  -9.2255132e-02  -2.3960649e+00  -9.6174652e-01   7.3932374e-02
   1.0000000e+00   6.1168078e-01  -6.0948792e-01   4.5981888e-01   5.3806458e-02  -6.9897447e-01  -2.5964742e-01   1.2419494e+00  -1.6613989e-01
   2.0000000e+00  -9.1050919e-01  -8.0338761e-01  -7.5958931e-01   1.2425269e+00   1.4292338e-02   8.8239458e-01   6.4023104e-02  -1.0859564e-01
   2.0000000e+00  -7.1617087e-01   7.9478810e-01   1.7641387e+00  -1.2792729e+00   9.9676116e-02   3.3576227e-02  -1.0348906e+00   7.2628044e-01
   2.0000000e+00  -5.4510979e-01  -2.0488555e+00   1.1936226e+00   3.8938434e-01  -9.1300082e-01   4.9960542e-01  -8.4639185e-01   8.4828940e-01
   2.0000000e+00  -8.8263998e-01  -8.8126226e-01  -3.0596597e-01  -5.7127390e-02  -7.4821499e-02   6.6342805e-01   3.4476691e-01   4.7598417e-02
   2.0000000e+00  -1.2855206e+00   1.4951323e+00   1.1279048e+00  -7.1893895e-01   7.5933382e-01   1.1497677e+00   9.5115952e-01  -8.0034711e-01
   2.0000000e+00  -6.7779464e-01  -9.3360304e-01   2.3933421e+00   4.6034617e-01  -1.8949289e-01  -1.2771315e+00   1.0968092e+00   2.8365358e-01
   2.0000000e+00   8.1658508e-01   7.8283643e-01  -2.0145051e+00   1.4562134e-02  -5.8798777e-01   6.0055916e-02   1.4932798e-01   2.4850494e-02
   2.0000000e+00  -6.9058860e-02  -6.7050883e-01  -7.8924628e-01   2.9217821e-01   1.2996211e+00   1.0432013e+00   3.0348818e-01  -1.7683941e+00
   2.0000000e+00   9.8556986e-01   8.3479569e-01   5.8220245e-01   4.9114062e-01   9.0080178e-01  -1.3776328e+00   5.4694190e-01  -8.5240496e-01
   2.0000000e+00  -9.6087530e-02  -4.0460581e-01   6.5645533e-01  -9.3527025e-01   6.1718959e-01   1.0051951e+00   5.1443297e-01  -3.6923659e-02
   2.0000000e+00   3.5268267e-01   3.4585736e-01   1.5374363e+00  -2.6503541e-01   4.4787058e-01   4.3870185e-01  -1.2035598e+00  -2.2168955e+00
   2.0000000e+00  -2.8209166e-01   6.1709263e-01  -5.7826430e-01  -1.0031951e-01  -1.7393952e-01   1.4939615e+00   1.0506558e+00   5.0556943e-02
   1.0000000e+00   5.7108880e-03  -1.2993234e+00  -4.5959141e-03  -1.4527086e+00   7.3269649e-01   1.1007919e+00  -1.2581017e+00  -9.5287896e-01
   1.0000000e+00   7.2722799e-01  -1.6124899e+00   6.0804873e-02   1.1444701e-02   2.8472463e-02   1.1657871e+00  -8.1749911e-01   8.0461205e-01
   2.0000000e+00  -2.6814409e+00   6.6625866e-01  -6.0233492e-02  -1.4395957e+00   2.2674795e+00  -1.5754226e+00   7.5509238e-01  -4.3363571e-01
   2.0000000e+00   1.2249587e+00  -1.1812831e+00  -5.9869196e-01  -2.0191902e+00  -1.0096198e+00  -1.3162350e+00  -1.4095714e+00   1.7954957e+00
   2.0000000e+00   1.8171405e+00  -5.4703168e-01  -1.1378717e+00  -5.0001152e-01   3.5950560e-01   8.3973528e-02  -4.9846119e-01  -3.3503725e-02
   2.0000000e+00  -3.2646935e-01  -4.8249841e-01   9.6540559e-01   8.3894050e-01   9.6055315e-01  -7.0279523e-02  -1.7355749e+00   1.3991573e+00
   2.0000000e+00   1.3774363e+00  -9.9626156e-01  -2.1328415e-01  -3.9129642e-01  -6.8707901e-01   1.8188464e+00  -2.4969104e-01  -3.1264768e-01
   2.0000000e+00   8.5708387e-01   2.8758052e-01   1.7621967e+00  -4.6314749e-02  -1.3278806e+00  -2.5281633e-01   5.7915178e-01   3.6308243e-01
   2.0000000e+00   5.9455544e-01  -1.0933343e+00   1.0567158e+00   5.9644653e-01  -5.3605807e-01  -1.4401910e+00  -3.1230877e-01  -2.8548033e-02
   2.0000000e+00   2.5712516e+00   1.0792257e+00   5.6490536e-01  -8.6757398e-01  -2.2618066e-01   5.8026626e-01   8.2966959e-01  -4.1039163e-02
   1.0000000e+00   3.1354645e-01   1.8842581e-01   7.2685929e-01   3.9762225e-02  -9.8632207e-01  -3.2837014e-01  -1.1627161e+00  -1.3656142e+00
   2.0000000e+00   4.7689717e-01   1.4822350e+00   1.3414599e+00   1.6182078e+00  -4.2618081e-01  -1.6575002e-01   7.2286358e-01   5.7385562e-01
   2.0000000e+00   4.3743131e-02  -3.1411666e-01  -1.1477667e+00  -3.6089798e-01  -1.8763561e+00   3.8530888e-01  -2.0346023e-01  -1.0534251e-01
   2.0000000e+00  -5.3210506e-01   7.4705446e-01  -6.8250028e-02   2.4112507e-02  -1.2953906e+00  -6.5679406e-01  -1.1500787e+00   1.3257385e+00
   2.0000000e+00  -1.3459542e-01  -6.9593393e-01   2.2740571e-01   4.3255529e-02  -5.3611273e-01   8.2893977e-01   6.3472663e-01   1.4266258e+00
   2.0000000e+00  -4.5226447e-01   4.4877662e-01  -5.5783309e-01  -7.7569586e-01  -8.6690644e-01  -2.5758172e-01  -8.4617320e-01   8.6423144e-01
   2.0000000e+00  -4.3149374e-01  -2.0176663e-01  -6.6055562e-02   1.5420508e+00   2.6721189e+00   6.6191307e-01   1.1953151e+00  -1.4773060e+00
   2.0000000e+00  -3.8112934e-01   1.1971103e+00   2.7580704e-01   1.2299566e+00  -2.7295814e-01  -1.3395147e+00   1.3590919e+00   1.8776089e-01
   2.0000000e+00  -2.4929506e-01  -1.6073827e+00   2.6219539e-01   1.8114879e-01  -3.0013516e-01  -2.6917355e+00  -5.8273973e-01  -5.8488505e-01
   1.0000000e+00   7.3459331e-02  -5.1063441e-01  -6.6446667e-01   1.7142080e+00   7.1312097e-01   2.1321885e-01  -1.3015281e+00   8.5516282e-01
   2.0000000e+00  -6.7224845e-01   1.5339116e+00  -2.2532528e+00  -2.0117178e+00   8.4983729e-01   1.5489518e+00   2.2363639e-01  -4.4121243e-01
   2.0000000e+00  -1.4752401e+00  -1.0275021e+00   9.2511500e-01  -2.7121375e-01   6.2094981e-01  -5.2316499e-01  -7.5928835e-02   1.9033714e+00
   2.0000000e+00  -1.0245984e+00  -1.1834783e-01  -5.7286939e-01   1.4232230e-01  -8.3105828e-01  -1.5839882e+00   3.8705922e-01  -1.8839181e-01
   2.0000000e+00  -3.4555378e-01   1.3400468e+00   7.6986088e-02   6.2780027e-02   6.0546858e-01   1.5707019e+00  -3.4364991e-01   6.9207539e-01
   2.0000000e+00  -8.9357187e-01   6.6938376e-01   1.7335207e-01   6.9695213e-01   2.6031245e-01  -1.8673684e+00  -7.2955705e-01  -6.4134983e-02
   1.0000000e+00   4.8060528e-01  -8.1917704e-01   3.9794178e-03   1.2245863e-01  -2.8400497e-01  -7.2901881e-02  -1.5503718e+00   2.3801776e-01
   2.0000000e+00   8.3266228e-01   7.7101056e-01   7.4910587e-01  -7.6661506e-01   1.8216312e+00  -1.4457646e+00  -5.8153887e-01  -1.5363749e+00
   2.0000000e+00  -9.1465053e-01  -9.1435109e-01   1.7291199e+00  -5.8271593e-01  -4.1838005e-01   9.4409478e-01   6.4854429e-01   1.3618540e+00
   2.0000000e+00  -1.5368385e+00   1.0074573e-01  -3.1655955e-01   1.7755243e+00   7.1847154e-01   1.2549324e+00  -9.0930348e-01  -8.1337761e-01
   1.0000000e+00   6.2909253e-01  -1.4231930e+00   2.4979596e-01   6.3833191e-01   1.8611545e-01   1.6046703e+00  -2.5509487e-01  -4.6015289e-01
   2.0000000e+00  -9.8667958e-01  -5.8896704e-01   8.3357571e-01  -9.5059518e-01   2.2761690e+00  -2.8164476e-01   2.0790610e-01  -4.5879010e-02
   2.0000000e+00  -1.7770180e+00  -1.1107042e+00  -3.7244176e-01   2.6679616e-01  -3.1354722e-01   2.2705121e+00  -7.0991804e-01   3.1302937e-01
   1.0000000e+00   5.8041964e-01  -8.7018487e-01  -6.1969082e-01   3.4455582e-01   6.2784850e-01  -3.2339967e-01  -1.2878655e+00  -1.4369673e+00
   2.0000000e+00  -2.5293042e-01   5.0507553e-01   2.2595512e+00   8.7370822e-01   3.2610240e-01   9.5605881e-01  -6.2076186e-01   9.5965203e-01
   2.0000000e+00   2.3762242e+00   1.1174878e+00   7.2422432e-01   1.2296375e-02  -9.5781070e-01  -2.4169261e-01   7.4209685e-01   3.5392675e-01
   2.0000000e+00  -7.8817791e-01   2.4075651e-01   3.7930759e-01  -2.1285885e+00   3.4961628e-01  -1.5604269e-01  -1.6099000e-01   9.8778359e-01
   2.0000000e+00   1.5833727e-01  -2.6696464e-01  -1.1909507e+00  -8.8006898e-01   1.5048464e+00  -4.0691590e-01  -1.9419900e+00  -1.0360664e+00
   2.0000000e+00  -9.2590725e-01   7.9004995e-01   7.6361751e-01   1.7257981e-01   1.0714836e+00  -4.5417506e-01   3.6398554e-01   8.6625798e-01
   2.0000000e+00  -4.7956953e-01   3.1795970e-01   2.1733435e-03   3.4285120e-02   1.2187370e+00  -9.3692725e-01  -2.2714388e-01   6.8744104e-01
   1.0000000e+00   5.7113095e-01   9.9179213e-01  -6.8345253e-01  -4.9799667e-01   2.0611101e-01  -1.0872697e+00   1.3112422e+00   4.7568062e-01
   2.0000000e+00   8.1137434e-01   1.3416563e-01   1.1130127e+00  -1.0672219e+00   3.3840714e-01   1.7884559e-01   2.4710939e+00   6.9266111e-01
   2.0000000e+00  -1.1797719e-01  -1.2315540e+00  -1.2415208e+00   9.0471373e-01  -1.1709064e-01   2.2467521e+00  -8.0177399e-01   6.2303811e-01
   2.0000000e+00  -3.1216586e-01  -1.0210295e+00  -1.5251675e+00   8.7493782e-02   1.3868513e+00   2.4783714e-01   1.0077319e+00  -5.7348506e-01
   2.0000000e+00   1.5987933e+00  -1.3870462e-01  -6.8001766e-01  -1.7439206e-01  -7.3776097e-01  -1.3545201e-01   1.2252782e+00  -3.9708558e-01
   2.0000000e+00  -7.8365964e-01  -7.4011650e-01  -5.2992462e-01   2.0895874e-01  -1.2571664e+00   3.2168298e-01  -1.9463092e-01  -1.6311484e+00
   2.0000000e+00   1.8923581e+00  -2.4801163e-01  -1.0822956e+00  -1.8473284e-01   2.1077329e+00  -1.2346454e+00  -1.5805103e+00  -5.3480157e-01
   2.0000000e+00  -7.2543006e-01   9.4193884e-01   3.4703979e-01   1.7788116e-01   8.1021202e-01   5.9652415e-01  -3.4941981e-01  -4.5202421e-01
   2.0000000e+00   1.2940667e+00  -1.1229800e+00   1.5774759e+00  -7.8287718e-01  -1.6166719e-01   1.8987894e+00   2.5537883e-01   3.4200431e-01
   1.0000000e+00   8.7808377e-01   4.9841857e-01  -3.8008436e-01  -4.1952815e-01  -5.3677539e-01  -1.7462446e+00   1.1553001e+00  -1.8948815e-01
   2.0000000e+00  -1.8936073e+00  -6.3888507e-01  -1.9318018e-01  -8.0006341e-01  -1.1822902e+00   5.2300056e-01   1.2508018e+00  -4.3290396e-01
   2.0000000e+00  -5.4183647e-01  -4.6695270e-02   4.4719841e-01   6.1816880e-01  -2.1139337e+00  -1.2311818e+00  -1.5615411e-01   1.8467403e+00
   2.0000000e+00  -2.0445397e-01   9.6628931e-01   9.2892370e-01   1.1719780e+00  -7.3560948e-01  -3.0848965e-01   1.3322858e+00  -3.2300639e-01
   1.0000000e+00   5.6843952e-02  -9.9193983e-02   2.4638422e-01   3.7553390e-01   8.1052871e-01   1.9072702e+00  -2.3991756e-01  -1.4896874e-01
   2.0000000e+00   8.9638375e-01   1.0569800e-01  -1.2491153e+00   1.7700270e+00  -5.9504361e-01   2.4698796e-01  -9.1841065e-01  -1.8204266e-01
   1.0000000e+00   3.5600118e-01  -1.2744206e+00  -8.1546167e-01  -1.4526893e+00  -1.7060956e+00   2.0987950e-01  -7.6005437e-01  -9.2006194e-01
   2.0000000e+00  -2.4984689e-01   1.9925220e-01  -1.2200971e+00  -4.5482291e-01  -1.0435612e+00  -3.8271399e-01   1.9447484e+00   3.1398784e-01
   2.0000000e+00   9.9285559e-01  -1.0402697e+00  -9.1476924e-01  -1.2514125e+00  -4.5239368e-01   5.0161341e-01  -9.5759326e-01   1.4505159e+00
   2.0000000e+00   5.8378196e-01  -3.3818644e-01  -1.9517576e+00  -1.1603747e+00  -1.2179574e+00  -3.2606596e-01   2.2422179e+00   1.0450097e+00
   2.0000000e+00   6.6164932e-01   5.3443096e-02   1.2176791e+00   6.8658084e-01   6.4668719e-02  -3.4567262e-01   1.0441773e+00  -3.4893440e-01
   1.0000000e+00   3.6576442e-01   5.1978298e-01   1.0538633e-01  -8.1307357e-01  -6.0814147e-01   1.3990999e+00   1.0002776e+00  -1.1730912e-01
   2.0000000e+00  -1.3784049e+00  -1.0479960e+00   5.3720007e-01  -5.3753372e-01   3.0747882e-01  -1.3562100e+00  -2.0352494e+00   1.6704487e+00
   2.0000000e+00   8.4437965e-01  -8.7155441e-01  -6.5265098e-01   4.9399520e-01   5.7881618e-01   6.5122811e-01  -1.4355484e-01  -2.9992552e-03
   1.0000000e+00   4.7553217e-01  -1.2969632e+00   6.8706242e-01  -2.0303057e+00  -1.3527167e+00   1.3366358e-01   6.2869558e-01   8.0097804e-01
   2.0000000e+00  -7.1906519e-01   3.1946567e-01   3.2114779e-02   1.1633505e+00   3.1977629e-01  -1.1026903e+00   3.9707660e-01   3.7835060e-01
   2.0000000e+00   1.3678420e+00   3.3910764e-01  -1.5100234e+00  -3.3346885e-01   3.4765072e-02  -1.7468135e+00  -8.1910581e-01  -3.7190683e-01
   2.0000000e+00  -4.5807633e-01  -1.4498595e+00   9.0466171e-01   4.0615893e-01  -1.1115504e-01  -7.6586204e-01  -2.2982535e-02  -4.1183657e-01
   2.0000000e+00   9.8733934e-01  -7.9978213e-01   1.9319250e-01   1.1051308e+00   6.2887125e-01   3.0526848e-01   9.4704379e-02  -1.3200200e+00
   2.0000000e+00  -1.2045463e+00  -1.7985835e+00   2.4978038e+00   7.1234818e-01  -2.2637943e+00   1.4272784e+00   1.1028817e+00  -7.0412990e-01
   2.0000000e+00   1.0793785e+00   4.7017354e-01   9.8001852e-01  -7.9032155e-01   3.5307450e-01   4.4809775e-02  -6.1245681e-01   6.5273737e-01
   2.0000000e+00  -1.2835565e+00  -2.0571988e-01   7.7525838e-01   7.4226419e-01   6.2996799e-01  -9.5985353e-01  -4.1894498e-01  -1.7865470e-01
   2.0000000e+00  -7.5852433e-01  -7.1220434e-02   9.5269106e-01   5.0042885e-02   6.5499528e-01  -3.6594068e-01   6.2041370e-02  -1.0001196e+00
   2.0000000e+00  -4.7461728e-01  -3.2876564e-01  -7.3642304e-01  -5.3218649e-01  -1.2309616e-01   1.8658557e+00  -2.0071895e+00   7.4646038e-02
   2.0000000e+00  -3.7790481e-01  -1.8733422e+00   6.0264560e-01  -5.5068372e-01  -1.6187113e+00   1.2938698e+00  -1.9354128e+00   2.4853198e-01
   2.0000000e+00   1.2094207e+00  -8.1751713e-02  -1.6449527e+00  -9.0792829e-01  -4.2992418e-02  -9.0015573e-01  -1.4355665e+00   4.5874654e-02
   1.0000000e+00   2.0833359e-01   1.4929377e+00   2.3087716e-01   1.4115476e+00   1.1206557e+00  -2.7025141e-01   4.3889662e-01   2.3997185e-01
   2.0000000e+00   5.9530750e-01   1.9605817e+00  -1.6160782e+00   6.8928554e-01  -2.9312492e-01  -5.8038230e-02  -1.3947474e+00  -1.3508095e+00
   2.0000000e+00  -9.8124319e-01  -4.0351693e-01  -1.5503679e+00  -1.4373518e+00  -2.0312556e-01  -2.0232323e+00   7.0689382e-03   2.0561298e-01
   2.0000000e+00  -1.6482156e+00  -8.9237036e-01   2.1187703e-01  -1.0110480e-02   2.9688577e-01  -2.3136414e-01   3.8073965e-01   9.4849156e-02
   2.0000000e+00  -1.3519651e-01   8.4780907e-01   2.7322131e-01  -9.4584438e-01   3.0914725e-01  -9.2238043e-01   2.4719662e-01  -8.4573466e-01
   1.0000000e+00   1.6627693e-02   1.2157218e+00   2.9741637e-01   8.5580158e-01   9.6955647e-01   2.1428021e-01   1.4704336e+00  -5.1950226e-01
   2.0000000e+00  -1.3857141e+00   9.0217315e-01   1.1482331e+00   1.2811111e+00  -1.7361021e+00   4.8255186e-01  -5.0698712e-01   7.2358891e-01
   2.0000000e+00  -1.5041227e+00  -5.8978477e-01  -3.3119666e-01  -2.3941335e-01   1.1189636e+00  -4.8794767e-01   7.4025202e-01  -1.6887255e+00
   2.0000000e+00  -3.2881039e-01   1.6090427e+00  -1.3070084e+00   1.8693053e+00  -8.6616938e-02  -1.3952949e+00   3.1071395e-01   1.5830188e+00
   2.0000000e+00  -6.1871369e-01  -1.9574861e-01   1.0147052e+00  -1.2292542e+00   1.2983800e+00  -1.2442245e+00  -7.6629119e-01   2.8076606e-01
   2.0000000e+00  -9.3511972e-01  -3.1085685e+00  -1.8835138e+00  -1.5443054e-02   1.6505606e+00  -1.6229734e-01   1.0660485e-01   4.8938545e-01
   2.0000000e+00  -1.1376168e+00   7.6587393e-01  -2.8422163e-01   6.4523493e-01  -5.1882135e-01  -1.4897724e+00  -3.8911920e-02   1.1485296e-02
   2.0000000e+00   4.9444699e-01  -2.9165144e-01  -9.1353693e-01   2.8768969e+00   9.4370524e-01  -5.8837265e-01  -2.5817813e+00   1.3365340e+00
   2.0000000e+00  -1.5677670e+00  -4.7829492e-01   1.0924393e+00  -1.1821834e+00   5.2759443e-01  -6.8798574e-01  -9.2419689e-01  -2.3810107e-01
   2.0000000e+00  -3.6247103e-01  -2.4599432e+00   1.1589237e+00   9.9814783e-01   3.9759819e-01  -3.9937343e-01   1.3390796e+00  -7.7451437e-01
   2.0000000e+00  -4.5801142e-01   1.3097349e+00   4.3689372e-01  -7.1315557e-01   3.3635042e-01   4.3121046e-01   2.8927008e-01  -6.9075580e-01
   2.0000000e+00   1.2110881e+00   1.1644234e+00   5.5524697e-01  -1.1982982e+00   1.7790317e+00   1.9909980e+00   1.3847570e+00   6.2870893e-01
   2.0000000e+00   2.0122653e-04  -4.9598388e-01  -1.8072360e+00  -2.0493495e-02  -6.4226771e-01   6.0326920e-01   1.2833980e+00   5.9931781e-01
   2.0000000e+00   1.5270602e+00   2.0568449e+00   1.6605620e+00  -2.4700829e-01   6.6326901e-01  -1.1521566e+00  -7.9719258e-02   1.8603507e+00
   2.0000000e+00   1.6499583e+00  -7.7970829e-03  -1.8732357e-01  -9.5836693e-01   1.1218280e+00   3.3402086e-01  -1.6888173e+00   5.6958077e-01
   2.0000000e+00  -6.3909262e-01  -4.5159203e-01   3.6119045e-01  -1.0141323e+00  -1.8388763e+00  -1.2052603e+00   1.6661302e+00   3.6049519e-01
   2.0000000e+00  -7.5418294e-01  -1.9432999e+00  -2.5945320e-01   2.9314979e+00   2.5256240e-01   9.0962815e-01  -1.8572857e+00   5.5897927e-01
   2.0000000e+00  -2.6431105e+00  -7.8647923e-01   1.2702668e+00   7.6102691e-01  -6.2055364e-01  -7.6631435e-01  -1.2970835e+00   9.9384218e-01
   1.0000000e+00   2.9034037e-01   1.9225736e+00  -8.5652837e-01   1.3272231e-01   2.9803800e-02  -2.8089930e-01  -3.9627498e-01  -6.9472004e-02
   1.0000000e+00   4.7024391e-01   1.3329764e+00   5.1228363e-01  -4.4808081e-01  -1.2666221e+00   4.1719266e-01  -6.9880793e-01  -1.2937535e-01
   2.0000000e+00   7.1449887e-01  -7.0841428e-01  -1.5342445e+00  -5.9811167e-01   1.2769667e+00   5.4285163e-01  -2.4123675e+00   4.8613086e-01
   2.0000000e+00   1.5395484e+00   7.6415535e-01  -9.0745236e-01  -4.1113873e-01   6.8015227e-02   1.4804038e+00   1.9184113e-01   4.9981622e-01
   2.0000000e+00   6.7991727e-01  -1.6048608e+00   2.3402703e+00  -6.1848722e-02   4.9802529e-01  -1.4932234e+00   1.4048842e+00  -1.5594179e+00
   2.0000000e+00   7.9907627e-02   2.2363345e-01  -1.0588439e+00   3.0159488e-01   8.8558172e-01  -2.4999337e-01   1.1440522e+00  -9.2586126e-01
   2.0000000e+00  -2.3854293e-01   1.0170907e+00   2.0473678e+00  -1.5776726e+00  -1.0154942e+00   1.2398405e+00   1.6630594e-01  -1.1106507e+00
   1.0000000e+00   1.1864928e-01  -9.2247566e-01   6.8903322e-01  -1.2133601e-01  -1.2703315e-01   1.4374627e+00   1.6009212e+00  -6.1422800e-01
   1.0000000e+00   5.5892711e-01   1.8514136e-01   1.5283354e-01  -7.0532617e-01  -1.0452494e+00   6.1026159e-01  -1.1819346e-01  -6.0630924e-01
   1.0000000e+00   1.8302704e-01   7.1624025e-03   1.4254840e-01   1.4428070e+00  -2.2558060e-01   6.9447958e-01   1.4356430e-01   8.4478857e-01
   2.0000000e+00  -1.4186656e-01   1.1299332e+00  -2.5232405e-01  -2.0952475e+00   1.9511167e+00   9.5876825e-01  -5.9652943e-01  -1.4449053e+00
   1.0000000e+00   1.4405836e-01  -9.5831654e-01  -9.2727830e-01  -7.2813731e-01   9.8672652e-01  -2.9628886e-01   1.6499539e+00   4.8436103e-01
   2.0000000e+00  -3.2173451e-01  -8.8020305e-01  -1.1778637e+00   1.4393360e+00   2.9132834e-01   6.2626427e-01  -1.2284030e+00  -5.3329862e-01
   2.0000000e+00  -1.4112841e+00   1.2924905e+00  -7.6607961e-01   1.3480465e+00  -7.3136805e-01   8.1598585e-01   2.0154422e-01  -1.3676526e+00
   1.0000000e+00   6.5329280e-01   9.4221927e-02   1.4914856e-01   7.0192524e-01  -1.3912202e+00  -1.1479477e+00  -1.7613719e+00   7.9788073e-01
   1.0000000e+00   7.2028361e-01  -1.4372545e+00  -3.9405911e-01   1.0731213e+00   4.4948523e-01   8.1333663e-01   1.9985936e+00   1.4230650e+00
   2.0000000e+00   7.4777914e-01  -2.3708504e+00   7.0146634e-01   8.2592274e-01   1.3773206e+00  -6.2374166e-01   8.9829967e-01  -1.1706025e+00
   2.0000000e+00   6.8663647e-01   1.3911172e-01  -1.8902516e+00   2.7485502e+00   1.4999008e-01   6.5844246e-01   8.0507966e-01  -1.3601889e+00
   2.0000000e+00  -8.0543541e-01   3.6631101e-01   1.3952731e+00  -1.8058102e+00  -6.4113831e-01  -6.1423964e-01  -3.7726987e-01   2.5145123e+00
   2.0000000e+00  -6.3984475e-01   2.1361981e-01   6.5583563e-01   8.3507231e-01   1.4697473e-01  -3.2524038e-01   4.1289297e-01  -7.9186675e-01
   2.0000000e+00   2.7902699e-01   1.3732068e+00   1.1771160e+00   5.4031566e-01   3.1157854e+00   2.7689533e-01  -5.5518420e-01   5.1548052e-01
   1.0000000e+00   8.5946037e-01   7.8844655e-01   3.7595118e-01   1.0232001e+00   8.0871438e-01  -6.3411245e-01  -6.2123289e-01   3.0018394e-01
   1.0000000e+00   5.8537044e-01   1.4105620e-01  -4.2891693e-01   1.3367397e+00  -1.0338741e+00   6.7100926e-01  -5.2831810e-01   7.6472765e-01
   1.0000000e+00   3.2972091e-01  -1.2647436e+00  -3.1557462e-01   1.5529628e-01   1.2390962e+00  -5.4543924e-02  -8.0465021e-01   8.9442352e-01
   2.0000000e+00   1.0435303e+00   6.6210818e-01   5.9659485e-01   2.2442075e-02   1.4414556e-01   1.4779786e+00  -1.2262343e-01   1.3732015e+00
   2.0000000e+00  -1.0829405e+00  -7.3095910e-01  -1.6018648e+00  -8.7496657e-01   1.2160682e+00   4.6022972e-01  -8.1773962e-01   7.2064203e-02
   2.0000000e+00  -8.7804566e-01  -6.2448349e-02  -1.3310958e+00  -4.6988683e-01   1.0602648e+00  -1.9382092e-02  -1.1238386e+00   4.5107205e-01
   2.0000000e+00   1.0318085e+00   1.3428094e+00   7.2233454e-01   1.0907937e+00  -4.6989563e-01   5.4939574e-01  -2.4769080e+00  -3.4156330e-01
   2.0000000e+00   1.3597374e+00  -3.8829213e-01  -1.7301392e+00  -2.8799436e-01  -4.0880113e-01   5.7433334e-01  -2.9840864e-02   4.6768043e-01
   2.0000000e+00  -9.1939400e-02   1.1750391e+00   5.5210684e-01   1.1815359e+00   3.5320326e-01  -2.2863867e-01   3.8156161e-01  -1.0484934e+00
   2.0000000e+00   9.6712884e-01   5.8039679e-01   1.8242503e+00  -1.7550171e-01  -3.9529599e-01  -6.0402418e-01   1.5472266e-01  -1.5661338e+00
   2.0000000e+00   8.4039723e-01  -1.4831010e+00  -1.0983899e+00   4.9142625e-01   4.0131841e-02   9.3378617e-01  -9.2819303e-01   4.4898288e-01
   2.0000000e+00   6.4943611e-01  -1.0659387e-01   1.2494722e+00   1.4301966e+00  -7.4222015e-01   5.4809520e-01   1.6409906e+00   1.1074463e+00
   1.0000000e+00   6.2980222e-01   2.0744684e+00   7.5908762e-01   6.9385603e-01   5.1111013e-02   5.3729002e-01   1.0577619e-01   6.1796845e-01
   2.0000000e+00  -1.2466781e-01   1.2535278e+00  -6.1306502e-01   1.6209356e+00   5.9438359e-01  -7.4901071e-01   2.9663488e-01   2.1824536e+00
   2.0000000e+00  -9.2440441e-01   1.1651616e+00  -2.0004378e-01  -1.9185667e+00   7.5756209e-02   8.7855095e-01   6.8955824e-01  -1.2065333e+00
   1.0000000e+00   9.3299913e-01   1.6842715e+00  -1.7072960e-01  -5.6201356e-01   1.3762880e+00  -1.4015731e+00  -4.9352656e-01  -8.3584567e-01
   2.0000000e+00   6.0348978e-02   1.6987995e+00   2.7106237e+00  -1.8381389e+00   5.0567942e-01  -3.7836287e-01  -1.6584379e+00  -1.1495574e+00
   2.0000000e+00   3.6502484e-01   2.0303131e+00  -1.1558595e+00  -3.5998115e-01   1.2742412e-01  -6.0471058e-01   2.3337720e+00   9.3409016e-01
   1.0000000e+00   5.8515141e-01  -2.2256292e-01  -6.1092588e-01  -7.3844460e-01   2.6201585e-01   8.1970391e-01   7.8704765e-01   4.6414595e-01
   2.0000000e+00   1.6805584e+00  -2.4778896e-01   8.1579256e-01  -7.9485436e-01   5.7149910e-01   2.7610101e-01  -2.3914310e-01  -1.5385027e+00
   2.0000000e+00   1.1174510e+00   7.1286694e-02  -1.4447452e+00  -1.6281526e+00  -2.1055156e+00   9.9592800e-01   3.1042765e-01   3.4107419e-01
   2.0000000e+00  -2.6930513e+00   1.8096026e+00   1.2736418e+00   6.5523840e-01  -1.7283508e-01  -6.2965685e-01   7.8614627e-01   6.5489383e-01
   2.0000000e+00  -8.9036864e-01   1.0165233e+00   1.1030358e+00   4.3191930e-01  -7.4574508e-01   5.7972807e-01  -1.0914368e+00   7.8537779e-01
   1.0000000e+00   2.9403148e-01  -6.0696422e-01  -1.2344367e-01   6.5532831e-01  -1.9616329e+00   1.3253736e+00  -1.3884664e+00  -9.8392375e-01
   1.0000000e+00   7.0430468e-01  -6.0505464e-01  -3.7091336e-01   2.2887992e-01   8.5911199e-01  -2.7034706e-01   4.9358020e-01   1.8216499e-01
   2.0000000e+00  -3.8188322e-01  -1.8839930e+00   7.5797865e-01  -1.0351024e+00   3.3971410e-01   8.8238572e-01   4.6235892e-01   9.0937274e-01
   2.0000000e+00  -2.8168825e+00  -7.6269874e-01   2.7731342e-02  -1.4054308e-01   1.0968984e+00   2.4139358e-01   1.8690306e-01   4.8947099e-01
   2.0000000e+00   2.2635285e-02   1.9008793e-01  -1.2099228e+00   8.5377455e-01  -2.9877974e+00   1.2552063e+00  -9.3210744e-01   5.9187319e-01
   2.0000000e+00  -1.0002854e+00  -3.1861804e-01   4.0295150e-01   2.2534964e+00   2.7900022e+00   1.8125341e-01   8.5623813e-01   1.2206724e+00
   2.0000000e+00  -8.8738381e-01   5.0478874e-01  -6.7443496e-01  -5.1630593e-02   9.5257127e-01  -1.0197203e+00   2.2480067e+00  -1.0135196e+00
   2.0000000e+00  -8.7651329e-01   6.0866664e-01   5.7398596e-01  -1.9027344e-01  -1.8239204e+00  -5.8288728e-01  -5.1274381e-01   2.0667854e-01
   2.0000000e+00  -6.7852630e-01  -1.5233581e+00   2.4070160e-01  -1.6193968e+00  -3.1078979e-01  -5.1518947e-01  -1.3955221e+00   4.9981157e-01
   1.0000000e+00   1.9952589e-01  -6.3681315e-03  -3.5778548e-01   6.8630606e-01  -4.0447998e-01   5.1470826e-01  -3.8782398e-01  -2.1533461e-02
   2.0000000e+00  -1.1137146e+00  -1.9929301e-01   5.2874383e-02   3.2636084e-01   2.6211645e-02   7.2678532e-01   1.6578273e-01   1.8199435e+00
   2.0000000e+00   1.5867752e-01  -1.5610084e+00   1.7395463e+00   1.2098074e+00   7.2770627e-01   9.6164276e-01   1.3947924e+00  -1.7156894e+00
   2.0000000e+00   4.8848252e-01   8.2823902e-01   2.6322679e+00   7.1170486e-01  -4.3427213e-01   4.4351345e-02   2.5345598e-01  -3.4996254e-01
   2.0000000e+00  -5.5703276e-01  -6.3254238e-02   7.9408457e-01  -8.4831200e-01   1.6626640e+00  -9.6856789e-01  -1.2173135e+00   2.3561350e-01
   2.0000000e+00  -2.3783286e-01  -7.6024111e-01   6.5385437e-01   1.8410495e+00   4.3816460e-01  -5.5452389e-01   9.6089520e-01  -1.2302897e+00
   1.0000000e+00   8.0773714e-02  -6.1478065e-01   4.2490195e-01   1.5677078e+00  -8.5716736e-01  -6.5914361e-01   1.9772372e-01  -1.1096165e+00
   2.0000000e+00  -1.6544080e+00   5.8020342e-01  -1.1199058e+00   1.0033818e+00  -6.7182831e-02  -2.3088889e-01  -2.3485544e-01   4.5050189e-01
   2.0000000e+00  -1.2998045e+00   9.5665235e-01  -9.3208387e-01  -6.6674051e-01  -5.1036327e-01   3.0623845e+00   6.9353299e-01  -3.2059149e-01
   2.0000000e+00  -4.5385615e-01  -4.2208999e-01  -1.0912181e-01  -7.0209079e-01   8.8448329e-01   1.0633086e-01  -2.1215306e+00  -1.4909857e-01
   2.0000000e+00  -1.7509726e+00  -6.3726729e-01  -1.5550994e+00  -9.0759296e-01   4.0543464e-01   3.4859046e-01  -5.4404010e-01  -9.9628476e-01
   2.0000000e+00  -1.5090447e+00  -1.7904835e-01  -1.1106435e+00  -1.1247316e+00   2.1672898e+00  -5.4755036e-01  -4.6309503e-01   2.1762563e-01
   2.0000000e+00   1.3003219e+00   2.4019974e-01  -2.5444381e-01  -1.8166112e-01   1.7029440e-01  -5.7343626e-01   1.7899946e-02   2.3383852e-01
   1.0000000e+00   2.6136950e-01   2.8973543e-01   4.1177452e-01  -1.2779518e+00  -3.8273536e-01  -4.6369024e-02  -4.9674599e-01  -4.9481459e-01
   2.0000000e+00  -5.4396372e-01   1.0508541e+00  -1.0716248e+00   5.8721147e-01  -2.6781869e+00  -1.5893853e+00   7.3544227e-01  -7.0842669e-01
   1.0000000e+00   1.0153106e-02  -5.7980200e-01   3.1231316e-01  -1.6127198e+00  -7.4537274e-01  -1.7853695e-01  -1.1929886e+00   5.7593749e-01
   2.0000000e+00   4.7938953e-01   9.7746011e-01  -1.5437835e+00  -7.9454308e-01  -2.7218443e-01   1.8137548e+00  -8.0858810e-01   1.1430886e+00
   2.0000000e+00  -4.1011661e-01  -1.1702709e+00   9.4802189e-01  -4.2995583e-01   5.4358506e-01   1.7273232e-01  -2.6714417e-01  -6.0894524e-01
   2.0000000e+00  -1.8186512e+00  -1.0805105e+00   6.6404717e-01  -1.1800303e+00  -8.8998351e-01  -3.1759489e-01   1.9853205e-01  -3.7542354e-01
   2.0000000e+00  -1.9648447e-01   2.3823128e-01  -1.4735803e+00  -9.4103516e-01   5.4937135e-01  -7.4195334e-01  -2.4184128e-01  -4.7041824e-01
   2.0000000e+00  -2.8258412e-01  -5.7295783e-01   1.1855548e+00  -2.6459725e-02  -2.7326275e-01  -1.1311618e+00   1.5070578e+00  -9.3715904e-01
   2.0000000e+00  -2.6643786e-01   8.9700683e-01   5.5197237e-01  -9.7000739e-01   1.0183189e+00   3.6346517e-01   1.0699032e+00   1.0891846e+00
   2.0000000e+00   2.2358582e+00   4.8778210e-01   1.4313555e+00   3.5325706e-01  -4.1886724e-01   1.8073607e-02   1.0348105e+00   2.3749860e-01
   2.0000000e+00   1.3902495e+00  -2.1893498e-01  -1.6859132e+00   7.3371631e-01   4.4452083e-01   7.7898025e-01   6.3906902e-01   9.0053613e-02
   2.0000000e+00   1.2640593e+00  -6.9624995e-01   3.3744914e-01   1.0296552e+00   1.1894660e-01   3.2381549e-01  -2.6697123e-02  -6.5173505e-01
   2.0000000e+00   7.7890979e-03  -1.2764373e+00   2.7747453e-02   1.0494150e+00  -3.1774939e-01   2.4441361e+00   2.1455898e+00   2.0962659e+00
   2.0000000e+00  -2.5384131e-01  -3.2598568e-01   6.1953986e-01  -3.0531015e-01   3.8722408e-01  -2.2539977e-01  -6.9987197e-01   1.9299283e-01
   2.0000000e+00   1.2699713e+00   1.3636396e+00   1.2727321e+00  -6.1693330e-01   1.3640985e+00   5.4522396e-01   1.9342657e+00  -6.6122839e-01
   2.0000000e+00  -9.1688337e-01   1.4460287e+00  -1.7339485e+00  -1.2298929e+00   8.2355346e-01   1.0114364e+00   3.6812080e-01  -2.5441325e+00
   2.0000000e+00  -7.0470005e-01  -7.8692949e-01  -8.6069624e-01  -6.7184976e-02  -3.3956599e-01   7.3759449e-01   1.5799526e-01   5.9333935e-01
   2.0000000e+00  -1.5902127e-01   2.3814408e+00  -8.2579253e-01   7.5296370e-01  -3.6623843e-02   8.9131298e-02   1.3861484e+00   6.6705812e-01
   2.0000000e+00   4.8348543e-01   6.1322416e-01   1.7743059e+00   9.8386073e-01   3.0562288e+00  -4.1870530e-01   6.9926466e-02   3.1794923e-01
   2.0000000e+00   2.0314925e+00   3.7289446e-01  -7.2828698e-01   1.9763059e-01   4.1499746e-01  -2.5407341e-01   3.9189329e-01   1.3590782e+00
   2.0000000e+00  -1.2732300e+00  -1.5048683e+00  -1.1208395e+00   4.3718566e-01  -8.3667178e-01   2.2318147e+00  -4.4384296e-01  -8.1723207e-01
   2.0000000e+00  -4.6540414e-01   1.4697270e+00   1.5850015e-01   4.4410872e-02   5.6383636e-01   1.1120128e+00   1.6511191e-01   6.2216411e-01
   1.0000000e+00   5.8802200e-01  -1.7641152e+00   6.3513773e-02  -3.2253956e-01  -6.8996909e-01  -4.5332045e-01  -2.8450332e-01  -3.2763620e-01
   2.0000000e+00   1.2570869e+00   1.4379191e+00   1.2042547e+00   5.9394499e-01   1.2933941e+00   9.6949293e-01   1.3518627e+00  -3.5989182e-01
   2.0000000e+00   5.4036421e-01   1.0064431e+00   9.9404889e-01   5.3463858e-01   5.2192951e-01  -1.2858180e+00  -1.0828487e+00   7.4583691e-01
   2.0000000e+00   4.1410554e-01   6.5245446e-01   9.3268684e-01  -2.6990406e-02  -1.2090968e-01   3.9534860e-01  -4.1770238e-01   8.2936101e-01
   2.0000000e+00  -4.3053399e-01  -1.7834448e+00   1.9257118e+00   3.3697526e-01   1.2657493e+00  -1.2622353e+00  -2.7709427e-01  -4.8767868e-02
   1.0000000e+00   5.6267997e-01   1.3006395e+00   5.5503536e-01  -2.0559190e-01   2.4344474e+00   1.0959137e+00  -2.4549347e-01  -8.9552009e-01
   1.0000000e+00   9.2122956e-02   2.6415720e-01   4.5344621e-01   3.2600909e-01  -8.9986559e-01   9.6517745e-01  -7.4782917e-01  -8.4606720e-01
   2.0000000e+00  -1.2793203e+00  -7.5635605e-01   2.0974313e+00   1.1361687e+00   2.9450958e-01  -2.9431576e-01  -6.9083382e-01   2.0232946e-01
   2.0000000e+00  -2.5506215e-01   5.3522741e-02  -4.6099830e-01  -6.1240055e-01  -2.8487925e+00  -6.3041230e-01   1.6373900e+00  -1.3296982e+00
   2.0000000e+00  -1.2784354e+00  -2.0223040e-01   1.1351117e+00   1.4824104e+00   4.9944765e-01   3.5732676e-01   1.4200947e-01   2.0043660e-01
   1.0000000e+00   4.4423626e-01   1.9143654e+00  -3.0734159e-01  -6.1966835e-01   6.3763312e-01   5.5450702e-01  -4.3544873e-01   4.7996342e-01
   2.0000000e+00  -2.5756501e-01   1.8171711e-01   5.9034272e-02   7.5980880e-01   5.1440811e-01  -6.5230048e-01   7.3886057e-02   1.2516342e+00
   2.0000000e+00   1.8500849e+00   7.9681643e-01  -1.0517371e+00  -1.6399919e+00  -7.1089071e-01   1.8447248e-02   9.6101986e-01   1.2694814e-01
   2.0000000e+00  -1.2533021e+00  -1.2211192e-01   1.2052671e+00   1.3617927e+00  -1.1263281e-01  -2.3225794e+00  -1.2267679e+00   1.1196927e+00
   2.0000000e+00  -1.1350996e+00  -1.6336018e+00   2.6268711e+00  -4.0047874e-01   6.2515810e-01   2.1238269e+00  -1.2794938e+00  -2.0238125e-01
   2.0000000e+00   1.5920516e+00   3.1162841e-01  -1.0098522e+00  -9.8636768e-01  -3.1015519e-01   4.0356518e-01   1.8124439e-01  -3.6655674e-01
   2.0000000e+00   4.2993304e-01   9.3343488e-02   1.1335544e+00  -1.4292566e+00  -3.5265383e-01   9.3011328e-01  -5.8235373e-01  -1.6748791e+00
   2.0000000e+00  -2.8991335e-01  -2.8585390e-01  -1.5062256e+00  -2.1022936e-01   2.7743998e-01  -1.4195010e+00  -1.7458528e+00  -5.7238935e-01
   1.0000000e+00   2.1180607e-01  -3.4099694e-01  -5.7525620e-01   3.4195809e-01  -1.2554121e+00  -4.6826159e-01  -2.5027230e-01  -3.4926312e-01
   2.0000000e+00  -7.5434036e-02  -4.5752040e-01  -7.3134778e-01  -1.5090745e+00   3.7606174e-01  -1.5186908e+00  -3.3573364e-01   7.2306725e-01
   2.0000000e+00  -9.4692433e-02   1.2538955e-01   8.2809404e-01   1.4013856e+00  -2.5872837e-01  -1.8791947e+00   1.1793587e-01   2.4321706e-01
   2.0000000e+00  -3.4627650e-01   8.9553774e-02  -1.9339503e+00   4.3520402e-01  -9.9943782e-01  -9.9461473e-01   1.9102326e+00   2.7389786e-01
   2.0000000e+00  -1.2258357e+00   1.2438612e+00  -1.5947198e-01  -2.1698173e+00  -1.2329580e+00   5.1520503e-01   3.7629449e-01   1.1722641e+00
   2.0000000e+00  -5.3906614e-01  -6.3234217e-01  -2.0550523e-01  -4.5677744e-01  -7.2290505e-01   2.9122332e-01  -2.1164249e+00  -2.8835267e-01
   2.0000000e+00  -1.2103369e+00  -2.7595480e-02  -2.1942880e+00  -7.2355551e-01   5.7711754e-01   9.4999867e-01  -1.2539368e+00   3.0802617e-01
   2.0000000e+00  -2.1879508e-01  -8.1130067e-01   9.9486054e-01  -1.0861555e+00  -7.8980951e-01   2.2968719e+00   4.4235364e-01   1.3347549e+00
   2.0000000e+00   2.4570913e-02  -4.5147649e-01   1.8052708e+00  -6.2563676e-01  -1.5154735e+00  -1.7705817e+00  -4.1523444e-02  -9.4366872e-01
   1.0000000e+00   3.4779039e-01  -1.3983469e+00  -7.4144796e-02   7.6674701e-01  -5.8132393e-01  -8.6606935e-01  -5.2783620e-01   1.3774262e+00
   2.0000000e+00   1.3067993e+00  -1.3280636e-01   2.2058738e-02  -2.4718682e-01   4.2898567e-01  -1.3206453e+00   8.7715561e-01  -1.7838629e+00
   1.0000000e+00   4.2312986e-01  -4.1426036e-01   5.4571035e-01  -6.8683725e-01   1.1447270e+00   4.5081676e-01   1.5317409e+00  -8.0786296e-01
   2.0000000e+00  -5.3072191e-01   3.2753033e+00   2.8891313e-02   1.2688793e+00  -1.7244039e-01  -8.6908904e-01   1.2259447e+00   1.2506018e+00
   2.0000000e+00   1.3729251e+00  -5.6074923e-01   1.8552428e-01  -2.0600655e-01  -6.4196761e-01  -5.7168272e-02   1.3159121e+00   1.1631659e+00
   2.0000000e+00  -4.5335214e-01   2.4475120e+00   9.7409230e-01  -1.6798885e+00  -1.2615886e+00   9.8117745e-01   1.2603551e+00   2.2314352e+00
   2.0000000e+00  -8.5562711e-02  -2.7075561e-01  -1.3893538e-01   4.2845565e-01   5.9562466e-01  -1.0979823e-01   3.5995929e-02  -1.7803252e+00
   2.0000000e+00   8.8979827e-01   2.3423461e-01  -5.4408169e-01   5.3699829e-01  -7.0588049e-01   2.4724314e-02  -3.3454368e-01   2.4535917e+00
   2.0000000e+00   6.2526729e-01   3.0210759e-01   1.2283614e+00  -9.4509412e-02   8.8337222e-01  -5.9217614e-01   6.0146856e-01   2.4697158e-01
   2.0000000e+00  -2.2542039e+00  -1.0785278e-02   4.2554635e-01  -6.6516652e-01   4.0601246e-01   7.4912810e-01   5.2127450e-01   4.4955124e-01
   2.0000000e+00  -7.5567288e-01  -9.0178285e-01   4.6643851e-02   4.4303015e-01   7.1655848e-01   5.6153905e-02   1.7202617e+00   2.5530867e-01
   2.0000000e+00  -7.2616162e-01  -8.0968060e-01   5.9126873e-02  -2.2804741e-01  -1.4708629e-01   5.1428006e-01  -6.1635083e-01  -1.3949319e+00
   2.0000000e+00   6.7590243e-02   6.5064408e-01  -1.2753245e+00  -1.8884794e+00   3.0244696e-01  -1.0854267e+00   1.5679594e+00   1.4241992e+00
   1.0000000e+00   4.1455025e-01  -3.0697372e-02   1.5858865e-01   4.8969787e-01  -3.7323559e-01   1.0053276e-01   3.3796415e-02  -2.3265831e-01
   2.0000000e+00  -5.5723010e-01  -2.8269067e-01   3.8300492e-01   7.3330815e-01   1.1631984e-01   4.4385326e-01  -8.4570784e-01   5.6551331e-01
   1.0000000e+00   8.1462423e-01  -1.4471549e-01   3.4763874e-01  -3.1912323e-01   1.0783200e+00  -6.3891749e-01   8.8390345e-02  -7.5225443e-01
   2.0000000e+00  -6.9047341e-01  -1.1522168e+00   6.7334086e-02  -1.4427361e+00  -2.6575353e+00   7.6387201e-01  -1.8810832e+00   1.5066502e+00
   2.0000000e+00  -3.6224052e-01   2.3754475e-01   2.2104920e+00   1.3928469e-01   8.3615493e-01  -1.5750792e+00  -1.2353442e+00  -5.6694188e-01
   2.0000000e+00  -1.0163030e+00  -6.6557939e-01  -2.7330281e-01  -1.1977750e+00   1.0098285e+00  -9.7991002e-01  -9.6134842e-01  -6.3172356e-02
   2.0000000e+00  -8.7758316e-01  -1.4866581e+00   8.0016881e-01   1.6433673e+00   3.9434683e-01  -2.4804988e-01  -3.3520605e-01   2.4588861e-01
   2.0000000e+00   2.1475858e+00   6.3259275e-01   1.1439495e-01   5.2784438e-01   1.2510332e+00  -1.8556652e+00   1.8978187e+00   1.1620393e+00
   1.0000000e+00   7.4490792e-01  -6.5130583e-01   6.3022503e-02  -2.1337604e+00  -4.4373394e-02  -8.2942040e-01   8.8841247e-01  -5.3157742e-01
   2.0000000e+00  -5.2200801e-01   2.4060406e-01  -2.4189862e-01  -3.5720024e-01  -8.8011382e-01  -2.1738131e+00   1.0920198e-01   1.2488949e-01
   2.0000000e+00   2.6803733e-01   4.1839401e-01  -2.1315720e+00   4.8913100e-01  -1.1456938e+00  -4.1161038e-01   2.9055864e-01   4.0456396e-01
   2.0000000e+00  -1.0164377e+00   1.7789873e+00  -1.0543616e+00   3.1545752e-01  -1.1617173e+00  -1.0785157e+00   2.6980679e-01   2.0101942e+00
   2.0000000e+00  -2.1996230e+00   1.1114863e+00   4.3570607e-01  -1.4558474e-01  -1.0628400e+00  -5.3307011e-01  -1.5080210e+00  -2.0645056e+00
   2.0000000e+00  -1.2150864e+00   7.9912363e-02  -9.5600443e-01  -2.9316630e-01   9.0662343e-01  -1.0568940e-01  -5.2097385e-01  -3.0730171e-01
   2.0000000e+00  -2.5529617e-01  -8.6636868e-01  -8.1988476e-01  -4.9794965e-02  -2.7590269e-01  -7.1660703e-01   3.3884998e-01   1.3095585e+00
   2.0000000e+00   6.1995071e-01  -4.1792078e-01   1.3950624e+00   8.3341870e-01  -1.4430377e+00  -1.3062236e-01  -2.1433054e+00  -2.9372837e-01
   2.0000000e+00  -1.7010499e+00  -1.4215997e+00  -6.2622518e-02  -6.7844289e-01  -1.2389440e+00  -1.1208986e+00   6.6300844e-03  -6.6265326e-03
   1.0000000e+00   3.5931940e-01   6.3540748e-01  -5.0682890e-01  -4.0202389e-02  -1.9615800e+00  -4.7202054e-01  -2.4309402e-01   7.2866972e-01
   2.0000000e+00   2.0172449e+00   1.1890361e+00   8.9195338e-01   7.8623955e-01   2.5837265e-01  -1.1743352e+00  -4.3839285e-01   9.6082635e-02
   2.0000000e+00   3.2698371e-01   1.2055617e+00   2.1604515e+00   2.2058329e-01   1.6499093e+00   2.0835732e-02  -4.2277445e-01  -2.6484570e-01
   1.0000000e+00   4.7942747e-01  -7.4719770e-01  -6.1100948e-01  -1.3867753e+00  -9.2680176e-01   1.3330028e-03   3.6037924e-01  -1.1792006e-02
   2.0000000e+00  -4.2954023e-01   1.2498662e+00   1.0979637e+00  -9.8388384e-01  -1.1348724e+00   1.3535257e+00   5.3944640e-01  -2.1824903e+00
   2.0000000e+00  -5.4612161e-02  -1.9789813e+00   3.1685809e-01   6.0816189e-01   1.1758775e+00   7.9768867e-01   1.0218255e+00   6.3621828e-01
   2.0000000e+00  -4.9063638e-01  -1.1331431e+00  -5.6736369e-01   8.2706168e-02   9.8598023e-01   1.5260326e+00  -1.4931579e-01  -4.1432497e-01
   2.0000000e+00  -5.8588196e-01  -3.8493563e-01   6.4534640e-01   1.0163825e-01   1.8931725e+00  -4.5062727e-01  -1.2275913e+00   6.6011357e-01
   2.0000000e+00  -5.2479743e-01   2.8720750e-01  -1.4234853e-01   3.9268003e-01  -1.1733681e+00  -3.3396776e-01   1.1893700e+00  -2.5265623e-01
   1.0000000e+00   5.4417245e-01  -1.1114131e+00   1.1753228e-01   1.3695197e+00   1.7391249e+00   1.5582624e+00   1.6916286e+00  -1.3512003e+00
   1.0000000e+00   2.8447897e-01   1.3663899e+00   4.2967614e-01  -8.2264655e-01  -1.3698507e-01  -2.5506204e-01  -1.0940866e-02   7.6480836e-02
   2.0000000e+00  -1.4539967e+00   9.9331852e-01  -6.8551898e-01   1.8910772e-01  -9.8346535e-01  -4.6766520e-02  -3.1217312e-01   5.1893864e-01
   2.0000000e+00   2.4460722e-01  -1.5624458e-01  -1.0345997e-01   4.4098457e-01  -1.5053215e-02   2.0631440e+00  -1.3907372e+00  -4.3617687e-03
