   2.0000000e+00   5.9061310e-01  -1.6206160e+00   1.1958062e+00  -3.0987295e-01   1.3250453e+00   3.1069073e-01  -1.1956142e+00   1.0652016e+00
   2.0000000e+00  -3.9849660e-01  -1.1264093e-01  -5.1978926e-01   4.8647430e-01  -2.9849020e-01  -1.1467510e-01   8.3368350e-02  -1.1188670e+00
   2.0000000e+00   6.4661397e-01   1.1815400e+00   1.5498000e+00  -4.7758197e-01   9.5320191e-02   2.0505762e-01  -7.4020883e-01  -5.2356277e-01
   1.0000000e+00  -2.0953652e-01  -5.5780658e-01   1.9643067e+00   2.3917069e-01   1.6945916e+00  -1.0164602e+00   5.2070981e-01  -7.4401049e-01
   2.0000000e+00  -1.3772498e+00  -1.5660069e+00  -8.4728817e-01   3.0059183e-01   7.0125779e-01   7.6842975e-01  -1.4638869e+00  -1.6085393e+00
   1.0000000e+00  -1.0709690e+00   7.1012560e-01   2.1875018e-01   9.3716126e-01  -1.1031016e+00  -5.7310527e-01  -1.5955939e+00  -5.5080013e-03
   2.0000000e+00  -4.1266793e-01  -8.6109464e-01  -5.8595330e-01   4.1478973e-01  -8.0414777e-01  -5.9852831e-01  -1.7278665e-01  -9.4418272e-01
   2.0000000e+00  -9.1521150e-01   1.5632574e-01   1.1221443e-01  -2.2306836e+00   1.9012739e-01   1.3686094e+00   6.3317169e-01  -3.1038192e-01
   2.0000000e+00  -2.3819171e+00  -1.2340030e+00  -2.3619170e+00  -4.8513042e-01   9.1165366e-02   1.9051850e-01   1.3924254e-01  -2.2712300e+00
   2.0000000e+00  -1.4454290e+00   7.6253000e-01  -1.4451904e+00   2.5004198e-01  -3.9376501e-01   1.4172756e-01  -7.7854251e-01  -1.6991026e+00
   2.0000000e+00  -3.4408879e-01   5.3503780e-01  -1.0954682e+00  -2.7536879e-01  -1.4648257e+00  -2.7380307e-01   2.7563486e-01  -4.7890767e-01
   2.0000000e+00   4.8835027e-01  -2.6707120e+00  -1.1752432e+00  -3.9574273e-01   3.6670289e-01   1.3168417e+00   4.2134278e-01   1.8091589e+00
   2.0000000e+00   2.2452010e-01   1.4027991e-01   3.5523441e-01   5.2745642e-02   8.4527205e-02   6.7958225e-02  -1.2097015e+00  -1.1800718e+00
   2.0000000e+00  -2.7858716e-01   1.3644880e+00   3.9536207e-01   1.7039685e+00  -2.1706225e+00  -5.1755371e-01  -9.3254731e-01   1.3420657e+00
   2.0000000e+00  -9.4526216e-01  -1.2545968e+00  -2.1246612e-01  -8.5440076e-01  -1.8631269e-01  -5.4572478e-01   6.3009137e-01  -4.2004446e-01
   2.0000000e+00  -9.6428180e-01   7.2740590e-01  -4.4934635e-02  -1.2192655e-01  -6.8647672e-01  -1.3466912e+00   1.5484019e+00   6.2608092e-01
   2.0000000e+00  -3.6474305e-01  -1.3670200e+00   9.1563993e-01   1.7346470e+00  -1.0889474e+00  -8.5389562e-01  -1.5634612e+00  -7.5609553e-01
   2.0000000e+00  -2.0683466e+00   4.4347281e-01  -1.0300027e+00   9.9440556e-02  -2.9201967e-01  -7.9637758e-01  -1.0432582e+00  -1.5968707e+00
   2.0000000e+00  -1.3574402e+00   1.6232731e-01   1.2193622e+00   5.5588787e-01  -3.4035313e-01  -7.4950243e-01   7.0784803e-01   1.3522732e+00
   2.0000000e+00  -2.8721341e-01   5.2141408e-02   9.2299416e-01   1.9600430e+00  -9.6638767e-01   1.8360542e+00  -8.9678194e-01   1.7134253e+00
   2.0000000e+00  -7.5335958e-01   8.1505913e-01  -1.0904765e+00  -1.8243799e+00   1.1741849e-01  -9.0623843e-01   5.8125838e-01   1.1351056e-01
   2.0000000e+00  -6.5885777e-01   6.5995228e-01  -8.6029139e-02  -5.6230101e-01  -6.4226582e-01   1.6523059e+00   1.2875130e-01   1.0606557e-01
   2.0000000e+00   1.5201207e-01  -3.1378661e-01   1.5300126e+00   1.0014655e+00   2.1057883e-01  -1.2033592e+00  -6.9143795e-01   4.5422988e-01
   2.0000000e+00  -2.6415992e-01   6.9149650e-02  -2.2752549e-01  -2.8846974e-01   1.9095418e+00  -2.0059845e-01  -5.7218552e-02  -2.1752861e+00
   1.0000000e+00   1.2969542e+00  -2.3097251e-01   1.6029577e+00   6.6950024e-01  -9.9084532e-01  -2.0247972e-02  -2.0391680e-01  -1.8664575e-01
   2.0000000e+00   1.9664250e+00   2.1139914e-02  -9.6364212e-01  -2.9794426e-01   4.6952581e-01   6.3823616e-01  -1.7301405e+00   2.9029991e-01
   2.0000000e+00  -1.2665065e-01  -1.5287041e-01  -8.0193447e-01   7.5546617e-01   2.1094064e+00  -1.5258644e+00   1.2065401e+00  -5.7831082e-01
   2.0000000e+00   1.1697931e-01   1.7494926e+00  -1.8379539e+00   1.1273595e+00   1.9115615e-01   3.2037822e-01  -6.4086116e-01   2.1934191e+00
   2.0000000e+00  -8.4859475e-01  -4.7149261e-02  -1.1365904e-01  -1.0287702e+00  -1.9521794e+00   1.7438844e-01  -1.2148611e+00  -2.7048749e-01
   1.0000000e+00   7.8054891e-01   3.0309988e-01   1.7145282e+00   6.3133995e-01  -5.8233632e-01  -1.1973884e+00   9.6400693e-01   1.4799169e-01
   1.0000000e+00  -5.9299775e-01   4.4873759e-01  -1.9625220e+00   7.7060255e-01   2.1878516e-01  -5.0401900e-01  -7.7551394e-01  -4.6750333e-01
   2.0000000e+00   2.1548018e+00   7.2533243e-01   1.6939851e+00   8.0636214e-01   2.9833567e-01   4.0102789e-01  -1.6203374e+00   1.0681789e+00
   2.0000000e+00   6.8126747e-02  -9.1042152e-01  -6.6872254e-01  -1.2060891e+00   8.1569190e-01  -5.6037639e-02   1.3133314e+00  -9.9756308e-01
   2.0000000e+00   3.3012707e-01   4.3453285e-01   5.2889388e-01  -6.5319274e-01   2.3667450e+00  -1.3200988e+00  -4.6743930e-01   3.9751247e-01
   2.0000000e+00   1.3683155e-01  -8.8277257e-01   1.1321904e+00  -6.1493279e-01  -2.0544204e-01  -1.0014095e+00   3.0281243e-01   1.2820644e+00
   1.0000000e+00   1.0950241e+00   4.6748173e-01  -2.5668909e-01   1.6191964e-01  -1.0661903e+00   2.8134143e-01  -8.1452698e-02  -8.7727500e-01
   2.0000000e+00  -5.9198870e-02   4.7256836e-01   1.4631833e-01  -7.2347658e-01  -1.1838191e-01   1.2158358e+00  -4.0704723e-01   1.8253774e+00
   1.0000000e+00  -6.2139065e-01  -1.2778207e-01  -9.4315790e-01   5.5493574e-01  -1.2829336e+00  -7.8981335e-01   4.1110143e+00   4.0370584e-01
   2.0000000e+00  -4.1892549e-01   1.4002523e+00   4.3885291e-01  -1.2922332e+00   8.6299256e-01  -1.2217765e+00  -3.7280731e-01  -3.7809641e-01
   2.0000000e+00   9.7812811e-01  -4.4356175e-01  -1.0460402e+00  -1.8984107e-01   2.5123144e-01   9.0780533e-02  -9.6036265e-01  -2.5536398e-01
   2.0000000e+00  -7.1922070e-01  -5.4431251e-01  -6.2013573e-01   5.5972219e-01  -2.1739162e-01   2.7518983e+00   3.4131098e-01  -8.7506753e-01
   2.0000000e+00  -1.0958123e+00   8.3048862e-01  -7.1185427e-03   2.0206136e-01   1.4397864e+00  -5.4899013e-01   4.2539192e-01  -1.4636185e+00
   1.0000000e+00  -3.8726795e-01  -4.6588294e-01  -2.8527200e-01   9.0953433e-01  -1.2601741e-01   1.3629481e+00  -1.2751487e+00  -3.1062890e-01
   2.0000000e+00   1.6930963e-01   6.6436448e-01   3.3798320e-01  -6.9026443e-01  -2.2536878e-01   7.5127242e-01  -1.9378911e-01   1.0678111e+00
   1.0000000e+00   9.8279190e-01   1.0610567e-01   3.2207244e-01   8.2033027e-01   1.6064624e+00  -1.0244615e+00   9.2829438e-01  -1.8666706e-01
   2.0000000e+00   8.5054684e-01   6.5098487e-01  -6.3680541e-01  -1.9203489e+00   5.9944984e-01  -1.5997144e+00  -2.5853973e-01  -3.1981942e-01
   2.0000000e+00  -1.2356767e+00  -8.6691267e-01   1.6636652e+00   8.1405484e-01   2.3927694e-01  -2.5656480e+00   2.4444650e+00   9.9853647e-01
   2.0000000e+00   7.9656238e-01   5.9319264e-01  -7.9864236e-01  -1.4924063e-01  -8.5283943e-01  -8.3905447e-01   1.5800140e+00   2.4516949e-01
   2.0000000e+00  -1.9444231e-01  -5.5449261e-02  -9.8514332e-01  -9.0847010e-01   1.2841624e+00  -5.3265735e-01  -1.5507440e+00  -1.2756500e+00
   2.0000000e+00  -9.6955056e-01   7.4062686e-01  -6.4665465e-01   1.0720086e+00   1.1835341e-01   6.2696422e-01   1.9695065e+00  -4.6150452e-01
   2.0000000e+00   8.4029976e-01  -2.1161454e+00   4.5170829e-01   7.4549795e-01  -3.2712337e-01   1.0407837e-01   7.7354008e-01  -7.8650840e-01
   2.0000000e+00   2.0432347e+00  -9.5088959e-02   4.7748232e-02  -1.5259124e+00  -8.4283187e-02   2.7057983e-01  -1.0369023e+00  -1.0539464e+00
   2.0000000e+00  -2.9679469e+00   1.2072699e+00   1.1459089e+00   1.8501714e+00   6.8750929e-01   7.0763838e-01  -1.3501256e+00  -1.7965667e-01
   1.0000000e+00  -6.7522083e-01  -1.5278330e-01   1.7861509e-01   2.1428750e-01   6.8732395e-01   2.2275036e-01  -1.1453350e+00   4.7967825e-01
   2.0000000e+00  -2.6856835e-01  -2.5253271e-01   1.9586096e+00  -4.3771591e-01  -6.8996285e-01  -1.0010532e+00   3.3167838e-01   9.1248966e-01
   2.0000000e+00  -1.1961797e-01  -6.3594956e-01   9.9769202e-02  -1.0465235e-02   6.7624930e-01  -6.3609114e-01  -4.2926751e-01   1.3307201e+00
   1.0000000e+00   8.3856438e-01  -1.7662292e+00  -7.9726301e-02   4.9799065e-01   2.1787410e-01   1.5969016e-01  -4.5922005e-01  -2.4954051e-01
   2.0000000e+00  -3.6596703e-01  -2.2260019e+00   3.4107651e-01   5.9503399e-01  -6.7038557e-01   4.5692735e-01  -5.9961013e-01  -3.0608544e+00
   2.0000000e+00  -1.3975676e+00  -1.9754733e+00  -1.1569996e+00   4.0770874e-01  -6.8892018e-01  -1.5799860e+00   4.8496794e-01   1.1839245e+00
   1.0000000e+00   2.2340197e+00   4.7944368e-01  -1.1821864e-01   8.6325190e-01   1.7344484e+00   1.9446303e-01   7.7295712e-02   2.8214942e-01
   2.0000000e+00  -3.2113403e-01  -1.5846428e+00  -2.5442377e+00  -1.0143435e+00   1.1573989e-01   1.1309329e+00   7.4043883e-01   2.3488262e-01
   2.0000000e+00  -1.5435969e+00   1.3344000e+00   1.0269399e+00  -8.8959647e-02   2.6975354e+00  -1.7198227e-01  -1.1382656e+00  -6.4153356e-01
   1.0000000e+00   5.0045861e-01   1.6081071e+00  -1.4287786e+00   1.7358938e-01  -7.2001996e-01  -7.3715274e-01  -1.1881196e+00   7.5302187e-01
   1.0000000e+00   1.8887864e+00   2.0238760e-01  -3.1166363e-01   1.7010376e-01   1.2057493e+00   9.3737979e-01  -4.8080807e-01  -7.4244199e-01
   2.0000000e+00   9.7119575e-01   6.5775492e-01   5.0385561e-01   9.6268095e-01  -4.0225576e-01   1.1536092e-01  -1.3298940e-01  -6.7421285e-01
   2.0000000e+00  -6.6064579e-01  -3.6922268e-02  -6.5517918e-01  -8.9318543e-01  -1.2459586e+00   1.0837273e+00  -1.9921386e+00  -4.3659194e-01
   1.0000000e+00   2.2784798e-01   2.3765986e-01  -4.8007119e-01   4.7358141e-01  -2.3337151e-01  -1.1268463e+00  -6.6998797e-02  -2.0809557e-01
   1.0000000e+00   6.3903305e-01   4.1493158e-01  -1.8388994e+00   2.0858449e-01  -4.0236213e-01   2.4972178e-01   5.0206350e-01  -5.2849662e-01
   2.0000000e+00   8.2252753e-01   1.9826322e-01   3.1132979e-01  -2.2020086e-02   1.0801372e+00   8.5552737e-01   1.2043879e-02  -1.0803873e-01
   2.0000000e+00   6.8839785e-01  -1.7941892e+00   6.7179292e-01   1.0240941e+00   4.5816771e-01  -3.2618268e+00   1.9764144e+00  -5.0257471e-02
   2.0000000e+00   5.3471598e-01   3.1272192e-02  -5.2881476e-01   6.1196006e-01  -6.5279998e-01  -9.2384420e-01  -8.1462702e-02  -9.9072936e-01
   2.0000000e+00  -5.7641567e-01   1.3784357e+00   1.8584294e-01   2.0901448e-02  -1.6956156e-01   2.2714656e-01  -1.1149609e+00  -1.0643498e+00
   2.0000000e+00  -5.1831847e-01   1.3568645e-01  -1.5568741e+00  -2.5839083e-01  -1.7907897e+00   5.1025377e-01  -4.6348272e-01   8.2963478e-01
   2.0000000e+00   1.8055058e+00  -3.9212429e-01   6.2453296e-01  -2.0064008e-01   8.6972346e-01   3.8966650e-01   9.9848576e-01  -2.9554715e-01
   2.0000000e+00  -9.1798517e-01  -8.3838218e-01   7.4467174e-01  -3.2043058e-01   2.2230246e-02   5.2483711e-01  -2.3603293e-01   1.3229922e+00
   2.0000000e+00  -7.2906956e-01   2.7314079e-01   1.1417095e+00  -1.8617938e-01  -9.7357701e-01   5.4162932e-01  -4.5209107e-01   1.1707285e-01
   2.0000000e+00   7.2624507e-01   7.2742718e-01  -1.0374137e+00  -3.0040783e-01  -1.7369828e-01  -5.9182558e-01  -4.5070108e-01  -4.5641407e-02
   1.0000000e+00   6.9293751e-01   1.6989855e-01   3.1863946e-01   6.4433042e-01  -6.8740412e-01   1.2689957e-01  -6.7906332e-02  -7.1712930e-01
   2.0000000e+00  -1.4660836e+00   4.5614561e-01   1.5035101e+00   3.8604602e-01  -1.7126860e-01  -3.0033581e-01  -1.0105161e+00   1.9770885e+00
   2.0000000e+00   1.2777031e-01   6.4093192e-01   4.6373528e-01   1.9456619e+00  -3.1381562e-01   1.7823406e+00   1.1756998e+00   2.3483639e+00
   2.0000000e+00   9.3238018e-01  -1.4095089e+00  -8.9021690e-01  -1.8270759e-01  -1.0137187e+00  -2.6850252e-01  -1.0297205e+00  -4.4537027e-02
   2.0000000e+00  -1.0828903e+00  -8.4155144e-01  -9.3191304e-01  -2.3107008e-01  -3.8954112e-01  -8.9029711e-02   2.2406762e-01   1.2367554e+00
   2.0000000e+00  -8.1049660e-01   3.1626747e-01  -7.4545597e-02   7.1497553e-01   4.8131486e-01   2.6004521e+00   1.0477063e+00  -1.7821257e+00
   1.0000000e+00   4.0090995e-01  -1.1458460e+00   1.2446861e+00   1.6943311e-01  -4.3329750e-01  -9.9803031e-02   1.0445202e+00   4.8116145e-01
   2.0000000e+00  -1.1837674e+00  -6.2530478e-01  -8.6252652e-01  -2.9772029e-01   1.6859724e-01   9.8613578e-01  -1.2128446e+00  -1.6106774e+00
   2.0000000e+00  -9.4429023e-01  -7.9960106e-02  -2.2347496e+00  -3.8314825e-01   1.8804120e-01   1.9601804e+00  -3.1093491e+00   1.8306274e-01
   2.0000000e+00   7.3461013e-01  -1.4534786e+00   1.2680600e-01  -9.9896185e-01   7.9755039e-01   1.5328080e-02   1.3918872e+00  -1.9924973e-01
   2.0000000e+00  -1.3428344e+00  -1.8261685e-02   4.9461427e-02  -1.4389614e+00  -1.6371628e+00   1.7201144e+00   2.9779897e-01   4.4638143e-01
   2.0000000e+00  -8.4035461e-01   1.4271498e+00  -1.4648904e+00   1.4376838e+00   7.8205271e-01   1.1580281e+00   1.5410997e+00   2.1502984e+00
   2.0000000e+00  -8.0946023e-01   2.2675889e-01  -5.1157569e-03  -1.6315666e+00  -6.7552218e-03   1.3005013e-01   1.6907144e+00   1.1664226e+00
   1.0000000e+00  -1.4004695e-01  -4.8483804e-01   9.1065480e-01   6.3191573e-01   1.1222295e+00   3.2673367e-01   1.4581814e+00  -2.3535672e-02
   2.0000000e+00  -4.5436617e-01   1.0956057e+00  -1.9322371e-01  -1.1511961e+00   3.1214820e-01   1.4022446e+00  -8.4041054e-01  -1.0905557e+00
   2.0000000e+00   3.3262649e-01   6.0217474e-01   1.0205331e+00  -6.8417132e-01  -2.4767289e+00   8.6163149e-01   6.9603361e-01   1.3916894e-01
   2.0000000e+00  -3.6506315e-01  -4.2712563e-02   1.1268755e+00  -1.2782978e+00   9.1620539e-01  -8.8382869e-01   1.4079790e+00  -8.8604445e-01
   2.0000000e+00  -1.3584688e-01   7.1572884e-01  -2.2249285e+00   5.4844082e-01   1.1665058e+00   6.5637743e-01  -1.3057768e+00   1.0303235e+00
   2.0000000e+00   6.0217380e-01   7.5076124e-01   4.2492622e-01  -1.7678124e-01  -5.0464662e-02   3.0404745e-01   2.4502105e+00   3.1828090e-01
   2.0000000e+00  -1.0546846e+00  -9.4225995e-01   6.4849552e-02   1.1854922e+00  -2.4532712e+00  -3.2115245e-01   6.4464632e-01  -4.1371334e-03
   2.0000000e+00   2.6136937e-01  -8.2004407e-01   1.0346169e+00  -7.6366054e-01   1.2409597e+00  -9.7297007e-01   1.5645045e+00   1.1178189e-01
   1.0000000e+00  -8.1655669e-01   5.9717483e-01   3.9986384e-01   1.1351646e-01  -1.6896359e+00  -1.8937785e+00  -4.0515039e-02   5.9312006e-01
   2.0000000e+00   1.2528116e+00   8.7376162e-01  -7.2734246e-01  -1.0570967e+00  -1.1003636e+00   4.3494479e-01  -1.2836707e+00   8.6108201e-01
   2.0000000e+00  -3.5543148e-01   1.1069487e+00   9.6114472e-03  -4.3111958e-01  -4.4832218e-01   2.9395279e-01  -2.8011226e+00  -8.6596868e-01
   2.0000000e+00  -1.3505279e+00  -2.1659193e-01   6.8633596e-01  -3.6985820e-01   5.1031153e-01  -1.3344020e+00  -9.7420521e-01   7.3234260e-02
   1.0000000e+00   3.8181504e-02   5.6345837e-01  -3.7147611e-02   5.6685376e-01   3.6683372e-02  -8.8997067e-01  -2.1904760e-01  -1.5773448e-01
   1.0000000e+00  -2.1278589e-01   1.1703476e-01   5.6991701e-01   3.6297622e-01  -2.3141441e-01  -3.6907349e-01  -6.5279956e-01   1.3636829e-01
   2.0000000e+00   1.1074108e+00  -8.6230810e-01   5.5788347e-01  -2.4354929e-01   1.1050016e+00  -5.4287608e-02   6.2739212e-01  -9.6807002e-01
   2.0000000e+00  -1.8749303e+00   4.5561449e-01   1.8129968e+00  -1.7520150e-01  -1.6123032e+00  -4.5941128e-01  -3.3983179e-01  -8.5331310e-01
   2.0000000e+00  -1.4047851e+00   6.1911018e-02   6.8422582e-01   9.8501789e-02   4.2165566e-01   1.0837743e+00  -1.6493230e+00  -1.0178780e+00
   2.0000000e+00  -1.2243473e-01   8.1507692e-02   1.0715248e+00  -7.2686317e-01  -1.2005741e+00  -2.5511991e-01   1.4530859e+00   3.2845860e-01
   2.0000000e+00   7.7168436e-02  -5.0886146e-01   1.7557764e+00  -4.4459583e-01   1.5788711e+00   1.5629910e+00   5.6252407e-01  -1.4489478e+00
   2.0000000e+00  -5.8648527e-01  -9.5591640e-01  -4.6040198e-01  -1.3717516e+00  -8.8066789e-01   1.1171792e+00   1.9274966e-01  -6.3303148e-01
   2.0000000e+00   2.8383756e-01   1.0549718e+00   1.1286646e+00  -8.0942342e-01   2.9008457e+00   1.1527699e+00   7.2183500e-01  -7.3587561e-02
   2.0000000e+00  -1.6232039e+00   9.4174567e-02  -1.4051547e+00  -6.9549487e-01  -7.8522417e-01  -2.5648771e-01  -1.1861663e+00  -1.0109237e+00
   2.0000000e+00   4.6176708e-01  -8.4934106e-02  -2.0571917e-01   2.5309243e+00  -1.3055706e+00   5.3427888e-01   1.4573071e-01   9.4828848e-01
   2.0000000e+00   7.8815202e-01   4.2744773e-02  -4.2031171e-01   1.9140189e+00  -7.1465058e-02  -1.0782248e+00  -7.7565547e-01   1.8419208e+00
   2.0000000e+00   9.1679681e-01   1.5385449e+00   1.7015272e+00  -7.9508370e-01  -7.0875004e-01  -7.0084926e-01  -2.2270230e-01  -7.2664090e-01
   2.0000000e+00  -1.1371542e+00   9.7796414e-01  -1.3611849e+00  -5.9800307e-02  -2.4947110e-01  -1.5716740e+00   1.9425192e-01   2.9069058e-01
   2.0000000e+00   9.5118128e-02  -7.3890972e-02   8.3648099e-02  -2.3036299e+00  -1.3754973e+00  -3.4666080e-01  -3.0097289e-01   8.9285371e-01
   2.0000000e+00   6.8402836e-01   1.0531877e-01   1.0909912e-01   2.2175470e+00   1.2616628e+00   1.1816972e+00   5.9550505e-01  -2.0065762e-02
   2.0000000e+00   2.7663495e-01  -1.3056397e-01  -5.9093305e-02   1.8890139e+00  -8.1169183e-01  -1.7020275e+00   6.1203128e-01  -7.3410537e-02
   2.0000000e+00   1.8151939e-01   9.3497222e-01   7.1941339e-01  -1.7447095e+00  -2.4094166e+00  -2.1780009e-02   5.6875682e-01  -1.6239360e+00
   2.0000000e+00   5.4323397e-01   7.0575021e-01  -3.5074762e+00   1.6108528e+00  -6.9332125e-01  -2.0808741e+00  -6.2051059e-01  -1.4089883e+00
   2.0000000e+00   7.8383220e-01  -1.0011757e+00  -1.6143485e-01   6.6944130e-01   8.9343529e-01  -5.2083960e-01  -5.0714369e-01  -1.2377999e+00
   2.0000000e+00  -7.9658761e-01   3.2168569e-01   2.4998790e-01  -1.5881023e-01   9.6630446e-01  -7.3531321e-01   1.9151075e+00  -8.5502385e-01
   2.0000000e+00  -5.7293411e-02  -8.7877248e-01   9.4155747e-01   6.2482861e-01  -3.2430940e-01  -2.3149654e-01   9.7288251e-01   1.0973919e+00
   2.0000000e+00  -1.3068305e-01  -2.0369800e-01   3.1284226e-01   1.8868285e+00   1.0800698e-01   3.8355173e-01   4.1925638e-01   3.2771176e-01
   2.0000000e+00   1.4255121e-01   3.8204405e-01  -2.5435851e-01   1.1818803e+00   2.6706420e+00   1.0594151e-01   1.2264866e+00  -1.3865507e+00
   2.0000000e+00  -6.1362766e-01  -7.4267535e-01  -8.5457235e-01  -7.4790343e-01  -2.7786715e-02   8.2062827e-01  -1.4217974e+00  -1.3404143e+00
   2.0000000e+00  -3.3158505e-01  -7.3560865e-01   4.0409951e-01  -1.2378383e+00   7.8742267e-01   1.0059984e+00   8.9983338e-01  -3.5500154e-01
   1.0000000e+00   1.8397190e+00   1.6852876e+00   8.4673549e-01   1.6621142e-01   6.7728294e-01  -2.0642435e+00  -1.0325507e+00  -6.9102590e-01
   1.0000000e+00  -1.0190271e+00   1.6176492e+00  -9.2209290e-01   3.3183230e-02  -3.5789464e-02   1.0021201e+00  -1.1968658e+00   3.2516514e-03
   1.0000000e+00  -7.7832965e-01  -1.2514903e+00  -1.0839841e-01   7.5276621e-02  -1.1242997e+00   4.4840614e-01  -1.0823309e+00  -2.5724173e-01
   2.0000000e+00  -2.4572938e+00   4.5401974e-01   3.1219646e-01  -4.3158839e-01  -5.5526446e-01  -1.7644156e+00  -5.2631155e-01   4.6760124e-01
   2.0000000e+00   1.9436317e+00  -1.9188871e+00  -1.9954281e+00  -4.6158124e-01  -1.6215856e-02   1.2665598e-01  -1.5663728e+00  -2.2537869e+00
   1.0000000e+00   4.3906861e-01   1.0541292e+00   8.4069171e-01   2.0140169e-01  -1.6290359e+00  -3.2491546e-01   1.1901062e+00   3.4817874e-01
   2.0000000e+00  -6.6129679e-02   2.5026155e-02   7.6614512e-01  -2.2274338e-01   4.8139665e-01   4.5411250e-01  -8.5684954e-01   2.0293135e-01
   2.0000000e+00  -8.3519105e-01  -6.8497531e-01   3.9880013e-02  -1.3071605e-02  -7.1107105e-01  -1.5690351e+00   2.0131266e+00   3.1361018e-01
   1.0000000e+00   1.1864185e+00  -1.0939887e+00   1.0225330e+00   2.1809129e-01  -4.5340097e-01  -1.2872311e+00   1.0031381e+00  -6.5448231e-01
   1.0000000e+00   1.3247978e+00   7.9634227e-02   2.3559344e+00   5.5650638e-01  -4.9868231e-01  -1.1720826e-01  -7.6342974e-01  -4.5424932e-01
   2.0000000e+00  -1.1449313e+00  -6.0698374e-01   5.9950295e-01   8.9665301e-01  -1.3960707e-01   7.9232878e-01  -1.6372171e-01  -7.6576317e-01
   2.0000000e+00  -1.1495461e+00   2.0184823e-01   1.2521599e+00  -8.5121720e-01   3.9584112e-01  -1.1576551e-01  -1.9143149e-01  -6.2713004e-01
   2.0000000e+00   2.0221357e+00   7.7210418e-01  -1.3756971e+00  -6.3378874e-01   1.4032636e+00   3.7216810e-01   4.4062254e-01   5.8843434e-01
   2.0000000e+00  -1.5975792e-01   1.0563419e-01  -3.1871545e-01   2.0742509e+00  -7.0485914e-01  -3.0426530e-01  -1.1729117e+00   2.2612806e-01
   1.0000000e+00  -5.8927694e-01  -7.0000676e-01  -1.5178842e+00   2.3486391e-01   3.4503585e-01   1.7480307e+00   9.1195590e-01  -5.5618604e-01
   2.0000000e+00   3.7233740e-01   4.6118591e-01  -1.0590323e-01  -2.2487667e+00   1.4853633e-01  -2.2467717e+00   1.9779942e+00   4.4589183e-01
   2.0000000e+00  -1.2152668e+00  -9.1360464e-01   7.7324104e-01   1.4896756e+00  -1.3812197e+00  -1.5549984e+00   3.7909665e-01  -1.7464698e-01
   2.0000000e+00   7.3232226e-01  -1.1966538e-01   1.1161786e+00  -3.0335856e-01   6.2674124e-01  -3.2812528e-01   7.9444280e-01  -1.9261416e+00
   2.0000000e+00   1.7965774e+00   7.0416308e-01   3.2791310e-01  -1.1811808e+00   2.9231881e-01   6.6233937e-01  -4.2631731e-01  -1.7956533e-01
   2.0000000e+00  -1.3947482e+00  -2.1380228e+00   2.4222117e+00  -1.0639414e-01   6.9777565e-01  -1.3567840e+00  -5.4399617e-01   7.9511260e-01
   2.0000000e+00  -1.5480100e-01  -9.2919265e-01  -2.1127180e-02  -1.8092411e-03   1.1037700e-01  -2.0436680e-01  -5.7224378e-01  -1.1229198e+00
   2.0000000e+00  -5.9411106e-01   9.6822338e-01   1.1268895e-01   3.1336377e-01   2.2181181e-01   6.7262810e-02  -1.3780698e+00  -9.6550093e-01
   2.0000000e+00  -1.5387611e+00  -2.2048564e-01  -1.1005406e+00  -8.3089408e-01   2.2951254e+00  -1.1200521e+00  -6.4814905e-01  -7.1710280e-01
   2.0000000e+00  -6.3101423e-01  -8.3092109e-01   1.0040742e+00  -3.7859634e-01  -8.3463441e-01  -1.3574900e+00   1.6829552e+00  -1.6477401e-01
   2.0000000e+00   5.0119113e-01   1.6548662e+00  -8.3437562e-01   9.5621870e-02  -2.4273120e-01   4.9975061e-01   7.6070401e-01  -1.4124227e+00
   2.0000000e+00  -6.5225578e-01  -7.5787759e-01  -1.3798988e+00   8.3401203e-01   8.9244558e-01   8.7687667e-02  -3.4205010e-01   9.6597168e-01
   2.0000000e+00  -3.2889593e-01   1.7219615e+00  -1.0128404e+00  -1.6333391e+00   7.1994221e-01  -1.0120318e+00  -1.2694226e+00  -1.9991185e-01
   2.0000000e+00  -1.8105536e+00  -5.3233103e-01   7.7955250e-01   1.1921930e+00  -8.0523260e-01   6.1741233e-01   7.2465359e-01  -5.2797769e-01
   2.0000000e+00  -2.6448436e-01  -1.0961872e+00   2.4096063e+00  -1.2987028e+00  -3.3660039e-01   4.1914352e-01   3.0162225e-01  -1.3752734e+00
   2.0000000e+00  -4.5158581e-02   6.7633206e-01  -1.4467223e+00  -1.2097363e+00  -1.0787442e+00  -6.5729797e-03  -1.5231914e+00  -1.1038941e+00
   2.0000000e+00  -1.1047645e-01   1.0267544e-01   8.5910294e-01  -7.2412006e-01   5.3130727e-01   8.4102585e-01   1.9087257e+00   9.3950206e-01
   2.0000000e+00  -6.4215473e-02  -1.4598207e+00   9.5718829e-02  -8.2346131e-01   9.9067801e-01   1.6278558e+00  -1.1101758e+00  -7.9816558e-01
   2.0000000e+00   1.3747744e-02  -4.5128843e-01   2.4739733e+00  -1.2197151e+00   7.1740749e-01   6.6836212e-01   4.2186461e-01  -1.2120906e+00
   2.0000000e+00   1.1766590e+00   3.8992789e-01   2.8610301e-01  -2.9234410e-01   1.3275934e-01   2.0993755e+00  -9.5945078e-01  -1.5330341e+00
   2.0000000e+00   5.5952970e-01   1.3522922e+00  -1.5405496e-02   6.4180111e-01  -2.6142988e+00   2.8830310e-01  -1.7377509e-01   1.0598181e+00
   2.0000000e+00  -6.0522409e-01   1.0905175e+00   4.8966313e-01  -1.2479340e+00  -1.0135252e+00   4.7288703e-01   1.0987474e+00  -9.0141544e-01
   1.0000000e+00  -4.7353342e-02  -9.0207537e-01   1.5209492e-01   3.7337036e-01   1.6786037e-01   9.3773947e-01   9.2772819e-01  -9.0585542e-01
   2.0000000e+00  -8.3716551e-02  -2.0444483e+00   1.0662918e-01   1.9594892e-01  -7.6240952e-01  -8.0761289e-01   1.2567921e+00   1.5819150e+00
   1.0000000e+00  -8.3484129e-02  -1.1821883e+00  -1.5832102e+00   2.9843014e-01  -1.0690814e+00   2.8225457e-01   2.6705017e-01   7.2070133e-01
   2.0000000e+00  -8.4026633e-01  -8.1936592e-01  -4.0032233e-01   1.2260755e+00  -1.0881282e+00  -1.0461170e+00  -5.3230632e-01   2.0194431e-01
   2.0000000e+00  -1.1128731e+00   1.0121676e+00  -5.2798528e-01   2.2685032e+00   1.0540162e+00  -1.0212523e+00   1.1586462e+00  -1.9117313e+00
   1.0000000e+00  -1.8316335e-01  -6.9005864e-01  -9.6216465e-01   7.3381475e-01  -9.3167554e-01  -2.2035907e-02   1.1950437e+00  -5.1580274e-02
   2.0000000e+00  -4.8455546e-01  -8.1243332e-02   2.8997590e+00  -1.5918468e+00   2.3336677e-01  -2.8212116e-01   1.9585879e+00  -4.4086302e-01
   2.0000000e+00   2.3304313e+00   1.3238105e+00  -3.8249277e-01   1.2398109e+00   4.6029095e-01  -1.2373648e+00  -3.6907410e-01   1.4957374e+00
   1.0000000e+00   3.9694719e-01  -4.9559520e-01   1.1425453e-01   3.7124598e-01   8.1960447e-01   5.8462765e-01  -7.1757732e-01   4.9349507e-01
   2.0000000e+00   1.0861857e+00   6.8038567e-01   6.3425542e-01   4.7564108e-01   1.3637925e+00   5.3628438e-01   1.1221510e+00   9.1162983e-01
   2.0000000e+00   1.2539600e+00  -8.4118930e-01  -1.2702028e+00   1.8828204e+00   1.2409048e-01  -4.0513029e-01   3.2117955e-01  -1.4661640e+00
   2.0000000e+00   1.5401536e+00  -4.8365141e-01   6.2192161e-02   9.7610349e-01   2.4348571e+00  -1.5735542e-01   3.0789007e-01  -6.8489030e-01
   1.0000000e+00   2.4903711e-01   5.2010483e-01  -4.2423961e-01   1.9840107e-03  -5.9570907e-01   3.9018873e-01  -3.3672643e-02   3.7966379e-01
   2.0000000e+00   3.8357746e-01   1.5128749e+00  -8.6618725e-01   7.1195531e-01   5.1751206e-02  -3.8054536e-01   6.2853327e-01   1.1068043e+00
   2.0000000e+00  -7.6764545e-01  -9.4864089e-01  -2.9812542e-01  -3.3658565e-01   4.7358574e-01  -1.6323355e-01   4.4934520e-01   3.9140947e-01
   1.0000000e+00  -5.6689508e-01  -8.2485703e-01   1.1335300e-01   2.3761068e-01   7.9946446e-01  -1.1792434e+00   9.0319150e-01  -3.3950312e-01
   1.0000000e+00  -8.3804389e-01  -3.8513622e-01   1.4728906e+00   4.1916112e-01  -3.2114478e-02  -6.0778916e-01  -3.4302484e-01  -7.4325638e-01
   2.0000000e+00  -1.5890716e+00   1.1362794e+00   4.7233160e-01  -1.2506490e-01   5.5894991e-01  -4.7827806e-01  -9.0733236e-01   3.1224867e-01
   2.0000000e+00  -2.8665470e-01  -3.0451812e-01  -2.5955068e+00  -2.4933238e+00   9.1041741e-01   1.8199635e+00   5.2644226e-01  -9.6462898e-01
   2.0000000e+00   1.6257060e+00   7.7655609e-01   1.2966100e+00  -4.4723558e-01  -6.0287204e-01   6.9969281e-02  -1.1166443e+00  -1.5969829e-01
   2.0000000e+00  -1.3911849e-02  -5.2192885e-01  -1.6012530e+00  -1.2733809e-01  -3.4824802e-01  -2.1431755e-01  -8.6176911e-01   1.9534172e+00
   2.0000000e+00  -3.0919781e+00  -5.0718914e-01   5.6678360e-01   3.4945526e-01   6.4745887e-01  -1.4224995e+00   1.9503487e-01  -9.5550439e-01
   2.0000000e+00  -9.7724793e-01  -1.3582122e+00   6.8684800e-01   1.3305579e+00  -5.7242180e-01   1.0149774e+00   9.3371466e-02  -1.0466345e+00
   2.0000000e+00   3.2397361e-01   1.2181770e+00  -1.3690844e+00   1.3145559e+00   6.9555959e-01   1.0882679e+00   1.8335886e-02  -4.1848992e-01
   1.0000000e+00   2.2361908e+00   5.9980464e-01  -1.3414132e-01   6.3578696e-02  -1.2756601e+00   2.2504533e-02   8.9496245e-01   5.9295687e-01
   1.0000000e+00   3.3630290e-01   1.1743083e+00  -3.5879255e-01   6.2979716e-01   1.6865957e+00   4.5011593e-02  -2.0080174e+00   4.4685255e-01
   2.0000000e+00  -3.8874684e-01  -5.6981980e-01  -6.0881027e-01   3.5169549e-01   1.0717346e+00   4.0356604e-01   9.8875881e-01  -1.5770606e+00
   2.0000000e+00  -8.6778823e-01   7.7507585e-01  -1.8366853e+00  -9.0867637e-01  -1.5309853e+00   4.3442498e-01  -8.6965624e-01   2.6294586e+00
   1.0000000e+00   6.0180140e-01  -1.1452934e-01   2.7813805e-01   3.9839048e-01  -9.8286894e-01  -1.2543467e+00  -1.7384297e+00  -7.7843047e-01
   2.0000000e+00   5.4878871e-01  -1.7020830e-01  -5.2759517e-01  -1.0196008e+00  -9.8470491e-01   1.3324407e+00   6.6482364e-02   9.6072447e-02
   1.0000000e+00   3.6321011e-01   1.6420442e-01   1.4429061e-01   1.0203119e-01   4.4343440e-01   1.1314377e+00  -2.7610046e-01  -4.7864468e-01
   2.0000000e+00   2.7025625e-02  -7.8009141e-01   1.3504630e-01  -9.0640891e-02  -1.6328317e-01  -8.4666933e-01  -6.0837387e-01   8.1003337e-01
   2.0000000e+00   4.0961051e-01   1.7538465e+00   4.7173414e-01   1.7387925e+00  -7.9853767e-01   1.2019226e+00   2.4636990e-01   2.0905709e-01
   2.0000000e+00  -9.3092519e-01  -5.6626018e-01  -1.5458277e+00  -1.0510162e-01   1.4668289e-01   2.8400594e-01  -1.0715267e+00  -3.5207931e-01
   2.0000000e+00  -1.1591729e+00  -9.2948624e-01   3.6128675e-01   1.5332669e+00   9.9561101e-01   9.7184439e-01   5.3609688e-01  -2.3667797e-01
   2.0000000e+00   4.3737937e-02  -2.0656955e-01  -6.0757684e-01  -2.6986392e-01  -1.0353314e+00  -1.0127569e-01  -9.6934643e-01   7.9105380e-01
   2.0000000e+00   1.9071245e-02   3.9471183e-01   1.0219401e+00  -7.2766367e-01   1.7092722e-01   1.0449224e+00  -4.2096830e-01   7.4719626e-01
   1.0000000e+00   1.0096719e+00  -9.1738099e-01   1.6463895e+00   8.9934110e-01   1.0939415e+00  -3.5170208e-02   4.8404116e-01   4.1563338e-02
   2.0000000e+00   2.1529557e-01  -4.6557092e-01  -7.2047484e-01  -7.1793979e-01   5.4292632e-01  -1.4945555e-01   9.7236308e-02   9.3082004e-01
   2.0000000e+00  -1.0643736e+00   3.4437363e-01   1.4571960e-01  -9.6305552e-01   3.9065769e-02   2.4486126e-02  -3.6115484e-01   1.0588815e+00
   2.0000000e+00  -5.5052196e-01   5.0086718e-01  -1.2746586e+00   1.4533543e+00  -1.7128522e-01  -1.9612498e+00  -1.4086689e+00  -8.8804522e-02
   2.0000000e+00  -3.5364684e-01   4.2031883e-01  -1.5556901e-01   1.7397803e+00  -8.1745405e-01   9.6646362e-01  -1.3002188e+00   2.1441863e+00
   2.0000000e+00  -2.1825423e-03  -6.6954415e-01  -2.0301471e-01  -8.4989099e-02  -9.4999660e-02   2.1930755e-01   1.6806010e+00  -6.6268177e-01
   2.0000000e+00  -5.7205788e-01  -9.9364520e-03   3.9264494e-01  -2.2952573e-01   1.0480734e+00  -2.3000824e-01   5.0286511e-01   8.3556100e-01
   2.0000000e+00  -1.5030886e-01   1.4108751e-01   2.0402484e+00  -2.3952476e-01   7.6356936e-01  -1.3438000e+00  -8.5424745e-02   1.7798514e-01
   2.0000000e+00  -1.8689868e+00   7.4360899e-01  -4.7905445e-01  -1.7770046e+00  -8.8288098e-01  -1.8887096e+00   2.9815302e+00   1.5215818e-01
   2.0000000e+00   1.7566018e+00   5.5270083e-01  -1.1993139e+00   1.2896397e+00   1.6722927e+00  -1.5981049e+00  -1.9588517e-01  -4.4978913e-01
   2.0000000e+00   1.5953660e+00  -1.9352756e-01   1.1148101e+00  -2.3127576e+00   5.1213515e-01  -1.3819577e+00  -2.2754058e-01  -1.3061330e+00
   2.0000000e+00   1.2934959e+00  -8.5506698e-01  -7.0319667e-01   1.7675001e-01   2.6185762e+00  -1.6883056e+00   2.6840240e-01   5.2533758e-01
   2.0000000e+00   1.0823977e+00   1.4656832e-01   1.1371063e+00   1.0668833e+00  -1.5459515e-01  -2.4493602e-01   1.8050293e-01   4.3995672e-01
   2.0000000e+00   5.9808211e-02  -1.4683799e-01   7.3964819e-01   1.2909381e+00  -4.0072723e-01   9.0282098e-01   1.5251814e+00   8.3470545e-01
   2.0000000e+00  -5.7199188e-01   1.6031937e-01  -1.1526546e+00  -1.2783301e+00   1.8274216e-01   2.2941184e-01   6.8738979e-01  -5.3750581e-01
   2.0000000e+00   2.5978424e-02   5.4444053e-01   1.6954431e+00   1.5596661e+00   1.7536162e+00  -2.3472768e-01   1.4360376e+00   1.3334084e+00
   2.0000000e+00   4.5947989e-01  -6.7790689e-01  -6.0213703e-01   4.4961151e-01   1.3672025e+00  -4.0125369e-01   7.0568450e-02  -2.1120555e+00
   1.0000000e+00   6.5736394e-01  -3.6008790e-01   2.9692584e+00   7.5046941e-01   3.0148336e-01  -5.8624964e-02   2.8239883e-01  -4.4352460e-01
   2.0000000e+00   2.2684220e+00  -8.9614535e-01   1.9544784e-01   8.8910036e-01  -2.2217727e+00  -2.7758550e-03   1.2306345e-01  -1.7114515e-01
   2.0000000e+00  -6.4487208e-01  -2.6432689e-01  -2.4574952e-01  -5.7516294e-01   7.2841765e-01   1.0279030e+00  -8.1083898e-01  -8.6301114e-02
   2.0000000e+00   2.4177500e-01   4.4710294e-01  -3.1751307e-01   6.6117182e-01  -1.5042046e-01  -5.3474575e-01  -1.2154539e+00   1.9081306e+00
   2.0000000e+00  -1.0982198e+00  -3.6517370e-01  -1.0366350e+00   1.7730758e+00  -2.3390823e+00  -1.7027494e-02   1.1871401e+00  -1.0779787e+00
   2.0000000e+00  -1.4678492e+00  -3.3932538e-01   2.8696389e-02  -8.3214777e-01  -8.4170651e-01   3.8470394e-01   4.5423937e-01  -8.0597368e-02
   1.0000000e+00   7.4039222e-02   1.4793055e+00  -1.2083248e+00   8.8766619e-01   1.1643164e+00  -6.2530615e-01   4.3752965e-01   1.9859037e-01
   2.0000000e+00   3.7731561e-01   1.1325458e+00  -2.9773923e-01  -1.2213226e+00  -8.6057699e-01  -1.2906986e+00  -9.1620841e-01  -1.2878018e+00
   2.0000000e+00   2.3173821e-01   1.3862593e+00  -2.5891801e-01  -1.3812084e-01   4.9658026e-02   3.2400573e-01  -1.1268181e+00  -1.5083294e+00
   2.0000000e+00   2.8307105e-01   1.0213863e-01   6.8094159e-02  -7.8501769e-02   3.0678604e-01  -5.9509745e-01  -1.1926780e+00   9.8250670e-02
   1.0000000e+00   5.6707827e-01  -5.3189037e-01  -1.9247573e+00   3.9706168e-01  -6.2313009e-01   8.9342099e-01  -5.5257091e-01   2.9072143e-01
   2.0000000e+00   6.2767548e-01  -9.9667858e-02  -3.5736338e-01  -1.3474823e+00  -3.3106262e-01  -1.0887916e+00   4.5518975e-01   1.8104217e-01
   2.0000000e+00   1.1546832e+00  -2.0348781e+00   1.1619265e+00  -3.4012009e-01   6.4752591e-01   1.0311887e+00  -1.3583735e+00   8.2473913e-01
   2.0000000e+00  -1.0474474e+00   2.0526335e-01   1.6094694e-01   1.1787609e+00  -2.5037170e-01   3.6220297e-01   1.5238502e+00  -2.6372132e-01
   1.0000000e+00  -5.7958866e-01  -4.1493747e-01  -5.6089489e-01   2.1201154e-01   1.6897328e+00  -2.1882947e+00  -1.3571176e+00  -1.8912223e-01
   2.0000000e+00  -1.7681359e+00  -1.3816227e+00  -1.6889804e+00  -1.0485351e+00   4.5232531e-01   1.7497825e+00  -3.6754737e-01  -3.8679172e-01
   2.0000000e+00  -1.6063347e+00  -2.9181764e-01  -6.0263696e-01  -4.8887436e-01  -7.9010274e-01   1.2582949e+00   1.8840770e+00   2.5560395e-02
   2.0000000e+00  -1.4776686e+00   7.1950689e-01  -4.0057894e-02   1.7052170e+00  -2.3712575e-01  -2.1727825e-01   1.0868374e-01   3.4983963e-01
   2.0000000e+00   1.4112687e+00  -6.5715590e-01   3.1054302e-01   1.3369827e+00   9.0159048e-01  -1.1839516e+00   1.5797869e+00  -9.0078100e-01
   2.0000000e+00   4.5729728e-01   5.5236862e-01   1.2180416e+00  -4.9274067e-01  -1.3062432e+00   6.0998535e-01  -4.6431293e-02  -9.0992621e-01
   2.0000000e+00  -4.5004307e-01  -1.3080611e-01   6.4027992e-01  -1.1324595e+00   6.4854258e-01   1.3574474e+00   6.2688977e-02   3.1192649e-01
   2.0000000e+00   1.4194873e-01   7.2433728e-01   3.5008862e-01   3.1210164e+00   5.5513748e-01  -6.0327283e-01  -1.0533394e+00   7.5249274e-01
   1.0000000e+00   8.5281682e-01  -1.2268014e+00   1.0823726e-01   6.6834430e-01   1.1794158e+00   9.3337450e-01  -3.0747162e-01   4.9201980e-01
   1.0000000e+00   1.0666167e+00   1.0843356e+00   2.1504339e+00   2.6330797e-03   8.7939553e-01  -2.2023474e-01   1.2413353e-02  -8.8825502e-01
   1.0000000e+00   7.5830110e-01   8.6036096e-01  -1.4076150e+00   4.8381396e-02   1.1079009e-01   5.2934924e-01   5.2674652e-01   3.4013929e-02
   2.0000000e+00  -3.2240555e-01  -2.7321412e+00   7.1213865e-01  -2.7058988e+00  -1.6376843e+00  -4.8956863e-01   7.1913223e-02   8.1088508e-01
   2.0000000e+00  -8.5203611e-01   5.7276912e-01  -2.5137145e+00   1.6266409e+00   4.7376051e-01  -4.4748731e-01  -9.3768624e-02   2.0701366e+00
   2.0000000e+00   1.2607388e+00  -2.2893489e+00  -4.8086550e-02  -1.9847108e+00  -1.0648283e+00  -1.7370855e+00  -1.7112506e+00   5.2239402e-01
   2.0000000e+00   9.0096844e-02   1.9929405e+00  -1.6740783e+00  -1.6202440e+00   5.3316144e-01   9.3013203e-02  -1.0268229e+00  -1.8485353e+00
   2.0000000e+00  -7.9698266e-01  -7.7827446e-02   7.4584475e-01   1.3210240e+00   4.3060385e-01  -5.9848721e-01  -6.6523145e-01  -1.6544859e+00
   2.0000000e+00  -4.1632049e-01   4.3133265e-01  -2.0757834e-01  -1.0217685e+00   1.2197784e+00   2.0508580e-01  -1.1031787e+00   5.4082348e-01
   2.0000000e+00  -4.3989999e-01   3.6739725e-01   1.0073800e-01   4.5890785e-01  -2.9942421e-01  -1.5691066e-01   8.4098941e-03   9.2736358e-01
   2.0000000e+00  -9.9660892e-01   1.6695230e+00  -1.6974365e+00  -2.4277894e+00   1.4582709e-01   2.2795480e-01   1.6236005e+00   9.2057244e-01
   1.0000000e+00   2.6814065e-01   2.3312012e-01   9.8813809e-01   8.2715695e-01   6.6189756e-01  -3.2739546e-01   8.6931085e-01  -3.4118128e-01
   2.0000000e+00   7.6483260e-01  -2.9242940e-01   2.4864323e-01  -8.1288055e-01   2.2887468e+00  -1.6023796e+00  -1.4611994e+00   2.6329496e-01
   2.0000000e+00   9.2238492e-01  -9.8982794e-01  -3.7938238e-01  -1.3301133e+00   2.2691544e+00  -2.9557341e-01   3.5726467e-01  -4.4718871e-01
   1.0000000e+00   8.2103669e-01  -1.6371774e+00  -8.8744280e-01   2.6095182e-01  -1.6797301e+00  -3.4938658e-01   7.4009939e-01  -1.6359542e-01
   2.0000000e+00   2.7062759e-01   2.1851606e-01  -1.0081630e-02  -1.2524376e+00  -1.9333996e-01  -3.4886917e-01   9.4990503e-01   1.8772085e-01
   2.0000000e+00   2.7320165e+00  -1.5436589e+00   6.6277438e-01  -3.4851004e-03  -1.1943409e+00   3.4397262e-01   2.6023849e+00  -3.3037752e-01
   2.0000000e+00  -1.0785068e-01  -1.3705521e+00   1.1394781e+00   9.8971752e-01   3.4069357e-01  -7.5066456e-01  -1.1882213e-01  -1.1634952e+00
   1.0000000e+00   1.3161633e+00  -1.7458217e+00   1.3513385e-01   4.6864305e-01  -4.8911646e-02   2.1620405e-01  -1.9815431e+00   7.3762379e-01
   1.0000000e+00  -8.9484968e-01   9.2182933e-01  -7.4447213e-01   1.7908298e-01   6.5030902e-01   1.4801823e+00  -1.7240036e+00  -8.3949009e-01
   2.0000000e+00   9.5965236e-01  -1.2080000e+00   6.5019305e-01   7.0061144e-01   5.2891190e-01   1.3272141e+00   5.8674163e-01   1.3301528e+00
   2.0000000e+00  -2.6449749e-01  -2.5263563e-01  -2.9108459e-01  -1.0017318e+00  -7.4902636e-02  -5.7440651e-01  -1.3878993e+00  -1.0173126e+00
   2.0000000e+00   4.9233461e-01  -2.6052510e-01   1.1784759e+00   1.1858205e+00   4.0052600e-01   1.8371584e+00  -6.8179935e-01   1.6223119e+00
   1.0000000e+00  -3.7144531e-01  -5.9270191e-02   1.5056326e-01   4.3058971e-01  -8.1103724e-01  -1.9565590e+00  -5.2114300e-01  -6.7916300e-01
   2.0000000e+00  -8.3833202e-01  -1.2803592e+00   6.2230524e-01   8.3742174e-01  -8.9646260e-01   5.2871659e-01   4.8058541e-01  -1.4571630e+00
   2.0000000e+00  -1.7008418e+00   2.2182369e+00   1.5560988e+00  -1.8905894e-01   6.8965899e-02   1.2577779e+00   5.0476866e-01   7.4185858e-01
   2.0000000e+00  -1.7256908e+00   4.4716272e-01   5.1680662e-01   2.1762372e+00  -1.2242751e+00  -1.1402124e+00  -1.4061320e-01   1.3680418e+00
   2.0000000e+00  -6.3756994e-01  -2.7418066e-01   4.7550703e-01   7.0783326e-01  -3.2788145e+00  -2.4924378e-01   2.0950330e-01   4.7360202e-01
   2.0000000e+00   8.3691463e-01   1.5063737e+00   4.7208844e-01  -8.4644710e-01  -1.0734173e+00  -1.5429523e+00  -1.3945136e+00   3.6711427e-01
   1.0000000e+00  -1.7270214e+00   1.5681384e+00   4.7225320e-01   3.2547665e-01  -4.7359515e-01   3.2084590e-02  -7.0260269e-01   6.0837209e-01
   1.0000000e+00  -1.0494846e+00  -1.3647457e+00   1.3538955e+00   1.6513790e-01   6.2789294e-01  -1.0176473e+00   3.7360544e-01  -3.5208857e-01
   2.0000000e+00  -1.7017652e-01   2.8160899e-01   8.2106855e-02  -6.9783643e-01  -6.8424297e-01   3.6430363e-01   1.1429608e+00   7.0855843e-01
   2.0000000e+00   1.7537796e+00  -1.1115961e+00  -1.1653872e+00  -6.7294538e-01  -4.5362702e-01  -3.7665731e-01   1.4682914e+00   3.5097674e-01
   2.0000000e+00   2.7857724e-01   2.0633642e-01  -4.2948695e-01   2.3857949e+00  -3.3604657e-01   6.7177505e-01   6.4857289e-01   4.9944172e-01
   2.0000000e+00  -1.1389865e+00  -9.8308531e-01  -7.3431911e-01  -5.0120388e-01  -1.4983839e+00  -5.2171363e-01   1.1763088e-01  -8.9509499e-01
   2.0000000e+00   1.6145973e-01  -1.0342222e-01  -9.6722581e-01  -2.7347992e-01   3.7111836e-01  -6.4726601e-01  -1.9283074e+00   2.0162581e+00
   2.0000000e+00  -9.0347424e-01   6.2525399e-01  -9.2591206e-01  -8.5240262e-01   1.3144495e+00  -6.0113448e-01  -4.2269290e-01   9.2114947e-02
   2.0000000e+00  -2.6153359e-02  -1.1137750e+00   7.2261257e-01   1.0804875e+00  -6.9979873e-01  -1.5657307e+00  -4.5188708e-01  -9.5841276e-01
   2.0000000e+00   1.0730840e+00  -7.4954001e-01   5.4112920e-01  -4.4286253e-01   6.1159592e-01  -5.3699765e-02   4.9738227e-01  -3.3530530e-01
   2.0000000e+00  -2.6161650e-02  -4.6190705e-01  -1.8420981e+00   1.8815456e-01  -2.3897904e+00   1.7868670e+00   3.4456630e-01   1.0884278e+00
   2.0000000e+00   1.7639442e+00  -3.1799889e-01  -4.6969591e-01  -3.0566623e-01   2.3935242e-01  -1.7192799e+00  -1.1897416e+00  -2.0204445e-01
   2.0000000e+00  -2.4712805e-01  -1.2615389e+00  -1.8700860e+00   3.5423865e-01  -1.1088744e+00   5.9524795e-01  -2.0238550e+00  -1.4675588e+00
   1.0000000e+00   5.4777974e-01  -2.3361701e-01  -1.5289370e+00   1.6766710e-01   5.0218685e-01  -2.3253446e+00   2.7044899e-01   9.3890805e-01
   2.0000000e+00  -4.2914658e-01   6.3920775e-01   8.3326169e-02  -2.8741183e-01   1.3331250e+00  -4.8671880e-01   5.6937770e-01  -1.9859311e+00
   1.0000000e+00  -9.8122365e-01   7.7219345e-01   5.7412388e-01   6.8804918e-01  -4.6794479e-01  -4.7275302e-01   7.5664792e-01  -3.3333423e-01
   1.0000000e+00   3.0807304e-01  -1.5226530e+00  -7.2875605e-01   3.9962907e-01   7.1130302e-01  -8.0887922e-01   1.1158658e+00  -2.0527450e-01
   2.0000000e+00  -6.4616576e-01  -1.5878315e+00  -9.0486106e-01  -6.9531481e-01   2.0666933e+00  -3.1523837e-01  -3.6151029e-01   2.3573942e-01
   2.0000000e+00  -1.1201089e-01  -1.3113312e+00   3.9800373e-01   2.6174415e+00  -1.8858370e-02  -8.1744934e-01   5.1503388e-01  -1.1927825e+00
   2.0000000e+00  -4.8453478e-01   4.1221735e-01  -8.1234101e-01  -1.5504449e-01  -1.4545983e+00  -1.6339361e+00  -2.9083666e-01  -1.2951654e+00
   2.0000000e+00   7.3526881e-02  -9.1012517e-02  -8.8791687e-01  -2.1525628e+00   3.6370078e-01   8.9957818e-01  -1.0096422e-02   1.0264521e+00
   2.0000000e+00   8.8439940e-01  -6.0864627e-01  -9.0457517e-02  -1.6620861e-01   1.4765716e+00   1.3588187e-01   5.8868538e-01   1.1496654e+00
   2.0000000e+00   4.2018715e-01   2.0789440e+00  -5.3061465e-01  -7.9329705e-01  -1.1560115e-01  -2.4158506e-01   1.7507323e+00  -2.3852242e-01
   2.0000000e+00   4.5366857e-01  -8.2704626e-01  -2.9202193e-01   1.5932152e+00  -1.6850443e+00  -7.6385996e-02  -9.9622738e-01   2.9660517e-01
   1.0000000e+00  -1.4519802e-01  -1.1323485e+00  -3.0401248e-01   1.7851049e-01  -8.1781823e-01  -6.3374102e-01  -7.7095884e-01   8.9134462e-01
   1.0000000e+00  -5.0214871e-01   2.5005686e+00   1.2270918e+00   1.6889233e-02  -9.7913767e-01  -1.1507996e+00  -4.4671036e-01   8.9315815e-01
   2.0000000e+00   4.1224654e-01   2.2953296e-01  -1.0138483e+00   1.3197103e+00  -7.3271570e-01  -6.9010400e-01   1.9093632e-01   3.6844832e-02
   2.0000000e+00  -1.3150865e-01   1.1960847e+00  -5.9273092e-01  -1.5101058e+00  -1.2499622e+00  -1.1689673e+00  -4.0273075e-01  -1.6571256e-03
   2.0000000e+00   1.2504637e+00  -9.3891405e-01  -7.4464473e-01  -1.6217314e-01  -2.6973246e-02  -4.7060782e-01   7.1283779e-01  -1.4160606e+00
   1.0000000e+00   8.3215792e-01   8.4430152e-01   1.5761145e+00   1.3282800e-02   9.0431497e-02   5.9726441e-01   1.0725209e+00   4.0322248e-01
   2.0000000e+00  -1.0393993e+00  -8.7991622e-01   2.8546244e-01   1.3379086e+00  -8.7011087e-01  -1.6980277e+00   8.6809142e-01   1.9135339e+00
   2.0000000e+00  -8.6956828e-01  -5.6111064e-02   7.1939564e-01   9.0209357e-01  -2.0747046e-01   4.1173817e-01   1.1329780e+00   1.5432607e+00
   1.0000000e+00   5.1947820e-01   4.2146754e-01  -1.0415214e+00   2.3857907e-01  -1.2193756e+00  -9.6988895e-02  -1.5470634e+00   3.4384262e-01
   2.0000000e+00  -1.2575344e+00  -1.0774107e+00  -6.3930916e-01   6.1064660e-01   1.2397638e-01   6.2861815e-01   7.8700926e-01  -1.9976174e+00
   2.0000000e+00  -8.4699058e-02   2.9206165e-01  -9.9696580e-01   1.1457932e-01   5.5628275e-01   1.3697487e+00  -7.6742931e-01   1.1621917e+00
   1.0000000e+00   1.8826929e-01   1.0596725e+00   6.7976839e-01   8.6251159e-01  -7.2273283e-03  -1.6917777e-01   1.5885148e+00   4.3569463e-01
   2.0000000e+00   5.1210778e-01   1.6197174e+00   3.2612977e-01   1.0703027e+00   1.2100464e-01  -1.1902580e+00  -1.5125309e+00  -1.7211833e-01
   2.0000000e+00   2.1015388e+00   3.3513663e-02   8.4769221e-02   9.2566976e-01  -1.1099419e+00   5.2654306e-01   1.6785592e+00  -6.1107830e-01
   2.0000000e+00  -6.6043364e-01   5.7334069e-01   1.3242882e+00   3.8824870e-01  -2.2310724e+00   2.7252715e-02  -6.7420228e-01   1.6258395e+00
   2.0000000e+00  -4.1818112e-02  -4.3575011e-01   1.2477888e+00   1.5237382e+00   1.2248077e+00  -1.3808538e-01   8.0470641e-02  -8.3075969e-01
   2.0000000e+00   2.2515789e-01   2.0378300e-01  -6.7739940e-01   1.6180688e+00   7.3953620e-01  -1.6809546e+00   2.7211799e-01  -9.8488644e-01
   2.0000000e+00  -2.8445799e-01   8.8859591e-01   1.1030815e-01  -1.1398712e-01  -1.6252574e+00   9.3439673e-01   1.2079839e+00   5.8838136e-01
   1.0000000e+00   1.7818665e+00  -5.1826364e-01  -1.1069832e+00   7.1898368e-01  -1.5451005e-01  -1.5930940e+00  -1.8773442e+00  -5.0420104e-01
   2.0000000e+00  -9.9983204e-01  -7.0593954e-01  -5.7562594e-01   9.9871938e-01   6.3793324e-01  -2.1975627e-01  -7.8281038e-02  -1.3559506e-01
   2.0000000e+00   1.5618226e-01  -1.5743256e+00   1.3231979e-01   2.1085519e+00  -4.8305659e-01   1.2120812e+00   9.5384166e-02  -7.1583011e-01
   2.0000000e+00  -1.1801753e+00   1.7533144e+00  -2.4679227e-01  -1.2719185e+00  -8.4402525e-01  -6.1511557e-01   1.5437780e-01  -4.7377124e-01
   2.0000000e+00  -1.6488219e+00   4.4676932e-01   1.6049910e+00  -2.0619502e-01  -4.4922179e-01   1.3824534e+00   2.9505215e-01  -7.9290570e-01
   2.0000000e+00  -7.9137776e-02   1.5211061e+00  -1.2025313e+00  -1.2306741e+00   9.4008466e-01   6.7417158e-01   7.4669309e-02   1.3209459e+00
   2.0000000e+00  -5.6484222e-01   1.9208834e+00  -1.4423958e+00   9.8041802e-01   2.8134773e-01   3.2615651e-01  -1.4502000e+00  -9.4878000e-01
   1.0000000e+00  -4.7094823e-01  -6.2080145e-01   1.4811729e+00   9.6799168e-02   3.8291731e-01   1.3800560e+00   1.6642048e+00   8.8415338e-01
   2.0000000e+00   2.6063007e-01   1.3114995e+00  -1.6495778e+00  -9.9097090e-02   6.3873059e-01  -4.8382322e-02   1.8459916e+00  -9.9329563e-02
   2.0000000e+00  -9.3209118e-01   4.3757470e-01   3.2454822e-01  -1.3925826e+00   2.1852134e-01  -2.2461722e+00  -9.9256383e-01  -3.6352333e-01
   2.0000000e+00  -1.4504813e+00   2.1751996e-01   2.8379784e-01   1.8723183e+00  -2.5738254e-01   7.8456817e-01   5.9885699e-01  -2.3648551e+00
   1.0000000e+00   8.1546500e-01  -2.0998699e-01   3.5017794e-01   3.7537208e-01  -6.5952836e-01   2.4950238e-01   1.0711619e+00   6.9218789e-01
   2.0000000e+00   3.6944787e-01  -4.2740976e-02  -1.1209439e+00  -2.1931556e-01   8.1506308e-01  -4.1410248e-01  -6.0336148e-01   4.8293693e-01
   2.0000000e+00  -1.6300357e-01   4.8824512e-01   1.0434373e+00   5.2713265e-01   6.9512231e-01   6.8031722e-01   4.5033433e-02  -1.1413265e+00
   2.0000000e+00  -5.0243648e-01  -9.2984250e-01  -9.7360553e-02   1.3374172e+00  -5.5642400e-01  -9.0785295e-01  -2.2172735e-01   4.4892613e-01
   2.0000000e+00   8.0690251e-01  -1.3990065e+00  -5.5203273e-01  -3.8492236e-01  -5.5545983e-01  -6.2155308e-01   3.6032305e-01  -1.7535681e+00
   2.0000000e+00  -2.6995621e-01  -2.6362859e-02   3.4422884e-01  -2.4778138e-01   1.0512968e-01  -1.4610141e+00   1.5871015e+00  -1.5967974e+00
   1.0000000e+00   1.2606684e+00  -3.1975594e-01  -7.8129459e-01   4.2443887e-01  -1.1336501e-01  -1.7120113e+00  -7.3594992e-01  -3.9120366e-01
   1.0000000e+00  -1.0758516e+00   1.0960412e+00   1.1906011e+00   5.8315224e-01   1.0121233e+00   2.8854925e-01  -4.6684699e-01  -3.2931261e-01
   2.0000000e+00   2.8120629e-01  -2.0802206e+00  -5.8007095e-02  -6.9294795e-01   1.1829572e+00   7.8094627e-01   5.8942067e-02  -1.0891384e+00
   2.0000000e+00   7.6467609e-01  -1.9589558e+00  -9.7093271e-01  -5.7953601e-01   1.5748929e-01   7.1647704e-01   8.6375697e-02  -5.6107240e-01
   2.0000000e+00  -1.2806938e+00   6.9404236e-01   1.4386388e+00  -1.0103694e-02  -4.4223377e-01  -1.1818028e+00  -4.1818748e-01   1.1451823e+00
   2.0000000e+00   1.2729905e+00  -8.4347071e-01   7.0871696e-01  -8.2047449e-01   1.0469598e+00   2.1404950e-01   2.7485261e+00   1.1444674e-01
   2.0000000e+00   1.0015441e+00   1.7596607e-01  -1.3285624e+00  -4.6069414e-02  -1.5684754e+00  -7.4611445e-01   1.0202234e+00   3.0414884e-01
   2.0000000e+00   1.1046738e-01  -8.6353262e-01  -1.1089310e+00  -1.2062745e-01  -9.8956063e-01  -2.8879991e-01   2.8517355e-01   2.3812383e-01
   1.0000000e+00   1.3264291e+00  -2.3230578e-01  -4.3686179e-01   4.9670724e-01   6.3126581e-01  -3.1981173e-01   9.5378227e-01  -6.3327987e-01
   2.0000000e+00  -1.1604432e+00  -2.3800575e-01  -3.2788304e-02  -3.9534749e-01   1.3423395e+00  -4.4834275e-01  -1.1069170e+00  -5.7262608e-01
   2.0000000e+00  -2.7831211e+00  -1.0913663e+00  -9.5469784e-01  -3.2691944e-01  -1.0942751e+00   1.7272766e+00  -1.1017407e+00   5.4101271e-01
   2.0000000e+00  -1.4788810e+00  -1.8534830e+00  -7.2231914e-01   1.4865790e+00   1.5292521e+00  -2.7305210e-01   3.7264122e-01   2.0455472e+00
   1.0000000e+00  -5.2720716e-01  -7.6346961e-01  -9.7905206e-01   2.2131295e-02   1.3073073e-01   8.0060495e-02  -7.4771746e-01   7.4980059e-01
   2.0000000e+00  -6.3627361e-01   1.4541335e+00   1.4590283e+00   3.8492094e-01   1.4203701e+00  -7.3977379e-01  -1.5271321e+00  -1.3603925e+00
   2.0000000e+00   1.3612874e+00   3.5876706e-01  -8.8524801e-01   2.2467731e+00   1.1928399e+00  -1.0903348e+00  -2.1975599e+00  -2.3941218e-02
   2.0000000e+00  -6.7211611e-01   1.4650532e+00   3.2423849e-01  -2.9094779e-01   2.1272648e+00  -3.9725947e-01   1.5435022e-01   1.8249715e+00
   2.0000000e+00  -8.9048149e-01  -1.5299860e+00  -8.0199891e-01  -1.1460345e+00  -3.1062723e-01   2.4952536e-01  -1.6072421e+00  -2.5476804e-02
   2.0000000e+00  -6.8366460e-01   1.3144447e+00  -8.9967197e-01  -3.4749163e-01   5.7820985e-01   8.9451466e-01   1.1520192e+00  -5.9949324e-01
   2.0000000e+00   1.4232545e+00  -2.9249402e-01  -1.0337571e+00  -1.3759333e+00   7.3163583e-01  -1.0510206e-01   1.5418223e+00  -1.0157775e+00
   2.0000000e+00  -1.8295647e-01  -1.4065647e-01   1.0731885e-01   1.5484960e+00  -5.0273360e-01   1.5021746e+00  -1.1745323e-02  -1.4308728e-01
   2.0000000e+00  -7.4930930e-01   8.4451444e-01  -1.4453084e+00  -5.2067693e-02  -5.7298749e-01  -3.9341820e-01   6.5740935e-02  -1.5829469e+00
   2.0000000e+00  -1.1475559e+00  -7.4358734e-01  -7.2644868e-01  -1.5416329e+00   1.6902151e-01   5.2864315e-01  -1.3957154e+00   1.4635391e-01
   2.0000000e+00  -2.4290249e+00  -6.0824093e-01  -2.9855921e-01  -1.8336366e+00   1.5741495e+00  -8.8041001e-01  -2.5503082e+00   9.9409066e-01
   2.0000000e+00  -2.0410712e-02  -1.4327324e+00   1.9736196e+00   6.7451409e-01  -6.0307224e-01  -2.5544451e-01  -1.7569895e+00   9.6890330e-01
   2.0000000e+00  -1.4874696e-01  -5.0983197e-01   1.8273383e+00  -1.9854002e-01   7.9543988e-01   1.4360903e+00  -5.3876894e-01   5.7712355e-01
   2.0000000e+00   3.8003795e-01  -4.9205038e-01   5.7483100e-01   1.8675581e+00   3.1406282e-01   1.1584604e+00   1.2549053e+00  -1.2408976e+00
   2.0000000e+00   1.2715554e+00  -1.0788506e+00   9.7546798e-01  -4.0519974e-01  -1.6221554e+00  -2.0558378e-01   4.5661101e-01   1.3120272e+00
   1.0000000e+00  -1.7194117e+00  -1.5738211e+00  -7.3377192e-02   5.7931145e-01  -3.3275442e-01   9.9976342e-01   4.7241510e-01  -3.9803871e-01
   2.0000000e+00  -3.7118173e-01  -1.7722640e+00  -2.6758612e-01  -2.5592451e-01  -1.5049261e+00  -1.2280329e+00  -1.9545110e+00  -1.4193886e-01
   2.0000000e+00  -8.6565504e-01   3.4710214e-01   6.3795622e-01   9.1479108e-01   7.5051257e-01   3.3778617e-01  -8.6759379e-01  -4.3461195e-01
   2.0000000e+00  -5.2106031e-01   8.8948178e-01  -9.2227651e-01  -7.2524425e-01  -4.7797799e-01  -1.2938361e-01   1.7300382e-01   9.4598086e-01
   2.0000000e+00  -4.6192985e-01   1.0337547e-02  -8.5905327e-01   1.0479753e+00  -1.0332133e+00   1.1722280e-01  -6.7909607e-01   7.1809999e-01
   1.0000000e+00  -4.1336745e-01  -4.9324557e-01   4.6375305e-01   1.1379731e-01  -1.4402092e+00   1.2219455e-01  -1.3488113e-01   3.1606840e-01
   2.0000000e+00  -2.1310052e-01   3.6720768e-02   8.2103194e-01  -1.4453509e-01   1.2765570e+00  -1.6740666e+00   1.4857814e+00   2.2809366e-01
   2.0000000e+00  -3.3382919e-02  -7.1962077e-01  -2.7536860e-01  -9.8623027e-01   9.5256117e-01  -3.5699452e-01  -8.9374615e-02  -7.4221554e-01
   2.0000000e+00   7.4552910e-01  -8.5358697e-01  -1.6486761e+00  -1.9331359e-01  -3.4965110e-01   6.2996950e-01  -1.2805005e-02   4.0855367e-02
   1.0000000e+00  -7.5223513e-01  -2.3043894e-01   4.0649106e-02   1.7170988e-01  -9.0427096e-03   8.6970688e-01   5.9745784e-02   2.2978563e-01
   2.0000000e+00   1.3774631e+00  -1.1674848e+00  -1.2952550e+00  -5.9819249e-01  -8.7923203e-01   1.3062553e+00   2.4767559e+00  -9.3587997e-01
   2.0000000e+00  -1.4705451e+00   1.0529200e+00   1.1212306e+00  -9.1710531e-01   1.7300816e+00   9.5036069e-01   8.1755552e-01   4.5046456e-02
   2.0000000e+00  -6.4434750e-01   8.9690621e-01   2.5020364e-01   9.5153111e-01  -3.8286052e-01   8.0018351e-01   9.6210699e-01  -7.7191165e-01
   2.0000000e+00   3.1965836e+00   2.7775350e-01   1.1494145e+00   1.5919151e+00  -3.4428924e-01  -4.9214925e-01  -1.0241654e+00   8.0305779e-01
   2.0000000e+00   4.7394639e-01   1.3053173e+00   5.0668897e-01   1.6400397e+00   8.2732511e-01  -1.0216508e-01  -5.6368175e-01  -1.3445066e-01
   2.0000000e+00  -4.1612789e-01   9.2515423e-02   1.9846148e+00  -4.7373411e-01  -8.7636867e-01   1.3665803e+00  -1.3629570e+00  -5.7086516e-01
   1.0000000e+00   9.0996264e-01   9.9599577e-01  -1.4649036e+00   8.9902887e-01  -7.0697085e-01   2.9348912e-01  -6.0309445e-01   2.0953534e-01
   1.0000000e+00   2.7117106e-01  -1.3194827e+00  -1.1573433e+00   4.1969743e-01   8.6678843e-01   2.8610906e-01   1.6362183e+00  -5.1936714e-01
   2.0000000e+00   5.5922034e-01  -4.5022848e-01  -2.4366152e-01  -5.1634488e-02  -1.2763504e-01  -1.9483747e-01   2.8239745e+00  -1.3259750e+00
   2.0000000e+00  -3.4038401e-01  -1.7652889e-01  -1.3762954e+00  -6.6965773e-01  -4.4997231e-01  -4.0378990e-01   1.6106822e+00   3.5787908e-01
   2.0000000e+00  -4.9892617e-03  -6.9498089e-01   2.3945938e-03   2.2368495e+00  -1.5313577e+00   4.7352026e-01  -6.4477373e-01   1.2166860e+00
   2.0000000e+00  -3.7992639e-01  -4.9317117e-01  -4.2560277e-01  -4.2747688e-01   1.8849788e+00   2.3711934e+00   5.2320331e-01  -9.6136033e-01
   2.0000000e+00   1.2129983e+00   1.1916571e+00   1.3582654e+00  -7.3986996e-01  -8.4881872e-01  -1.3534375e-01   1.2633538e+00  -4.6326126e-01
   2.0000000e+00   1.4763540e+00   7.0174309e-01  -1.7397394e+00   9.8451050e-01   1.5475946e+00   3.5951927e-02  -5.4347462e-01  -1.2105212e+00
   2.0000000e+00   1.6040008e-01   7.3647658e-01   1.0827500e+00   1.1530226e+00   6.3082128e-01   1.4097558e+00   7.7405199e-01  -1.1507332e-01
   2.0000000e+00  -2.7702299e-01   1.5307426e-01  -1.2423896e+00  -7.8117532e-01   2.0839199e-01   3.4560674e-01   1.1687562e-01   8.7866307e-01
   2.0000000e+00   9.1266385e-01   3.8092054e-01  -1.9025470e+00  -4.6439433e-01  -4.2296495e-01   5.0104661e-01  -3.2051569e-02   1.9936357e-01
   1.0000000e+00  -2.6334479e-01  -5.2270791e-01  -1.7326074e-01   1.4381643e-01  -1.5475776e+00  -6.7371331e-01   7.6710986e-01   1.3135280e-01
   2.0000000e+00   9.3087220e-01   2.9709017e-01  -6.8062653e-01  -1.4200246e-01   6.0933906e-01  -1.1059886e-01  -1.5431972e-01  -1.7962403e+00
   2.0000000e+00  -8.1656862e-01  -1.5790181e+00   1.0186178e+00  -5.2801234e-02  -7.2774255e-01  -1.3652666e+00   8.2827278e-01  -1.2873162e-01
   2.0000000e+00  -1.2027954e+00   3.9176132e-01   5.0639712e-01  -2.6181710e+00   5.0753834e-01  -1.0416811e+00  -1.2584425e+00  -6.8250320e-01
   2.0000000e+00  -5.9135914e-01  -3.4266285e-01   7.6448083e-01   8.0408863e-01   5.9262662e-01  -3.5139621e-01   1.3680872e+00   9.7205609e-01
   2.0000000e+00  -7.3871630e-01   6.8269121e-01   8.9166835e-01  -1.6559967e+00  -7.3403816e-01  -8.8220533e-01  -5.3435899e-01   5.7280700e-01
   1.0000000e+00   2.3472143e+00   2.5833257e-01  -1.9203015e+00   8.9825673e-01  -5.6326868e-01   1.2428260e+00  -4.3750413e-01   4.3908715e-01
   2.0000000e+00   2.4640182e-01  -1.6567771e-01  -1.4549440e+00  -1.3323753e+00   7.6092115e-01   8.5173908e-02   1.2612364e+00  -3.6855563e-01
   2.0000000e+00  -2.2997937e+00   4.9909918e-01   9.7451231e-01  -1.3090815e+00  -7.1944798e-03   1.1019664e+00  -1.4871297e+00  -3.4189167e-01
   1.0000000e+00  -1.0968585e+00   1.5202657e+00   7.9933604e-01   4.9573368e-01   1.7932703e+00   9.7937440e-01  -8.2824570e-01  -1.4246121e-01
   2.0000000e+00  -6.8712690e-01  -4.8007389e-02  -1.7684131e-01   1.7587750e-01  -5.2598515e-02  -6.7362514e-02   9.5108680e-01   1.2001609e+00
   2.0000000e+00   1.2874708e+00   5.9975164e-01  -5.1092710e-01  -5.1048463e-01  -3.4046789e-01  -4.1544186e-01   1.5898319e-01   7.5918713e-01
   2.0000000e+00   5.7700050e-02  -2.8902687e-01  -4.8801703e-01  -2.1939963e-01  -1.0458604e+00  -5.2214485e-02  -1.9039482e+00  -1.5089383e+00
   2.0000000e+00   1.1161014e+00   2.3977818e-01  -3.9759826e-01  -2.8806845e-01  -1.2705872e+00  -9.9857685e-01  -7.4253892e-01  -1.6784880e+00
   2.0000000e+00   1.5684348e+00   9.4299956e-01  -2.0320795e+00   1.1622768e+00   7.0608040e-01  -3.6056012e-01   1.0674921e+00  -3.9793236e-02
   2.0000000e+00   7.7403838e-01  -1.3369797e-01   1.1055350e+00  -1.3436343e-01   1.0692115e+00  -2.6138103e-01   8.5664621e-01   4.4185153e-01
   2.0000000e+00   1.0823341e+00  -1.1556238e+00  -2.2584262e+00   2.0731269e-01  -7.3642472e-01   9.8860024e-01   2.9940928e-01   1.3363205e+00
   2.0000000e+00   4.0572253e-01   6.9691517e-01   8.2210354e-01  -1.8719276e+00  -1.0220411e+00  -3.3065141e-02  -2.3899241e-01   8.5376493e-01
   1.0000000e+00   2.0689530e+00  -2.0653305e+00   2.2487864e+00   8.4004193e-01   7.7050972e-01   5.9734995e-01  -1.1064181e+00  -1.9781080e-01
   1.0000000e+00   3.7883648e-01   1.6917782e+00   1.0627061e+00   1.2327962e-01   8.6696830e-01   1.5510364e-01   1.9222346e-02  -2.3152890e-01
   1.0000000e+00  -1.4051530e+00  -1.5389280e+00   4.7099480e-01   7.1251197e-01  -4.8489702e-01   1.7772303e+00   2.1532535e-01   3.5068368e-01
   2.0000000e+00   7.4501652e-01  -5.9662623e-01   4.6897808e-01   2.1281275e+00   4.7978034e-02   3.5377380e-01  -8.0090569e-01  -3.9501301e-01
   1.0000000e+00  -9.1736925e-01   4.5998634e-01  -6.5073590e-01   6.5623155e-03   1.3214060e+00  -7.9732115e-01  -1.5208608e+00  -7.1272676e-01
   2.0000000e+00  -6.0582645e-01  -1.0403148e+00   6.5983812e-02   1.3139833e+00   1.0681166e+00   1.0501011e-01   3.6788628e-01  -1.2505729e-01
   2.0000000e+00   5.0755899e-01  -4.7656275e-01   6.3908765e-01  -5.5713799e-01   1.0560265e-01  -1.1031981e+00   1.1200520e+00  -3.4366840e-01
   2.0000000e+00  -1.4758508e+00   8.3186263e-01   2.7563593e-02  -3.5881662e-01  -1.6829726e-01   2.3358228e+00  -4.2398554e-02  -1.0635900e+00
   2.0000000e+00   3.0547164e-01   3.6015498e-01   1.8477446e-01   9.7668866e-01   4.2902003e-01   5.8881126e-01  -2.9239377e+00   7.8158524e-01
   2.0000000e+00  -6.1449165e-02   1.5683853e-01  -2.3502827e-01   7.0672352e-01   1.7689617e+00  -6.0859676e-01   1.3139239e+00   1.9117489e+00
   2.0000000e+00  -5.5404250e-01   2.7190056e-02  -9.7124828e-01  -1.4427967e+00  -7.0250429e-01  -3.2233256e-02   1.1731973e+00   5.2332659e-01
   1.0000000e+00   6.9891181e-01   8.5988375e-01  -6.0344232e-01   1.4164872e-01  -9.8208938e-01   1.6432353e+00   1.0680281e+00  -8.9230996e-01
   2.0000000e+00   1.0225272e+00  -1.6812907e-01   5.6603636e-01  -3.5267388e-01  -1.1162704e+00   8.6926600e-01  -3.7699715e-02  -1.5696094e+00
   2.0000000e+00  -3.2655114e-01  -3.5952086e-01  -4.0429452e-01  -8.6326722e-01  -1.2400186e-01   3.1139165e-01  -1.8451501e+00  -5.9465422e-01
   2.0000000e+00  -1.0296807e+00  -1.1925469e+00  -1.4975757e+00  -6.0210540e-01  -8.8074586e-01  -9.2575800e-01   4.5193054e-01   1.2102116e-01
   2.0000000e+00   1.3766790e+00   7.8996238e-01  -1.3226462e+00  -9.3036935e-01  -5.5517740e-01  -9.6840996e-01  -1.5846836e+00   2.1479378e-01
   1.0000000e+00  -4.3635154e-01  -6.7793220e-01   1.3457183e-01   3.1724069e-01   1.0751242e+00   7.2423128e-01   6.2712895e-01  -6.2289915e-01
   2.0000000e+00  -5.1058006e-01  -3.5158205e-01   7.2241569e-01  -2.9947657e-01   1.7387983e+00  -7.1639908e-01   6.3991584e-01   4.9804877e-01
   2.0000000e+00  -4.9716437e-01   1.0354657e+00  -1.8270294e+00  -1.1077834e+00  -8.2321585e-02   6.2744812e-01  -1.1371717e+00  -2.1334062e-01
   1.0000000e+00   1.4310131e-01   7.1068853e-02   1.0808064e+00   3.2244074e-01   6.9735658e-01   1.8364030e+00   7.6879343e-01   3.8430927e-01
   2.0000000e+00  -1.1986377e+00  -2.4595555e-01   5.5889857e-01  -8.7958592e-01   2.8003484e-01  -1.7224872e+00   1.2037060e+00   1.8988928e+00
   2.0000000e+00  -1.2139718e+00   3.9188454e-01   3.1767262e-01  -1.1751396e+00  -1.1890088e-02   4.4767307e-01  -1.1596429e+00  -9.1136567e-01
   2.0000000e+00   5.8693057e-01  -1.3548841e+00   5.9584575e-01   1.3907095e+00  -6.0947528e-02   6.7116311e-01   9.9043445e-01   1.9266169e+00
   2.0000000e+00  -2.1754247e+00   1.8982588e+00  -2.9827276e-01  -1.1265029e+00   1.3591380e+00  -4.5899629e-01   2.8021944e-01   1.8549684e+00
   2.0000000e+00  -2.4758222e+00  -1.3005928e-01  -6.2233649e-01  -1.9102564e-01   2.5633406e+00   9.1824498e-02   1.3575803e+00   4.7310551e-02
   2.0000000e+00  -9.0319245e-01  -7.8899386e-01  -1.1996709e-01   2.9907174e-01  -1.2105804e+00  -2.5724961e+00  -2.0019489e-01  -1.1004417e+00
   2.0000000e+00   1.0220986e+00  -2.8422027e-01  -9.7948039e-01   1.0377598e+00   6.3335149e-02   1.3752057e+00  -1.5764473e+00  -1.6337255e-01
   2.0000000e+00  -8.8745607e-01   5.3628533e-01  -3.8488984e-01   5.0952503e-01   9.0792385e-02   1.5299956e-01  -1.7261160e+00   9.2208116e-01
   2.0000000e+00  -9.7939057e-01  -7.7522812e-01  -2.6210453e-01   7.1042055e-01  -1.8583896e-01   6.6162076e-01   5.7786310e-01   9.6397510e-01
   2.0000000e+00   1.4620210e+00  -6.4221323e-01  -1.7445926e+00  -1.2506171e+00   2.1988799e-01   5.1416533e-02   1.8768791e+00   4.4955793e-01
   2.0000000e+00   1.2226002e+00  -1.3213859e+00   1.3128135e+00  -2.6380939e+00  -1.7410777e+00   1.5623586e+00   4.6335815e-01  -2.0506425e-02
   2.0000000e+00   7.5872671e-01   1.1844029e-02  -1.3184608e+00  -1.6255708e+00  -5.2272131e-01  -1.0778897e-01   4.7526796e-01  -1.0260179e+00
   1.0000000e+00   8.3957450e-01   1.1570745e+00   2.5664660e-01   2.5818176e-01   1.6210914e+00  -1.0732583e+00  -2.3784545e-01   9.5659015e-01
   1.0000000e+00   8.8469069e-01  -4.0778342e-01  -7.9000358e-01   3.6740397e-01  -5.9769398e-01   1.7755976e+00  -1.8952314e+00  -6.8951564e-01
   1.0000000e+00  -1.4918080e-01   1.3748679e+00  -1.7709417e+00   5.0821472e-01   8.3795109e-01   1.0719639e+00   1.3680234e+00   5.6425790e-01
   1.0000000e+00  -1.0086969e+00  -2.0736375e-01   8.9069034e-01   5.3033114e-01   7.7050342e-01  -1.1629497e+00  -5.8371217e-01  -1.1991981e-01
   2.0000000e+00  -1.4583661e+00   1.1084533e+00  -1.8484104e+00   4.4217800e-01  -5.1637775e-01  -2.4767930e-01  -1.6266459e+00  -1.9526498e+00
   2.0000000e+00   1.1873665e+00  -3.3188941e-01  -5.6248940e-01  -2.7704555e-01   4.6448075e-01   2.7563600e-02   3.2695124e-01   9.8354311e-01
   2.0000000e+00   2.4350915e-02  -1.2311981e+00  -4.6041141e-01  -2.5557882e-01   1.9931126e+00  -6.0170022e-01   1.4298516e+00  -6.8568088e-01
   2.0000000e+00   1.1170455e+00  -1.8704312e+00   6.4447883e-01  -1.1055829e-01   1.7894385e+00  -1.2817895e+00  -3.6203640e-01  -1.2263577e+00
   2.0000000e+00   2.0423104e-01  -6.3370374e-01  -3.8476677e-01   2.6581101e-01  -5.3167081e-01   1.2170765e+00   1.1710569e-01   1.5403604e+00
   1.0000000e+00   1.3940898e+00  -3.3639224e-01  -4.7634469e-01   1.0356983e-01   5.2577344e-01  -1.2887201e+00  -4.1027299e-01   5.4616652e-01
   2.0000000e+00   6.2569636e-01  -8.7366797e-01  -7.9534150e-01   1.0455456e+00   1.1860894e+00  -4.5460088e-01   4.3063881e-01  -1.7834563e+00
   2.0000000e+00  -5.2709275e-01  -2.0570722e-01  -9.2090244e-01  -3.8650854e-01  -8.8978776e-02  -3.1200693e-01   7.0516425e-01  -6.9911555e-01
   2.0000000e+00  -3.7067412e-01   1.5218084e+00  -1.7360793e+00  -6.6348258e-01  -1.5604377e+00  -6.7809426e-01   1.0473001e+00   2.1921576e+00
   2.0000000e+00   4.8042973e-01   1.2061387e+00   8.5211384e-01  -7.8936883e-01   6.0773313e-02   5.9716336e-01   8.6059218e-01  -4.0614513e-01
   2.0000000e+00  -6.6826091e-01   7.9963426e-01  -1.3101653e+00  -6.2283586e-01   1.5810987e+00  -1.6996005e-01  -1.5457108e+00   1.3884732e+00
   2.0000000e+00  -1.2131979e+00  -2.1962972e-01  -1.2758482e+00  -8.5289316e-02   3.9315474e-01   1.3051064e+00  -4.1755615e-01  -9.9187980e-01
   2.0000000e+00   4.6413325e-01  -1.4796272e+00  -1.5292604e+00  -1.7859512e-01  -4.2021586e-01   4.0491827e-01  -1.4362232e+00   2.1476210e-02
   2.0000000e+00  -9.0244357e-01  -1.2822568e-01   3.3055159e-01   1.1468122e+00   9.5978029e-01   1.7476960e+00   6.7572218e-01  -8.7015229e-01
   2.0000000e+00   1.2575059e+00   2.3313511e-02  -1.7679754e-01   4.0064387e-01  -8.7010716e-01   7.3407993e-01   1.1963219e-01  -1.1453155e+00
   2.0000000e+00  -8.6785290e-01  -2.2381175e+00   1.1278481e+00  -3.2418402e-01  -6.1828320e-01   2.9975816e-01  -2.5957198e-01   9.7386548e-02
   2.0000000e+00  -1.2644050e-01   6.5899470e-01   5.2622499e-01   1.7007937e-02  -1.5773696e+00  -3.1183765e-01   2.0994838e-01   1.2114290e+00
   2.0000000e+00   1.4273975e-01  -2.8173506e-01  -4.6552292e-01   1.0599374e+00  -1.5897487e-01   9.0189191e-02  -3.9865352e-01  -3.0177046e-01
   2.0000000e+00  -1.3357106e+00   9.0638438e-01  -8.1943960e-01  -1.6007206e+00   3.5358446e-01   4.6093077e-01   1.5927219e+00   1.2466749e+00
   1.0000000e+00  -6.8983859e-01   2.2854974e-01  -1.2890700e-01   2.1554115e-01  -1.3819081e+00   3.9478384e-02  -5.7686601e-01  -7.9354419e-01
   1.0000000e+00   1.7662567e-03  -2.8043050e+00   4.5491268e-01   5.9535968e-01  -4.8065902e-01   7.0524926e-01  -2.2130488e+00  -7.6875715e-01
   2.0000000e+00  -3.1871750e-01  -6.1176500e-02   1.9495412e+00   1.1473895e+00   1.3347708e+00   1.0008774e+00  -1.1326990e+00  -4.1638769e-01
   2.0000000e+00   5.5658856e-01  -4.8076628e-01  -1.7592037e+00  -1.1403100e+00   4.0654182e-02  -6.1118015e-01   1.0315479e+00  -1.5422332e-01
   2.0000000e+00   7.1054089e-01  -1.2735596e-01  -1.6265081e-01  -6.6909632e-01  -1.6188088e+00   1.3961834e+00  -2.0967622e-01  -3.4458847e-01
   2.0000000e+00  -1.9806093e+00  -4.2169064e-01   9.8263570e-01  -3.6646062e-01  -7.2710278e-01   2.1257629e-01   7.0790409e-01  -6.5982602e-01
   2.0000000e+00   4.4186152e-01   4.7764723e-01   4.2323007e-01  -1.1641570e+00   6.6458272e-01  -1.4444683e-01  -5.4636792e-01   5.9213844e-01
   2.0000000e+00  -7.6526921e-01  -6.8466723e-01  -1.2467585e+00   4.1177323e-01  -1.2433364e+00  -3.5677670e-01   7.3448685e-01   2.5662728e+00
   2.0000000e+00  -2.1215409e+00  -3.5742217e-01   1.5424458e+00  -1.6227839e+00  -3.8126822e-01  -6.9130311e-01   1.1038870e+00  -1.1751318e+00
   2.0000000e+00   9.4914843e-01  -1.4631030e+00  -1.8262895e-01  -2.7942819e-01   4.2328565e-01   7.5925836e-01  -5.6136303e-01   1.3642369e-01
   2.0000000e+00   6.3346773e-01  -4.2910936e-01  -4.1081612e-01   8.7027550e-01  -9.7727381e-01   3.9619407e-01   3.2507539e-01   6.6773110e-01
   2.0000000e+00  -1.0747379e+00   1.5876912e+00   6.6814787e-01  -2.2089234e-01  -7.5644624e-01  -1.0894642e-01  -2.0507202e-01   6.4090063e-01
   2.0000000e+00  -3.3076824e-01   1.3057116e+00   2.9543938e-02  -1.5503039e-01   1.2783804e+00   2.1215699e-01  -1.3976260e+00   3.4088134e-02
   2.0000000e+00  -1.7305034e-01   1.0872458e+00  -9.3952170e-01  -4.5179515e-01   1.4973153e+00  -2.3756241e-01   2.3384780e+00   3.8548445e-01
   2.0000000e+00   1.9096455e+00  -2.4043144e-01   1.8413205e+00   2.9066951e-01  -1.9266938e-02  -2.1780354e+00  -1.6173754e+00   1.8261386e+00
   2.0000000e+00  -6.2599466e-01   4.9256635e-01   1.8597424e-01  -1.0830304e+00   1.1788591e+00  -2.2727057e-01  -6.6317619e-01  -2.7655221e-01
   2.0000000e+00  -1.2392483e+00  -1.3036405e+00  -1.0359958e-02  -7.5207489e-01   2.5011217e-01   1.3705898e-01  -2.9211691e-01   2.2296075e+00
   1.0000000e+00   7.2157509e-01   1.3344309e+00  -1.9303934e+00   9.1184573e-01  -1.5563575e+00   2.9585855e+00  -6.1610082e-01   1.6979795e-01
   2.0000000e+00   6.1155345e-01  -6.1763802e-01   2.5555850e-01   6.0177750e-01   3.0218170e-01  -5.3840886e-01   7.8000088e-01  -1.4802896e+00
   2.0000000e+00  -4.9456499e-01   5.4902366e-01  -1.1706982e+00  -1.9114806e+00   2.9262050e+00  -1.2607451e+00   3.6116252e-02   8.9612194e-02
   2.0000000e+00   1.1766287e+00   2.6119217e-01  -1.9312841e-01   3.5965888e-01   5.7858597e-01  -1.7114785e+00   2.5222873e-01   9.4552953e-01
   2.0000000e+00  -5.3106694e-01   1.6636304e+00  -9.1479287e-02  -1.2889485e+00  -9.8863580e-01  -4.3586584e-01   8.6591669e-01   2.9304211e-01
   1.0000000e+00   6.6860634e-01  -3.4684695e-01  -3.7114681e-01   5.2581832e-02   6.8532951e-02   8.3856380e-01   3.3217204e-01  -1.4292893e-01
   2.0000000e+00  -2.8473404e-01  -1.3758378e+00   7.1926082e-01  -9.2148018e-01  -1.0171501e+00   1.0399158e+00  -1.2782773e+00  -6.1128898e-02
   2.0000000e+00   8.3189646e-01  -9.2170924e-01   1.0870185e+00   1.1755110e+00  -1.2267685e+00   1.0835166e-01   2.1803992e+00  -1.5018547e+00
   2.0000000e+00   1.0272414e+00   1.5112241e+00  -2.1728096e-02  -8.3593514e-01   5.2137694e-01   8.8971329e-01  -2.6357337e-01  -3.4796535e-02
   2.0000000e+00  -6.2234691e-01   8.8431373e-01   7.1350813e-01   1.3979907e+00  -1.1767585e-01  -5.3557900e-01  -4.3765320e-01   2.3389786e-01
   2.0000000e+00   8.2578213e-01   3.3765844e-01   4.4140489e-01  -1.2869133e+00  -2.0327149e-02  -9.1959386e-01   4.5117316e-01   8.9844676e-01
   2.0000000e+00  -7.0181184e-01   1.7709526e-01  -8.3950638e-02  -5.4580678e-01   1.3674994e-01   3.4447534e-01  -2.7453987e-01  -5.3063010e-01
   2.0000000e+00  -7.6948875e-01  -1.4512800e+00  -3.3507275e-01   1.3857517e+00   6.3707134e-01  -1.1608970e-01   4.0345170e-01   8.9551841e-01
   2.0000000e+00   1.0489376e+00   5.3916870e-01   7.2475424e-01   1.3964792e+00   8.5179694e-01   1.7060145e+00  -2.9582891e-01   1.1758106e+00
   2.0000000e+00  -2.7788641e-01  -5.9301993e-01  -1.2876436e+00  -8.2703803e-02  -9.6146144e-01  -8.6519817e-01   8.1040340e-01  -1.5654433e+00
   2.0000000e+00  -1.0418246e+00  -6.1560635e-01  -1.1483994e+00  -3.1794977e-01  -5.1903199e-01   1.0439186e+00  -1.7432285e+00   1.9155706e-01
   2.0000000e+00   9.8689872e-01  -1.7337694e+00  -1.8986057e-01  -1.8402291e+00  -1.1357526e+00   2.2497472e-01   8.5065259e-01  -1.7606991e+00
   2.0000000e+00  -4.2043465e-01  -2.3659594e-01  -1.3016677e+00  -4.2636528e-01  -7.1259439e-01  -3.4631393e-01   5.0195718e-01  -9.3569822e-01
   2.0000000e+00   5.3838253e-01   2.0806339e-01  -1.3127687e+00  -1.0569798e+00  -3.8256124e-01   5.1294277e-01   6.8402086e-01   7.2065251e-01
   2.0000000e+00  -7.1641130e-01   1.1126743e-01   7.8466256e-01  -9.5493145e-01  -5.3934695e-01  -3.5222017e-01  -2.3661027e+00  -1.0300079e+00
   2.0000000e+00  -8.9671587e-01   1.9149205e+00   1.1976907e+00  -1.3385300e-01  -6.4005770e-01  -4.6170692e-01  -7.5318735e-01  -5.1274822e-01
   2.0000000e+00  -7.2450830e-01   1.0816639e+00  -1.3771958e+00  -5.5508399e-01   2.6487345e-01   7.6261004e-01  -8.3779553e-01   4.7570122e-01
   2.0000000e+00   1.9647966e+00   5.6696242e-01   9.8038469e-01   1.4679520e+00   4.7550272e-01  -4.9876006e-02   1.1775228e+00   9.6260004e-02
   2.0000000e+00   1.1218560e-01   2.3127586e+00   1.3671249e-01  -8.4674854e-01  -1.2913381e+00  -3.5186531e-01   7.7823729e-01  -8.9154233e-01
   2.0000000e+00   7.2411878e-01  -3.7671701e-01  -4.4792837e-02   5.5186323e-01   1.2492726e+00   7.3108365e-01   1.8261294e+00   8.4047893e-01
   2.0000000e+00   7.8837408e-01   1.0909392e-01  -8.9798599e-01   1.6857876e+00   2.3196533e-01  -1.6994008e-01  -1.6382386e+00   9.4531147e-01
   2.0000000e+00   1.0129784e+00   2.0580788e+00  -3.6999961e-01   9.3799487e-01   6.2660910e-02   5.8440979e-01   1.9395184e+00  -5.3547999e-01
   2.0000000e+00  -1.3104276e+00   2.7902690e-01   8.0450305e-01  -6.2975343e-01   1.0375667e+00  -9.8467058e-01   1.8407122e-01  -1.1901069e-01
   2.0000000e+00  -1.3717347e+00  -1.1553713e+00   1.2069888e+00  -2.1447064e-01  -7.5800188e-02   1.2255583e+00  -2.1246516e+00  -1.3284565e+00
   2.0000000e+00  -2.2275577e-01   5.7746172e-01  -8.2597757e-01  -8.0819823e-01   1.6140193e-01  -1.2759262e+00   1.7209318e+00  -1.0900252e+00
   2.0000000e+00  -7.6946504e-01  -1.6891303e+00  -8.0796239e-02  -9.0793393e-01   8.6182404e-01   9.1429549e-02   7.2255087e-01   1.1887863e+00
   2.0000000e+00   8.8642193e-01  -5.4369580e-01  -1.1402460e+00  -1.0363917e+00   2.0968589e+00  -1.0070083e+00  -7.7395953e-02  -8.5844658e-02
   2.0000000e+00   1.4657240e+00  -2.1888778e-01   3.9865255e-01   6.0058997e-01   1.0957815e+00  -1.5782996e+00  -1.4797236e-01  -1.6031836e+00
   2.0000000e+00   7.5918175e-01   2.7828522e-01   1.6836294e+00  -4.2236232e-01   1.3903330e+00  -1.8649137e+00   2.5455983e-03   1.9734232e+00
   2.0000000e+00   7.6019964e-01  -4.4903008e-01   1.7213477e-01   1.2166133e+00   7.9815102e-01  -8.2743144e-01   3.0661360e+00   1.1522910e-01
   1.0000000e+00  -2.6289124e-02  -6.0754840e-01  -3.0228219e-01   7.3952664e-02  -1.1098902e-02   1.4807195e-01   1.8418728e+00   6.2817486e-01
   2.0000000e+00  -2.7701975e-01  -1.0118225e+00  -1.7844746e+00  -2.0904438e+00   1.0718835e+00   1.5300100e+00   3.5456964e-01  -2.9596170e-01
   2.0000000e+00   1.5162472e+00   4.4423490e-01  -1.2504662e+00  -5.9320017e-01  -9.8535021e-01   2.0934578e-02  -5.4039714e-01   2.2117474e-01
   2.0000000e+00   5.0782493e-01  -1.0373645e-01  -9.0523239e-01   1.1353561e+00   1.7246562e+00   1.7505751e+00  -3.3764820e-01  -4.9033005e-01
   2.0000000e+00  -3.4703394e-01  -9.8647197e-02  -2.4589249e+00  -1.0038573e+00  -5.5688586e-02  -6.5386984e-01   5.9476011e-01   1.1498142e+00
   2.0000000e+00  -1.5716228e+00  -3.9353784e-01  -6.3678686e-01  -6.4314513e-01   6.4516473e-01   2.5678808e-03  -4.8018176e-01  -7.4357065e-01
   2.0000000e+00   6.7204917e-01  -5.5315612e-01   9.8711664e-01  -5.2546813e-01   6.3781924e-01   7.3577181e-01   2.0630143e+00   1.1363191e-02
   2.0000000e+00   5.5139439e-01   3.7411275e-01   1.1995445e+00  -9.9417182e-01  -6.0183064e-01  -1.6557888e+00  -8.0985787e-01   1.4865693e+00
   2.0000000e+00  -1.1324103e+00  -4.4378431e-01  -6.5070812e-01  -1.4193257e+00   1.6544610e+00   1.3937475e+00  -2.9036100e-01   2.4072671e-01
   2.0000000e+00   1.1730990e+00   1.0657289e+00  -3.7946950e-01  -5.1895487e-02  -3.3576422e-01   2.6046970e-01  -9.4786821e-01   4.5231102e-01
   2.0000000e+00   2.0302798e+00  -2.5265462e-01  -1.6391637e+00  -5.5119422e-01  -1.7825034e-01   2.6846334e-01  -3.1818929e-02   7.9606531e-01
   2.0000000e+00   8.0678444e-01  -8.6832140e-01  -2.4224535e-01   1.1136890e+00  -5.9107119e-01   1.0509241e+00  -2.2982630e-01  -3.5093674e-02
   2.0000000e+00   1.9648394e-01  -4.4686113e-02   1.6045988e+00  -2.9678240e-01  -1.5982116e+00   2.1868225e-02   1.2655667e-01   1.0077810e+00
   2.0000000e+00   7.9766587e-01  -9.6158277e-01   5.8547812e-01  -2.5465144e-01  -1.1328658e-01   6.2093875e-01   9.7551537e-01   1.2478979e+00
   2.0000000e+00  -2.2000762e+00  -6.0645839e-02  -1.3297780e+00  -2.2809314e-01   1.2413178e-01  -3.6817537e-01  -3.9412430e-01   8.8231136e-01
   2.0000000e+00   2.7885373e-01   9.9284571e-02  -3.3059163e-01  -9.1801782e-01   1.1467818e+00  -1.0053618e-01   8.5597692e-01   6.0871745e-01
   1.0000000e+00  -2.7663930e-01   4.1521722e-01   1.1705642e-01   2.7136385e-01   1.4338678e-01  -1.4012989e+00  -2.0893238e+00   5.0015115e-01
   2.0000000e+00  -1.1661895e-02  -2.0283512e+00  -6.7862895e-01  -1.4248273e+00   5.5490819e-01  -7.2891338e-01   1.4417822e+00   6.0389097e-01
   2.0000000e+00   1.9787850e-02  -7.8972992e-01   1.1212617e+00  -9.5940675e-02   6.0287160e-01   7.8767387e-01   1.4125652e+00   8.7511578e-01
   2.0000000e+00   9.6984634e-01   2.1078905e-02   9.5495071e-01  -1.3053907e+00  -1.5547339e-01   1.1649424e-01   3.9460472e-01   5.6958588e-01
   1.0000000e+00  -8.4216159e-02  -1.5375675e-01  -1.0024610e+00   6.5106442e-01  -1.2720150e+00  -6.7619282e-01  -2.0135142e+00  -2.4855997e-01
   2.0000000e+00   1.0071307e+00  -2.5015876e-02   3.9636267e-01   4.2989589e-01   5.5325128e-01  -1.7255031e+00  -1.3743962e-01  -1.2567782e+00
   1.0000000e+00   3.7358387e-01  -1.6986529e-01  -1.0056179e+00   4.0185962e-01  -3.2782127e-01  -8.8918100e-01   1.7971017e+00   2.6009026e-01
   2.0000000e+00  -8.9761481e-01   9.2009242e-01   2.6970504e-01  -1.0949844e+00   3.3885552e-01   3.5578259e-01  -4.8221742e-01   4.5257088e-01
   2.0000000e+00   5.2241431e-01  -9.3593145e-01  -7.2857595e-01  -1.1578791e-01  -2.0282216e-02  -7.3710120e-01   1.4675395e+00   1.4799724e+00
   2.0000000e+00  -1.8649177e-01   2.9970228e-02  -5.9600099e-01  -2.9747576e-01   7.6779712e-01   2.3846785e+00  -6.2808789e-01  -6.9405782e-01
   2.0000000e+00   9.1748123e-01   1.3390764e+00   1.0655597e+00   5.9448568e-01  -1.0761798e+00   1.4942613e+00   7.5306462e-01   1.7768707e+00
   2.0000000e+00   3.5196166e-01   9.7183492e-01   2.4816180e-01  -5.3178456e-02  -6.4575287e-01   7.8527743e-01   1.1528105e+00   3.6711731e-01
   2.0000000e+00   7.0414531e-01   1.0312328e+00  -8.1457499e-01  -1.8168543e+00   1.6232185e+00   1.6985908e-02  -1.4658669e-01  -1.3154704e+00
   2.0000000e+00   4.0509922e-01  -1.0966981e+00   8.2713222e-01   8.4236936e-01   5.9614388e-02  -1.2374844e-01  -1.5986119e+00  -1.5152272e+00
   2.0000000e+00  -4.7657484e-01   2.4796258e+00   4.3070167e-01   7.1781118e-02   4.3349097e-01  -5.1845975e-01   1.3378148e+00   1.1890197e+00
   2.0000000e+00  -5.6115657e-01   4.7995979e-01  -2.4341342e+00  -1.3513959e+00   1.1962420e+00  -1.7443555e+00  -5.2260559e-01   1.4526078e+00
   2.0000000e+00  -5.3660070e-02  -1.5197840e-01  -6.1867490e-01   2.4963581e-01   1.6278633e+00   1.4810752e+00  -7.8617302e-01   2.0304071e+00
   1.0000000e+00   5.4984371e-01   1.7482983e+00   1.5407413e+00   2.8894519e-01   1.8305731e+00  -9.4180325e-01   1.3298990e+00   8.9310988e-01
   2.0000000e+00  -1.2728936e+00  -8.2990451e-01   6.6453818e-01   1.0271265e+00  -6.1099313e-01  -3.0653814e-01  -7.6665305e-01  -1.2482308e-01
   2.0000000e+00   4.1119980e-01  -2.2395689e-01  -9.4493740e-01   9.3057639e-01  -6.4941843e-01   1.5015240e+00   3.0214203e-01  -8.4234547e-01
   2.0000000e+00   2.6586062e-01  -5.5145932e-01  -3.7147912e-02  -9.6811079e-01   9.7690659e-01  -9.4289670e-01  -3.6614866e-01   7.9657887e-01
   2.0000000e+00  -1.2180761e+00  -3.0004630e-01  -1.6562778e-01   2.5983684e-01   6.1178794e-01  -1.7496516e+00  -1.5913746e+00   1.5157377e+00
   2.0000000e+00  -1.6119230e-02   1.6249966e+00   1.4025758e+00   9.7490009e-02   3.4259515e-01  -2.1310265e+00   3.1784353e-02  -1.2127328e+00
   2.0000000e+00   8.3106477e-01  -3.9243719e-01   2.0110242e-01  -1.9912903e+00  -8.3651421e-01   3.8223278e-01  -8.2663634e-01  -1.2383329e+00
   1.0000000e+00  -1.1235417e-02   2.0977717e-01   3.3388946e-01   5.4352638e-01  -2.8306535e-01  -2.2307484e+00  -4.6372707e-01  -3.7482288e-01
   2.0000000e+00   1.3821701e+00   3.9076245e-01   9.3424809e-01  -7.7311441e-02   9.4581834e-01  -4.1747252e-01  -1.4497186e+00   1.5588689e-01
   1.0000000e+00   2.3588274e-01  -8.1237230e-01  -1.8138547e+00   2.6731264e-01  -1.4351304e-01  -5.8277485e-01  -1.6456297e+00  -6.7575721e-01
   2.0000000e+00  -1.2733962e+00   1.3686477e-01  -1.0801998e+00  -8.7935846e-02  -3.7568495e-01   2.2667447e-01   1.9613730e+00  -1.5787236e+00
   2.0000000e+00  -4.0584134e-01   5.5878180e-01  -1.9004176e+00  -4.9971714e-01   1.0853646e+00  -5.1123630e-02   9.5495636e-01   1.3538108e+00
   2.0000000e+00   3.2091132e-01   1.6077999e-01  -2.5321276e-01  -7.3946216e-01  -9.1687669e-01   4.8499926e-01   1.1589130e-01  -9.6969748e-02
   2.0000000e+00   5.5114167e-01   3.8201914e-01   1.0165745e+00   2.8060329e-01   3.0386204e+00   9.4012751e-01  -4.8440100e-01   2.0380921e+00
   2.0000000e+00  -5.2961273e-01   4.5381617e-01  -1.3904384e+00   1.9927984e+00  -1.8127970e+00  -1.4010260e+00  -8.7729383e-01   5.5987773e-01
   2.0000000e+00  -2.4780314e-01  -1.8309677e-02   1.1934210e+00   6.2332444e-01  -1.3211425e-01   1.2997806e-02  -4.2954765e-02  -1.5648050e+00
   2.0000000e+00  -1.0508509e+00   1.8738445e+00   2.2580708e-01   1.2004037e+00  -2.7859136e-01  -2.4656755e-01   1.3806608e+00  -9.7108188e-01
   2.0000000e+00  -9.9731968e-01  -1.8941217e+00  -1.0671301e-01  -9.8337538e-01   3.2541100e-02   1.0169350e+00   1.5566478e+00  -3.1623428e-01
   2.0000000e+00  -2.1039911e+00   1.2524290e+00   1.2274800e+00   1.0198215e+00  -1.3836313e-01   2.3785693e+00  -1.2085303e-01   1.8648820e+00
   1.0000000e+00   1.5955764e+00  -7.2561335e-01  -2.1284703e-01   6.7766629e-01   6.8006167e-01   5.9058340e-01  -9.9223305e-01  -6.0521353e-01
   1.0000000e+00   1.9015015e-01   1.0540436e+00   7.1549701e-01   2.8164666e-01  -1.5742877e+00   2.7233629e-01   7.1578017e-01  -5.6099815e-01
   2.0000000e+00  -1.4049066e-01  -1.7585988e+00  -2.0015190e+00   3.9489703e-01  -8.7877178e-01  -4.8803962e-01  -2.8576554e-02   1.1931759e+00
   2.0000000e+00  -8.2907709e-01   2.1842937e+00   7.9171864e-01  -2.0476673e+00   1.0126542e-01   1.8628458e+00  -6.9641358e-02   3.6910183e-01
   2.0000000e+00  -1.4904122e+00   1.1755036e-02  -3.1002041e-01   9.7885767e-02  -1.3481705e+00  -1.8858608e-01   5.6240708e-01   1.0427416e+00
   2.0000000e+00  -1.6224377e+00  -1.5535023e-01  -1.6320716e+00  -5.1165595e-01  -1.7219380e-01  -2.5866218e-01   1.1866308e+00   5.3670104e-01
   2.0000000e+00  -9.5419523e-02   1.1683245e+00   7.0397094e-01  -1.0548272e+00  -6.3981800e-01  -8.0979553e-01   5.9973002e-01  -2.3523292e-01
   2.0000000e+00   1.0187976e+00   1.2266891e-01  -1.2710059e+00  -8.8804815e-01  -7.2102250e-02  -4.2765508e-01  -7.8479598e-01   5.9968464e-01
   2.0000000e+00  -2.9368325e+00   1.1500676e+00  -7.6466333e-01   2.6276852e-01  -9.6760756e-01   1.5175110e+00   1.1775590e+00  -1.7700614e+00
   2.0000000e+00   1.0869927e+00  -1.8526876e-01   6.4091532e-01   5.2581949e-01   2.0550714e+00  -1.4220686e-01   4.8816948e-01   3.7441076e-01
   2.0000000e+00   4.1194390e-02  -1.6723401e+00   6.2453688e-01  -4.2267524e-01   2.2656608e+00   1.3722159e-01   1.0475354e+00  -1.1542941e+00
   2.0000000e+00  -2.6783639e-01   1.8251601e+00  -4.4631999e-01   2.5691521e-01  -3.5644671e-02   1.0925978e+00  -1.2789939e+00   1.5947236e+00
   2.0000000e+00  -4.5677834e-01   2.7488160e-01  -5.2522255e-01   8.5295906e-01  -2.6723664e+00   7.5792109e-01   4.1748297e-01   5.7628294e-01
   2.0000000e+00  -4.0094713e-01   1.1466968e+00   2.2296441e-01  -9.5944386e-01   5.2626897e-01   3.9039132e-01  -3.2091598e-01   1.4161062e+00
   2.0000000e+00   1.6465907e+00   6.0442846e-01  -4.9433268e-01   9.5350239e-01   1.2310966e+00   1.4882841e+00  -2.6915454e-01   9.6140245e-01
   2.0000000e+00   8.7871559e-01  -3.1533969e-03   1.2362392e+00  -5.4705472e-03  -7.3232866e-02  -3.8138465e-01  -1.0010851e+00  -1.3673409e+00
   2.0000000e+00  -8.9490461e-01   6.8289405e-01  -1.5416810e+00   9.4718099e-01  -4.2358312e-01  -7.4580599e-01   1.5483916e+00  -3.3633809e-01
   1.0000000e+00   7.7194604e-01  -6.5276886e-01   9.0462038e-01   5.9750829e-01   9.6163664e-03  -3.8612323e-02  -7.3835466e-01  -4.1959383e-02
   2.0000000e+00  -4.8112989e-01   6.3142215e-01   2.3711860e+00   1.3985397e+00   5.1981536e-02  -1.5131081e+00  -6.9714798e-02   3.7996868e-01
   2.0000000e+00   8.8297318e-01   1.0618396e+00   6.3175779e-01  -6.9769334e-02   2.2567684e+00  -8.9708019e-01  -1.2660137e+00   7.6005179e-01
   2.0000000e+00   8.5368948e-01  -1.3740001e-01   1.9123536e-01   1.6473766e+00  -6.5425033e-01   1.0509561e+00   1.0817869e+00   2.2706857e+00
   2.0000000e+00  -8.5007931e-02  -7.0253389e-01   7.6447852e-01  -1.0432282e+00   9.6324639e-01   9.7569572e-02  -2.1667377e-01  -2.2159274e-02
   2.0000000e+00  -1.0235128e+00  -3.2354218e-01   8.9216975e-01  -1.4012530e+00  -5.9732793e-02  -6.7763161e-01   8.2690303e-01  -2.5345784e-01
   2.0000000e+00  -4.0678529e-01  -7.1225886e-02  -7.6441534e-01   1.8525903e+00  -3.0908448e-01  -4.9849277e-01  -1.8433268e+00  -1.0793886e+00
   2.0000000e+00  -2.1344558e+00  -1.9965731e+00   2.1305510e-01   5.2550030e-03  -1.8929749e-01   1.0020045e+00   5.6786260e-01  -1.8687281e+00
   2.0000000e+00   2.5085027e-01   8.6432023e-01  -5.5997281e-01  -8.5990869e-01  -6.2850144e-01   1.1546324e+00   1.0472903e+00  -1.4660263e-01
   2.0000000e+00  -3.6885153e-01   2.0978470e-01   1.7079539e+00   1.6878839e+00  -2.1127531e-01   3.4449942e-01   1.0845119e+00  -1.2764068e+00
   2.0000000e+00   1.0367092e+00  -1.6198017e-01   3.9502399e-01   5.6950641e-01   6.0093472e-01  -1.5224113e+00  -3.2699282e-01   1.0776671e+00
   2.0000000e+00  -4.9854365e-01   9.6894651e-01  -1.3538776e+00   8.0658248e-01   5.5003066e-01   1.2099044e+00  -4.9782550e-01   1.8975976e+00
   2.0000000e+00  -6.0519633e-01   1.8651449e-01   2.3271827e-01  -1.6853906e+00  -6.7527204e-01   6.6182929e-01  -1.2242778e+00   1.5882175e+00
   2.0000000e+00   2.0591066e-01   9.8789362e-01  -2.1173544e-01   4.3778691e-01  -1.1871766e+00  -7.9622612e-01   8.8546630e-01   1.3354847e+00
   2.0000000e+00  -5.6011600e-01  -3.4740511e-01   3.5566637e-01  -3.2090411e-01  -1.1627708e+00  -4.2087430e-01   2.0311750e+00  -1.7206787e+00
   2.0000000e+00   1.3187260e+00  -9.0071576e-01   9.9295474e-01  -9.0736064e-01  -6.4191291e-01   1.2213716e+00  -9.9009897e-01   7.5502423e-01
   2.0000000e+00   5.3962337e-01   8.9020760e-01  -7.2565316e-01   5.9652939e-01  -2.6083716e-01  -1.4056662e+00  -1.9286751e+00   8.5398991e-01
   1.0000000e+00   7.0510320e-01  -9.7328578e-01  -1.2598940e-01   5.5002459e-01  -8.8791250e-01   9.0135517e-01   8.1955333e-01  -2.5346671e-01
   1.0000000e+00  -2.6235281e-01   7.1241153e-01  -4.4133397e-01   5.1565507e-01  -6.4844090e-02   4.0944984e-01  -9.4725716e-01  -5.9341738e-01
   2.0000000e+00   9.4901235e-01   1.2625552e+00   4.6409914e-01  -7.4923914e-01  -2.8089628e-02   5.4962640e-01   9.0612849e-01  -1.0617900e-01
   1.0000000e+00   9.6095938e-01  -1.0657295e+00   1.5672630e+00   2.8075344e-01  -1.9155027e+00   2.5601886e+00   1.0815107e+00  -5.3753570e-01
   2.0000000e+00   9.9536496e-03   3.0345977e-01  -1.6142430e+00  -1.2010992e+00  -2.1185634e-01   1.1594989e+00   1.7262621e+00  -2.6893587e-02
   2.0000000e+00  -8.1598713e-01   6.7702563e-01   2.4145433e-01   9.7013616e-01  -1.3017971e-01   2.1766940e-01   2.0425890e-01  -1.0593175e+00
   2.0000000e+00  -7.7657384e-02  -2.9893764e-01   2.5338974e-01  -9.1788371e-04   1.1785850e-01  -1.1407857e+00   3.7784309e-01  -4.4173628e-01
   1.0000000e+00   1.6848037e-01  -8.9789437e-01   3.0782348e-01   4.6747875e-01  -6.8106123e-01   8.5997179e-01   2.1345517e-01  -8.3609644e-01
   2.0000000e+00   1.5712430e-01   2.1914431e+00   9.0792647e-01  -4.1832361e-01   6.5764046e-01  -1.1924991e-01  -5.5578430e-01   1.0727815e+00
   2.0000000e+00   1.6835590e+00  -8.0216140e-01   2.5761062e-01   1.0552995e+00   3.7305141e-01  -6.9481913e-01  -5.6698680e-01  -1.2668982e+00
   1.0000000e+00  -2.4436074e-01  -1.8293730e-01   2.5316466e-01   3.0070206e-01   6.0095679e-01   1.5526096e+00   6.9913490e-01   5.2465147e-01
   2.0000000e+00  -1.2175583e+00   1.2421583e+00   1.6954542e+00  -8.1831806e-01  -1.5350019e-01  -1.3734606e+00  -5.3092407e-01  -8.1813105e-01
   2.0000000e+00   1.0892127e-02  -1.7923321e+00   5.0181802e-01   2.6619225e-01   1.2679135e-01   5.7128930e-02   1.1157545e+00  -3.1451332e+00
   2.0000000e+00  -6.4508667e-01  -2.0988990e-01  -1.3045955e-02  -2.5257525e-01  -5.1431610e-01   2.2383685e+00   1.4960157e+00  -1.4242440e+00
   2.0000000e+00   5.8358695e-01   9.4421129e-01   4.1804406e-01   3.8490220e-01  -8.9607938e-01  -9.9548254e-01   1.4292923e-01   1.4310777e+00
   2.0000000e+00  -1.2845311e+00  -2.2905744e+00  -8.3570983e-01  -1.4152214e+00   1.9370162e+00  -1.9740162e+00  -1.2870166e+00  -7.1391846e-01
   2.0000000e+00  -5.2493501e-01  -4.6411760e-01  -1.0622648e+00  -5.2692388e-01  -1.8230303e+00   1.0901805e+00  -1.6405721e+00   3.8875466e-01
   2.0000000e+00  -6.5067139e-01   4.2540089e-01  -1.0946006e-01  -4.0632177e-01   1.6003400e+00  -2.2257596e-01  -4.6634730e-01   7.7586670e-01
   2.0000000e+00   1.2639364e-02  -1.5680620e+00  -3.0809205e-01   6.7755410e-01   4.9586379e-01   3.8323117e-01  -3.9496749e-02   2.0120302e+00
   2.0000000e+00  -7.8844498e-01  -2.9437238e-01   1.9158799e-01  -1.5101929e+00  -6.7766922e-01   1.8013108e-01  -1.2115764e+00   1.4387950e+00
   2.0000000e+00  -1.3008412e-01  -8.7728458e-01  -2.1380590e+00  -1.6106827e+00  -6.8178456e-01  -1.1630961e+00   2.4483561e+00  -1.0568084e-01
   2.0000000e+00  -3.8307965e-01   8.2307345e-01   6.1054921e-02  -6.0698578e-01   1.6205347e+00  -2.0894714e-01   5.9257435e-02   2.8354876e-01
   1.0000000e+00  -1.9220083e-01   9.5429176e-01   1.3705054e+00   4.2978471e-01  -1.3912927e-01   2.0996667e+00  -1.6143819e-01   5.8224218e-01
   2.0000000e+00   5.1682309e-01  -3.4274122e-01   5.9115247e-01   1.1084595e+00  -1.2928001e-01   1.0832343e+00   1.5696056e+00  -5.0845636e-01
   2.0000000e+00   9.5276259e-02   6.7484368e-01   1.0110041e+00  -6.7305029e-01   6.3616459e-01  -5.0990291e-01  -2.7263692e-01   1.0606951e+00
   2.0000000e+00  -8.3713772e-01  -8.4872438e-01  -2.4172556e-01   1.3426179e+00  -4.9485515e-01  -1.0317080e+00   2.4170623e+00  -4.0133520e-01
   2.0000000e+00   9.4443518e-01   3.9843383e-01  -4.9026073e-01  -6.3938164e-01  -2.2041822e+00  -1.5556902e+00   1.0982139e-01   7.3325746e-01
   1.0000000e+00   9.1159115e-02   8.1244053e-01  -8.6634504e-01   4.4245006e-01   1.4272658e+00   2.9848610e-01   1.9949768e+00   2.2561368e-01
   2.0000000e+00  -7.7828866e-01  -1.4322443e-01   1.1325644e+00   9.8412881e-01   9.3215111e-01   5.7178981e-01   2.2098006e-01   3.6894888e-01
   1.0000000e+00   8.1606310e-01   1.2338661e+00  -1.1950327e+00   7.4880672e-01  -6.3312459e-02  -1.2036282e+00  -6.7480538e-01   6.4202907e-01
   1.0000000e+00   4.9908030e-01  -8.4711919e-02   4.9478026e-01   3.8730992e-01   1.2209202e-01  -3.2913161e+00  -1.9895871e-01   5.5369355e-01
   1.0000000e+00   1.3755968e+00   1.7337290e+00  -8.5473582e-01   2.5147276e-01   1.2444998e-01  -8.8601919e-01  -5.0488998e-02   6.6115642e-01
   2.0000000e+00  -9.7188691e-01   5.3585883e-01  -1.2848410e+00  -4.1029928e-01  -1.3799054e-01  -5.2353005e-01  -1.6637482e+00  -1.9673757e+00
   2.0000000e+00   1.2093757e-01   8.0899101e-01   6.4753880e-01   7.4504626e-01   3.1705936e-01   1.3202296e+00  -8.5721330e-01  -1.3770827e+00
   1.0000000e+00   1.5079789e-01   1.5160960e+00  -1.2052411e+00   4.9499155e-01   2.2544334e-01  -9.5273658e-02  -1.0713178e+00   2.4955315e-01
   2.0000000e+00   4.9120451e-01   2.6441723e-01  -5.5354239e-01  -5.7334679e-01   1.7142047e+00  -6.8165614e-01   6.2521421e-01  -2.8210453e-01
   2.0000000e+00  -1.0023583e+00  -9.6453905e-01  -7.7310242e-01  -8.0276747e-01  -3.4350428e-01  -1.0550422e-01  -6.5528224e-03   2.4164006e-01
   2.0000000e+00   3.6038277e-01   1.3211766e+00  -1.3853135e-01  -1.9663137e-01   1.3545775e+00   5.0866193e-01   1.9580348e+00  -1.1964691e+00
   2.0000000e+00  -4.3979468e-01  -1.0540709e+00   1.5542695e-01  -1.2755647e+00  -9.2233915e-01  -4.1434589e-01   9.4584682e-01  -8.5630289e-02
   2.0000000e+00  -1.6236997e+00  -1.4573968e-01  -4.4537151e-01   1.2176018e+00  -1.6820720e+00   8.4352085e-01  -3.8886456e-01   4.3994183e-01
   2.0000000e+00   5.0069302e-01  -9.4748303e-01  -8.5656901e-01  -1.3193641e-01   4.1559140e-01   1.3798317e+00  -8.2554297e-01   7.5183235e-01
   1.0000000e+00   1.0240188e+00  -9.2225391e-01   2.9347234e-01   2.3311666e-01  -4.8063480e-01  -1.8667271e+00   1.5107883e+00   2.0037581e-01
   1.0000000e+00  -1.3345457e+00   4.8360320e-01   8.9299072e-01   9.6357606e-01   2.6253830e-01  -2.1884461e-01   8.0917324e-01   1.2732564e-02
   2.0000000e+00  -9.7718549e-02   3.2224833e-01  -1.0131205e+00  -3.2399142e-01  -1.7019575e-01  -4.0805462e-01  -1.2192848e+00   6.2190575e-01
   2.0000000e+00  -9.6216787e-02  -1.0822351e+00  -4.7871894e-01   8.5690547e-01  -7.9652134e-02  -6.6903237e-01  -8.0534788e-01   1.0361875e+00
   2.0000000e+00  -7.5336292e-01  -5.5105176e-01  -3.4966301e-01  -1.0319893e+00   1.6137773e+00   1.6814129e+00  -2.8767315e-01  -2.2389104e-01
   1.0000000e+00  -1.5500077e-01  -1.3901929e-01  -3.2964079e-02   7.0470162e-01   1.2522263e+00  -6.4709681e-01  -4.3653043e-01   3.8432704e-01
   2.0000000e+00   1.4821410e+00  -1.0905494e+00  -5.9724976e-02   1.3333978e+00  -4.0409434e-01   6.3563843e-01  -2.1497197e+00   8.0151129e-02
   2.0000000e+00  -2.3640397e+00   2.0159350e+00   1.7018909e+00   3.3877658e-01  -2.5806413e-01   1.5345879e-01  -2.9205573e-01  -1.3120662e+00
   2.0000000e+00   5.6476141e-01  -5.0524018e-01   1.0058021e-02   1.1245331e+00   1.2790916e+00   1.7388063e+00   6.7792426e-01  -3.9198894e-01
   2.0000000e+00  -3.2219056e-01  -8.4115576e-01  -1.5413020e+00   1.8566272e-01   5.7574240e-01  -6.2964807e-02   2.1924871e+00  -1.6989845e+00
   2.0000000e+00  -8.4549402e-01   1.6687936e+00  -9.6723614e-02  -6.3153568e-01  -3.6340674e-01  -1.9155051e+00   4.1484090e-01   1.1067406e+00
   2.0000000e+00   2.1243459e+00  -1.2901363e+00  -6.2089897e-01  -2.1625288e-01  -5.2532540e-02   7.6694204e-01  -2.4359481e-01   1.1301867e+00
   2.0000000e+00   8.9047897e-01  -9.7527821e-01   4.8107869e-01  -1.1638832e+00   4.2090305e-01   1.3096777e+00  -1.2622143e-01   3.5750876e-02
   2.0000000e+00   7.7705733e-01  -9.1982742e-01   3.6589910e-01  -2.5269878e+00  -1.0485149e-01  -6.4710607e-01  -3.4411117e-01   4.6759864e-01
   2.0000000e+00  -4.6091053e-01   9.3515295e-01  -1.4479972e+00  -7.8100449e-02  -1.1734695e+00   6.7410044e-01  -3.1798139e+00   5.9387197e-01
   2.0000000e+00  -3.7979693e-01   4.0182318e-01   2.7536672e-01   9.7893003e-01   5.1259971e-01   1.3044174e+00   1.0350481e+00   2.0797389e-01
   2.0000000e+00  -1.5118216e+00  -3.7907669e-01  -8.2935381e-01   2.0694021e-01   2.6077082e+00   7.3239160e-01   2.0412721e+00  -3.1149005e-01
   2.0000000e+00   9.5273133e-01  -9.8857707e-01  -7.1103806e-01  -5.0269688e-01  -2.4356025e+00  -1.2563330e+00   8.6822986e-01  -7.4540869e-02
   1.0000000e+00  -2.2491177e+00   1.1529282e+00  -1.0226962e+00   3.6891917e-01  -1.6036652e-01  -8.3975124e-01   1.1923986e+00   7.9172713e-01
   2.0000000e+00   1.0366029e+00  -4.3124980e-01   1.0460378e+00  -9.7896715e-03   2.1238151e-01  -1.9727414e+00  -2.2533407e-01  -2.8032426e-01
   1.0000000e+00  -1.1895397e+00  -5.1896371e-01  -3.2888461e-01   1.1533036e-01  -1.2948782e+00  -7.9899157e-01  -1.7008571e-01  -7.6381163e-01
   2.0000000e+00  -1.1769875e+00  -1.5302622e-01  -4.9027023e-01   7.8271797e-01  -1.3352759e+00  -1.9924250e-01  -5.7042114e-01  -7.3251116e-01
   2.0000000e+00   8.7818063e-01   4.5730711e-01  -1.9457417e+00  -2.9169055e-01  -2.4793647e+00  -4.9190423e-01   3.3260371e-01   3.9691171e-02
   1.0000000e+00   5.5763652e-01  -1.1818729e-01   1.1007337e+00   4.2385854e-01   1.0355684e+00  -1.9306456e+00   2.0245174e+00   2.1623200e-01
   2.0000000e+00   1.3425097e+00  -1.3014407e+00  -9.4710296e-01   4.1966166e-01  -2.9037783e-01  -1.4161957e+00   8.5282814e-01  -3.1832383e+00
   2.0000000e+00  -1.0814702e+00   1.3713363e-01  -1.1556479e+00   5.4985598e-01   9.6892471e-01   5.6606942e-01  -3.7407067e-01   8.8838369e-01
   2.0000000e+00   4.8755231e-01   1.5093429e+00  -8.1183974e-01  -6.6585770e-01  -6.2663098e-01  -1.6229909e+00   2.5359525e-01  -1.1647894e+00
   2.0000000e+00   1.2413736e+00   1.2321270e-01   8.5005017e-01  -5.5596600e-01   2.6136172e-01  -4.4373086e-01  -7.6435395e-01   9.6052075e-01
   2.0000000e+00   3.3603013e-01  -1.9728679e-01   8.8037283e-01   4.1171771e-01   1.3744104e+00   3.9413068e-01  -5.8732080e-01  -1.4517004e+00
   2.0000000e+00   4.0402469e-02   6.3414289e-02  -4.3431055e-01  -7.2073992e-01   1.2004273e+00  -9.1405073e-01  -3.8171778e-01   5.2634274e-01
   1.0000000e+00  -1.3825558e+00   6.2366157e-03  -9.5534462e-01   3.6666379e-01   1.9110104e+00  -6.2291329e-01  -4.1934052e-01   3.6617043e-01
   2.0000000e+00  -1.4531169e-01   4.9026138e-01   1.6219821e-01  -9.0851101e-01   5.9971967e-01   5.4470588e-01   5.2253822e-01  -7.1106024e-01
   2.0000000e+00   1.1390271e-01  -1.3189766e+00   1.4422325e+00  -5.1338224e-01  -3.2647739e-01  -1.4378332e+00  -1.7674008e+00  -5.8891517e-01
   2.0000000e+00   6.6460406e-01   2.0555212e-01   4.2408348e-01  -8.0383934e-02  -1.2271190e+00   6.8643522e-01  -1.0289514e-01   1.0410842e+00
   1.0000000e+00  -1.3720464e+00  -9.4251015e-01  -1.9508890e+00   7.7162479e-01  -2.6551532e-01  -7.5597078e-02  -1.2839084e+00   4.5293431e-01
   2.0000000e+00   3.7230669e-01  -4.7332906e-02  -1.1952753e+00   9.9421747e-01   2.8528500e-01  -1.1935928e+00   7.2722350e-01  -6.2097574e-01
   2.0000000e+00   1.6943604e+00  -6.0601237e-01  -1.0188850e+00   1.1201773e+00  -1.5153135e+00   2.0145786e+00  -6.2361657e-01  -3.7993493e-01
   2.0000000e+00  -1.4993474e+00   6.0012848e-01   8.1093349e-01  -5.5541469e-01   5.2176905e-01   1.4098503e+00  -1.2150948e+00  -2.7217709e-01
   2.0000000e+00   1.7849591e-01   1.6669259e-01   7.2348647e-01  -8.3888599e-01  -1.6934160e+00  -5.3026365e-01   7.5690214e-01  -4.8188525e-01
   2.0000000e+00  -7.6949010e-02  -9.0369871e-01   6.2051633e-01   9.1943694e-01   1.4215392e+00  -8.8098734e-01   4.7725740e-01  -1.0231056e+00
   2.0000000e+00   4.0033204e-01   1.2786170e+00  -5.8903525e-01   1.2594280e+00   4.5388518e-01   9.7708673e-01  -8.3712464e-01  -3.4717375e-01
   1.0000000e+00  -2.4312410e-01   3.1187089e-01   8.5538292e-01   6.5865297e-01  -6.8736314e-01   4.6971303e-01  -1.1326125e+00   4.2469885e-01
   2.0000000e+00   1.6379670e+00  -6.4535366e-01   1.7164652e-01  -2.4039759e-01  -1.2070432e+00   3.8182225e-01   3.7589286e-01  -6.9352770e-01
   1.0000000e+00   1.3876766e+00   9.4767593e-02  -2.5609200e+00   4.0049148e-01  -3.5052698e-02   5.6217294e-01   7.7181544e-01   6.2195195e-01
   1.0000000e+00  -4.6365583e-01  -7.2541328e-01   5.0103017e-01   9.7735651e-02  -1.1233500e+00   1.0848796e+00   5.0646714e-01  -7.4815344e-01
   2.0000000e+00   4.5856194e-01  -1.0923808e+00  -1.0193885e+00  -7.4477735e-01   2.7655225e-02  -5.6969136e-01  -9.6634056e-01  -1.9807272e-01
   2.0000000e+00   5.1913100e-01  -3.5733104e-01  -5.2610798e-01   8.2137924e-02   1.5389002e+00   3.8075296e-01   1.5371637e-01  -1.9758552e+00
   2.0000000e+00  -2.5833977e+00  -4.8236843e-01   4.7969826e-01  -8.1510633e-01  -8.5222928e-01   1.6946770e-01   2.8098635e-01  -4.1928914e-01
   2.0000000e+00   8.7466023e-01  -1.4114799e+00   1.8160673e-01   1.3486270e-01  -1.7128116e-01  -6.0370012e-01  -2.1186823e-01  -1.2453049e+00
   2.0000000e+00   9.8702383e-01   9.9471542e-01  -3.1817100e+00  -3.5480584e-02   1.4517596e+00  -1.8618426e+00  -2.6346460e-01  -2.8430885e-01
   2.0000000e+00   1.7625307e+00   8.7899445e-01  -7.1016155e-01  -1.8110420e-01   1.7138320e+00  -1.2208698e+00   2.8319997e-01  -1.3712199e+00
   2.0000000e+00   6.3524022e-01   1.1949841e+00  -1.2263431e+00  -8.6100654e-01  -1.5422539e+00  -5.8251533e-01   3.7805680e-01  -4.8082586e-01
   2.0000000e+00   7.0351266e-01  -2.1288962e+00   1.8743105e+00  -1.1718417e+00   1.0583299e-01   2.0900093e+00   4.3997191e-01   1.3589035e+00
   1.0000000e+00  -8.9161987e-01   1.0541128e+00   9.0868260e-01   8.0227140e-01   1.0864772e+00  -2.1570400e+00  -5.5891446e-01   4.2249956e-01
   2.0000000e+00   1.5958258e-02   2.5566550e+00   3.4206945e+00  -1.8401334e-01  -1.0637114e+00   5.8245032e-01  -1.5973453e+00   4.9735575e-01
   2.0000000e+00   1.6347663e+00  -1.4091364e+00  -2.0589411e-01  -6.6023732e-01  -2.1682106e-01  -6.6665518e-01  -9.6580157e-01  -1.3725370e-01
   2.0000000e+00   9.7595561e-01   3.4606628e-01   5.6980824e-01  -1.7572259e-01   7.7752843e-01   1.9957472e+00  -1.4167139e-01   9.0940909e-02
   2.0000000e+00  -1.9860843e-01  -1.4314911e+00   1.0777473e-01   4.3905670e-01   1.0202003e+00   1.4800618e+00   3.6728095e-01  -1.0878923e+00
   1.0000000e+00  -2.2513988e-01   3.8680623e-01  -4.5352395e-01   3.8654139e-01   4.2161953e-02  -8.0996875e-01   1.9483406e+00  -9.0389014e-01
   2.0000000e+00   1.2911130e+00   1.4428850e+00   5.4568233e-01  -1.3751395e+00   1.2895091e-01   4.7153079e-01   1.6234040e+00  -7.5707407e-01
   2.0000000e+00   1.4146815e-01  -6.9017823e-01  -9.3524105e-01  -4.6561230e-01   2.7085425e-01  -8.6796896e-01   8.3636692e-01  -8.0714300e-01
   2.0000000e+00  -2.3274611e-01   3.9954395e-01   1.0994478e+00  -9.2738347e-02   1.8999886e-03   8.8131841e-01  -1.6234549e+00  -6.5466463e-02
   1.0000000e+00   8.7983767e-01   8.7901133e-02  -9.8398706e-02   5.1539118e-01  -4.1824155e-01   8.4077351e-02   1.7674369e+00   1.4704933e-01
   2.0000000e+00  -5.6611898e-01   8.7187132e-01  -6.1505198e-01  -8.0237437e-01  -1.8466949e-01   1.8104337e-01   3.8863928e-01   7.9273764e-01
   2.0000000e+00   2.0829608e+00  -1.0768357e+00  -5.9586685e-01  -7.9985286e-01   5.7337593e-01  -8.1571635e-01   1.7544826e-01   4.8753287e-01
   1.0000000e+00  -1.4182435e+00   1.7170360e+00  -4.7114974e-01   1.2318011e-01  -1.3030127e+00   1.3989286e+00  -8.9741310e-01   4.7289319e-01
